time_step,met_demand,unmet_demand,real_flow,assignment_ratio,big_picture_assignment_ratio,iteration_cost,cumulative_cost,vertiport_counts,charging_rate,discharge_rate,vehicle_count
1,268.0,0.0,268,1.0,1.0,5507.681669115987,5507.681669115987,"{'Vertiport_1': 15, 'Vertiport_2': 15, 'Vertiport_3': 15, 'Vertiport_4': 15, 'Vertiport_5': 15, 'Vertiport_6': 15, 'Vertiport_7': 15, 'Vertiport_8': 15, 'Vertiport_9': 15, 'Vertiport_10': 15}",40,1,15
2,356.0,212.0,144,0.6267605633802817,2.4722222222222223,7296.889770963972,12804.571440079959,"{'Vertiport_1': 15, 'Vertiport_2': 8, 'Vertiport_3': 15, 'Vertiport_4': 14, 'Vertiport_5': 15, 'Vertiport_6': 3, 'Vertiport_7': 24, 'Vertiport_8': 19, 'Vertiport_9': 22, 'Vertiport_10': 15}",40,1,15
3,414.0,299.0,115,0.5806451612903226,3.6,8131.902341379956,20936.473781459914,"{'Vertiport_1': 15, 'Vertiport_2': 13, 'Vertiport_3': 15, 'Vertiport_4': 16, 'Vertiport_5': 15, 'Vertiport_6': 0, 'Vertiport_7': 19, 'Vertiport_8': 26, 'Vertiport_9': 16, 'Vertiport_10': 15}",40,1,15
4,468.0,365.0,103,0.5618247298919568,4.543689320388349,9348.586005907971,30285.059787367885,"{'Vertiport_1': 15, 'Vertiport_2': 16, 'Vertiport_3': 15, 'Vertiport_4': 16, 'Vertiport_5': 15, 'Vertiport_6': 0, 'Vertiport_7': 25, 'Vertiport_8': 19, 'Vertiport_9': 14, 'Vertiport_10': 15}",40,1,15
5,498.0,415.0,83,0.5454545454545454,6.0,9642.510747239976,39927.57053460786,"{'Vertiport_1': 15, 'Vertiport_2': 10, 'Vertiport_3': 15, 'Vertiport_4': 16, 'Vertiport_5': 15, 'Vertiport_6': 0, 'Vertiport_7': 19, 'Vertiport_8': 25, 'Vertiport_9': 20, 'Vertiport_10': 15}",40,1,15
6,527.0,449.0,78,0.5399590163934426,6.756410256410256,10244.787170659982,50172.357705267845,"{'Vertiport_1': 15, 'Vertiport_2': 15, 'Vertiport_3': 15, 'Vertiport_4': 15, 'Vertiport_5': 15, 'Vertiport_6': 1, 'Vertiport_7': 25, 'Vertiport_8': 18, 'Vertiport_9': 16, 'Vertiport_10': 15}",40,1,15
7,559.0,477.0,82,0.5395752895752896,6.817073170731708,10815.689882431981,60988.047587699824,"{'Vertiport_1': 15, 'Vertiport_2': 15, 'Vertiport_3': 15, 'Vertiport_4': 16, 'Vertiport_5': 15, 'Vertiport_6': 0, 'Vertiport_7': 19, 'Vertiport_8': 25, 'Vertiport_9': 15, 'Vertiport_10': 15}",40,1,15
8,598.0,509.0,89,0.5401987353206865,6.719101123595506,11375.804613179986,72363.8522008798,"{'Vertiport_1': 15, 'Vertiport_2': 13, 'Vertiport_3': 15, 'Vertiport_4': 15, 'Vertiport_5': 15, 'Vertiport_6': 0, 'Vertiport_7': 19, 'Vertiport_8': 27, 'Vertiport_9': 16, 'Vertiport_10': 15}",40,1,15
9,663.0,595.0,68,0.527027027027027,9.75,12855.031061756006,85218.8832626358,"{'Vertiport_1': 15, 'Vertiport_2': 13, 'Vertiport_3': 15, 'Vertiport_4': 15, 'Vertiport_5': 15, 'Vertiport_6': 15, 'Vertiport_7': 15, 'Vertiport_8': 16, 'Vertiport_9': 16, 'Vertiport_10': 15}",40,1,15
10,716.0,656.0,60,0.521865889212828,11.933333333333334,13714.254440292018,98933.13770292782,"{'Vertiport_1': 15, 'Vertiport_2': 13, 'Vertiport_3': 15, 'Vertiport_4': 16, 'Vertiport_5': 15, 'Vertiport_6': 16, 'Vertiport_7': 15, 'Vertiport_8': 12, 'Vertiport_9': 18, 'Vertiport_10': 15}",40,1,15
11,777.0,712.0,65,0.5218267293485561,11.953846153846154,14985.696099372037,113918.83380229987,"{'Vertiport_1': 15, 'Vertiport_2': 12, 'Vertiport_3': 15, 'Vertiport_4': 16, 'Vertiport_5': 15, 'Vertiport_6': 15, 'Vertiport_7': 15, 'Vertiport_8': 14, 'Vertiport_9': 18, 'Vertiport_10': 15}",40,1,15
12,852.0,770.0,82,0.5252774352651048,10.390243902439025,16424.540135992058,130343.37393829192,"{'Vertiport_1': 15, 'Vertiport_2': 13, 'Vertiport_3': 15, 'Vertiport_4': 15, 'Vertiport_5': 15, 'Vertiport_6': 15, 'Vertiport_7': 15, 'Vertiport_8': 14, 'Vertiport_9': 18, 'Vertiport_10': 15}",40,1,15
13,911.0,845.0,66,0.5187927107061503,13.803030303030303,17201.013573888067,147544.38751218,"{'Vertiport_1': 15, 'Vertiport_2': 13, 'Vertiport_3': 15, 'Vertiport_4': 15, 'Vertiport_5': 15, 'Vertiport_6': 16, 'Vertiport_7': 15, 'Vertiport_8': 14, 'Vertiport_9': 17, 'Vertiport_10': 15}",40,1,15
14,977.0,909.0,68,0.5180275715800636,14.367647058823529,18269.106083544084,165813.49359572408,"{'Vertiport_1': 15, 'Vertiport_2': 15, 'Vertiport_3': 15, 'Vertiport_4': 15, 'Vertiport_5': 15, 'Vertiport_6': 15, 'Vertiport_7': 15, 'Vertiport_8': 15, 'Vertiport_9': 15, 'Vertiport_10': 15}",40,1,15
15,1079.0,975.0,104,0.5253164556962026,10.375,20328.192415640086,186141.68601136416,"{'Vertiport_1': 15, 'Vertiport_2': 15, 'Vertiport_3': 15, 'Vertiport_4': 16, 'Vertiport_5': 15, 'Vertiport_6': 15, 'Vertiport_7': 15, 'Vertiport_8': 15, 'Vertiport_9': 14, 'Vertiport_10': 15}",40,1,15
16,1165.0,1074.0,91,0.5203215721304154,12.802197802197803,21752.267947584085,207893.95395894826,"{'Vertiport_1': 15, 'Vertiport_2': 16, 'Vertiport_3': 15, 'Vertiport_4': 15, 'Vertiport_5': 15, 'Vertiport_6': 15, 'Vertiport_7': 15, 'Vertiport_8': 15, 'Vertiport_9': 14, 'Vertiport_10': 15}",40,1,15
17,1262.0,1158.0,104,0.5214876033057851,12.134615384615385,23626.742231928092,231520.69619087636,"{'Vertiport_1': 15, 'Vertiport_2': 12, 'Vertiport_3': 15, 'Vertiport_4': 16, 'Vertiport_5': 15, 'Vertiport_6': 17, 'Vertiport_7': 15, 'Vertiport_8': 11, 'Vertiport_9': 19, 'Vertiport_10': 15}",40,1,15
18,1352.0,1254.0,98,0.5188027628549501,13.795918367346939,25483.960322860083,257004.65651373644,"{'Vertiport_1': 15, 'Vertiport_2': 14, 'Vertiport_3': 15, 'Vertiport_4': 16, 'Vertiport_5': 15, 'Vertiport_6': 17, 'Vertiport_7': 15, 'Vertiport_8': 12, 'Vertiport_9': 16, 'Vertiport_10': 15}",40,1,15
19,1472.0,1343.0,129,0.5229129662522203,11.410852713178295,27745.409127568073,284750.06564130454,"{'Vertiport_1': 15, 'Vertiport_2': 13, 'Vertiport_3': 15, 'Vertiport_4': 16, 'Vertiport_5': 15, 'Vertiport_6': 15, 'Vertiport_7': 15, 'Vertiport_8': 14, 'Vertiport_9': 17, 'Vertiport_10': 15}",40,1,15
20,1602.0,1468.0,134,0.5218241042345277,11.955223880597014,30232.282842668057,314982.3484839726,"{'Vertiport_1': 15, 'Vertiport_2': 13, 'Vertiport_3': 15, 'Vertiport_4': 15, 'Vertiport_5': 15, 'Vertiport_6': 15, 'Vertiport_7': 15, 'Vertiport_8': 15, 'Vertiport_9': 17, 'Vertiport_10': 15}",40,1,15
21,1717.0,1596.0,121,0.5182613945064896,14.190082644628099,32323.130146956068,347305.4786309287,"{'Vertiport_1': 15, 'Vertiport_2': 12, 'Vertiport_3': 15, 'Vertiport_4': 15, 'Vertiport_5': 15, 'Vertiport_6': 16, 'Vertiport_7': 15, 'Vertiport_8': 14, 'Vertiport_9': 18, 'Vertiport_10': 15}",40,1,15
22,1859.0,1712.0,147,0.5205824698963876,12.646258503401361,35370.12070733618,382675.59933826484,"{'Vertiport_1': 15, 'Vertiport_2': 16, 'Vertiport_3': 15, 'Vertiport_4': 15, 'Vertiport_5': 15, 'Vertiport_6': 15, 'Vertiport_7': 15, 'Vertiport_8': 15, 'Vertiport_9': 14, 'Vertiport_10': 15}",40,1,15
23,2027.0,1850.0,177,0.5228269280371421,11.451977401129943,38382.288627192305,421057.88796545716,"{'Vertiport_1': 15, 'Vertiport_2': 11, 'Vertiport_3': 15, 'Vertiport_4': 17, 'Vertiport_5': 15, 'Vertiport_6': 15, 'Vertiport_7': 15, 'Vertiport_8': 14, 'Vertiport_9': 18, 'Vertiport_10': 15}",40,1,15
24,2219.0,2024.0,195,0.5229790242752769,11.37948717948718,42171.91857112445,463229.8065365816,"{'Vertiport_1': 15, 'Vertiport_2': 14, 'Vertiport_3': 15, 'Vertiport_4': 15, 'Vertiport_5': 15, 'Vertiport_6': 15, 'Vertiport_7': 15, 'Vertiport_8': 15, 'Vertiport_9': 16, 'Vertiport_10': 15}",40,1,15
25,2368.0,2210.0,158,0.5172564438619485,14.987341772151899,45026.8168400966,508256.6233766782,"{'Vertiport_1': 15, 'Vertiport_2': 13, 'Vertiport_3': 15, 'Vertiport_4': 17, 'Vertiport_5': 15, 'Vertiport_6': 15, 'Vertiport_7': 15, 'Vertiport_8': 12, 'Vertiport_9': 18, 'Vertiport_10': 15}",40,1,15
26,2510.0,2360.0,150,0.5154004106776181,16.733333333333334,47956.995916380714,556213.6192930589,"{'Vertiport_1': 15, 'Vertiport_2': 15, 'Vertiport_3': 15, 'Vertiport_4': 16, 'Vertiport_5': 15, 'Vertiport_6': 16, 'Vertiport_7': 15, 'Vertiport_8': 13, 'Vertiport_9': 15, 'Vertiport_10': 15}",40,1,15
27,2723.0,2504.0,219,0.5209489190740386,12.4337899543379,52070.20466145289,608283.8239545118,"{'Vertiport_1': 15, 'Vertiport_2': 14, 'Vertiport_3': 15, 'Vertiport_4': 15, 'Vertiport_5': 15, 'Vertiport_6': 16, 'Vertiport_7': 15, 'Vertiport_8': 14, 'Vertiport_9': 16, 'Vertiport_10': 15}",40,1,15
28,2918.0,2716.0,202,0.5179268725594605,14.445544554455445,55905.14725037309,664188.9712048848,"{'Vertiport_1': 15, 'Vertiport_2': 13, 'Vertiport_3': 15, 'Vertiport_4': 15, 'Vertiport_5': 15, 'Vertiport_6': 16, 'Vertiport_7': 15, 'Vertiport_8': 14, 'Vertiport_9': 17, 'Vertiport_10': 15}",40,1,15
29,3134.0,2910.0,224,0.5185307743216413,13.991071428571429,60054.77101240131,724243.7422172861,"{'Vertiport_1': 15, 'Vertiport_2': 13, 'Vertiport_3': 15, 'Vertiport_4': 16, 'Vertiport_5': 15, 'Vertiport_6': 15, 'Vertiport_7': 15, 'Vertiport_8': 13, 'Vertiport_9': 18, 'Vertiport_10': 15}",40,1,15
30,3335.0,3127.0,208,0.5160940885174868,16.033653846153847,63831.87569166545,788075.6179089516,"{'Vertiport_1': 15, 'Vertiport_2': 14, 'Vertiport_3': 15, 'Vertiport_4': 16, 'Vertiport_5': 15, 'Vertiport_6': 16, 'Vertiport_7': 15, 'Vertiport_8': 13, 'Vertiport_9': 16, 'Vertiport_10': 15}",40,1,15
31,3561.0,3331.0,230,0.5166860127684272,15.482608695652173,68489.09584888548,856564.7137578371,"{'Vertiport_1': 15, 'Vertiport_2': 14, 'Vertiport_3': 15, 'Vertiport_4': 15, 'Vertiport_5': 15, 'Vertiport_6': 16, 'Vertiport_7': 15, 'Vertiport_8': 14, 'Vertiport_9': 16, 'Vertiport_10': 15}",40,1,15
32,3775.0,3552.0,223,0.5152176880032756,16.928251121076233,73009.08387601348,929573.7976338506,"{'Vertiport_1': 15, 'Vertiport_2': 15, 'Vertiport_3': 15, 'Vertiport_4': 15, 'Vertiport_5': 15, 'Vertiport_6': 17, 'Vertiport_7': 15, 'Vertiport_8': 12, 'Vertiport_9': 16, 'Vertiport_10': 15}",40,1,15
33,4006.0,3770.0,236,0.5151748971193416,16.97457627118644,77672.07218196546,1007245.869815816,"{'Vertiport_1': 15, 'Vertiport_2': 15, 'Vertiport_3': 15, 'Vertiport_4': 15, 'Vertiport_5': 15, 'Vertiport_6': 15, 'Vertiport_7': 15, 'Vertiport_8': 16, 'Vertiport_9': 14, 'Vertiport_10': 15}",40,1,15
34,4216.0,3994.0,222,0.5135200974421438,18.99099099099099,81730.9552624774,1088976.8250782934,"{'Vertiport_1': 15, 'Vertiport_2': 17, 'Vertiport_3': 15, 'Vertiport_4': 17, 'Vertiport_5': 15, 'Vertiport_6': 16, 'Vertiport_7': 15, 'Vertiport_8': 11, 'Vertiport_9': 14, 'Vertiport_10': 15}",40,1,15
35,4412.0,4210.0,202,0.5117142194386454,21.84158415841584,85701.06906634138,1174677.8941446347,"{'Vertiport_1': 15, 'Vertiport_2': 15, 'Vertiport_3': 15, 'Vertiport_4': 16, 'Vertiport_5': 15, 'Vertiport_6': 15, 'Vertiport_7': 15, 'Vertiport_8': 15, 'Vertiport_9': 14, 'Vertiport_10': 15}",40,1,15
36,4643.0,4409.0,234,0.5129253203711887,19.84188034188034,90443.67261546527,1265121.5667601,"{'Vertiport_1': 15, 'Vertiport_2': 14, 'Vertiport_3': 15, 'Vertiport_4': 15, 'Vertiport_5': 15, 'Vertiport_6': 15, 'Vertiport_7': 15, 'Vertiport_8': 15, 'Vertiport_9': 16, 'Vertiport_10': 15}",40,1,15
37,4886.0,4638.0,248,0.5130197396052079,19.701612903225808,95507.35342613723,1360628.9201862372,"{'Vertiport_1': 15, 'Vertiport_2': 15, 'Vertiport_3': 15, 'Vertiport_4': 18, 'Vertiport_5': 15, 'Vertiport_6': 15, 'Vertiport_7': 15, 'Vertiport_8': 12, 'Vertiport_9': 15, 'Vertiport_10': 15}",40,1,15
38,5101.0,4878.0,223,0.5111734642749775,22.87443946188341,100182.90943591713,1460811.8296221544,"{'Vertiport_1': 15, 'Vertiport_2': 19, 'Vertiport_3': 15, 'Vertiport_4': 15, 'Vertiport_5': 15, 'Vertiport_6': 17, 'Vertiport_7': 15, 'Vertiport_8': 13, 'Vertiport_9': 11, 'Vertiport_10': 15}",40,1,15
39,5331.0,5095.0,236,0.5113178591981584,22.588983050847457,104575.16852372904,1565386.9981458834,"{'Vertiport_1': 15, 'Vertiport_2': 19, 'Vertiport_3': 15, 'Vertiport_4': 15, 'Vertiport_5': 15, 'Vertiport_6': 15, 'Vertiport_7': 15, 'Vertiport_8': 15, 'Vertiport_9': 11, 'Vertiport_10': 15}",40,1,15
40,5553.0,5324.0,229,0.5105267996690264,24.24890829694323,109434.39472082103,1674821.3928667044,"{'Vertiport_1': 15, 'Vertiport_2': 17, 'Vertiport_3': 15, 'Vertiport_4': 18, 'Vertiport_5': 15, 'Vertiport_6': 17, 'Vertiport_7': 15, 'Vertiport_8': 10, 'Vertiport_9': 13, 'Vertiport_10': 15}",40,1,15
41,5789.0,5548.0,241,0.5106289141748258,24.020746887966805,114207.84149008497,1789029.2343567894,"{'Vertiport_1': 15, 'Vertiport_2': 19, 'Vertiport_3': 15, 'Vertiport_4': 16, 'Vertiport_5': 15, 'Vertiport_6': 15, 'Vertiport_7': 15, 'Vertiport_8': 14, 'Vertiport_9': 11, 'Vertiport_10': 15}",40,1,15
42,6014.0,5788.0,226,0.5095746483646839,26.61061946902655,119011.71713310495,1908040.9514898944,"{'Vertiport_1': 15, 'Vertiport_2': 16, 'Vertiport_3': 15, 'Vertiport_4': 15, 'Vertiport_5': 15, 'Vertiport_6': 15, 'Vertiport_7': 15, 'Vertiport_8': 15, 'Vertiport_9': 14, 'Vertiport_10': 15}",40,1,15
43,6244.0,6009.0,235,0.5095894882885824,26.570212765957447,123737.55340668884,2031778.5048965833,"{'Vertiport_1': 15, 'Vertiport_2': 17, 'Vertiport_3': 15, 'Vertiport_4': 15, 'Vertiport_5': 15, 'Vertiport_6': 17, 'Vertiport_7': 15, 'Vertiport_8': 14, 'Vertiport_9': 12, 'Vertiport_10': 15}",40,1,15
44,6474.0,6240.0,234,0.50920245398773,27.666666666666668,128369.68015592883,2160148.185052512,"{'Vertiport_1': 15, 'Vertiport_2': 18, 'Vertiport_3': 15, 'Vertiport_4': 16, 'Vertiport_5': 15, 'Vertiport_6': 15, 'Vertiport_7': 15, 'Vertiport_8': 14, 'Vertiport_9': 12, 'Vertiport_10': 15}",40,1,15
45,6705.0,6470.0,235,0.5089184060721063,28.53191489361702,133203.35626250893,2293351.541315021,"{'Vertiport_1': 15, 'Vertiport_2': 17, 'Vertiport_3': 15, 'Vertiport_4': 17, 'Vertiport_5': 15, 'Vertiport_6': 15, 'Vertiport_7': 15, 'Vertiport_8': 13, 'Vertiport_9': 13, 'Vertiport_10': 15}",40,1,15
46,6941.0,6702.0,239,0.5087590705856483,29.0418410041841,138035.85785470446,2431387.3991697254,"{'Vertiport_1': 15, 'Vertiport_2': 17, 'Vertiport_3': 15, 'Vertiport_4': 15, 'Vertiport_5': 15, 'Vertiport_6': 16, 'Vertiport_7': 15, 'Vertiport_8': 14, 'Vertiport_9': 13, 'Vertiport_10': 15}",40,1,15
47,7204.0,6940.0,264,0.5093325791855203,27.28787878787879,143559.93814628012,2574947.3373160055,"{'Vertiport_1': 15, 'Vertiport_2': 15, 'Vertiport_3': 15, 'Vertiport_4': 16, 'Vertiport_5': 15, 'Vertiport_6': 15, 'Vertiport_7': 15, 'Vertiport_8': 14, 'Vertiport_9': 15, 'Vertiport_10': 15}",40,1,15
48,7438.0,7202.0,236,0.5080601092896175,31.516949152542374,148733.93132458365,2723681.268640589,"{'Vertiport_1': 15, 'Vertiport_2': 17, 'Vertiport_3': 15, 'Vertiport_4': 15, 'Vertiport_5': 15, 'Vertiport_6': 15, 'Vertiport_7': 15, 'Vertiport_8': 15, 'Vertiport_9': 13, 'Vertiport_10': 15}",40,1,15
49,7663.0,7436.0,227,0.5075170541095437,33.757709251101325,153473.9789235112,2877155.2475641,"{'Vertiport_1': 15, 'Vertiport_2': 17, 'Vertiport_3': 15, 'Vertiport_4': 15, 'Vertiport_5': 15, 'Vertiport_6': 15, 'Vertiport_7': 15, 'Vertiport_8': 15, 'Vertiport_9': 13, 'Vertiport_10': 15}",40,1,15
50,7879.0,7660.0,219,0.5070467855074329,35.97716894977169,157930.74090229097,3035085.9884663913,"{'Vertiport_1': 15, 'Vertiport_2': 17, 'Vertiport_3': 15, 'Vertiport_4': 15, 'Vertiport_5': 15, 'Vertiport_6': 16, 'Vertiport_7': 15, 'Vertiport_8': 14, 'Vertiport_9': 13, 'Vertiport_10': 15}",40,1,15
51,8110.0,7876.0,234,0.5073189040410359,34.65811965811966,162777.8961192266,3197863.884585618,"{'Vertiport_1': 15, 'Vertiport_2': 16, 'Vertiport_3': 15, 'Vertiport_4': 16, 'Vertiport_5': 15, 'Vertiport_6': 16, 'Vertiport_7': 15, 'Vertiport_8': 13, 'Vertiport_9': 14, 'Vertiport_10': 15}",40,1,15
52,8304.0,8105.0,199,0.5060637455055153,41.7286432160804,166525.78199797828,3364389.6665835963,"{'Vertiport_1': 15, 'Vertiport_2': 16, 'Vertiport_3': 14, 'Vertiport_4': 15, 'Vertiport_5': 15, 'Vertiport_6': 16, 'Vertiport_7': 15, 'Vertiport_8': 14, 'Vertiport_9': 14, 'Vertiport_10': 16}",40,1,15
53,8503.0,8299.0,204,0.506070705868349,41.681372549019606,170471.39886750592,3534861.0654511023,"{'Vertiport_1': 15, 'Vertiport_2': 16, 'Vertiport_3': 16, 'Vertiport_4': 16, 'Vertiport_5': 15, 'Vertiport_6': 17, 'Vertiport_7': 15, 'Vertiport_8': 12, 'Vertiport_9': 14, 'Vertiport_10': 14}",40,1,15
54,8699.0,8498.0,201,0.5058440425655638,43.27860696517413,174804.87243714172,3709665.937888244,"{'Vertiport_1': 15, 'Vertiport_2': 16, 'Vertiport_3': 15, 'Vertiport_4': 17, 'Vertiport_5': 15, 'Vertiport_6': 15, 'Vertiport_7': 15, 'Vertiport_8': 11, 'Vertiport_9': 16, 'Vertiport_10': 15}",40,1,15
55,8895.0,8698.0,197,0.5055988177115899,45.15228426395939,178934.49778828156,3888600.435676526,"{'Vertiport_1': 15, 'Vertiport_2': 15, 'Vertiport_3': 15, 'Vertiport_4': 15, 'Vertiport_5': 15, 'Vertiport_6': 16, 'Vertiport_7': 15, 'Vertiport_8': 14, 'Vertiport_9': 15, 'Vertiport_10': 15}",40,1,15
56,9070.0,8893.0,177,0.5049267939653733,51.24293785310734,182742.5779511214,4071343.0136276474,"{'Vertiport_1': 15, 'Vertiport_2': 15, 'Vertiport_3': 15, 'Vertiport_4': 17, 'Vertiport_5': 15, 'Vertiport_6': 15, 'Vertiport_7': 15, 'Vertiport_8': 13, 'Vertiport_9': 15, 'Vertiport_10': 15}",40,1,15
57,9280.0,9069.0,211,0.5057496321325413,43.981042654028435,187174.13937719318,4258517.153004841,"{'Vertiport_1': 15, 'Vertiport_2': 15, 'Vertiport_3': 15, 'Vertiport_4': 15, 'Vertiport_5': 15, 'Vertiport_6': 16, 'Vertiport_7': 15, 'Vertiport_8': 14, 'Vertiport_9': 15, 'Vertiport_10': 15}",40,1,15
58,9558.0,9279.0,279,0.5074056378404205,34.25806451612903,192826.8753772088,4451344.02838205,"{'Vertiport_1': 15, 'Vertiport_2': 15, 'Vertiport_3': 15, 'Vertiport_4': 15, 'Vertiport_5': 15, 'Vertiport_6': 16, 'Vertiport_7': 15, 'Vertiport_8': 14, 'Vertiport_9': 15, 'Vertiport_10': 15}",40,1,15
59,9819.0,9558.0,261,0.5067347886669763,37.62068965517241,198426.3472479045,4649770.375629954,"{'Vertiport_1': 15, 'Vertiport_2': 15, 'Vertiport_3': 15, 'Vertiport_4': 15, 'Vertiport_5': 15, 'Vertiport_6': 15, 'Vertiport_7': 15, 'Vertiport_8': 15, 'Vertiport_9': 15, 'Vertiport_10': 15}",40,1,15
60,10124.0,9819.0,305,0.5076467933610791,33.19344262295082,204978.98981898004,4854749.365448934,"{'Vertiport_1': 15, 'Vertiport_2': 15, 'Vertiport_3': 15, 'Vertiport_4': 15, 'Vertiport_5': 15, 'Vertiport_6': 15, 'Vertiport_7': 15, 'Vertiport_8': 15, 'Vertiport_9': 15, 'Vertiport_10': 15}",40,1,15
61,10450.0,10120.0,330,0.5080213903743316,31.666666666666668,211743.16162996762,5066492.527078901,"{'Vertiport_1': 15, 'Vertiport_2': 15, 'Vertiport_3': 14, 'Vertiport_4': 16, 'Vertiport_5': 15, 'Vertiport_6': 17, 'Vertiport_7': 15, 'Vertiport_8': 12, 'Vertiport_9': 15, 'Vertiport_10': 16}",40,1,15
62,10769.0,10447.0,322,0.5075886123680241,33.44409937888199,218572.27677057116,5285064.803849473,"{'Vertiport_1': 15, 'Vertiport_2': 15, 'Vertiport_3': 15, 'Vertiport_4': 17, 'Vertiport_5': 15, 'Vertiport_6': 15, 'Vertiport_7': 15, 'Vertiport_8': 12, 'Vertiport_9': 16, 'Vertiport_10': 15}",40,1,15
63,11076.0,10768.0,308,0.5070499908441677,35.96103896103896,224963.53146381068,5510028.335313283,"{'Vertiport_1': 15, 'Vertiport_2': 15, 'Vertiport_3': 15, 'Vertiport_4': 16, 'Vertiport_5': 15, 'Vertiport_6': 15, 'Vertiport_7': 15, 'Vertiport_8': 14, 'Vertiport_9': 15, 'Vertiport_10': 15}",40,1,15
64,11398.0,11072.0,326,0.507254116599911,34.96319018404908,231895.10927181426,5741923.444585097,"{'Vertiport_1': 15, 'Vertiport_2': 15, 'Vertiport_3': 14, 'Vertiport_4': 16, 'Vertiport_5': 15, 'Vertiport_6': 17, 'Vertiport_7': 15, 'Vertiport_8': 12, 'Vertiport_9': 15, 'Vertiport_10': 16}",40,1,15
65,11779.0,11395.0,384,0.5082851471476655,30.674479166666668,240052.42714666572,5981975.871731763,"{'Vertiport_1': 15, 'Vertiport_2': 15, 'Vertiport_3': 15, 'Vertiport_4': 17, 'Vertiport_5': 15, 'Vertiport_6': 15, 'Vertiport_7': 15, 'Vertiport_8': 12, 'Vertiport_9': 16, 'Vertiport_10': 15}",40,1,15
66,12153.0,11776.0,377,0.5078774708512683,32.236074270557026,247862.83960912115,6229838.711340884,"{'Vertiport_1': 15, 'Vertiport_2': 15, 'Vertiport_3': 15, 'Vertiport_4': 16, 'Vertiport_5': 15, 'Vertiport_6': 15, 'Vertiport_7': 15, 'Vertiport_8': 14, 'Vertiport_9': 15, 'Vertiport_10': 15}",40,1,15
67,12544.0,12151.0,393,0.5079570763312411,31.918575063613233,255927.4955670047,6485766.206907889,"{'Vertiport_1': 15, 'Vertiport_2': 15, 'Vertiport_3': 15, 'Vertiport_4': 17, 'Vertiport_5': 15, 'Vertiport_6': 15, 'Vertiport_7': 15, 'Vertiport_8': 13, 'Vertiport_9': 15, 'Vertiport_10': 15}",40,1,15
68,12960.0,12542.0,418,0.5081954356521057,31.004784688995215,264783.1180865965,6750549.324994486,"{'Vertiport_1': 15, 'Vertiport_2': 15, 'Vertiport_3': 14, 'Vertiport_4': 15, 'Vertiport_5': 15, 'Vertiport_6': 16, 'Vertiport_7': 15, 'Vertiport_8': 14, 'Vertiport_9': 15, 'Vertiport_10': 16}",40,1,15
69,13345.0,12957.0,388,0.5073758649532355,34.394329896907216,272858.98188350437,7023408.30687799,"{'Vertiport_1': 15, 'Vertiport_2': 15, 'Vertiport_3': 15, 'Vertiport_4': 15, 'Vertiport_5': 15, 'Vertiport_6': 16, 'Vertiport_7': 15, 'Vertiport_8': 14, 'Vertiport_9': 15, 'Vertiport_10': 15}",40,1,15
70,13740.0,13342.0,398,0.507348054058046,34.52261306532663,280980.401554084,7304388.708432075,"{'Vertiport_1': 15, 'Vertiport_2': 15, 'Vertiport_3': 17, 'Vertiport_4': 16, 'Vertiport_5': 15, 'Vertiport_6': 15, 'Vertiport_7': 15, 'Vertiport_8': 14, 'Vertiport_9': 15, 'Vertiport_10': 13}",40,1,15
71,14140.0,13739.0,401,0.507191793105922,35.261845386533665,289632.0013331676,7594020.709765242,"{'Vertiport_1': 15, 'Vertiport_2': 15, 'Vertiport_3': 14, 'Vertiport_4': 15, 'Vertiport_5': 15, 'Vertiport_6': 15, 'Vertiport_7': 15, 'Vertiport_8': 15, 'Vertiport_9': 15, 'Vertiport_10': 16}",40,1,15
72,14560.0,14138.0,422,0.5073524287406788,34.502369668246445,298428.3202764711,7892449.030041713,"{'Vertiport_1': 15, 'Vertiport_2': 15, 'Vertiport_3': 13, 'Vertiport_4': 15, 'Vertiport_5': 15, 'Vertiport_6': 15, 'Vertiport_7': 15, 'Vertiport_8': 15, 'Vertiport_9': 15, 'Vertiport_10': 17}",40,1,15
73,14958.0,14559.0,399,0.5067588169529423,37.48872180451128,306794.99230435456,8199244.022346068,"{'Vertiport_1': 15, 'Vertiport_2': 15, 'Vertiport_3': 14, 'Vertiport_4': 15, 'Vertiport_5': 15, 'Vertiport_6': 15, 'Vertiport_7': 15, 'Vertiport_8': 15, 'Vertiport_9': 15, 'Vertiport_10': 16}",40,1,15
74,15364.0,14958.0,406,0.506694809049535,37.8423645320197,315456.21332417004,8514700.235670239,"{'Vertiport_1': 15, 'Vertiport_2': 15, 'Vertiport_3': 15, 'Vertiport_4': 15, 'Vertiport_5': 15, 'Vertiport_6': 15, 'Vertiport_7': 15, 'Vertiport_8': 15, 'Vertiport_9': 15, 'Vertiport_10': 15}",40,1,15
75,15777.0,15364.0,413,0.5066311293792749,38.20096852300242,323907.9256072739,8838608.161277512,"{'Vertiport_1': 15, 'Vertiport_2': 15, 'Vertiport_3': 15, 'Vertiport_4': 15, 'Vertiport_5': 15, 'Vertiport_6': 15, 'Vertiport_7': 15, 'Vertiport_8': 15, 'Vertiport_9': 15, 'Vertiport_10': 15}",40,1,15
76,16195.0,15775.0,420,0.5065686581169847,38.55952380952381,332478.0519544891,9171086.213232001,"{'Vertiport_1': 15, 'Vertiport_2': 15, 'Vertiport_3': 15, 'Vertiport_4': 15, 'Vertiport_5': 15, 'Vertiport_6': 15, 'Vertiport_7': 15, 'Vertiport_8': 15, 'Vertiport_9': 15, 'Vertiport_10': 15}",40,1,15
77,16629.0,16193.0,436,0.5066418865395161,38.13990825688074,341464.33844782086,9512550.551679822,"{'Vertiport_1': 15, 'Vertiport_2': 15, 'Vertiport_3': 17, 'Vertiport_4': 15, 'Vertiport_5': 15, 'Vertiport_6': 15, 'Vertiport_7': 15, 'Vertiport_8': 15, 'Vertiport_9': 15, 'Vertiport_10': 13}",40,1,15
78,17040.0,16628.0,412,0.5061185695616015,41.359223300970875,349935.5670878244,9862486.118767645,"{'Vertiport_1': 15, 'Vertiport_2': 15, 'Vertiport_3': 16, 'Vertiport_4': 15, 'Vertiport_5': 15, 'Vertiport_6': 15, 'Vertiport_7': 15, 'Vertiport_8': 15, 'Vertiport_9': 15, 'Vertiport_10': 14}",40,1,15
79,17461.0,17040.0,421,0.5061012724268862,41.475059382422806,358945.50117019226,10221431.619937837,"{'Vertiport_1': 15, 'Vertiport_2': 15, 'Vertiport_3': 15, 'Vertiport_4': 15, 'Vertiport_5': 15, 'Vertiport_6': 15, 'Vertiport_7': 15, 'Vertiport_8': 15, 'Vertiport_9': 15, 'Vertiport_10': 15}",40,1,15
80,17901.0,17460.0,441,0.5062356833799949,40.59183673469388,367961.599398856,10589393.219336692,"{'Vertiport_1': 15, 'Vertiport_2': 15, 'Vertiport_3': 16, 'Vertiport_4': 15, 'Vertiport_5': 15, 'Vertiport_6': 15, 'Vertiport_7': 15, 'Vertiport_8': 15, 'Vertiport_9': 15, 'Vertiport_10': 14}",40,1,15
81,18354.0,17900.0,454,0.5062613780548353,40.4273127753304,377239.3231131157,10966632.542449808,"{'Vertiport_1': 15, 'Vertiport_2': 15, 'Vertiport_3': 14, 'Vertiport_4': 15, 'Vertiport_5': 15, 'Vertiport_6': 15, 'Vertiport_7': 15, 'Vertiport_8': 15, 'Vertiport_9': 15, 'Vertiport_10': 16}",40,1,15
82,18822.0,18354.0,468,0.5062943834732085,40.217948717948715,387477.08302365115,11354109.625473458,"{'Vertiport_1': 15, 'Vertiport_2': 15, 'Vertiport_3': 15, 'Vertiport_4': 15, 'Vertiport_5': 15, 'Vertiport_6': 15, 'Vertiport_7': 15, 'Vertiport_8': 15, 'Vertiport_9': 15, 'Vertiport_10': 15}",40,1,15
83,19303.0,18821.0,482,0.50632147728465,40.04771784232365,397918.3325573309,11752027.95803079,"{'Vertiport_1': 15, 'Vertiport_2': 15, 'Vertiport_3': 14, 'Vertiport_4': 15, 'Vertiport_5': 15, 'Vertiport_6': 15, 'Vertiport_7': 15, 'Vertiport_8': 15, 'Vertiport_9': 15, 'Vertiport_10': 16}",40,1,15
84,19724.0,19303.0,421,0.5053937017961924,46.850356294536816,406584.20350212243,12158612.161532912,"{'Vertiport_1': 15, 'Vertiport_2': 15, 'Vertiport_3': 15, 'Vertiport_4': 15, 'Vertiport_5': 15, 'Vertiport_6': 15, 'Vertiport_7': 15, 'Vertiport_8': 15, 'Vertiport_9': 15, 'Vertiport_10': 15}",40,1,15
85,20139.0,19723.0,416,0.5052180021072701,48.41105769230769,415536.672719506,12574148.834252419,"{'Vertiport_1': 15, 'Vertiport_2': 15, 'Vertiport_3': 16, 'Vertiport_4': 15, 'Vertiport_5': 15, 'Vertiport_6': 15, 'Vertiport_7': 15, 'Vertiport_8': 15, 'Vertiport_9': 15, 'Vertiport_10': 14}",40,1,15
86,20558.0,20136.0,422,0.5051850395635721,48.71563981042654,424136.80015833396,12998285.634410754,"{'Vertiport_1': 15, 'Vertiport_2': 15, 'Vertiport_3': 14, 'Vertiport_4': 15, 'Vertiport_5': 15, 'Vertiport_6': 15, 'Vertiport_7': 15, 'Vertiport_8': 15, 'Vertiport_9': 15, 'Vertiport_10': 16}",40,1,15
87,20987.0,20556.0,431,0.5051873961918976,48.69373549883991,433011.2335991733,13431296.868009927,"{'Vertiport_1': 15, 'Vertiport_2': 15, 'Vertiport_3': 15, 'Vertiport_4': 15, 'Vertiport_5': 15, 'Vertiport_6': 15, 'Vertiport_7': 15, 'Vertiport_8': 15, 'Vertiport_9': 15, 'Vertiport_10': 15}",40,1,15
88,21395.0,20987.0,408,0.5048133641640319,52.43872549019608,441517.0894776571,13872813.957487583,"{'Vertiport_1': 15, 'Vertiport_2': 15, 'Vertiport_3': 15, 'Vertiport_4': 15, 'Vertiport_5': 15, 'Vertiport_6': 15, 'Vertiport_7': 15, 'Vertiport_8': 15, 'Vertiport_9': 15, 'Vertiport_10': 15}",40,1,15
89,21762.0,21393.0,369,0.5042752867570386,58.97560975609756,448980.6233621686,14321794.580849752,"{'Vertiport_1': 15, 'Vertiport_2': 15, 'Vertiport_3': 15, 'Vertiport_4': 15, 'Vertiport_5': 15, 'Vertiport_6': 15, 'Vertiport_7': 15, 'Vertiport_8': 15, 'Vertiport_9': 15, 'Vertiport_10': 15}",40,1,15
90,22123.0,21762.0,361,0.504113022672895,61.282548476454295,456806.40199033235,14778600.982840084,"{'Vertiport_1': 15, 'Vertiport_2': 15, 'Vertiport_3': 15, 'Vertiport_4': 15, 'Vertiport_5': 15, 'Vertiport_6': 15, 'Vertiport_7': 15, 'Vertiport_8': 15, 'Vertiport_9': 15, 'Vertiport_10': 15}",40,1,15
91,22483.0,22120.0,363,0.5040692330112324,61.9366391184573,464707.8199842519,15243308.802824335,"{'Vertiport_1': 15, 'Vertiport_2': 15, 'Vertiport_3': 14, 'Vertiport_4': 15, 'Vertiport_5': 15, 'Vertiport_6': 15, 'Vertiport_7': 15, 'Vertiport_8': 15, 'Vertiport_9': 15, 'Vertiport_10': 16}",40,1,15
92,22891.0,22483.0,408,0.504495966853264,56.10539215686274,473601.8387515556,15716910.641575892,"{'Vertiport_1': 15, 'Vertiport_2': 15, 'Vertiport_3': 15, 'Vertiport_4': 15, 'Vertiport_5': 15, 'Vertiport_6': 15, 'Vertiport_7': 15, 'Vertiport_8': 15, 'Vertiport_9': 15, 'Vertiport_10': 15}",40,1,15
93,23245.0,22888.0,357,0.5038692476101706,65.11204481792717,481388.1293464912,16198298.770922383,"{'Vertiport_1': 15, 'Vertiport_2': 15, 'Vertiport_3': 12, 'Vertiport_4': 15, 'Vertiport_5': 15, 'Vertiport_6': 15, 'Vertiport_7': 15, 'Vertiport_8': 15, 'Vertiport_9': 15, 'Vertiport_10': 18}",40,1,15
94,23562.0,23244.0,318,0.503397000384566,74.09433962264151,488236.6170236269,16686535.38794601,"{'Vertiport_1': 15, 'Vertiport_2': 15, 'Vertiport_3': 14, 'Vertiport_4': 15, 'Vertiport_5': 15, 'Vertiport_6': 15, 'Vertiport_7': 15, 'Vertiport_8': 15, 'Vertiport_9': 15, 'Vertiport_10': 16}",40,1,15
95,23793.0,23559.0,234,0.5024708565636087,101.67948717948718,493047.17996558646,17179582.567911595,"{'Vertiport_1': 15, 'Vertiport_2': 15, 'Vertiport_3': 14, 'Vertiport_4': 15, 'Vertiport_5': 15, 'Vertiport_6': 15, 'Vertiport_7': 15, 'Vertiport_8': 15, 'Vertiport_9': 15, 'Vertiport_10': 16}",40,1,15
96,23973.0,23790.0,183,0.5019157088122606,131.0,496666.56809977425,17676249.13601137,"{'Vertiport_1': 15, 'Vertiport_2': 15, 'Vertiport_3': 14, 'Vertiport_4': 15, 'Vertiport_5': 15, 'Vertiport_6': 15, 'Vertiport_7': 15, 'Vertiport_8': 15, 'Vertiport_9': 15, 'Vertiport_10': 16}",40,1,15
97,24118.0,23973.0,145,0.5015075585868458,166.3310344827586,499571.65893894614,18175820.794950314,"{'Vertiport_1': 15, 'Vertiport_2': 15, 'Vertiport_3': 15, 'Vertiport_4': 15, 'Vertiport_5': 15, 'Vertiport_6': 15, 'Vertiport_7': 15, 'Vertiport_8': 15, 'Vertiport_9': 15, 'Vertiport_10': 15}",40,1,15
98,24236.0,24116.0,120,0.5012409000661814,201.96666666666667,501983.9540233659,18677804.74897368,"{'Vertiport_1': 15, 'Vertiport_2': 15, 'Vertiport_3': 15, 'Vertiport_4': 15, 'Vertiport_5': 15, 'Vertiport_6': 15, 'Vertiport_7': 15, 'Vertiport_8': 15, 'Vertiport_9': 15, 'Vertiport_10': 15}",40,1,15
99,24357.0,24236.0,121,0.5012450352931492,201.29752066115702,504937.71962091763,19182742.468594596,"{'Vertiport_1': 15, 'Vertiport_2': 15, 'Vertiport_3': 15, 'Vertiport_4': 15, 'Vertiport_5': 15, 'Vertiport_6': 15, 'Vertiport_7': 15, 'Vertiport_8': 15, 'Vertiport_9': 15, 'Vertiport_10': 15}",40,1,15
100,24444.0,24356.0,88,0.5009016393442624,277.77272727272725,506851.86788094137,19689594.336475536,"{'Vertiport_1': 15, 'Vertiport_2': 15, 'Vertiport_3': 14, 'Vertiport_4': 15, 'Vertiport_5': 15, 'Vertiport_6': 15, 'Vertiport_7': 15, 'Vertiport_8': 15, 'Vertiport_9': 15, 'Vertiport_10': 16}",40,1,15
101,24529.0,24444.0,85,0.5008678251281319,288.5764705882353,508851.3116571412,20198445.648132678,"{'Vertiport_1': 15, 'Vertiport_2': 15, 'Vertiport_3': 15, 'Vertiport_4': 15, 'Vertiport_5': 15, 'Vertiport_6': 15, 'Vertiport_7': 15, 'Vertiport_8': 15, 'Vertiport_9': 15, 'Vertiport_10': 15}",40,1,15
102,24601.0,24529.0,72,0.5007327498473437,341.68055555555554,510517.50843321305,20708963.15656589,"{'Vertiport_1': 15, 'Vertiport_2': 15, 'Vertiport_3': 15, 'Vertiport_4': 15, 'Vertiport_5': 15, 'Vertiport_6': 15, 'Vertiport_7': 15, 'Vertiport_8': 15, 'Vertiport_9': 15, 'Vertiport_10': 15}",40,1,15
103,24673.0,24601.0,72,0.5007306084344685,342.68055555555554,512058.1828162329,21221021.339382123,"{'Vertiport_1': 15, 'Vertiport_2': 15, 'Vertiport_3': 15, 'Vertiport_4': 15, 'Vertiport_5': 15, 'Vertiport_6': 15, 'Vertiport_7': 15, 'Vertiport_8': 15, 'Vertiport_9': 15, 'Vertiport_10': 15}",40,1,15
104,24753.0,24673.0,80,0.5008092906567394,309.4125,513908.06964192877,21734929.409024052,"{'Vertiport_1': 15, 'Vertiport_2': 15, 'Vertiport_3': 15, 'Vertiport_4': 15, 'Vertiport_5': 15, 'Vertiport_6': 15, 'Vertiport_7': 15, 'Vertiport_8': 15, 'Vertiport_9': 15, 'Vertiport_10': 15}",40,1,15
105,24803.0,24752.0,51,0.5005145797598628,486.3333333333333,514993.4935604167,22249922.90258447,"{'Vertiport_1': 15, 'Vertiport_2': 15, 'Vertiport_3': 14, 'Vertiport_4': 15, 'Vertiport_5': 15, 'Vertiport_6': 15, 'Vertiport_7': 15, 'Vertiport_8': 15, 'Vertiport_9': 15, 'Vertiport_10': 16}",40,1,15
106,24865.0,24803.0,62,0.5006241443182733,401.0483870967742,516268.47701796854,22766191.37960244,"{'Vertiport_1': 15, 'Vertiport_2': 15, 'Vertiport_3': 15, 'Vertiport_4': 15, 'Vertiport_5': 15, 'Vertiport_6': 15, 'Vertiport_7': 15, 'Vertiport_8': 15, 'Vertiport_9': 15, 'Vertiport_10': 15}",40,1,15
107,24925.0,24865.0,60,0.5006025306286402,415.4166666666667,517652.9742906685,23283844.35389311,"{'Vertiport_1': 15, 'Vertiport_2': 15, 'Vertiport_3': 15, 'Vertiport_4': 15, 'Vertiport_5': 15, 'Vertiport_6': 15, 'Vertiport_7': 15, 'Vertiport_8': 15, 'Vertiport_9': 15, 'Vertiport_10': 15}",40,1,15
108,24996.0,24924.0,72,0.5007211538461539,347.1666666666667,519161.9831744084,23803006.33706752,"{'Vertiport_1': 15, 'Vertiport_2': 15, 'Vertiport_3': 14, 'Vertiport_4': 15, 'Vertiport_5': 15, 'Vertiport_6': 15, 'Vertiport_7': 15, 'Vertiport_8': 15, 'Vertiport_9': 15, 'Vertiport_10': 16}",40,1,15
109,25079.0,24996.0,83,0.500828756864703,302.1566265060241,520825.4540110242,24323831.79107854,"{'Vertiport_1': 15, 'Vertiport_2': 15, 'Vertiport_3': 15, 'Vertiport_4': 15, 'Vertiport_5': 15, 'Vertiport_6': 15, 'Vertiport_7': 15, 'Vertiport_8': 15, 'Vertiport_9': 15, 'Vertiport_10': 15}",40,1,15
110,25188.0,25078.0,110,0.5010941789678908,228.98181818181817,523092.66428922425,24846924.455367766,"{'Vertiport_1': 15, 'Vertiport_2': 15, 'Vertiport_3': 16, 'Vertiport_4': 15, 'Vertiport_5': 15, 'Vertiport_6': 15, 'Vertiport_7': 15, 'Vertiport_8': 15, 'Vertiport_9': 15, 'Vertiport_10': 14}",40,1,15
111,25330.0,25188.0,142,0.501405439645275,178.38028169014083,526253.6297356546,25373178.085103422,"{'Vertiport_1': 15, 'Vertiport_2': 15, 'Vertiport_3': 15, 'Vertiport_4': 15, 'Vertiport_5': 15, 'Vertiport_6': 15, 'Vertiport_7': 15, 'Vertiport_8': 15, 'Vertiport_9': 15, 'Vertiport_10': 15}",40,1,15
112,25489.0,25330.0,159,0.5015643755288376,160.30817610062894,529670.5324471393,25902848.617550563,"{'Vertiport_1': 15, 'Vertiport_2': 15, 'Vertiport_3': 15, 'Vertiport_4': 15, 'Vertiport_5': 15, 'Vertiport_6': 15, 'Vertiport_7': 15, 'Vertiport_8': 15, 'Vertiport_9': 15, 'Vertiport_10': 15}",40,1,15
113,25666.0,25489.0,177,0.5017300361645978,145.00564971751413,533412.2733603086,26436260.89091087,"{'Vertiport_1': 15, 'Vertiport_2': 15, 'Vertiport_3': 15, 'Vertiport_4': 15, 'Vertiport_5': 15, 'Vertiport_6': 15, 'Vertiport_7': 15, 'Vertiport_8': 15, 'Vertiport_9': 15, 'Vertiport_10': 15}",40,1,15
114,25879.0,25665.0,214,0.5020758963215893,120.92990654205607,537813.8459916252,26974074.736902498,"{'Vertiport_1': 15, 'Vertiport_2': 15, 'Vertiport_3': 14, 'Vertiport_4': 15, 'Vertiport_5': 15, 'Vertiport_6': 15, 'Vertiport_7': 15, 'Vertiport_8': 15, 'Vertiport_9': 15, 'Vertiport_10': 16}",40,1,15
115,26132.0,25879.0,253,0.5024321778085405,103.28853754940711,542872.9366659017,27516947.673568398,"{'Vertiport_1': 15, 'Vertiport_2': 15, 'Vertiport_3': 15, 'Vertiport_4': 15, 'Vertiport_5': 15, 'Vertiport_6': 15, 'Vertiport_7': 15, 'Vertiport_8': 15, 'Vertiport_9': 15, 'Vertiport_10': 15}",40,1,15
116,26379.0,26132.0,247,0.5023518881758108,106.79757085020243,547876.1584428062,28064823.832011204,"{'Vertiport_1': 15, 'Vertiport_2': 15, 'Vertiport_3': 15, 'Vertiport_4': 15, 'Vertiport_5': 15, 'Vertiport_6': 15, 'Vertiport_7': 15, 'Vertiport_8': 15, 'Vertiport_9': 15, 'Vertiport_10': 15}",40,1,15
117,26634.0,26379.0,255,0.5024050704544168,104.44705882352942,553070.9728795108,28617894.804890715,"{'Vertiport_1': 15, 'Vertiport_2': 15, 'Vertiport_3': 15, 'Vertiport_4': 15, 'Vertiport_5': 15, 'Vertiport_6': 15, 'Vertiport_7': 15, 'Vertiport_8': 15, 'Vertiport_9': 15, 'Vertiport_10': 15}",40,1,15
118,26879.0,26633.0,246,0.5022985498579757,109.26422764227642,558021.7014529238,29175916.506343637,"{'Vertiport_1': 15, 'Vertiport_2': 15, 'Vertiport_3': 16, 'Vertiport_4': 15, 'Vertiport_5': 15, 'Vertiport_6': 15, 'Vertiport_7': 15, 'Vertiport_8': 15, 'Vertiport_9': 15, 'Vertiport_10': 14}",40,1,15
119,27135.0,26879.0,256,0.502369755989188,105.99609375,563221.7815846959,29739138.28792833,"{'Vertiport_1': 15, 'Vertiport_2': 15, 'Vertiport_3': 15, 'Vertiport_4': 15, 'Vertiport_5': 15, 'Vertiport_6': 15, 'Vertiport_7': 15, 'Vertiport_8': 15, 'Vertiport_9': 15, 'Vertiport_10': 15}",40,1,15
120,27377.0,27135.0,242,0.502219694746111,113.12809917355372,568212.9902062285,30307351.27813456,"{'Vertiport_1': 15, 'Vertiport_2': 15, 'Vertiport_3': 15, 'Vertiport_4': 15, 'Vertiport_5': 15, 'Vertiport_6': 15, 'Vertiport_7': 15, 'Vertiport_8': 15, 'Vertiport_9': 15, 'Vertiport_10': 15}",40,1,15
121,27584.0,27376.0,208,0.5018922852983988,132.6153846153846,572633.3040815732,30879984.582216132,"{'Vertiport_1': 15, 'Vertiport_2': 15, 'Vertiport_3': 14, 'Vertiport_4': 15, 'Vertiport_5': 15, 'Vertiport_6': 15, 'Vertiport_7': 15, 'Vertiport_8': 15, 'Vertiport_9': 15, 'Vertiport_10': 16}",40,1,15
122,27789.0,27583.0,206,0.5018601459221267,134.89805825242718,577084.3765544175,31457068.95877055,"{'Vertiport_1': 15, 'Vertiport_2': 15, 'Vertiport_3': 14, 'Vertiport_4': 15, 'Vertiport_5': 15, 'Vertiport_6': 15, 'Vertiport_7': 15, 'Vertiport_8': 15, 'Vertiport_9': 15, 'Vertiport_10': 16}",40,1,15
123,28001.0,27788.0,213,0.5019089784724587,131.4600938967136,581480.9575348011,32038549.916305352,"{'Vertiport_1': 15, 'Vertiport_2': 15, 'Vertiport_3': 16, 'Vertiport_4': 15, 'Vertiport_5': 15, 'Vertiport_6': 15, 'Vertiport_7': 15, 'Vertiport_8': 15, 'Vertiport_9': 15, 'Vertiport_10': 14}",40,1,15
124,28213.0,28001.0,212,0.5018856512612516,133.08018867924528,585992.2105708371,32624542.12687619,"{'Vertiport_1': 15, 'Vertiport_2': 15, 'Vertiport_3': 15, 'Vertiport_4': 15, 'Vertiport_5': 15, 'Vertiport_6': 15, 'Vertiport_7': 15, 'Vertiport_8': 15, 'Vertiport_9': 15, 'Vertiport_10': 15}",40,1,15
125,28395.0,28213.0,182,0.5016075466365179,156.0164835164835,589668.7246189293,33214210.85149512,"{'Vertiport_1': 15, 'Vertiport_2': 15, 'Vertiport_3': 15, 'Vertiport_4': 15, 'Vertiport_5': 15, 'Vertiport_6': 15, 'Vertiport_7': 15, 'Vertiport_8': 15, 'Vertiport_9': 15, 'Vertiport_10': 15}",40,1,15
126,28595.0,28394.0,201,0.5017634982189545,142.2636815920398,593940.6562350612,33808151.50773018,"{'Vertiport_1': 15, 'Vertiport_2': 15, 'Vertiport_3': 16, 'Vertiport_4': 15, 'Vertiport_5': 15, 'Vertiport_6': 15, 'Vertiport_7': 15, 'Vertiport_8': 15, 'Vertiport_9': 15, 'Vertiport_10': 14}",40,1,15
127,28826.0,28594.0,232,0.502020202020202,124.25,598971.0852913726,34407122.59302155,"{'Vertiport_1': 15, 'Vertiport_2': 15, 'Vertiport_3': 14, 'Vertiport_4': 15, 'Vertiport_5': 15, 'Vertiport_6': 15, 'Vertiport_7': 15, 'Vertiport_8': 15, 'Vertiport_9': 15, 'Vertiport_10': 16}",40,1,15
128,29053.0,28826.0,227,0.5019609875775325,127.98678414096916,603862.0943548168,35010984.687376365,"{'Vertiport_1': 15, 'Vertiport_2': 15, 'Vertiport_3': 15, 'Vertiport_4': 15, 'Vertiport_5': 15, 'Vertiport_6': 15, 'Vertiport_7': 15, 'Vertiport_8': 15, 'Vertiport_9': 15, 'Vertiport_10': 15}",40,1,15
129,29303.0,29052.0,251,0.5021506297660869,116.74501992031873,609153.6131833764,35620138.300559744,"{'Vertiport_1': 15, 'Vertiport_2': 15, 'Vertiport_3': 14, 'Vertiport_4': 15, 'Vertiport_5': 15, 'Vertiport_6': 15, 'Vertiport_7': 15, 'Vertiport_8': 15, 'Vertiport_9': 15, 'Vertiport_10': 16}",40,1,15
130,29549.0,29302.0,247,0.5020985199911642,119.63157894736842,614307.1678366401,36234445.46839639,"{'Vertiport_1': 15, 'Vertiport_2': 15, 'Vertiport_3': 16, 'Vertiport_4': 15, 'Vertiport_5': 15, 'Vertiport_6': 15, 'Vertiport_7': 15, 'Vertiport_8': 15, 'Vertiport_9': 15, 'Vertiport_10': 14}",40,1,15
131,29808.0,29547.0,261,0.5021986353297953,114.20689655172414,619954.5868086878,36854400.05520508,"{'Vertiport_1': 15, 'Vertiport_2': 15, 'Vertiport_3': 15, 'Vertiport_4': 15, 'Vertiport_5': 15, 'Vertiport_6': 15, 'Vertiport_7': 15, 'Vertiport_8': 15, 'Vertiport_9': 15, 'Vertiport_10': 15}",40,1,15
132,30070.0,29808.0,262,0.5021877818230401,114.77099236641222,625695.9397265868,37480095.99493166,"{'Vertiport_1': 15, 'Vertiport_2': 15, 'Vertiport_3': 15, 'Vertiport_4': 15, 'Vertiport_5': 15, 'Vertiport_6': 15, 'Vertiport_7': 15, 'Vertiport_8': 15, 'Vertiport_9': 15, 'Vertiport_10': 15}",40,1,15
133,30326.0,30069.0,257,0.502127659574468,118.0,631170.7241888178,38111266.71912048,"{'Vertiport_1': 15, 'Vertiport_2': 15, 'Vertiport_3': 14, 'Vertiport_4': 15, 'Vertiport_5': 15, 'Vertiport_6': 15, 'Vertiport_7': 15, 'Vertiport_8': 15, 'Vertiport_9': 15, 'Vertiport_10': 16}",40,1,15
134,30566.0,30322.0,244,0.5020036788858232,125.27049180327869,635927.2589923688,38747193.97811285,"{'Vertiport_1': 15, 'Vertiport_2': 15, 'Vertiport_3': 11, 'Vertiport_4': 15, 'Vertiport_5': 15, 'Vertiport_6': 15, 'Vertiport_7': 15, 'Vertiport_8': 15, 'Vertiport_9': 15, 'Vertiport_10': 19}",40,1,15
135,30803.0,30566.0,237,0.501930942332448,129.9704641350211,641009.0707776643,39388203.04889051,"{'Vertiport_1': 15, 'Vertiport_2': 15, 'Vertiport_3': 15, 'Vertiport_4': 15, 'Vertiport_5': 15, 'Vertiport_6': 15, 'Vertiport_7': 15, 'Vertiport_8': 15, 'Vertiport_9': 15, 'Vertiport_10': 15}",40,1,15
136,31050.0,30801.0,249,0.5020129019740991,124.6987951807229,646138.4840860276,40034341.53297654,"{'Vertiport_1': 15, 'Vertiport_2': 15, 'Vertiport_3': 17, 'Vertiport_4': 15, 'Vertiport_5': 15, 'Vertiport_6': 15, 'Vertiport_7': 15, 'Vertiport_8': 15, 'Vertiport_9': 15, 'Vertiport_10': 13}",40,1,15
137,31318.0,31049.0,269,0.5021565892218641,116.42379182156134,652021.3509217944,40686362.88389833,"{'Vertiport_1': 15, 'Vertiport_2': 15, 'Vertiport_3': 14, 'Vertiport_4': 15, 'Vertiport_5': 15, 'Vertiport_6': 15, 'Vertiport_7': 15, 'Vertiport_8': 15, 'Vertiport_9': 15, 'Vertiport_10': 16}",40,1,15
138,31567.0,31315.0,252,0.5020037530612894,125.26587301587301,657004.457744094,41343367.341642424,"{'Vertiport_1': 15, 'Vertiport_2': 15, 'Vertiport_3': 14, 'Vertiport_4': 15, 'Vertiport_5': 15, 'Vertiport_6': 15, 'Vertiport_7': 15, 'Vertiport_8': 15, 'Vertiport_9': 15, 'Vertiport_10': 16}",40,1,15
139,31791.0,31566.0,225,0.5017756522562621,141.29333333333332,661875.8055457943,42005243.14718822,"{'Vertiport_1': 15, 'Vertiport_2': 15, 'Vertiport_3': 14, 'Vertiport_4': 15, 'Vertiport_5': 15, 'Vertiport_6': 15, 'Vertiport_7': 15, 'Vertiport_8': 15, 'Vertiport_9': 15, 'Vertiport_10': 16}",40,1,15
140,32055.0,31788.0,267,0.5020910671491001,120.0561797752809,667776.62491967,42673019.772107884,"{'Vertiport_1': 15, 'Vertiport_2': 15, 'Vertiport_3': 14, 'Vertiport_4': 15, 'Vertiport_5': 15, 'Vertiport_6': 15, 'Vertiport_7': 15, 'Vertiport_8': 15, 'Vertiport_9': 15, 'Vertiport_10': 16}",40,1,15
141,32308.0,32052.0,256,0.501988812927284,126.203125,673313.6749996447,43346333.44710753,"{'Vertiport_1': 15, 'Vertiport_2': 15, 'Vertiport_3': 16, 'Vertiport_4': 15, 'Vertiport_5': 15, 'Vertiport_6': 15, 'Vertiport_7': 15, 'Vertiport_8': 15, 'Vertiport_9': 15, 'Vertiport_10': 14}",40,1,15
142,32556.0,32306.0,250,0.5019271684499399,130.224,678749.9699021409,44025083.417009674,"{'Vertiport_1': 15, 'Vertiport_2': 15, 'Vertiport_3': 17, 'Vertiport_4': 15, 'Vertiport_5': 15, 'Vertiport_6': 15, 'Vertiport_7': 15, 'Vertiport_8': 15, 'Vertiport_9': 15, 'Vertiport_10': 13}",40,1,15
143,32823.0,32554.0,269,0.5020572984382887,122.0185873605948,684011.024570269,44709094.441579945,"{'Vertiport_1': 15, 'Vertiport_2': 15, 'Vertiport_3': 17, 'Vertiport_4': 15, 'Vertiport_5': 15, 'Vertiport_6': 15, 'Vertiport_7': 15, 'Vertiport_8': 15, 'Vertiport_9': 15, 'Vertiport_10': 13}",40,1,15
144,33099.0,32823.0,276,0.5020933830891053,119.92391304347827,689835.2086954925,45398929.65027544,"{'Vertiport_1': 15, 'Vertiport_2': 15, 'Vertiport_3': 15, 'Vertiport_4': 15, 'Vertiport_5': 15, 'Vertiport_6': 15, 'Vertiport_7': 15, 'Vertiport_8': 15, 'Vertiport_9': 15, 'Vertiport_10': 15}",40,1,15
145,33323.0,33097.0,226,0.5017012947907257,147.44690265486724,694583.8125320124,46093513.462807454,"{'Vertiport_1': 15, 'Vertiport_2': 15, 'Vertiport_3': 15, 'Vertiport_4': 15, 'Vertiport_5': 15, 'Vertiport_6': 15, 'Vertiport_7': 15, 'Vertiport_8': 15, 'Vertiport_9': 15, 'Vertiport_10': 15}",40,1,15
146,33545.0,33322.0,223,0.5016674891949691,150.42600896860986,699334.9907944405,46792848.4536019,"{'Vertiport_1': 15, 'Vertiport_2': 15, 'Vertiport_3': 16, 'Vertiport_4': 15, 'Vertiport_5': 15, 'Vertiport_6': 15, 'Vertiport_7': 15, 'Vertiport_8': 15, 'Vertiport_9': 15, 'Vertiport_10': 14}",40,1,15
147,33790.0,33545.0,245,0.5018192618994579,137.91836734693877,704459.4010969127,47497307.85469881,"{'Vertiport_1': 15, 'Vertiport_2': 15, 'Vertiport_3': 15, 'Vertiport_4': 15, 'Vertiport_5': 15, 'Vertiport_6': 15, 'Vertiport_7': 15, 'Vertiport_8': 15, 'Vertiport_9': 15, 'Vertiport_10': 15}",40,1,15
148,34020.0,33790.0,230,0.5016959150567762,147.91304347826087,709166.3598533516,48206474.21455216,"{'Vertiport_1': 15, 'Vertiport_2': 15, 'Vertiport_3': 15, 'Vertiport_4': 15, 'Vertiport_5': 15, 'Vertiport_6': 15, 'Vertiport_7': 15, 'Vertiport_8': 15, 'Vertiport_9': 15, 'Vertiport_10': 15}",40,1,15
149,34246.0,34020.0,226,0.5016552896024375,151.53097345132744,713767.8100854757,48920242.02463763,"{'Vertiport_1': 15, 'Vertiport_2': 15, 'Vertiport_3': 15, 'Vertiport_4': 15, 'Vertiport_5': 15, 'Vertiport_6': 15, 'Vertiport_7': 15, 'Vertiport_8': 15, 'Vertiport_9': 15, 'Vertiport_10': 15}",40,1,15
150,34455.0,34245.0,210,0.501528384279476,164.07142857142858,718168.8275395915,49638410.852177225,"{'Vertiport_1': 15, 'Vertiport_2': 15, 'Vertiport_3': 16, 'Vertiport_4': 15, 'Vertiport_5': 15, 'Vertiport_6': 15, 'Vertiport_7': 15, 'Vertiport_8': 15, 'Vertiport_9': 15, 'Vertiport_10': 14}",40,1,15
151,34683.0,34455.0,228,0.5016488761607221,152.1184210526316,722899.7474622305,50361310.59963945,"{'Vertiport_1': 15, 'Vertiport_2': 15, 'Vertiport_3': 15, 'Vertiport_4': 15, 'Vertiport_5': 15, 'Vertiport_6': 15, 'Vertiport_7': 15, 'Vertiport_8': 15, 'Vertiport_9': 15, 'Vertiport_10': 15}",40,1,15
152,34862.0,34683.0,179,0.5012869365159249,194.75977653631284,726888.0171914592,51088198.616830915,"{'Vertiport_1': 15, 'Vertiport_2': 15, 'Vertiport_3': 15, 'Vertiport_4': 15, 'Vertiport_5': 15, 'Vertiport_6': 15, 'Vertiport_7': 15, 'Vertiport_8': 15, 'Vertiport_9': 15, 'Vertiport_10': 15}",40,1,15
153,35060.0,34862.0,198,0.5014158633906353,177.07070707070707,730846.1007003514,51819044.717531264,"{'Vertiport_1': 15, 'Vertiport_2': 15, 'Vertiport_3': 15, 'Vertiport_4': 15, 'Vertiport_5': 15, 'Vertiport_6': 15, 'Vertiport_7': 15, 'Vertiport_8': 15, 'Vertiport_9': 15, 'Vertiport_10': 15}",40,1,15
154,35271.0,35060.0,211,0.5015000497646841,167.1611374407583,735465.9544511837,52554510.671982445,"{'Vertiport_1': 15, 'Vertiport_2': 15, 'Vertiport_3': 15, 'Vertiport_4': 15, 'Vertiport_5': 15, 'Vertiport_6': 15, 'Vertiport_7': 15, 'Vertiport_8': 15, 'Vertiport_9': 15, 'Vertiport_10': 15}",40,1,15
155,35501.0,35271.0,230,0.5016249364155315,154.3521739130435,740428.768802412,53294939.44078486,"{'Vertiport_1': 15, 'Vertiport_2': 15, 'Vertiport_3': 15, 'Vertiport_4': 15, 'Vertiport_5': 15, 'Vertiport_6': 15, 'Vertiport_7': 15, 'Vertiport_8': 15, 'Vertiport_9': 15, 'Vertiport_10': 15}",40,1,15
156,35762.0,35501.0,261,0.5018312448255056,137.0191570881226,745986.8805970838,54040926.32138194,"{'Vertiport_1': 15, 'Vertiport_2': 15, 'Vertiport_3': 15, 'Vertiport_4': 15, 'Vertiport_5': 15, 'Vertiport_6': 15, 'Vertiport_7': 15, 'Vertiport_8': 15, 'Vertiport_9': 15, 'Vertiport_10': 15}",40,1,15
157,36011.0,35762.0,249,0.5017346355871986,144.62248995983936,751153.061140747,54792079.38252269,"{'Vertiport_1': 15, 'Vertiport_2': 15, 'Vertiport_3': 15, 'Vertiport_4': 15, 'Vertiport_5': 15, 'Vertiport_6': 15, 'Vertiport_7': 15, 'Vertiport_8': 15, 'Vertiport_9': 15, 'Vertiport_10': 15}",40,1,15
158,36286.0,36010.0,276,0.5019088192984398,131.47101449275362,757038.7423531867,55549118.12487587,"{'Vertiport_1': 15, 'Vertiport_2': 15, 'Vertiport_3': 14, 'Vertiport_4': 15, 'Vertiport_5': 15, 'Vertiport_6': 15, 'Vertiport_7': 15, 'Vertiport_8': 15, 'Vertiport_9': 15, 'Vertiport_10': 16}",40,1,15
159,36563.0,36284.0,279,0.5019149724765605,131.05017921146953,762893.2371532054,56312011.362029076,"{'Vertiport_1': 15, 'Vertiport_2': 15, 'Vertiport_3': 13, 'Vertiport_4': 15, 'Vertiport_5': 15, 'Vertiport_6': 15, 'Vertiport_7': 15, 'Vertiport_8': 15, 'Vertiport_9': 15, 'Vertiport_10': 17}",40,1,15
160,36851.0,36563.0,288,0.5019614787370257,127.95486111111111,769280.9946925567,57081292.35672163,"{'Vertiport_1': 15, 'Vertiport_2': 15, 'Vertiport_3': 15, 'Vertiport_4': 15, 'Vertiport_5': 15, 'Vertiport_6': 15, 'Vertiport_7': 15, 'Vertiport_8': 15, 'Vertiport_9': 15, 'Vertiport_10': 15}",40,1,15
161,37146.0,36849.0,297,0.5020068923575918,125.07070707070707,775830.7716622996,57857123.128383934,"{'Vertiport_1': 15, 'Vertiport_2': 15, 'Vertiport_3': 17, 'Vertiport_4': 15, 'Vertiport_5': 15, 'Vertiport_6': 15, 'Vertiport_7': 15, 'Vertiport_8': 15, 'Vertiport_9': 15, 'Vertiport_10': 13}",40,1,15
162,37435.0,37146.0,289,0.5019374907818345,129.53287197231833,781897.4230331791,58639020.55141711,"{'Vertiport_1': 15, 'Vertiport_2': 15, 'Vertiport_3': 15, 'Vertiport_4': 15, 'Vertiport_5': 15, 'Vertiport_6': 15, 'Vertiport_7': 15, 'Vertiport_8': 15, 'Vertiport_9': 15, 'Vertiport_10': 15}",40,1,15
163,37695.0,37434.0,261,0.5017370123387773,144.42528735632183,787536.9421439188,59426557.49356103,"{'Vertiport_1': 15, 'Vertiport_2': 15, 'Vertiport_3': 16, 'Vertiport_4': 15, 'Vertiport_5': 15, 'Vertiport_6': 15, 'Vertiport_7': 15, 'Vertiport_8': 15, 'Vertiport_9': 15, 'Vertiport_10': 14}",40,1,15
164,38012.0,37695.0,317,0.5020935976858151,119.91167192429022,794173.3843037859,60220730.877864815,"{'Vertiport_1': 15, 'Vertiport_2': 15, 'Vertiport_3': 15, 'Vertiport_4': 15, 'Vertiport_5': 15, 'Vertiport_6': 15, 'Vertiport_7': 15, 'Vertiport_8': 15, 'Vertiport_9': 15, 'Vertiport_10': 15}",40,1,15
165,38299.0,38012.0,287,0.5018804628428405,133.44599303135888,800105.4410015651,61020836.31886638,"{'Vertiport_1': 15, 'Vertiport_2': 15, 'Vertiport_3': 15, 'Vertiport_4': 15, 'Vertiport_5': 15, 'Vertiport_6': 15, 'Vertiport_7': 15, 'Vertiport_8': 15, 'Vertiport_9': 15, 'Vertiport_10': 15}",40,1,15
166,38566.0,38299.0,267,0.5017368112925259,144.44194756554307,805538.7506444529,61826375.06951083,"{'Vertiport_1': 15, 'Vertiport_2': 15, 'Vertiport_3': 15, 'Vertiport_4': 15, 'Vertiport_5': 15, 'Vertiport_6': 15, 'Vertiport_7': 15, 'Vertiport_8': 15, 'Vertiport_9': 15, 'Vertiport_10': 15}",40,1,15
167,38831.0,38565.0,266,0.5017184350612435,145.9812030075188,811529.9190748811,62637904.98858571,"{'Vertiport_1': 15, 'Vertiport_2': 15, 'Vertiport_3': 16, 'Vertiport_4': 15, 'Vertiport_5': 15, 'Vertiport_6': 15, 'Vertiport_7': 15, 'Vertiport_8': 15, 'Vertiport_9': 15, 'Vertiport_10': 14}",40,1,15
168,39089.0,38828.0,261,0.5016748591449877,149.76628352490422,817196.1062274807,63455101.09481319,"{'Vertiport_1': 15, 'Vertiport_2': 15, 'Vertiport_3': 14, 'Vertiport_4': 15, 'Vertiport_5': 15, 'Vertiport_6': 15, 'Vertiport_7': 15, 'Vertiport_8': 15, 'Vertiport_9': 15, 'Vertiport_10': 16}",40,1,15
169,39363.0,39089.0,274,0.5017462907255392,143.66058394160584,823240.480628952,64278341.57544214,"{'Vertiport_1': 15, 'Vertiport_2': 15, 'Vertiport_3': 15, 'Vertiport_4': 15, 'Vertiport_5': 15, 'Vertiport_6': 15, 'Vertiport_7': 15, 'Vertiport_8': 15, 'Vertiport_9': 15, 'Vertiport_10': 15}",40,1,15
170,39623.0,39360.0,263,0.501664915234924,150.65779467680608,829160.4917942671,65107502.06723641,"{'Vertiport_1': 15, 'Vertiport_2': 15, 'Vertiport_3': 16, 'Vertiport_4': 15, 'Vertiport_5': 15, 'Vertiport_6': 15, 'Vertiport_7': 15, 'Vertiport_8': 15, 'Vertiport_9': 15, 'Vertiport_10': 14}",40,1,15
171,39882.0,39621.0,261,0.5016414474925475,152.80459770114942,834426.0908439383,65941928.15808035,"{'Vertiport_1': 15, 'Vertiport_2': 15, 'Vertiport_3': 13, 'Vertiport_4': 15, 'Vertiport_5': 15, 'Vertiport_6': 15, 'Vertiport_7': 15, 'Vertiport_8': 15, 'Vertiport_9': 15, 'Vertiport_10': 17}",40,1,15
172,40154.0,39881.0,273,0.5017055038420691,147.08424908424908,840554.8767545666,66782483.034834914,"{'Vertiport_1': 15, 'Vertiport_2': 15, 'Vertiport_3': 14, 'Vertiport_4': 15, 'Vertiport_5': 15, 'Vertiport_6': 15, 'Vertiport_7': 15, 'Vertiport_8': 15, 'Vertiport_9': 15, 'Vertiport_10': 16}",40,1,15
173,40391.0,40149.0,242,0.5015023590762354,166.90495867768595,845594.3468351502,67628077.38167006,"{'Vertiport_1': 15, 'Vertiport_2': 15, 'Vertiport_3': 14, 'Vertiport_4': 15, 'Vertiport_5': 15, 'Vertiport_6': 15, 'Vertiport_7': 15, 'Vertiport_8': 15, 'Vertiport_9': 15, 'Vertiport_10': 16}",40,1,15
174,40648.0,40387.0,261,0.5016104152526686,155.73946360153258,851015.1412597656,68479092.52292982,"{'Vertiport_1': 15, 'Vertiport_2': 15, 'Vertiport_3': 15, 'Vertiport_4': 15, 'Vertiport_5': 15, 'Vertiport_6': 15, 'Vertiport_7': 15, 'Vertiport_8': 15, 'Vertiport_9': 15, 'Vertiport_10': 15}",40,1,15
175,40896.0,40646.0,250,0.5015329523435775,163.584,856339.3934296571,69335431.91635947,"{'Vertiport_1': 15, 'Vertiport_2': 15, 'Vertiport_3': 13, 'Vertiport_4': 15, 'Vertiport_5': 15, 'Vertiport_6': 15, 'Vertiport_7': 15, 'Vertiport_8': 15, 'Vertiport_9': 15, 'Vertiport_10': 17}",40,1,15
176,41134.0,40894.0,240,0.5014629151021602,171.39166666666668,861684.358508749,70197116.27486822,"{'Vertiport_1': 15, 'Vertiport_2': 15, 'Vertiport_3': 17, 'Vertiport_4': 15, 'Vertiport_5': 15, 'Vertiport_6': 15, 'Vertiport_7': 15, 'Vertiport_8': 15, 'Vertiport_9': 15, 'Vertiport_10': 13}",40,1,15
177,41368.0,41131.0,237,0.501436381047043,174.54852320675104,866679.8865022326,71063796.16137046,"{'Vertiport_1': 15, 'Vertiport_2': 15, 'Vertiport_3': 14, 'Vertiport_4': 15, 'Vertiport_5': 15, 'Vertiport_6': 15, 'Vertiport_7': 15, 'Vertiport_8': 15, 'Vertiport_9': 15, 'Vertiport_10': 16}",40,1,15
178,41586.0,41367.0,219,0.501320024592239,189.8904109589041,871464.0859020363,71935260.24727249,"{'Vertiport_1': 15, 'Vertiport_2': 15, 'Vertiport_3': 14, 'Vertiport_4': 15, 'Vertiport_5': 15, 'Vertiport_6': 15, 'Vertiport_7': 15, 'Vertiport_8': 15, 'Vertiport_9': 15, 'Vertiport_10': 16}",40,1,15
179,41757.0,41582.0,175,0.5010499286048549,238.61142857142858,875230.6448106124,72810490.89208311,"{'Vertiport_1': 15, 'Vertiport_2': 15, 'Vertiport_3': 11, 'Vertiport_4': 15, 'Vertiport_5': 15, 'Vertiport_6': 15, 'Vertiport_7': 15, 'Vertiport_8': 15, 'Vertiport_9': 15, 'Vertiport_10': 19}",40,1,15
180,41915.0,41756.0,159,0.5009501499922315,263.6163522012579,878458.8557517362,73688949.74783485,"{'Vertiport_1': 15, 'Vertiport_2': 15, 'Vertiport_3': 16, 'Vertiport_4': 15, 'Vertiport_5': 15, 'Vertiport_6': 15, 'Vertiport_7': 15, 'Vertiport_8': 15, 'Vertiport_9': 15, 'Vertiport_10': 14}",40,1,15
181,42066.0,41915.0,151,0.5008990128719591,278.5827814569536,881761.0145298094,74570710.76236466,"{'Vertiport_1': 15, 'Vertiport_2': 15, 'Vertiport_3': 15, 'Vertiport_4': 15, 'Vertiport_5': 15, 'Vertiport_6': 15, 'Vertiport_7': 15, 'Vertiport_8': 15, 'Vertiport_9': 15, 'Vertiport_10': 15}",40,1,15
182,42232.0,42066.0,166,0.5009846022444187,254.40963855421685,885339.3166388812,75456050.07900354,"{'Vertiport_1': 15, 'Vertiport_2': 15, 'Vertiport_3': 15, 'Vertiport_4': 15, 'Vertiport_5': 15, 'Vertiport_6': 15, 'Vertiport_7': 15, 'Vertiport_8': 15, 'Vertiport_9': 15, 'Vertiport_10': 15}",40,1,15
183,42400.0,42232.0,168,0.5009925323754608,252.38095238095238,889062.940247698,76345113.01925124,"{'Vertiport_1': 15, 'Vertiport_2': 15, 'Vertiport_3': 15, 'Vertiport_4': 15, 'Vertiport_5': 15, 'Vertiport_6': 15, 'Vertiport_7': 15, 'Vertiport_8': 15, 'Vertiport_9': 15, 'Vertiport_10': 15}",40,1,15
184,42544.0,42398.0,146,0.5008594099503191,291.3972602739726,892347.0318729953,77237460.05112424,"{'Vertiport_1': 15, 'Vertiport_2': 15, 'Vertiport_3': 13, 'Vertiport_4': 15, 'Vertiport_5': 15, 'Vertiport_6': 15, 'Vertiport_7': 15, 'Vertiport_8': 15, 'Vertiport_9': 15, 'Vertiport_10': 17}",40,1,15
185,42660.0,42544.0,116,0.5006807192150603,367.7586206896552,894868.478144609,78132328.52926886,"{'Vertiport_1': 15, 'Vertiport_2': 15, 'Vertiport_3': 15, 'Vertiport_4': 15, 'Vertiport_5': 15, 'Vertiport_6': 15, 'Vertiport_7': 15, 'Vertiport_8': 15, 'Vertiport_9': 15, 'Vertiport_10': 15}",40,1,15
186,42753.0,42660.0,93,0.5005444136138527,459.7096774193548,896921.3905810268,79029249.91984989,"{'Vertiport_1': 15, 'Vertiport_2': 15, 'Vertiport_3': 15, 'Vertiport_4': 15, 'Vertiport_5': 15, 'Vertiport_6': 15, 'Vertiport_7': 15, 'Vertiport_8': 15, 'Vertiport_9': 15, 'Vertiport_10': 15}",40,1,15
187,42858.0,42752.0,106,0.500619086555309,404.3207547169811,899270.6378536405,79928520.55770352,"{'Vertiport_1': 15, 'Vertiport_2': 15, 'Vertiport_3': 14, 'Vertiport_4': 15, 'Vertiport_5': 15, 'Vertiport_6': 15, 'Vertiport_7': 15, 'Vertiport_8': 15, 'Vertiport_9': 15, 'Vertiport_10': 16}",40,1,15
188,42967.0,42856.0,111,0.5006466797944606,387.0900900900901,901788.1410473743,80830308.6987509,"{'Vertiport_1': 15, 'Vertiport_2': 15, 'Vertiport_3': 13, 'Vertiport_4': 15, 'Vertiport_5': 15, 'Vertiport_6': 15, 'Vertiport_7': 15, 'Vertiport_8': 15, 'Vertiport_9': 15, 'Vertiport_10': 17}",40,1,15
189,43066.0,42967.0,99,0.5005753606174375,435.010101010101,903724.8375650679,81734033.53631596,"{'Vertiport_1': 15, 'Vertiport_2': 15, 'Vertiport_3': 15, 'Vertiport_4': 15, 'Vertiport_5': 15, 'Vertiport_6': 15, 'Vertiport_7': 15, 'Vertiport_8': 15, 'Vertiport_9': 15, 'Vertiport_10': 15}",40,1,15
190,43145.0,43065.0,80,0.5004639832966014,539.3125,905637.6994483584,82639671.23576432,"{'Vertiport_1': 15, 'Vertiport_2': 15, 'Vertiport_3': 14, 'Vertiport_4': 15, 'Vertiport_5': 15, 'Vertiport_6': 15, 'Vertiport_7': 15, 'Vertiport_8': 15, 'Vertiport_9': 15, 'Vertiport_10': 16}",40,1,15
191,43194.0,43145.0,49,0.5002837651582714,881.5102040816327,906781.7207442533,83546452.95650858,"{'Vertiport_1': 15, 'Vertiport_2': 15, 'Vertiport_3': 15, 'Vertiport_4': 15, 'Vertiport_5': 15, 'Vertiport_6': 15, 'Vertiport_7': 15, 'Vertiport_8': 15, 'Vertiport_9': 15, 'Vertiport_10': 15}",40,1,15
192,43229.0,43194.0,35,0.5002024923920716,1235.1142857142856,907580.6060558563,84454033.56256443,"{'Vertiport_1': 15, 'Vertiport_2': 15, 'Vertiport_3': 15, 'Vertiport_4': 15, 'Vertiport_5': 15, 'Vertiport_6': 15, 'Vertiport_7': 15, 'Vertiport_8': 15, 'Vertiport_9': 15, 'Vertiport_10': 15}",40,1,15
193,43269.0,43227.0,42,0.5002427857935627,1030.2142857142858,908403.2671035153,85362436.82966794,"{'Vertiport_1': 15, 'Vertiport_2': 15, 'Vertiport_3': 13, 'Vertiport_4': 15, 'Vertiport_5': 15, 'Vertiport_6': 15, 'Vertiport_7': 15, 'Vertiport_8': 15, 'Vertiport_9': 15, 'Vertiport_10': 17}",40,1,15
194,43309.0,43269.0,40,0.5002310055672342,1082.725,909364.3428214747,86271801.17248942,"{'Vertiport_1': 15, 'Vertiport_2': 15, 'Vertiport_3': 15, 'Vertiport_4': 15, 'Vertiport_5': 15, 'Vertiport_6': 15, 'Vertiport_7': 15, 'Vertiport_8': 15, 'Vertiport_9': 15, 'Vertiport_10': 15}",40,1,15
195,43349.0,43305.0,44,0.5002538832598611,985.2045454545455,910188.6482393575,87181989.82072878,"{'Vertiport_1': 15, 'Vertiport_2': 15, 'Vertiport_3': 11, 'Vertiport_4': 15, 'Vertiport_5': 15, 'Vertiport_6': 15, 'Vertiport_7': 15, 'Vertiport_8': 15, 'Vertiport_9': 15, 'Vertiport_10': 19}",40,1,15
196,43398.0,43349.0,49,0.5002824305163291,885.6734693877551,911181.4805996686,88093171.30132845,"{'Vertiport_1': 15, 'Vertiport_2': 15, 'Vertiport_3': 15, 'Vertiport_4': 15, 'Vertiport_5': 15, 'Vertiport_6': 15, 'Vertiport_7': 15, 'Vertiport_8': 15, 'Vertiport_9': 15, 'Vertiport_10': 15}",40,1,15
197,43445.0,43398.0,47,0.5002706032725723,924.3617021276596,912325.4836601996,89005496.78498866,"{'Vertiport_1': 15, 'Vertiport_2': 15, 'Vertiport_3': 15, 'Vertiport_4': 15, 'Vertiport_5': 15, 'Vertiport_6': 15, 'Vertiport_7': 15, 'Vertiport_8': 15, 'Vertiport_9': 15, 'Vertiport_10': 15}",40,1,15
198,43501.0,43445.0,56,0.500322038966715,776.8035714285714,913667.9034162586,89919164.68840492,"{'Vertiport_1': 15, 'Vertiport_2': 15, 'Vertiport_3': 15, 'Vertiport_4': 15, 'Vertiport_5': 15, 'Vertiport_6': 15, 'Vertiport_7': 15, 'Vertiport_8': 15, 'Vertiport_9': 15, 'Vertiport_10': 15}",40,1,15
199,43571.0,43501.0,70,0.5004019661889011,622.4428571428572,915284.5965730691,90834449.28497799,"{'Vertiport_1': 15, 'Vertiport_2': 15, 'Vertiport_3': 15, 'Vertiport_4': 15, 'Vertiport_5': 15, 'Vertiport_6': 15, 'Vertiport_7': 15, 'Vertiport_8': 15, 'Vertiport_9': 15, 'Vertiport_10': 15}",40,1,15
200,43638.0,43571.0,67,0.5003841346650002,651.3134328358209,916748.3397137594,91751197.62469174,"{'Vertiport_1': 15, 'Vertiport_2': 15, 'Vertiport_3': 15, 'Vertiport_4': 15, 'Vertiport_5': 15, 'Vertiport_6': 15, 'Vertiport_7': 15, 'Vertiport_8': 15, 'Vertiport_9': 15, 'Vertiport_10': 15}",40,1,15
201,43690.0,43638.0,52,0.5002977281055332,840.1923076923077,918122.4693304583,92669320.0940222,"{'Vertiport_1': 15, 'Vertiport_2': 15, 'Vertiport_3': 15, 'Vertiport_4': 15, 'Vertiport_5': 15, 'Vertiport_6': 15, 'Vertiport_7': 15, 'Vertiport_8': 15, 'Vertiport_9': 15, 'Vertiport_10': 15}",40,1,15
202,43758.0,43690.0,68,0.500388802488336,643.5,919650.6806617612,93588970.77468397,"{'Vertiport_1': 15, 'Vertiport_2': 15, 'Vertiport_3': 15, 'Vertiport_4': 15, 'Vertiport_5': 15, 'Vertiport_6': 15, 'Vertiport_7': 15, 'Vertiport_8': 15, 'Vertiport_9': 15, 'Vertiport_10': 15}",40,1,15
203,43844.0,43758.0,86,0.5004908563731422,509.8139534883721,921407.4756933033,94510378.25037727,"{'Vertiport_1': 15, 'Vertiport_2': 15, 'Vertiport_3': 15, 'Vertiport_4': 15, 'Vertiport_5': 15, 'Vertiport_6': 15, 'Vertiport_7': 15, 'Vertiport_8': 15, 'Vertiport_9': 15, 'Vertiport_10': 15}",40,1,15
204,43951.0,43844.0,107,0.500609374110143,410.7570093457944,923631.2553320568,95434009.50570932,"{'Vertiport_1': 15, 'Vertiport_2': 15, 'Vertiport_3': 15, 'Vertiport_4': 15, 'Vertiport_5': 15, 'Vertiport_6': 15, 'Vertiport_7': 15, 'Vertiport_8': 15, 'Vertiport_9': 15, 'Vertiport_10': 15}",40,1,15
205,44059.0,43951.0,108,0.5006135666401546,407.9537037037037,925975.9994801427,96359985.50518946,"{'Vertiport_1': 15, 'Vertiport_2': 15, 'Vertiport_3': 15, 'Vertiport_4': 15, 'Vertiport_5': 15, 'Vertiport_6': 15, 'Vertiport_7': 15, 'Vertiport_8': 15, 'Vertiport_9': 15, 'Vertiport_10': 15}",40,1,15
206,44170.0,44059.0,111,0.5006290448718675,397.92792792792795,928282.8641731285,97288268.3693626,"{'Vertiport_1': 15, 'Vertiport_2': 15, 'Vertiport_3': 15, 'Vertiport_4': 15, 'Vertiport_5': 15, 'Vertiport_6': 15, 'Vertiport_7': 15, 'Vertiport_8': 15, 'Vertiport_9': 15, 'Vertiport_10': 15}",40,1,15
207,44298.0,44170.0,128,0.5007234254193607,346.078125,931456.4966868985,98219724.8660495,"{'Vertiport_1': 15, 'Vertiport_2': 15, 'Vertiport_3': 15, 'Vertiport_4': 15, 'Vertiport_5': 15, 'Vertiport_6': 15, 'Vertiport_7': 15, 'Vertiport_8': 15, 'Vertiport_9': 15, 'Vertiport_10': 15}",40,1,15
208,44444.0,44298.0,146,0.5008226093619706,304.4109589041096,934697.8589136637,99154422.72496316,"{'Vertiport_1': 15, 'Vertiport_2': 15, 'Vertiport_3': 15, 'Vertiport_4': 15, 'Vertiport_5': 15, 'Vertiport_6': 15, 'Vertiport_7': 15, 'Vertiport_8': 15, 'Vertiport_9': 15, 'Vertiport_10': 15}",40,1,15
209,44585.0,44444.0,141,0.5007918768041874,316.20567375886526,937808.511034893,100092231.23599805,"{'Vertiport_1': 15, 'Vertiport_2': 15, 'Vertiport_3': 15, 'Vertiport_4': 15, 'Vertiport_5': 15, 'Vertiport_6': 15, 'Vertiport_7': 15, 'Vertiport_8': 15, 'Vertiport_9': 15, 'Vertiport_10': 15}",40,1,15
210,44737.0,44585.0,152,0.5008508542128479,294.32236842105266,941201.0392056499,101033432.2752037,"{'Vertiport_1': 15, 'Vertiport_2': 15, 'Vertiport_3': 15, 'Vertiport_4': 15, 'Vertiport_5': 15, 'Vertiport_6': 15, 'Vertiport_7': 15, 'Vertiport_8': 15, 'Vertiport_9': 15, 'Vertiport_10': 15}",40,1,15
211,44905.0,44737.0,168,0.5009370607527721,267.2916666666667,944794.6569925105,101978226.93219621,"{'Vertiport_1': 15, 'Vertiport_2': 15, 'Vertiport_3': 15, 'Vertiport_4': 15, 'Vertiport_5': 15, 'Vertiport_6': 15, 'Vertiport_7': 15, 'Vertiport_8': 15, 'Vertiport_9': 15, 'Vertiport_10': 15}",40,1,15
212,45110.0,44905.0,205,0.5011386991057046,220.0487804878049,949421.120500203,102927648.05269642,"{'Vertiport_1': 15, 'Vertiport_2': 15, 'Vertiport_3': 15, 'Vertiport_4': 15, 'Vertiport_5': 15, 'Vertiport_6': 15, 'Vertiport_7': 15, 'Vertiport_8': 15, 'Vertiport_9': 15, 'Vertiport_10': 15}",40,1,15
213,45302.0,45110.0,192,0.5010618059549617,235.94791666666666,953803.4680090757,103881451.52070549,"{'Vertiport_1': 15, 'Vertiport_2': 15, 'Vertiport_3': 15, 'Vertiport_4': 15, 'Vertiport_5': 15, 'Vertiport_6': 15, 'Vertiport_7': 15, 'Vertiport_8': 15, 'Vertiport_9': 15, 'Vertiport_10': 15}",40,1,15
214,45512.0,45302.0,210,0.5011562093950273,216.72380952380954,958548.4267041403,104839999.94740963,"{'Vertiport_1': 15, 'Vertiport_2': 15, 'Vertiport_3': 15, 'Vertiport_4': 15, 'Vertiport_5': 15, 'Vertiport_6': 15, 'Vertiport_7': 15, 'Vertiport_8': 15, 'Vertiport_9': 15, 'Vertiport_10': 15}",40,1,15
215,45733.0,45512.0,221,0.5012110252616582,206.93665158371041,963382.2712795964,105803382.21868923,"{'Vertiport_1': 15, 'Vertiport_2': 15, 'Vertiport_3': 15, 'Vertiport_4': 15, 'Vertiport_5': 15, 'Vertiport_6': 15, 'Vertiport_7': 15, 'Vertiport_8': 15, 'Vertiport_9': 15, 'Vertiport_10': 15}",40,1,15
216,45980.0,45733.0,247,0.5013465920861819,186.15384615384616,968652.6001495164,106772034.81883875,"{'Vertiport_1': 15, 'Vertiport_2': 15, 'Vertiport_3': 15, 'Vertiport_4': 15, 'Vertiport_5': 15, 'Vertiport_6': 15, 'Vertiport_7': 15, 'Vertiport_8': 15, 'Vertiport_9': 15, 'Vertiport_10': 15}",40,1,15
217,46231.0,45980.0,251,0.5013610089902506,184.18725099601593,974177.4273105605,107746212.2461493,"{'Vertiport_1': 15, 'Vertiport_2': 15, 'Vertiport_3': 15, 'Vertiport_4': 15, 'Vertiport_5': 15, 'Vertiport_6': 15, 'Vertiport_7': 15, 'Vertiport_8': 15, 'Vertiport_9': 15, 'Vertiport_10': 15}",40,1,15
218,46450.0,46231.0,219,0.5011814719306007,212.10045662100455,978695.9814883164,108724908.22763762,"{'Vertiport_1': 15, 'Vertiport_2': 15, 'Vertiport_3': 15, 'Vertiport_4': 15, 'Vertiport_5': 15, 'Vertiport_6': 15, 'Vertiport_7': 15, 'Vertiport_8': 15, 'Vertiport_9': 15, 'Vertiport_10': 15}",40,1,15
219,46669.0,46450.0,219,0.5011759146898055,213.10045662100455,983552.9380195367,109708461.16565716,"{'Vertiport_1': 15, 'Vertiport_2': 15, 'Vertiport_3': 15, 'Vertiport_4': 15, 'Vertiport_5': 15, 'Vertiport_6': 15, 'Vertiport_7': 15, 'Vertiport_8': 15, 'Vertiport_9': 15, 'Vertiport_10': 15}",40,1,15
220,46903.0,46669.0,234,0.5012503740435172,200.44017094017093,988480.4137066766,110696941.57936384,"{'Vertiport_1': 15, 'Vertiport_2': 15, 'Vertiport_3': 15, 'Vertiport_4': 15, 'Vertiport_5': 15, 'Vertiport_6': 15, 'Vertiport_7': 15, 'Vertiport_8': 15, 'Vertiport_9': 15, 'Vertiport_10': 15}",40,1,15
221,47163.0,46903.0,260,0.5013820083770969,181.39615384615385,994171.8532067803,111691113.43257062,"{'Vertiport_1': 15, 'Vertiport_2': 15, 'Vertiport_3': 15, 'Vertiport_4': 15, 'Vertiport_5': 15, 'Vertiport_6': 15, 'Vertiport_7': 15, 'Vertiport_8': 15, 'Vertiport_9': 15, 'Vertiport_10': 15}",40,1,15
222,47373.0,47163.0,210,0.5011106879918761,225.5857142857143,998820.1002629488,112689933.53283358,"{'Vertiport_1': 15, 'Vertiport_2': 15, 'Vertiport_3': 15, 'Vertiport_4': 15, 'Vertiport_5': 15, 'Vertiport_6': 15, 'Vertiport_7': 15, 'Vertiport_8': 15, 'Vertiport_9': 15, 'Vertiport_10': 15}",40,1,15
223,47579.0,47373.0,206,0.5010847586148791,230.96601941747574,1002847.0736050286,113692780.6064386,"{'Vertiport_1': 15, 'Vertiport_2': 15, 'Vertiport_3': 15, 'Vertiport_4': 15, 'Vertiport_5': 15, 'Vertiport_6': 15, 'Vertiport_7': 15, 'Vertiport_8': 15, 'Vertiport_9': 15, 'Vertiport_10': 15}",40,1,15
224,47806.0,47579.0,227,0.5011899145567962,210.59911894273128,1007856.5489891892,114700637.1554278,"{'Vertiport_1': 15, 'Vertiport_2': 15, 'Vertiport_3': 15, 'Vertiport_4': 15, 'Vertiport_5': 15, 'Vertiport_6': 15, 'Vertiport_7': 15, 'Vertiport_8': 15, 'Vertiport_9': 15, 'Vertiport_10': 15}",40,1,15
225,48023.0,47806.0,217,0.5011322251093093,221.30414746543778,1012465.2051039776,115713102.36053178,"{'Vertiport_1': 15, 'Vertiport_2': 15, 'Vertiport_3': 15, 'Vertiport_4': 15, 'Vertiport_5': 15, 'Vertiport_6': 15, 'Vertiport_7': 15, 'Vertiport_8': 15, 'Vertiport_9': 15, 'Vertiport_10': 15}",40,1,15
226,48231.0,48023.0,208,0.5010804745776799,231.87980769230768,1017026.4815363303,116730128.8420681,"{'Vertiport_1': 15, 'Vertiport_2': 15, 'Vertiport_3': 15, 'Vertiport_4': 15, 'Vertiport_5': 15, 'Vertiport_6': 15, 'Vertiport_7': 15, 'Vertiport_8': 15, 'Vertiport_9': 15, 'Vertiport_10': 15}",40,1,15
227,48450.0,48231.0,219,0.5011325906848295,221.23287671232876,1021612.9285310507,117751741.77059916,"{'Vertiport_1': 15, 'Vertiport_2': 15, 'Vertiport_3': 15, 'Vertiport_4': 15, 'Vertiport_5': 15, 'Vertiport_6': 15, 'Vertiport_7': 15, 'Vertiport_8': 15, 'Vertiport_9': 15, 'Vertiport_10': 15}",40,1,15
228,48682.0,48450.0,232,0.5011942511221843,209.83620689655172,1026563.7057903027,118778305.47638945,"{'Vertiport_1': 15, 'Vertiport_2': 15, 'Vertiport_3': 15, 'Vertiport_4': 15, 'Vertiport_5': 15, 'Vertiport_6': 15, 'Vertiport_7': 15, 'Vertiport_8': 15, 'Vertiport_9': 15, 'Vertiport_10': 15}",40,1,15
229,48932.0,48682.0,250,0.5012805540188907,195.728,1031915.4366096152,119810220.91299906,"{'Vertiport_1': 15, 'Vertiport_2': 15, 'Vertiport_3': 15, 'Vertiport_4': 15, 'Vertiport_5': 15, 'Vertiport_6': 15, 'Vertiport_7': 15, 'Vertiport_8': 15, 'Vertiport_9': 15, 'Vertiport_10': 15}",40,1,15
230,49151.0,48932.0,219,0.501116401415128,224.4337899543379,1036552.541590768,120846773.45458983,"{'Vertiport_1': 15, 'Vertiport_2': 15, 'Vertiport_3': 15, 'Vertiport_4': 15, 'Vertiport_5': 15, 'Vertiport_6': 15, 'Vertiport_7': 15, 'Vertiport_8': 15, 'Vertiport_9': 15, 'Vertiport_10': 15}",40,1,15
231,49376.0,49151.0,225,0.5011418189937784,219.4488888888889,1041329.0302006281,121888102.48479046,"{'Vertiport_1': 15, 'Vertiport_2': 15, 'Vertiport_3': 15, 'Vertiport_4': 15, 'Vertiport_5': 15, 'Vertiport_6': 15, 'Vertiport_7': 15, 'Vertiport_8': 15, 'Vertiport_9': 15, 'Vertiport_10': 15}",40,1,15
232,49583.0,49376.0,207,0.5010458876908619,239.53140096618358,1045916.3920615528,122934018.876852,"{'Vertiport_1': 15, 'Vertiport_2': 15, 'Vertiport_3': 15, 'Vertiport_4': 15, 'Vertiport_5': 15, 'Vertiport_6': 15, 'Vertiport_7': 15, 'Vertiport_8': 15, 'Vertiport_9': 15, 'Vertiport_10': 15}",40,1,15
233,49790.0,49583.0,207,0.5010415303955803,240.53140096618358,1050460.4344584271,123984479.31131044,"{'Vertiport_1': 15, 'Vertiport_2': 15, 'Vertiport_3': 15, 'Vertiport_4': 15, 'Vertiport_5': 15, 'Vertiport_6': 15, 'Vertiport_7': 15, 'Vertiport_8': 15, 'Vertiport_9': 15, 'Vertiport_10': 15}",40,1,15
234,50017.0,49790.0,227,0.5011371947859369,220.33920704845815,1055359.8112951026,125039839.12260555,"{'Vertiport_1': 15, 'Vertiport_2': 15, 'Vertiport_3': 15, 'Vertiport_4': 15, 'Vertiport_5': 15, 'Vertiport_6': 15, 'Vertiport_7': 15, 'Vertiport_8': 15, 'Vertiport_9': 15, 'Vertiport_10': 15}",40,1,15
235,50218.0,50017.0,201,0.5010026437871004,249.8407960199005,1059408.2235630404,126099247.3461686,"{'Vertiport_1': 15, 'Vertiport_2': 15, 'Vertiport_3': 15, 'Vertiport_4': 15, 'Vertiport_5': 15, 'Vertiport_6': 15, 'Vertiport_7': 15, 'Vertiport_8': 15, 'Vertiport_9': 15, 'Vertiport_10': 15}",40,1,15
236,50430.0,50218.0,212,0.5010531754232573,237.87735849056602,1063837.4853329048,127163084.8315015,"{'Vertiport_1': 15, 'Vertiport_2': 15, 'Vertiport_3': 15, 'Vertiport_4': 15, 'Vertiport_5': 15, 'Vertiport_6': 15, 'Vertiport_7': 15, 'Vertiport_8': 15, 'Vertiport_9': 15, 'Vertiport_10': 15}",40,1,15
237,50610.0,50430.0,180,0.5008907363420427,281.1666666666667,1067486.049583814,128230570.8810853,"{'Vertiport_1': 15, 'Vertiport_2': 15, 'Vertiport_3': 15, 'Vertiport_4': 15, 'Vertiport_5': 15, 'Vertiport_6': 15, 'Vertiport_7': 15, 'Vertiport_8': 15, 'Vertiport_9': 15, 'Vertiport_10': 15}",40,1,15
238,50792.0,50610.0,182,0.5008974181968797,279.0769230769231,1071264.966036815,129301835.84712212,"{'Vertiport_1': 15, 'Vertiport_2': 15, 'Vertiport_3': 15, 'Vertiport_4': 15, 'Vertiport_5': 15, 'Vertiport_6': 15, 'Vertiport_7': 15, 'Vertiport_8': 15, 'Vertiport_9': 15, 'Vertiport_10': 15}",40,1,15
239,50996.0,50792.0,204,0.5010020827602468,249.98039215686273,1075552.3638160129,130377388.21093813,"{'Vertiport_1': 15, 'Vertiport_2': 15, 'Vertiport_3': 15, 'Vertiport_4': 15, 'Vertiport_5': 15, 'Vertiport_6': 15, 'Vertiport_7': 15, 'Vertiport_8': 15, 'Vertiport_9': 15, 'Vertiport_10': 15}",40,1,15
240,51178.0,50996.0,182,0.5008906375398829,281.1978021978022,1079513.6062562324,131456901.81719436,"{'Vertiport_1': 15, 'Vertiport_2': 15, 'Vertiport_3': 15, 'Vertiport_4': 15, 'Vertiport_5': 15, 'Vertiport_6': 15, 'Vertiport_7': 15, 'Vertiport_8': 15, 'Vertiport_9': 15, 'Vertiport_10': 15}",40,1,15
241,51345.0,51178.0,167,0.5008144513913951,307.45508982035926,1083405.792374899,132540307.60956925,"{'Vertiport_1': 15, 'Vertiport_2': 15, 'Vertiport_3': 15, 'Vertiport_4': 15, 'Vertiport_5': 15, 'Vertiport_6': 15, 'Vertiport_7': 15, 'Vertiport_8': 15, 'Vertiport_9': 15, 'Vertiport_10': 15}",40,1,15
242,51513.0,51345.0,168,0.5008166598611679,306.625,1086963.2466325515,133627270.8562018,"{'Vertiport_1': 15, 'Vertiport_2': 15, 'Vertiport_3': 15, 'Vertiport_4': 15, 'Vertiport_5': 15, 'Vertiport_6': 15, 'Vertiport_7': 15, 'Vertiport_8': 15, 'Vertiport_9': 15, 'Vertiport_10': 15}",40,1,15
243,51681.0,51513.0,168,0.5008140008140008,307.625,1090588.2173717434,134717859.07357353,"{'Vertiport_1': 15, 'Vertiport_2': 15, 'Vertiport_3': 15, 'Vertiport_4': 15, 'Vertiport_5': 15, 'Vertiport_6': 15, 'Vertiport_7': 15, 'Vertiport_8': 15, 'Vertiport_9': 15, 'Vertiport_10': 15}",40,1,15
244,51854.0,51681.0,173,0.5008354662674458,299.73410404624275,1094264.6695553318,135812123.74312887,"{'Vertiport_1': 15, 'Vertiport_2': 15, 'Vertiport_3': 15, 'Vertiport_4': 15, 'Vertiport_5': 15, 'Vertiport_6': 15, 'Vertiport_7': 15, 'Vertiport_8': 15, 'Vertiport_9': 15, 'Vertiport_10': 15}",40,1,15
245,52046.0,51854.0,192,0.5009239653512993,271.0729166666667,1098196.5386284848,136910320.28175735,"{'Vertiport_1': 15, 'Vertiport_2': 15, 'Vertiport_3': 15, 'Vertiport_4': 15, 'Vertiport_5': 15, 'Vertiport_6': 15, 'Vertiport_7': 15, 'Vertiport_8': 15, 'Vertiport_9': 15, 'Vertiport_10': 15}",40,1,15
246,52223.0,52046.0,177,0.5008487661721125,295.045197740113,1101972.07311931,138012292.35487667,"{'Vertiport_1': 15, 'Vertiport_2': 15, 'Vertiport_3': 15, 'Vertiport_4': 15, 'Vertiport_5': 15, 'Vertiport_6': 15, 'Vertiport_7': 15, 'Vertiport_8': 15, 'Vertiport_9': 15, 'Vertiport_10': 15}",40,1,15
247,52403.0,52223.0,180,0.5008602068319539,291.1277777777778,1105810.396542203,139118102.75141886,"{'Vertiport_1': 15, 'Vertiport_2': 15, 'Vertiport_3': 15, 'Vertiport_4': 15, 'Vertiport_5': 15, 'Vertiport_6': 15, 'Vertiport_7': 15, 'Vertiport_8': 15, 'Vertiport_9': 15, 'Vertiport_10': 15}",40,1,15
248,52583.0,52403.0,180,0.5008572571580973,292.1277777777778,1109666.6571653476,140227769.4085842,"{'Vertiport_1': 15, 'Vertiport_2': 15, 'Vertiport_3': 15, 'Vertiport_4': 15, 'Vertiport_5': 15, 'Vertiport_6': 15, 'Vertiport_7': 15, 'Vertiport_8': 15, 'Vertiport_9': 15, 'Vertiport_10': 15}",40,1,15
249,52774.0,52583.0,191,0.5009064419070399,276.30366492146595,1113802.922268812,141341572.33085302,"{'Vertiport_1': 15, 'Vertiport_2': 15, 'Vertiport_3': 15, 'Vertiport_4': 15, 'Vertiport_5': 15, 'Vertiport_6': 15, 'Vertiport_7': 15, 'Vertiport_8': 15, 'Vertiport_9': 15, 'Vertiport_10': 15}",40,1,15
250,52965.0,52774.0,191,0.5009031672325254,277.30366492146595,1117834.529225313,142459406.86007833,"{'Vertiport_1': 15, 'Vertiport_2': 15, 'Vertiport_3': 15, 'Vertiport_4': 15, 'Vertiport_5': 15, 'Vertiport_6': 15, 'Vertiport_7': 15, 'Vertiport_8': 15, 'Vertiport_9': 15, 'Vertiport_10': 15}",40,1,15
251,53167.0,52965.0,202,0.5009516451211699,263.2029702970297,1122112.6084848417,143581519.46856317,"{'Vertiport_1': 15, 'Vertiport_2': 15, 'Vertiport_3': 15, 'Vertiport_4': 15, 'Vertiport_5': 15, 'Vertiport_6': 15, 'Vertiport_7': 15, 'Vertiport_8': 15, 'Vertiport_9': 15, 'Vertiport_10': 15}",40,1,15
252,53401.0,53167.0,234,0.5010978905487576,228.2094017094017,1127277.2217341256,144708796.6902973,"{'Vertiport_1': 15, 'Vertiport_2': 15, 'Vertiport_3': 15, 'Vertiport_4': 15, 'Vertiport_5': 15, 'Vertiport_6': 15, 'Vertiport_7': 15, 'Vertiport_8': 15, 'Vertiport_9': 15, 'Vertiport_10': 15}",40,1,15
253,53624.0,53401.0,223,0.5010418126605933,240.46636771300447,1132054.7042764295,145840851.39457375,"{'Vertiport_1': 15, 'Vertiport_2': 15, 'Vertiport_3': 15, 'Vertiport_4': 15, 'Vertiport_5': 15, 'Vertiport_6': 15, 'Vertiport_7': 15, 'Vertiport_8': 15, 'Vertiport_9': 15, 'Vertiport_10': 15}",40,1,15
254,53852.0,53624.0,228,0.5010607019241505,236.19298245614036,1137189.983822094,146978041.37839586,"{'Vertiport_1': 15, 'Vertiport_2': 15, 'Vertiport_3': 15, 'Vertiport_4': 15, 'Vertiport_5': 15, 'Vertiport_6': 15, 'Vertiport_7': 15, 'Vertiport_8': 15, 'Vertiport_9': 15, 'Vertiport_10': 15}",40,1,15
255,54094.0,53852.0,242,0.5011209308357882,223.52892561983472,1142451.5140079705,148120492.8924038,"{'Vertiport_1': 15, 'Vertiport_2': 15, 'Vertiport_3': 15, 'Vertiport_4': 15, 'Vertiport_5': 15, 'Vertiport_6': 15, 'Vertiport_7': 15, 'Vertiport_8': 15, 'Vertiport_9': 15, 'Vertiport_10': 15}",40,1,15
256,54325.0,54094.0,231,0.5010653114306532,235.17316017316017,1147381.2585908656,149267874.1509947,"{'Vertiport_1': 15, 'Vertiport_2': 15, 'Vertiport_3': 15, 'Vertiport_4': 15, 'Vertiport_5': 15, 'Vertiport_6': 15, 'Vertiport_7': 15, 'Vertiport_8': 15, 'Vertiport_9': 15, 'Vertiport_10': 15}",40,1,15
257,54577.0,54325.0,252,0.5011570035444711,216.57539682539684,1152571.1840534662,150420445.33504817,"{'Vertiport_1': 15, 'Vertiport_2': 15, 'Vertiport_3': 15, 'Vertiport_4': 15, 'Vertiport_5': 15, 'Vertiport_6': 15, 'Vertiport_7': 15, 'Vertiport_8': 15, 'Vertiport_9': 15, 'Vertiport_10': 15}",40,1,15
258,54831.0,54577.0,254,0.5011607926294238,215.87007874015748,1157955.026871336,151578400.3619195,"{'Vertiport_1': 15, 'Vertiport_2': 15, 'Vertiport_3': 15, 'Vertiport_4': 15, 'Vertiport_5': 15, 'Vertiport_6': 15, 'Vertiport_7': 15, 'Vertiport_8': 15, 'Vertiport_9': 15, 'Vertiport_10': 15}",40,1,15
259,55087.0,54831.0,256,0.5011645044487709,215.18359375,1163580.1372498036,152741980.4991693,"{'Vertiport_1': 15, 'Vertiport_2': 15, 'Vertiport_3': 15, 'Vertiport_4': 15, 'Vertiport_5': 15, 'Vertiport_6': 15, 'Vertiport_7': 15, 'Vertiport_8': 15, 'Vertiport_9': 15, 'Vertiport_10': 15}",40,1,15
260,55345.0,55087.0,258,0.501168139669661,214.515503875969,1168886.5877018839,153910867.08687118,"{'Vertiport_1': 15, 'Vertiport_2': 15, 'Vertiport_3': 15, 'Vertiport_4': 15, 'Vertiport_5': 15, 'Vertiport_6': 15, 'Vertiport_7': 15, 'Vertiport_8': 15, 'Vertiport_9': 15, 'Vertiport_10': 15}",40,1,15
261,55618.0,55345.0,273,0.5012301397763218,203.72893772893772,1174535.4911794926,155085402.57805067,"{'Vertiport_1': 15, 'Vertiport_2': 15, 'Vertiport_3': 15, 'Vertiport_4': 15, 'Vertiport_5': 15, 'Vertiport_6': 15, 'Vertiport_7': 15, 'Vertiport_8': 15, 'Vertiport_9': 15, 'Vertiport_10': 15}",40,1,15
262,55901.0,55618.0,283,0.5012688420807216,197.53003533568904,1180092.4086706608,156265494.98672134,"{'Vertiport_1': 15, 'Vertiport_2': 15, 'Vertiport_3': 15, 'Vertiport_4': 15, 'Vertiport_5': 15, 'Vertiport_6': 15, 'Vertiport_7': 15, 'Vertiport_8': 15, 'Vertiport_9': 15, 'Vertiport_10': 15}",40,1,15
263,56174.0,55901.0,273,0.5012179344189159,205.76556776556777,1186000.1588925617,157451495.1456139,"{'Vertiport_1': 15, 'Vertiport_2': 15, 'Vertiport_3': 15, 'Vertiport_4': 15, 'Vertiport_5': 15, 'Vertiport_6': 15, 'Vertiport_7': 15, 'Vertiport_8': 15, 'Vertiport_9': 15, 'Vertiport_10': 15}",40,1,15
264,56435.0,56174.0,261,0.5011588771767799,216.22605363984675,1191484.994567886,158642980.14018178,"{'Vertiport_1': 15, 'Vertiport_2': 15, 'Vertiport_3': 15, 'Vertiport_4': 15, 'Vertiport_5': 15, 'Vertiport_6': 15, 'Vertiport_7': 15, 'Vertiport_8': 15, 'Vertiport_9': 15, 'Vertiport_10': 15}",40,1,15
265,56669.0,56435.0,234,0.5010344461734333,242.17521367521368,1196691.5934789623,159839671.73366073,"{'Vertiport_1': 15, 'Vertiport_2': 15, 'Vertiport_3': 15, 'Vertiport_4': 15, 'Vertiport_5': 15, 'Vertiport_6': 15, 'Vertiport_7': 15, 'Vertiport_8': 15, 'Vertiport_9': 15, 'Vertiport_10': 15}",40,1,15
266,56910.0,56669.0,241,0.5010609355602709,236.14107883817428,1201699.5388527152,161041371.27251345,"{'Vertiport_1': 15, 'Vertiport_2': 15, 'Vertiport_3': 15, 'Vertiport_4': 15, 'Vertiport_5': 15, 'Vertiport_6': 15, 'Vertiport_7': 15, 'Vertiport_8': 15, 'Vertiport_9': 15, 'Vertiport_10': 15}",40,1,15
267,57143.0,56910.0,233,0.5010214549376167,245.24892703862662,1206899.636288267,162248270.9088017,"{'Vertiport_1': 15, 'Vertiport_2': 15, 'Vertiport_3': 15, 'Vertiport_4': 15, 'Vertiport_5': 15, 'Vertiport_6': 15, 'Vertiport_7': 15, 'Vertiport_8': 15, 'Vertiport_9': 15, 'Vertiport_10': 15}",40,1,15
268,57375.0,57143.0,232,0.5010129411970171,247.30603448275863,1212099.5542586704,163460370.46306038,"{'Vertiport_1': 15, 'Vertiport_2': 15, 'Vertiport_3': 15, 'Vertiport_4': 15, 'Vertiport_5': 15, 'Vertiport_6': 15, 'Vertiport_7': 15, 'Vertiport_8': 15, 'Vertiport_9': 15, 'Vertiport_10': 15}",40,1,15
269,57620.0,57375.0,245,0.5010652637071177,235.18367346938774,1217490.3572527731,164677860.82031316,"{'Vertiport_1': 15, 'Vertiport_2': 15, 'Vertiport_3': 15, 'Vertiport_4': 15, 'Vertiport_5': 15, 'Vertiport_6': 15, 'Vertiport_7': 15, 'Vertiport_8': 15, 'Vertiport_9': 15, 'Vertiport_10': 15}",40,1,15
270,57839.0,57620.0,219,0.500948388605479,264.10502283105023,1222144.0126885972,165900004.83300176,"{'Vertiport_1': 15, 'Vertiport_2': 15, 'Vertiport_3': 15, 'Vertiport_4': 15, 'Vertiport_5': 15, 'Vertiport_6': 15, 'Vertiport_7': 15, 'Vertiport_8': 15, 'Vertiport_9': 15, 'Vertiport_10': 15}",40,1,15
271,58052.0,57839.0,213,0.5009189669603334,272.54460093896716,1226417.8278857977,167126422.66088757,"{'Vertiport_1': 15, 'Vertiport_2': 15, 'Vertiport_3': 15, 'Vertiport_4': 15, 'Vertiport_5': 15, 'Vertiport_6': 15, 'Vertiport_7': 15, 'Vertiport_8': 15, 'Vertiport_9': 15, 'Vertiport_10': 15}",40,1,15
272,58245.0,58052.0,193,0.50082977204915,301.78756476683935,1230537.9824867062,168356960.64337426,"{'Vertiport_1': 15, 'Vertiport_2': 15, 'Vertiport_3': 15, 'Vertiport_4': 15, 'Vertiport_5': 15, 'Vertiport_6': 15, 'Vertiport_7': 15, 'Vertiport_8': 15, 'Vertiport_9': 15, 'Vertiport_10': 15}",40,1,15
273,58426.0,58245.0,181,0.5007756854745395,322.7955801104972,1234474.5276811586,169591435.17105544,"{'Vertiport_1': 15, 'Vertiport_2': 15, 'Vertiport_3': 15, 'Vertiport_4': 15, 'Vertiport_5': 15, 'Vertiport_6': 15, 'Vertiport_7': 15, 'Vertiport_8': 15, 'Vertiport_9': 15, 'Vertiport_10': 15}",40,1,15
274,58610.0,58426.0,184,0.5007860829146588,318.5326086956522,1238408.588992903,170829843.76004833,"{'Vertiport_1': 15, 'Vertiport_2': 15, 'Vertiport_3': 15, 'Vertiport_4': 15, 'Vertiport_5': 15, 'Vertiport_6': 15, 'Vertiport_7': 15, 'Vertiport_8': 15, 'Vertiport_9': 15, 'Vertiport_10': 15}",40,1,15
275,58767.0,58610.0,157,0.5006687851964183,374.312101910828,1241833.5571833113,172071677.31723166,"{'Vertiport_1': 15, 'Vertiport_2': 15, 'Vertiport_3': 15, 'Vertiport_4': 15, 'Vertiport_5': 15, 'Vertiport_6': 15, 'Vertiport_7': 15, 'Vertiport_8': 15, 'Vertiport_9': 15, 'Vertiport_10': 15}",40,1,15
276,58943.0,58767.0,176,0.5007476000339818,334.90340909090907,1245416.4060195684,173317093.72325122,"{'Vertiport_1': 15, 'Vertiport_2': 15, 'Vertiport_3': 15, 'Vertiport_4': 15, 'Vertiport_5': 15, 'Vertiport_6': 15, 'Vertiport_7': 15, 'Vertiport_8': 15, 'Vertiport_9': 15, 'Vertiport_10': 15}",40,1,15
277,59084.0,58943.0,141,0.5005973209519856,419.0354609929078,1248640.8451257371,174565734.56837696,"{'Vertiport_1': 15, 'Vertiport_2': 15, 'Vertiport_3': 15, 'Vertiport_4': 15, 'Vertiport_5': 15, 'Vertiport_6': 15, 'Vertiport_7': 15, 'Vertiport_8': 15, 'Vertiport_9': 15, 'Vertiport_10': 15}",40,1,15
278,59207.0,59084.0,123,0.5005199043037932,481.3577235772358,1251615.361731838,175817349.9301088,"{'Vertiport_1': 15, 'Vertiport_2': 15, 'Vertiport_3': 15, 'Vertiport_4': 15, 'Vertiport_5': 15, 'Vertiport_6': 15, 'Vertiport_7': 15, 'Vertiport_8': 15, 'Vertiport_9': 15, 'Vertiport_10': 15}",40,1,15
279,59314.0,59207.0,107,0.5004513967988795,554.3364485981308,1254014.8413961225,177071364.7715049,"{'Vertiport_1': 15, 'Vertiport_2': 15, 'Vertiport_3': 15, 'Vertiport_4': 15, 'Vertiport_5': 15, 'Vertiport_6': 15, 'Vertiport_7': 15, 'Vertiport_8': 15, 'Vertiport_9': 15, 'Vertiport_10': 15}",40,1,15
280,59417.0,59314.0,103,0.5004337536111041,576.8640776699029,1256523.829402311,178327888.6009072,"{'Vertiport_1': 15, 'Vertiport_2': 15, 'Vertiport_3': 15, 'Vertiport_4': 15, 'Vertiport_5': 15, 'Vertiport_6': 15, 'Vertiport_7': 15, 'Vertiport_8': 15, 'Vertiport_9': 15, 'Vertiport_10': 15}",40,1,15
281,59493.0,59417.0,76,0.5003195694222521,782.8026315789474,1258227.1214520195,179586115.72235924,"{'Vertiport_1': 15, 'Vertiport_2': 15, 'Vertiport_3': 15, 'Vertiport_4': 15, 'Vertiport_5': 15, 'Vertiport_6': 15, 'Vertiport_7': 15, 'Vertiport_8': 15, 'Vertiport_9': 15, 'Vertiport_10': 15}",40,1,15
282,59556.0,59493.0,63,0.5002645969306756,945.3333333333334,1259605.4975192,180845721.21987844,"{'Vertiport_1': 15, 'Vertiport_2': 15, 'Vertiport_3': 15, 'Vertiport_4': 15, 'Vertiport_5': 15, 'Vertiport_6': 15, 'Vertiport_7': 15, 'Vertiport_8': 15, 'Vertiport_9': 15, 'Vertiport_10': 15}",40,1,15
283,59632.0,59556.0,76,0.5003188240426889,784.6315789473684,1261444.319085652,182107165.5389641,"{'Vertiport_1': 15, 'Vertiport_2': 15, 'Vertiport_3': 15, 'Vertiport_4': 15, 'Vertiport_5': 15, 'Vertiport_6': 15, 'Vertiport_7': 15, 'Vertiport_8': 15, 'Vertiport_9': 15, 'Vertiport_10': 15}",40,1,15
284,59713.0,59632.0,81,0.5003393522979597,737.1975308641976,1263146.942683673,183370312.48164776,"{'Vertiport_1': 15, 'Vertiport_2': 15, 'Vertiport_3': 15, 'Vertiport_4': 15, 'Vertiport_5': 15, 'Vertiport_6': 15, 'Vertiport_7': 15, 'Vertiport_8': 15, 'Vertiport_9': 15, 'Vertiport_10': 15}",40,1,15
285,59786.0,59713.0,73,0.500305441886543,818.986301369863,1264714.677353558,184635027.15900132,"{'Vertiport_1': 15, 'Vertiport_2': 15, 'Vertiport_3': 15, 'Vertiport_4': 15, 'Vertiport_5': 15, 'Vertiport_6': 15, 'Vertiport_7': 15, 'Vertiport_8': 15, 'Vertiport_9': 15, 'Vertiport_10': 15}",40,1,15
286,59837.0,59786.0,51,0.5002131697081665,1173.2745098039215,1265682.7855238826,185900709.9445252,"{'Vertiport_1': 15, 'Vertiport_2': 15, 'Vertiport_3': 15, 'Vertiport_4': 15, 'Vertiport_5': 15, 'Vertiport_6': 15, 'Vertiport_7': 15, 'Vertiport_8': 15, 'Vertiport_9': 15, 'Vertiport_10': 15}",40,1,15
287,59888.0,59837.0,51,0.500212988097724,1174.2745098039215,1267047.9003103706,187167757.84483558,"{'Vertiport_1': 15, 'Vertiport_2': 15, 'Vertiport_3': 15, 'Vertiport_4': 15, 'Vertiport_5': 15, 'Vertiport_6': 15, 'Vertiport_7': 15, 'Vertiport_8': 15, 'Vertiport_9': 15, 'Vertiport_10': 15}",40,1,15
288,59918.0,59888.0,30,0.5001252024105638,1997.2666666666667,1267724.337210647,188435482.18204623,"{'Vertiport_1': 15, 'Vertiport_2': 15, 'Vertiport_3': 15, 'Vertiport_4': 15, 'Vertiport_5': 15, 'Vertiport_6': 15, 'Vertiport_7': 15, 'Vertiport_8': 15, 'Vertiport_9': 15, 'Vertiport_10': 15}",40,1,15
289,59944.0,59918.0,26,0.5001084580601024,2305.5384615384614,1268302.1073355356,189703784.28938177,"{'Vertiport_1': 15, 'Vertiport_2': 15, 'Vertiport_3': 15, 'Vertiport_4': 15, 'Vertiport_5': 15, 'Vertiport_6': 15, 'Vertiport_7': 15, 'Vertiport_8': 15, 'Vertiport_9': 15, 'Vertiport_10': 15}",40,1,15
290,59973.0,59944.0,29,0.5001209169675692,2068.0344827586205,1268951.0768230082,190972735.36620477,"{'Vertiport_1': 15, 'Vertiport_2': 15, 'Vertiport_3': 15, 'Vertiport_4': 15, 'Vertiport_5': 15, 'Vertiport_6': 15, 'Vertiport_7': 15, 'Vertiport_8': 15, 'Vertiport_9': 15, 'Vertiport_10': 15}",40,1,15
291,60000.0,59973.0,27,0.5001125253181966,2222.222222222222,1269525.5221720368,192242260.8883768,"{'Vertiport_1': 15, 'Vertiport_2': 15, 'Vertiport_3': 15, 'Vertiport_4': 15, 'Vertiport_5': 15, 'Vertiport_6': 15, 'Vertiport_7': 15, 'Vertiport_8': 15, 'Vertiport_9': 15, 'Vertiport_10': 15}",40,1,15
292,60027.0,60000.0,27,0.5001124746931941,2223.222222222222,1270132.1661278973,193512393.0545047,"{'Vertiport_1': 15, 'Vertiport_2': 15, 'Vertiport_3': 15, 'Vertiport_4': 15, 'Vertiport_5': 15, 'Vertiport_6': 15, 'Vertiport_7': 15, 'Vertiport_8': 15, 'Vertiport_9': 15, 'Vertiport_10': 15}",40,1,15
293,60046.0,60027.0,19,0.5000791185362238,3160.315789473684,1270658.3982205093,194783051.4527252,"{'Vertiport_1': 15, 'Vertiport_2': 15, 'Vertiport_3': 15, 'Vertiport_4': 15, 'Vertiport_5': 15, 'Vertiport_6': 15, 'Vertiport_7': 15, 'Vertiport_8': 15, 'Vertiport_9': 15, 'Vertiport_10': 15}",40,1,15
294,60087.0,60046.0,41,0.5001706442026753,1465.5365853658536,1271434.2999234102,196054485.75264862,"{'Vertiport_1': 15, 'Vertiport_2': 15, 'Vertiport_3': 15, 'Vertiport_4': 15, 'Vertiport_5': 15, 'Vertiport_6': 15, 'Vertiport_7': 15, 'Vertiport_8': 15, 'Vertiport_9': 15, 'Vertiport_10': 15}",40,1,15
295,60126.0,60087.0,39,0.5001622120735694,1541.6923076923076,1272251.6809049821,197326737.4335536,"{'Vertiport_1': 15, 'Vertiport_2': 15, 'Vertiport_3': 15, 'Vertiport_4': 15, 'Vertiport_5': 15, 'Vertiport_6': 15, 'Vertiport_7': 15, 'Vertiport_8': 15, 'Vertiport_9': 15, 'Vertiport_10': 15}",40,1,15
296,60172.0,60126.0,46,0.5001911918735141,1308.0869565217392,1273302.7414778103,198600040.17503142,"{'Vertiport_1': 15, 'Vertiport_2': 15, 'Vertiport_3': 15, 'Vertiport_4': 15, 'Vertiport_5': 15, 'Vertiport_6': 15, 'Vertiport_7': 15, 'Vertiport_8': 15, 'Vertiport_9': 15, 'Vertiport_10': 15}",40,1,15
297,60215.0,60172.0,43,0.5001785907116217,1400.3488372093022,1274203.7536864711,199874243.92871788,"{'Vertiport_1': 15, 'Vertiport_2': 15, 'Vertiport_3': 15, 'Vertiport_4': 15, 'Vertiport_5': 15, 'Vertiport_6': 15, 'Vertiport_7': 15, 'Vertiport_8': 15, 'Vertiport_9': 15, 'Vertiport_10': 15}",40,1,15
298,60262.0,60215.0,47,0.5001950579778713,1282.1702127659576,1275311.6742396075,201149555.6029575,"{'Vertiport_1': 15, 'Vertiport_2': 15, 'Vertiport_3': 15, 'Vertiport_4': 15, 'Vertiport_5': 15, 'Vertiport_6': 15, 'Vertiport_7': 15, 'Vertiport_8': 15, 'Vertiport_9': 15, 'Vertiport_10': 15}",40,1,15
299,60322.0,60262.0,60,0.5002487892257679,1005.3666666666667,1276525.5142824077,202426081.1172399,"{'Vertiport_1': 15, 'Vertiport_2': 15, 'Vertiport_3': 15, 'Vertiport_4': 15, 'Vertiport_5': 15, 'Vertiport_6': 15, 'Vertiport_7': 15, 'Vertiport_8': 15, 'Vertiport_9': 15, 'Vertiport_10': 15}",40,1,15
300,60390.0,60322.0,68,0.5002816621379813,888.0882352941177,1278047.2165461287,203704128.333786,"{'Vertiport_1': 15, 'Vertiport_2': 15, 'Vertiport_3': 15, 'Vertiport_4': 15, 'Vertiport_5': 15, 'Vertiport_6': 15, 'Vertiport_7': 15, 'Vertiport_8': 15, 'Vertiport_9': 15, 'Vertiport_10': 15}",40,1,15
301,60476.0,60390.0,86,0.5003557658894975,703.2093023255813,1279920.116454181,204984048.4502402,"{'Vertiport_1': 15, 'Vertiport_2': 15, 'Vertiport_3': 15, 'Vertiport_4': 15, 'Vertiport_5': 15, 'Vertiport_6': 15, 'Vertiport_7': 15, 'Vertiport_8': 15, 'Vertiport_9': 15, 'Vertiport_10': 15}",40,1,15
302,60576.0,60476.0,100,0.5004130456332816,605.76,1282274.2377255175,206266322.68796572,"{'Vertiport_1': 15, 'Vertiport_2': 15, 'Vertiport_3': 15, 'Vertiport_4': 15, 'Vertiport_5': 15, 'Vertiport_6': 15, 'Vertiport_7': 15, 'Vertiport_8': 15, 'Vertiport_9': 15, 'Vertiport_10': 15}",40,1,15
303,60682.0,60576.0,106,0.5004370845634927,572.4716981132076,1284588.7176224345,207550911.40558815,"{'Vertiport_1': 15, 'Vertiport_2': 15, 'Vertiport_3': 15, 'Vertiport_4': 15, 'Vertiport_5': 15, 'Vertiport_6': 15, 'Vertiport_7': 15, 'Vertiport_8': 15, 'Vertiport_9': 15, 'Vertiport_10': 15}",40,1,15
304,60797.0,60682.0,115,0.5004733328394209,528.6695652173913,1287082.949969463,208837994.35555762,"{'Vertiport_1': 15, 'Vertiport_2': 15, 'Vertiport_3': 15, 'Vertiport_4': 15, 'Vertiport_5': 15, 'Vertiport_6': 15, 'Vertiport_7': 15, 'Vertiport_8': 15, 'Vertiport_9': 15, 'Vertiport_10': 15}",40,1,15
305,60821.0,60797.0,24,0.5000986696048282,2534.2083333333335,1287529.2311620153,210125523.58671963,"{'Vertiport_1': 15, 'Vertiport_2': 15, 'Vertiport_3': 15, 'Vertiport_4': 15, 'Vertiport_5': 15, 'Vertiport_6': 15, 'Vertiport_7': 15, 'Vertiport_8': 15, 'Vertiport_9': 15, 'Vertiport_10': 15}",40,1,15
306,60821.0,60821.0,0,0.5,0.0,1287529.2311620153,211413052.81788164,"{'Vertiport_1': 15, 'Vertiport_2': 15, 'Vertiport_3': 15, 'Vertiport_4': 15, 'Vertiport_5': 15, 'Vertiport_6': 15, 'Vertiport_7': 15, 'Vertiport_8': 15, 'Vertiport_9': 15, 'Vertiport_10': 15}",40,1,15
307,60821.0,60821.0,0,0.5,0.0,1287529.2311620153,212700582.04904366,"{'Vertiport_1': 15, 'Vertiport_2': 15, 'Vertiport_3': 15, 'Vertiport_4': 15, 'Vertiport_5': 15, 'Vertiport_6': 15, 'Vertiport_7': 15, 'Vertiport_8': 15, 'Vertiport_9': 15, 'Vertiport_10': 15}",40,1,15
308,60821.0,60821.0,0,0.5,0.0,1287529.2311620153,213988111.28020567,"{'Vertiport_1': 15, 'Vertiport_2': 15, 'Vertiport_3': 15, 'Vertiport_4': 15, 'Vertiport_5': 15, 'Vertiport_6': 15, 'Vertiport_7': 15, 'Vertiport_8': 15, 'Vertiport_9': 15, 'Vertiport_10': 15}",40,1,15
309,60821.0,60821.0,0,0.5,0.0,1287529.2311620153,215275640.51136768,"{'Vertiport_1': 15, 'Vertiport_2': 15, 'Vertiport_3': 15, 'Vertiport_4': 15, 'Vertiport_5': 15, 'Vertiport_6': 15, 'Vertiport_7': 15, 'Vertiport_8': 15, 'Vertiport_9': 15, 'Vertiport_10': 15}",40,1,15
310,60821.0,60821.0,0,0.5,0.0,1287529.2311620153,216563169.7425297,"{'Vertiport_1': 15, 'Vertiport_2': 15, 'Vertiport_3': 15, 'Vertiport_4': 15, 'Vertiport_5': 15, 'Vertiport_6': 15, 'Vertiport_7': 15, 'Vertiport_8': 15, 'Vertiport_9': 15, 'Vertiport_10': 15}",40,1,15
311,60887.0,60821.0,66,0.5002711407631381,922.530303030303,1288829.2791714806,217851999.02170116,"{'Vertiport_1': 15, 'Vertiport_2': 15, 'Vertiport_3': 15, 'Vertiport_4': 15, 'Vertiport_5': 15, 'Vertiport_6': 15, 'Vertiport_7': 15, 'Vertiport_8': 15, 'Vertiport_9': 15, 'Vertiport_10': 15}",40,1,15
312,61133.0,60887.0,246,0.5010080314702507,248.5081300813008,1294230.9377744892,219146229.95947564,"{'Vertiport_1': 15, 'Vertiport_2': 15, 'Vertiport_3': 15, 'Vertiport_4': 15, 'Vertiport_5': 15, 'Vertiport_6': 15, 'Vertiport_7': 15, 'Vertiport_8': 15, 'Vertiport_9': 15, 'Vertiport_10': 15}",40,1,15
313,61354.0,61133.0,221,0.5009021365532669,277.61990950226243,1298720.8736150884,220444950.83309072,"{'Vertiport_1': 15, 'Vertiport_2': 15, 'Vertiport_3': 15, 'Vertiport_4': 15, 'Vertiport_5': 15, 'Vertiport_6': 15, 'Vertiport_7': 15, 'Vertiport_8': 15, 'Vertiport_9': 15, 'Vertiport_10': 15}",40,1,15
314,61574.0,61354.0,220,0.5008948327476246,279.8818181818182,1303599.3868427202,221748550.21993345,"{'Vertiport_1': 15, 'Vertiport_2': 15, 'Vertiport_3': 15, 'Vertiport_4': 15, 'Vertiport_5': 15, 'Vertiport_6': 15, 'Vertiport_7': 15, 'Vertiport_8': 15, 'Vertiport_9': 15, 'Vertiport_10': 15}",40,1,15
315,61787.0,61574.0,213,0.5008633198498715,290.0798122065728,1308065.2842915852,223056615.50422505,"{'Vertiport_1': 15, 'Vertiport_2': 15, 'Vertiport_3': 15, 'Vertiport_4': 15, 'Vertiport_5': 15, 'Vertiport_6': 15, 'Vertiport_7': 15, 'Vertiport_8': 15, 'Vertiport_9': 15, 'Vertiport_10': 15}",40,1,15
316,62004.0,61787.0,217,0.5008764772883327,285.7327188940092,1312444.839568297,224369060.34379333,"{'Vertiport_1': 15, 'Vertiport_2': 15, 'Vertiport_3': 15, 'Vertiport_4': 15, 'Vertiport_5': 15, 'Vertiport_6': 15, 'Vertiport_7': 15, 'Vertiport_8': 15, 'Vertiport_9': 15, 'Vertiport_10': 15}",40,1,15
317,62227.0,62004.0,223,0.5008975215525916,279.04484304932737,1316987.4299304583,225686047.77372378,"{'Vertiport_1': 15, 'Vertiport_2': 15, 'Vertiport_3': 15, 'Vertiport_4': 15, 'Vertiport_5': 15, 'Vertiport_6': 15, 'Vertiport_7': 15, 'Vertiport_8': 15, 'Vertiport_9': 15, 'Vertiport_10': 15}",40,1,15
318,62414.0,62227.0,187,0.5007501544435619,333.7647058823529,1320709.2012856354,227006756.9750094,"{'Vertiport_1': 15, 'Vertiport_2': 15, 'Vertiport_3': 15, 'Vertiport_4': 15, 'Vertiport_5': 15, 'Vertiport_6': 15, 'Vertiport_7': 15, 'Vertiport_8': 15, 'Vertiport_9': 15, 'Vertiport_10': 15}",40,1,15
319,62614.0,62414.0,200,0.5007998208401319,313.07,1324884.2546432433,228331641.22965264,"{'Vertiport_1': 15, 'Vertiport_2': 15, 'Vertiport_3': 15, 'Vertiport_4': 15, 'Vertiport_5': 15, 'Vertiport_6': 15, 'Vertiport_7': 15, 'Vertiport_8': 15, 'Vertiport_9': 15, 'Vertiport_10': 15}",40,1,15
320,62839.0,62614.0,225,0.5008967501773572,279.28444444444443,1329602.4676536715,229661243.6973063,"{'Vertiport_1': 15, 'Vertiport_2': 15, 'Vertiport_3': 15, 'Vertiport_4': 15, 'Vertiport_5': 15, 'Vertiport_6': 15, 'Vertiport_7': 15, 'Vertiport_8': 15, 'Vertiport_9': 15, 'Vertiport_10': 15}",40,1,15
321,63043.0,62839.0,204,0.5008102826456523,309.0343137254902,1334304.0446165956,230995547.74192291,"{'Vertiport_1': 15, 'Vertiport_2': 15, 'Vertiport_3': 15, 'Vertiport_4': 15, 'Vertiport_5': 15, 'Vertiport_6': 15, 'Vertiport_7': 15, 'Vertiport_8': 15, 'Vertiport_9': 15, 'Vertiport_10': 15}",40,1,15
322,63238.0,63043.0,195,0.5007720876458058,324.2974358974359,1338705.2009793324,232334252.94290224,"{'Vertiport_1': 15, 'Vertiport_2': 15, 'Vertiport_3': 15, 'Vertiport_4': 15, 'Vertiport_5': 15, 'Vertiport_6': 15, 'Vertiport_7': 15, 'Vertiport_8': 15, 'Vertiport_9': 15, 'Vertiport_10': 15}",40,1,15
323,63441.0,63238.0,203,0.5008012377742167,312.51724137931035,1343165.3135113807,233677418.2564136,"{'Vertiport_1': 15, 'Vertiport_2': 15, 'Vertiport_3': 15, 'Vertiport_4': 15, 'Vertiport_5': 15, 'Vertiport_6': 15, 'Vertiport_7': 15, 'Vertiport_8': 15, 'Vertiport_9': 15, 'Vertiport_10': 15}",40,1,15
324,63643.0,63441.0,202,0.5007947499291807,315.06435643564356,1347384.95650494,235024803.21291855,"{'Vertiport_1': 15, 'Vertiport_2': 15, 'Vertiport_3': 15, 'Vertiport_4': 15, 'Vertiport_5': 15, 'Vertiport_6': 15, 'Vertiport_7': 15, 'Vertiport_8': 15, 'Vertiport_9': 15, 'Vertiport_10': 15}",40,1,15
325,63865.0,63643.0,222,0.5008705336135771,287.6801801801802,1352141.9672408793,236376945.18015942,"{'Vertiport_1': 15, 'Vertiport_2': 15, 'Vertiport_3': 15, 'Vertiport_4': 15, 'Vertiport_5': 15, 'Vertiport_6': 15, 'Vertiport_7': 15, 'Vertiport_8': 15, 'Vertiport_9': 15, 'Vertiport_10': 15}",40,1,15
326,64055.0,63865.0,190,0.5007426516572858,337.13157894736844,1356215.7953137641,237733160.9754732,"{'Vertiport_1': 15, 'Vertiport_2': 15, 'Vertiport_3': 15, 'Vertiport_4': 15, 'Vertiport_5': 15, 'Vertiport_6': 15, 'Vertiport_7': 15, 'Vertiport_8': 15, 'Vertiport_9': 15, 'Vertiport_10': 15}",40,1,15
327,64254.0,64055.0,199,0.5007754717128182,322.88442211055275,1360537.2952063717,239093698.27067956,"{'Vertiport_1': 15, 'Vertiport_2': 15, 'Vertiport_3': 15, 'Vertiport_4': 15, 'Vertiport_5': 15, 'Vertiport_6': 15, 'Vertiport_7': 15, 'Vertiport_8': 15, 'Vertiport_9': 15, 'Vertiport_10': 15}",40,1,15
328,64454.0,64254.0,200,0.5007769524815863,322.27,1364847.8083255833,240458546.07900515,"{'Vertiport_1': 15, 'Vertiport_2': 15, 'Vertiport_3': 15, 'Vertiport_4': 15, 'Vertiport_5': 15, 'Vertiport_6': 15, 'Vertiport_7': 15, 'Vertiport_8': 15, 'Vertiport_9': 15, 'Vertiport_10': 15}",40,1,15
329,64652.0,64454.0,198,0.5007668117670752,326.52525252525254,1369221.163363919,241827767.2423691,"{'Vertiport_1': 15, 'Vertiport_2': 15, 'Vertiport_3': 15, 'Vertiport_4': 15, 'Vertiport_5': 15, 'Vertiport_6': 15, 'Vertiport_7': 15, 'Vertiport_8': 15, 'Vertiport_9': 15, 'Vertiport_10': 15}",40,1,15
330,64857.0,64652.0,205,0.500791450787204,316.37560975609756,1373576.1410396039,243201343.3834087,"{'Vertiport_1': 15, 'Vertiport_2': 15, 'Vertiport_3': 15, 'Vertiport_4': 15, 'Vertiport_5': 15, 'Vertiport_6': 15, 'Vertiport_7': 15, 'Vertiport_8': 15, 'Vertiport_9': 15, 'Vertiport_10': 15}",40,1,15
331,65059.0,64857.0,202,0.500777425413344,322.0742574257426,1377873.2582510046,244579216.6416597,"{'Vertiport_1': 15, 'Vertiport_2': 15, 'Vertiport_3': 15, 'Vertiport_4': 15, 'Vertiport_5': 15, 'Vertiport_6': 15, 'Vertiport_7': 15, 'Vertiport_8': 15, 'Vertiport_9': 15, 'Vertiport_10': 15}",40,1,15
332,65264.0,65059.0,205,0.5007865073701495,318.3609756097561,1382210.7596396091,245961427.40129933,"{'Vertiport_1': 15, 'Vertiport_2': 15, 'Vertiport_3': 15, 'Vertiport_4': 15, 'Vertiport_5': 15, 'Vertiport_6': 15, 'Vertiport_7': 15, 'Vertiport_8': 15, 'Vertiport_9': 15, 'Vertiport_10': 15}",40,1,15
333,65434.0,65264.0,170,0.5006503542517866,384.90588235294115,1385913.978826986,247347341.38012633,"{'Vertiport_1': 15, 'Vertiport_2': 15, 'Vertiport_3': 15, 'Vertiport_4': 15, 'Vertiport_5': 15, 'Vertiport_6': 15, 'Vertiport_7': 15, 'Vertiport_8': 15, 'Vertiport_9': 15, 'Vertiport_10': 15}",40,1,15
334,65616.0,65434.0,182,0.5006943914536437,360.5274725274725,1390150.632825174,248737492.0129515,"{'Vertiport_1': 15, 'Vertiport_2': 15, 'Vertiport_3': 15, 'Vertiport_4': 15, 'Vertiport_5': 15, 'Vertiport_6': 15, 'Vertiport_7': 15, 'Vertiport_8': 15, 'Vertiport_9': 15, 'Vertiport_10': 15}",40,1,15
335,65800.0,65616.0,184,0.5007000669629269,357.60869565217394,1394383.2854353783,250131875.29838687,"{'Vertiport_1': 15, 'Vertiport_2': 15, 'Vertiport_3': 15, 'Vertiport_4': 15, 'Vertiport_5': 15, 'Vertiport_6': 15, 'Vertiport_7': 15, 'Vertiport_8': 15, 'Vertiport_9': 15, 'Vertiport_10': 15}",40,1,15
336,65989.0,65800.0,189,0.5007170552929303,349.14814814814815,1398214.0232025946,251530089.32158947,"{'Vertiport_1': 15, 'Vertiport_2': 15, 'Vertiport_3': 15, 'Vertiport_4': 15, 'Vertiport_5': 15, 'Vertiport_6': 15, 'Vertiport_7': 15, 'Vertiport_8': 15, 'Vertiport_9': 15, 'Vertiport_10': 15}",40,1,15
337,66191.0,65989.0,202,0.5007641095475867,327.6782178217822,1402738.314286735,252932827.6358762,"{'Vertiport_1': 15, 'Vertiport_2': 15, 'Vertiport_3': 15, 'Vertiport_4': 15, 'Vertiport_5': 15, 'Vertiport_6': 15, 'Vertiport_7': 15, 'Vertiport_8': 15, 'Vertiport_9': 15, 'Vertiport_10': 15}",40,1,15
338,66369.0,66191.0,178,0.500671394085697,372.85955056179773,1406488.4631595677,254339316.09903577,"{'Vertiport_1': 15, 'Vertiport_2': 15, 'Vertiport_3': 15, 'Vertiport_4': 15, 'Vertiport_5': 15, 'Vertiport_6': 15, 'Vertiport_7': 15, 'Vertiport_8': 15, 'Vertiport_9': 15, 'Vertiport_10': 15}",40,1,15
339,66541.0,66369.0,172,0.5006470543977127,386.8662790697674,1410011.2802789444,255749327.37931472,"{'Vertiport_1': 15, 'Vertiport_2': 15, 'Vertiport_3': 15, 'Vertiport_4': 15, 'Vertiport_5': 15, 'Vertiport_6': 15, 'Vertiport_7': 15, 'Vertiport_8': 15, 'Vertiport_9': 15, 'Vertiport_10': 15}",40,1,15
340,66724.0,66541.0,183,0.5006866018834653,364.6120218579235,1413993.2915543688,257163320.67086908,"{'Vertiport_1': 15, 'Vertiport_2': 15, 'Vertiport_3': 15, 'Vertiport_4': 15, 'Vertiport_5': 15, 'Vertiport_6': 15, 'Vertiport_7': 15, 'Vertiport_8': 15, 'Vertiport_9': 15, 'Vertiport_10': 15}",40,1,15
341,66919.0,66724.0,195,0.5007295556071025,343.174358974359,1418004.975286437,258581325.6461555,"{'Vertiport_1': 15, 'Vertiport_2': 15, 'Vertiport_3': 15, 'Vertiport_4': 15, 'Vertiport_5': 15, 'Vertiport_6': 15, 'Vertiport_7': 15, 'Vertiport_8': 15, 'Vertiport_9': 15, 'Vertiport_10': 15}",40,1,15
342,67085.0,66919.0,166,0.5006193844959852,404.1265060240964,1421574.8465274207,260002900.49268293,"{'Vertiport_1': 15, 'Vertiport_2': 15, 'Vertiport_3': 15, 'Vertiport_4': 15, 'Vertiport_5': 15, 'Vertiport_6': 15, 'Vertiport_7': 15, 'Vertiport_8': 15, 'Vertiport_9': 15, 'Vertiport_10': 15}",40,1,15
343,67274.0,67085.0,189,0.5007033395604313,355.9470899470899,1425714.5830457208,261428615.07572865,"{'Vertiport_1': 15, 'Vertiport_2': 15, 'Vertiport_3': 15, 'Vertiport_4': 15, 'Vertiport_5': 15, 'Vertiport_6': 15, 'Vertiport_7': 15, 'Vertiport_8': 15, 'Vertiport_9': 15, 'Vertiport_10': 15}",40,1,15
344,67468.0,67274.0,194,0.5007198943165457,347.77319587628864,1429782.8951446777,262858397.97087333,"{'Vertiport_1': 15, 'Vertiport_2': 15, 'Vertiport_3': 15, 'Vertiport_4': 15, 'Vertiport_5': 15, 'Vertiport_6': 15, 'Vertiport_7': 15, 'Vertiport_8': 15, 'Vertiport_9': 15, 'Vertiport_10': 15}",40,1,15
345,67676.0,67468.0,208,0.5007695495175516,325.36538461538464,1434524.2957228816,264292922.2665962,"{'Vertiport_1': 15, 'Vertiport_2': 15, 'Vertiport_3': 15, 'Vertiport_4': 15, 'Vertiport_5': 15, 'Vertiport_6': 15, 'Vertiport_7': 15, 'Vertiport_8': 15, 'Vertiport_9': 15, 'Vertiport_10': 15}",40,1,15
346,67890.0,67676.0,214,0.5007892834486524,317.2429906542056,1439026.9678976624,265731949.23449385,"{'Vertiport_1': 15, 'Vertiport_2': 15, 'Vertiport_3': 15, 'Vertiport_4': 15, 'Vertiport_5': 15, 'Vertiport_6': 15, 'Vertiport_7': 15, 'Vertiport_8': 15, 'Vertiport_9': 15, 'Vertiport_10': 15}",40,1,15
347,68129.0,67890.0,239,0.500878553731464,285.05857740585776,1443999.103604394,267175948.33809826,"{'Vertiport_1': 15, 'Vertiport_2': 15, 'Vertiport_3': 15, 'Vertiport_4': 15, 'Vertiport_5': 15, 'Vertiport_6': 15, 'Vertiport_7': 15, 'Vertiport_8': 15, 'Vertiport_9': 15, 'Vertiport_10': 15}",40,1,15
348,68398.0,68129.0,269,0.5009851531198957,254.26765799256506,1449598.7011280702,268625547.03922635,"{'Vertiport_1': 15, 'Vertiport_2': 15, 'Vertiport_3': 15, 'Vertiport_4': 15, 'Vertiport_5': 15, 'Vertiport_6': 15, 'Vertiport_7': 15, 'Vertiport_8': 15, 'Vertiport_9': 15, 'Vertiport_10': 15}",40,1,15
349,68656.0,68398.0,258,0.5009412348417412,266.1085271317829,1455196.1422303072,270080743.1814567,"{'Vertiport_1': 15, 'Vertiport_2': 15, 'Vertiport_3': 15, 'Vertiport_4': 15, 'Vertiport_5': 15, 'Vertiport_6': 15, 'Vertiport_7': 15, 'Vertiport_8': 15, 'Vertiport_9': 15, 'Vertiport_10': 15}",40,1,15
350,68928.0,68656.0,272,0.500988487033376,253.41176470588235,1461158.844713003,271541902.0261697,"{'Vertiport_1': 15, 'Vertiport_2': 15, 'Vertiport_3': 15, 'Vertiport_4': 15, 'Vertiport_5': 15, 'Vertiport_6': 15, 'Vertiport_7': 15, 'Vertiport_8': 15, 'Vertiport_9': 15, 'Vertiport_10': 15}",40,1,15
351,69196.0,68928.0,268,0.5009701427702644,258.1940298507463,1466547.7084134351,273008449.73458314,"{'Vertiport_1': 15, 'Vertiport_2': 15, 'Vertiport_3': 15, 'Vertiport_4': 15, 'Vertiport_5': 15, 'Vertiport_6': 15, 'Vertiport_7': 15, 'Vertiport_8': 15, 'Vertiport_9': 15, 'Vertiport_10': 15}",40,1,15
352,69483.0,69196.0,287,0.5010347637349563,242.10104529616726,1472485.2235521511,274480934.9581353,"{'Vertiport_1': 15, 'Vertiport_2': 15, 'Vertiport_3': 15, 'Vertiport_4': 15, 'Vertiport_5': 15, 'Vertiport_6': 15, 'Vertiport_7': 15, 'Vertiport_8': 15, 'Vertiport_9': 15, 'Vertiport_10': 15}",40,1,15
353,69759.0,69483.0,276,0.5009910802775025,252.75,1478200.0565111868,275959135.0146465,"{'Vertiport_1': 15, 'Vertiport_2': 15, 'Vertiport_3': 15, 'Vertiport_4': 15, 'Vertiport_5': 15, 'Vertiport_6': 15, 'Vertiport_7': 15, 'Vertiport_8': 15, 'Vertiport_9': 15, 'Vertiport_10': 15}",40,1,15
354,70074.0,69759.0,315,0.5011263435669692,222.45714285714286,1484896.140300491,277444031.154947,"{'Vertiport_1': 15, 'Vertiport_2': 15, 'Vertiport_3': 15, 'Vertiport_4': 15, 'Vertiport_5': 15, 'Vertiport_6': 15, 'Vertiport_7': 15, 'Vertiport_8': 15, 'Vertiport_9': 15, 'Vertiport_10': 15}",40,1,15
355,70349.0,70074.0,275,0.5009791843216567,255.81454545454545,1490733.2951611474,278934764.4501081,"{'Vertiport_1': 15, 'Vertiport_2': 15, 'Vertiport_3': 15, 'Vertiport_4': 15, 'Vertiport_5': 15, 'Vertiport_6': 15, 'Vertiport_7': 15, 'Vertiport_8': 15, 'Vertiport_9': 15, 'Vertiport_10': 15}",40,1,15
356,70675.0,70349.0,326,0.5011558316314954,216.79447852760737,1497466.9180687075,280432231.3681768,"{'Vertiport_1': 15, 'Vertiport_2': 15, 'Vertiport_3': 15, 'Vertiport_4': 15, 'Vertiport_5': 15, 'Vertiport_6': 15, 'Vertiport_7': 15, 'Vertiport_8': 15, 'Vertiport_9': 15, 'Vertiport_10': 15}",40,1,15
357,71006.0,70675.0,331,0.5011681171081515,214.51963746223564,1504347.8757612803,281936579.2439381,"{'Vertiport_1': 15, 'Vertiport_2': 15, 'Vertiport_3': 15, 'Vertiport_4': 15, 'Vertiport_5': 15, 'Vertiport_6': 15, 'Vertiport_7': 15, 'Vertiport_8': 15, 'Vertiport_9': 15, 'Vertiport_10': 15}",40,1,15
358,71285.0,71006.0,279,0.5009803852668123,255.50179211469535,1510376.254941955,283446955.49888,"{'Vertiport_1': 15, 'Vertiport_2': 15, 'Vertiport_3': 15, 'Vertiport_4': 15, 'Vertiport_5': 15, 'Vertiport_6': 15, 'Vertiport_7': 15, 'Vertiport_8': 15, 'Vertiport_9': 15, 'Vertiport_10': 15}",40,1,15
359,71569.0,71285.0,284,0.5009940218684811,252.00352112676057,1516295.6052302835,284963251.1041103,"{'Vertiport_1': 15, 'Vertiport_2': 15, 'Vertiport_3': 15, 'Vertiport_4': 15, 'Vertiport_5': 15, 'Vertiport_6': 15, 'Vertiport_7': 15, 'Vertiport_8': 15, 'Vertiport_9': 15, 'Vertiport_10': 15}",40,1,15
360,71854.0,71569.0,285,0.5009935644910509,252.11929824561403,1522244.472241205,286485495.5763515,"{'Vertiport_1': 15, 'Vertiport_2': 15, 'Vertiport_3': 15, 'Vertiport_4': 15, 'Vertiport_5': 15, 'Vertiport_6': 15, 'Vertiport_7': 15, 'Vertiport_8': 15, 'Vertiport_9': 15, 'Vertiport_10': 15}",40,1,15
361,72131.0,71854.0,277,0.5009619057540716,260.40072202166067,1527899.9277129844,288013395.5040645,"{'Vertiport_1': 15, 'Vertiport_2': 15, 'Vertiport_3': 15, 'Vertiport_4': 15, 'Vertiport_5': 15, 'Vertiport_6': 15, 'Vertiport_7': 15, 'Vertiport_8': 15, 'Vertiport_9': 15, 'Vertiport_10': 15}",40,1,15
362,72401.0,72131.0,270,0.500934049207096,268.15185185185186,1533652.9716347659,289547048.47569925,"{'Vertiport_1': 15, 'Vertiport_2': 15, 'Vertiport_3': 15, 'Vertiport_4': 15, 'Vertiport_5': 15, 'Vertiport_6': 15, 'Vertiport_7': 15, 'Vertiport_8': 15, 'Vertiport_9': 15, 'Vertiport_10': 15}",40,1,15
363,72656.0,72401.0,255,0.5008789648207257,284.92549019607844,1539132.422826611,291086180.89852583,"{'Vertiport_1': 15, 'Vertiport_2': 15, 'Vertiport_3': 15, 'Vertiport_4': 15, 'Vertiport_5': 15, 'Vertiport_6': 15, 'Vertiport_7': 15, 'Vertiport_8': 15, 'Vertiport_9': 15, 'Vertiport_10': 15}",40,1,15
364,72919.0,72656.0,263,0.5009033144427271,277.2585551330798,1544777.0535028302,292630957.9520287,"{'Vertiport_1': 15, 'Vertiport_2': 15, 'Vertiport_3': 15, 'Vertiport_4': 15, 'Vertiport_5': 15, 'Vertiport_6': 15, 'Vertiport_7': 15, 'Vertiport_8': 15, 'Vertiport_9': 15, 'Vertiport_10': 15}",40,1,15
365,73202.0,72919.0,283,0.5009683755243942,258.6643109540636,1550819.3183530993,294181777.2703818,"{'Vertiport_1': 15, 'Vertiport_2': 15, 'Vertiport_3': 15, 'Vertiport_4': 15, 'Vertiport_5': 15, 'Vertiport_6': 15, 'Vertiport_7': 15, 'Vertiport_8': 15, 'Vertiport_9': 15, 'Vertiport_10': 15}",40,1,15
366,73457.0,73202.0,255,0.5008693636258259,288.06666666666666,1556500.5476692147,295738277.81805104,"{'Vertiport_1': 15, 'Vertiport_2': 15, 'Vertiport_3': 15, 'Vertiport_4': 15, 'Vertiport_5': 15, 'Vertiport_6': 15, 'Vertiport_7': 15, 'Vertiport_8': 15, 'Vertiport_9': 15, 'Vertiport_10': 15}",40,1,15
367,73749.0,73457.0,292,0.5009918073991549,252.56506849315068,1562991.0792457697,297301268.8972968,"{'Vertiport_1': 15, 'Vertiport_2': 15, 'Vertiport_3': 15, 'Vertiport_4': 15, 'Vertiport_5': 15, 'Vertiport_6': 15, 'Vertiport_7': 15, 'Vertiport_8': 15, 'Vertiport_9': 15, 'Vertiport_10': 15}",40,1,15
368,73981.0,73749.0,232,0.5007852162729304,318.8836206896552,1568145.0253505174,298869413.9226473,"{'Vertiport_1': 15, 'Vertiport_2': 15, 'Vertiport_3': 15, 'Vertiport_4': 15, 'Vertiport_5': 15, 'Vertiport_6': 15, 'Vertiport_7': 15, 'Vertiport_8': 15, 'Vertiport_9': 15, 'Vertiport_10': 15}",40,1,15
369,74211.0,73981.0,230,0.5007760202979918,322.6565217391304,1572872.6112963415,300442286.53394365,"{'Vertiport_1': 15, 'Vertiport_2': 15, 'Vertiport_3': 15, 'Vertiport_4': 15, 'Vertiport_5': 15, 'Vertiport_6': 15, 'Vertiport_7': 15, 'Vertiport_8': 15, 'Vertiport_9': 15, 'Vertiport_10': 15}",40,1,15
370,74426.0,74211.0,215,0.5007232384937802,346.1674418604651,1577430.636182962,302019717.1701266,"{'Vertiport_1': 15, 'Vertiport_2': 15, 'Vertiport_3': 15, 'Vertiport_4': 15, 'Vertiport_5': 15, 'Vertiport_6': 15, 'Vertiport_7': 15, 'Vertiport_8': 15, 'Vertiport_9': 15, 'Vertiport_10': 15}",40,1,15
371,74628.0,74426.0,202,0.5006776067733841,369.44554455445547,1581648.1815854835,303601365.3517121,"{'Vertiport_1': 15, 'Vertiport_2': 15, 'Vertiport_3': 15, 'Vertiport_4': 15, 'Vertiport_5': 15, 'Vertiport_6': 15, 'Vertiport_7': 15, 'Vertiport_8': 15, 'Vertiport_9': 15, 'Vertiport_10': 15}",40,1,15
372,74806.0,74628.0,178,0.5005955806576816,420.2584269662921,1585549.2642967848,305186914.6160089,"{'Vertiport_1': 15, 'Vertiport_2': 15, 'Vertiport_3': 15, 'Vertiport_4': 15, 'Vertiport_5': 15, 'Vertiport_6': 15, 'Vertiport_7': 15, 'Vertiport_8': 15, 'Vertiport_9': 15, 'Vertiport_10': 15}",40,1,15
373,75006.0,74806.0,200,0.500667503270766,375.03,1590168.0831535084,306777082.69916236,"{'Vertiport_1': 15, 'Vertiport_2': 15, 'Vertiport_3': 15, 'Vertiport_4': 15, 'Vertiport_5': 15, 'Vertiport_6': 15, 'Vertiport_7': 15, 'Vertiport_8': 15, 'Vertiport_9': 15, 'Vertiport_10': 15}",40,1,15
374,75152.0,75006.0,146,0.5004861545838384,514.7397260273973,1593113.3110203054,308370196.0101827,"{'Vertiport_1': 15, 'Vertiport_2': 15, 'Vertiport_3': 15, 'Vertiport_4': 15, 'Vertiport_5': 15, 'Vertiport_6': 15, 'Vertiport_7': 15, 'Vertiport_8': 15, 'Vertiport_9': 15, 'Vertiport_10': 15}",40,1,15
375,75313.0,75152.0,161,0.5005350081414283,467.7826086956522,1596606.4737166625,309966802.48389935,"{'Vertiport_1': 15, 'Vertiport_2': 15, 'Vertiport_3': 15, 'Vertiport_4': 15, 'Vertiport_5': 15, 'Vertiport_6': 15, 'Vertiport_7': 15, 'Vertiport_8': 15, 'Vertiport_9': 15, 'Vertiport_10': 15}",40,1,15
376,75440.0,75313.0,127,0.5004212188148827,594.0157480314961,1599334.4964267549,311566136.9803261,"{'Vertiport_1': 15, 'Vertiport_2': 15, 'Vertiport_3': 15, 'Vertiport_4': 15, 'Vertiport_5': 15, 'Vertiport_6': 15, 'Vertiport_7': 15, 'Vertiport_8': 15, 'Vertiport_9': 15, 'Vertiport_10': 15}",40,1,15
377,75551.0,75440.0,111,0.5003675715771139,680.6396396396397,1601504.076693084,313167641.0570192,"{'Vertiport_1': 15, 'Vertiport_2': 15, 'Vertiport_3': 15, 'Vertiport_4': 15, 'Vertiport_5': 15, 'Vertiport_6': 15, 'Vertiport_7': 15, 'Vertiport_8': 15, 'Vertiport_9': 15, 'Vertiport_10': 15}",40,1,15
378,75656.0,75551.0,105,0.5003472061478635,720.5333333333333,1603733.3759503248,314771374.4329695,"{'Vertiport_1': 15, 'Vertiport_2': 15, 'Vertiport_3': 15, 'Vertiport_4': 15, 'Vertiport_5': 15, 'Vertiport_6': 15, 'Vertiport_7': 15, 'Vertiport_8': 15, 'Vertiport_9': 15, 'Vertiport_10': 15}",40,1,15
379,75768.0,75656.0,112,0.5003698224852071,676.5,1606419.7811969982,316377794.2141665,"{'Vertiport_1': 15, 'Vertiport_2': 15, 'Vertiport_3': 15, 'Vertiport_4': 15, 'Vertiport_5': 15, 'Vertiport_6': 15, 'Vertiport_7': 15, 'Vertiport_8': 15, 'Vertiport_9': 15, 'Vertiport_10': 15}",40,1,15
380,75884.0,75768.0,116,0.500382454567035,654.1724137931035,1608922.3719979504,317986716.5861645,"{'Vertiport_1': 15, 'Vertiport_2': 15, 'Vertiport_3': 15, 'Vertiport_4': 15, 'Vertiport_5': 15, 'Vertiport_6': 15, 'Vertiport_7': 15, 'Vertiport_8': 15, 'Vertiport_9': 15, 'Vertiport_10': 15}",40,1,15
381,75980.0,75884.0,96,0.5003160722751936,791.4583333333334,1611175.0366542789,319597891.62281877,"{'Vertiport_1': 15, 'Vertiport_2': 15, 'Vertiport_3': 15, 'Vertiport_4': 15, 'Vertiport_5': 15, 'Vertiport_6': 15, 'Vertiport_7': 15, 'Vertiport_8': 15, 'Vertiport_9': 15, 'Vertiport_10': 15}",40,1,15
382,76037.0,75980.0,57,0.5001874790319504,1333.982456140351,1612368.7586465757,321210260.3814653,"{'Vertiport_1': 15, 'Vertiport_2': 15, 'Vertiport_3': 15, 'Vertiport_4': 15, 'Vertiport_5': 15, 'Vertiport_6': 15, 'Vertiport_7': 15, 'Vertiport_8': 15, 'Vertiport_9': 15, 'Vertiport_10': 15}",40,1,15
383,76086.0,76037.0,49,0.5001610538840281,1552.7755102040817,1613208.2863335244,322823468.6677988,"{'Vertiport_1': 15, 'Vertiport_2': 15, 'Vertiport_3': 15, 'Vertiport_4': 15, 'Vertiport_5': 15, 'Vertiport_6': 15, 'Vertiport_7': 15, 'Vertiport_8': 15, 'Vertiport_9': 15, 'Vertiport_10': 15}",40,1,15
384,76120.0,76086.0,34,0.500111690734925,2238.823529411765,1613995.5597778289,324437464.2275767,"{'Vertiport_1': 15, 'Vertiport_2': 15, 'Vertiport_3': 15, 'Vertiport_4': 15, 'Vertiport_5': 15, 'Vertiport_6': 15, 'Vertiport_7': 15, 'Vertiport_8': 15, 'Vertiport_9': 15, 'Vertiport_10': 15}",40,1,15
385,76152.0,76120.0,32,0.500105075128717,2379.75,1614800.269121041,326052264.4966977,"{'Vertiport_1': 15, 'Vertiport_2': 15, 'Vertiport_3': 15, 'Vertiport_4': 15, 'Vertiport_5': 15, 'Vertiport_6': 15, 'Vertiport_7': 15, 'Vertiport_8': 15, 'Vertiport_9': 15, 'Vertiport_10': 15}",40,1,15
386,76172.0,76152.0,20,0.5000656495365142,3808.6,1615165.3179998936,327667429.8146976,"{'Vertiport_1': 15, 'Vertiport_2': 15, 'Vertiport_3': 15, 'Vertiport_4': 15, 'Vertiport_5': 15, 'Vertiport_6': 15, 'Vertiport_7': 15, 'Vertiport_8': 15, 'Vertiport_9': 15, 'Vertiport_10': 15}",40,1,15
387,76203.0,76172.0,31,0.5001017227235439,2458.1612903225805,1615848.7863488419,329283278.60104644,"{'Vertiport_1': 15, 'Vertiport_2': 15, 'Vertiport_3': 15, 'Vertiport_4': 15, 'Vertiport_5': 15, 'Vertiport_6': 15, 'Vertiport_7': 15, 'Vertiport_8': 15, 'Vertiport_9': 15, 'Vertiport_10': 15}",40,1,15
388,76224.0,76203.0,21,0.500068885433683,3629.714285714286,1616340.106255466,330899618.7073019,"{'Vertiport_1': 15, 'Vertiport_2': 15, 'Vertiport_3': 15, 'Vertiport_4': 15, 'Vertiport_5': 15, 'Vertiport_6': 15, 'Vertiport_7': 15, 'Vertiport_8': 15, 'Vertiport_9': 15, 'Vertiport_10': 15}",40,1,15
389,76253.0,76224.0,29,0.5000950963096074,2629.4137931034484,1617019.379783846,332516638.0870858,"{'Vertiport_1': 15, 'Vertiport_2': 15, 'Vertiport_3': 15, 'Vertiport_4': 15, 'Vertiport_5': 15, 'Vertiport_6': 15, 'Vertiport_7': 15, 'Vertiport_8': 15, 'Vertiport_9': 15, 'Vertiport_10': 15}",40,1,15
390,76292.0,76253.0,39,0.5001278311317972,1956.2051282051282,1617908.2780416303,334134546.3651274,"{'Vertiport_1': 15, 'Vertiport_2': 15, 'Vertiport_3': 15, 'Vertiport_4': 15, 'Vertiport_5': 15, 'Vertiport_6': 15, 'Vertiport_7': 15, 'Vertiport_8': 15, 'Vertiport_9': 15, 'Vertiport_10': 15}",40,1,15
391,76335.0,76292.0,43,0.5001408662949544,1775.2325581395348,1618728.546682783,335753274.91181016,"{'Vertiport_1': 15, 'Vertiport_2': 15, 'Vertiport_3': 15, 'Vertiport_4': 15, 'Vertiport_5': 15, 'Vertiport_6': 15, 'Vertiport_7': 15, 'Vertiport_8': 15, 'Vertiport_9': 15, 'Vertiport_10': 15}",40,1,15
392,76380.0,76335.0,45,0.5001473332678519,1697.3333333333333,1619722.9009130269,337372997.81272316,"{'Vertiport_1': 15, 'Vertiport_2': 15, 'Vertiport_3': 15, 'Vertiport_4': 15, 'Vertiport_5': 15, 'Vertiport_6': 15, 'Vertiport_7': 15, 'Vertiport_8': 15, 'Vertiport_9': 15, 'Vertiport_10': 15}",40,1,15
393,76415.0,76380.0,35,0.5001145325436042,2183.285714285714,1620572.8290038349,338993570.641727,"{'Vertiport_1': 15, 'Vertiport_2': 15, 'Vertiport_3': 15, 'Vertiport_4': 15, 'Vertiport_5': 15, 'Vertiport_6': 15, 'Vertiport_7': 15, 'Vertiport_8': 15, 'Vertiport_9': 15, 'Vertiport_10': 15}",40,1,15
394,76464.0,76415.0,49,0.5001602574585129,1560.4897959183672,1621746.4399392514,340615317.08166623,"{'Vertiport_1': 15, 'Vertiport_2': 15, 'Vertiport_3': 15, 'Vertiport_4': 15, 'Vertiport_5': 15, 'Vertiport_6': 15, 'Vertiport_7': 15, 'Vertiport_8': 15, 'Vertiport_9': 15, 'Vertiport_10': 15}",40,1,15
395,76545.0,76464.0,81,0.5002646903123346,945.0,1623390.6923252118,342238707.77399147,"{'Vertiport_1': 15, 'Vertiport_2': 15, 'Vertiport_3': 15, 'Vertiport_4': 15, 'Vertiport_5': 15, 'Vertiport_6': 15, 'Vertiport_7': 15, 'Vertiport_8': 15, 'Vertiport_9': 15, 'Vertiport_10': 15}",40,1,15
396,76618.0,76545.0,73,0.5002383082075958,1049.5616438356165,1624789.0891964366,343863496.8631879,"{'Vertiport_1': 15, 'Vertiport_2': 15, 'Vertiport_3': 15, 'Vertiport_4': 15, 'Vertiport_5': 15, 'Vertiport_6': 15, 'Vertiport_7': 15, 'Vertiport_8': 15, 'Vertiport_9': 15, 'Vertiport_10': 15}",40,1,15
397,76692.0,76618.0,74,0.5002413410736416,1036.3783783783783,1626472.277756389,345489969.1409443,"{'Vertiport_1': 15, 'Vertiport_2': 15, 'Vertiport_3': 15, 'Vertiport_4': 15, 'Vertiport_5': 15, 'Vertiport_6': 15, 'Vertiport_7': 15, 'Vertiport_8': 15, 'Vertiport_9': 15, 'Vertiport_10': 15}",40,1,15
398,76786.0,76692.0,94,0.5003062328151267,816.8723404255319,1628531.3741582886,347118500.51510257,"{'Vertiport_1': 15, 'Vertiport_2': 15, 'Vertiport_3': 15, 'Vertiport_4': 15, 'Vertiport_5': 15, 'Vertiport_6': 15, 'Vertiport_7': 15, 'Vertiport_8': 15, 'Vertiport_9': 15, 'Vertiport_10': 15}",40,1,15
399,76896.0,76786.0,110,0.5003578818599446,699.0545454545454,1630758.2256831257,348749258.7407857,"{'Vertiport_1': 15, 'Vertiport_2': 15, 'Vertiport_3': 15, 'Vertiport_4': 15, 'Vertiport_5': 15, 'Vertiport_6': 15, 'Vertiport_7': 15, 'Vertiport_8': 15, 'Vertiport_9': 15, 'Vertiport_10': 15}",40,1,15
400,77010.0,76896.0,114,0.5003703559315427,675.5263157894736,1633401.741163198,350382660.4819489,"{'Vertiport_1': 15, 'Vertiport_2': 15, 'Vertiport_3': 15, 'Vertiport_4': 15, 'Vertiport_5': 15, 'Vertiport_6': 15, 'Vertiport_7': 15, 'Vertiport_8': 15, 'Vertiport_9': 15, 'Vertiport_10': 15}",40,1,15
401,77131.0,77010.0,121,0.5003924977780084,637.4462809917355,1635760.2560974914,352018420.7380464,"{'Vertiport_1': 15, 'Vertiport_2': 15, 'Vertiport_3': 15, 'Vertiport_4': 15, 'Vertiport_5': 15, 'Vertiport_6': 15, 'Vertiport_7': 15, 'Vertiport_8': 15, 'Vertiport_9': 15, 'Vertiport_10': 15}",40,1,15
402,77277.0,77131.0,146,0.5004727734314284,529.2945205479452,1638945.7186414972,353657366.4566879,"{'Vertiport_1': 15, 'Vertiport_2': 15, 'Vertiport_3': 15, 'Vertiport_4': 15, 'Vertiport_5': 15, 'Vertiport_6': 15, 'Vertiport_7': 15, 'Vertiport_8': 15, 'Vertiport_9': 15, 'Vertiport_10': 15}",40,1,15
403,77466.0,77277.0,189,0.5006106899827456,409.87301587301585,1642608.1983119897,355299974.6549999,"{'Vertiport_1': 15, 'Vertiport_2': 15, 'Vertiport_3': 15, 'Vertiport_4': 15, 'Vertiport_5': 15, 'Vertiport_6': 15, 'Vertiport_7': 15, 'Vertiport_8': 15, 'Vertiport_9': 15, 'Vertiport_10': 15}",40,1,15
404,77658.0,77466.0,192,0.5006188597509089,404.46875,1646467.8502983495,356946442.50529826,"{'Vertiport_1': 15, 'Vertiport_2': 15, 'Vertiport_3': 15, 'Vertiport_4': 15, 'Vertiport_5': 15, 'Vertiport_6': 15, 'Vertiport_7': 15, 'Vertiport_8': 15, 'Vertiport_9': 15, 'Vertiport_10': 15}",40,1,15
405,77871.0,77658.0,213,0.5006847597554154,365.59154929577466,1650922.9911937504,358597365.496492,"{'Vertiport_1': 15, 'Vertiport_2': 15, 'Vertiport_3': 15, 'Vertiport_4': 15, 'Vertiport_5': 15, 'Vertiport_6': 15, 'Vertiport_7': 15, 'Vertiport_8': 15, 'Vertiport_9': 15, 'Vertiport_10': 15}",40,1,15
406,78093.0,77871.0,222,0.5007117027006233,351.77027027027026,1655890.1892720058,360253255.685764,"{'Vertiport_1': 15, 'Vertiport_2': 15, 'Vertiport_3': 15, 'Vertiport_4': 15, 'Vertiport_5': 15, 'Vertiport_6': 15, 'Vertiport_7': 15, 'Vertiport_8': 15, 'Vertiport_9': 15, 'Vertiport_10': 15}",40,1,15
407,78310.0,78093.0,217,0.500693720708682,360.87557603686633,1660574.466632307,361913830.1523963,"{'Vertiport_1': 15, 'Vertiport_2': 15, 'Vertiport_3': 15, 'Vertiport_4': 15, 'Vertiport_5': 15, 'Vertiport_6': 15, 'Vertiport_7': 15, 'Vertiport_8': 15, 'Vertiport_9': 15, 'Vertiport_10': 15}",40,1,15
408,78537.0,78310.0,227,0.5007236351348766,345.9779735682819,1665278.4491152952,363579108.6015116,"{'Vertiport_1': 15, 'Vertiport_2': 15, 'Vertiport_3': 15, 'Vertiport_4': 15, 'Vertiport_5': 15, 'Vertiport_6': 15, 'Vertiport_7': 15, 'Vertiport_8': 15, 'Vertiport_9': 15, 'Vertiport_10': 15}",40,1,15
409,78757.0,78537.0,220,0.5006993273742164,357.98636363636365,1669795.5192958878,365248904.12080747,"{'Vertiport_1': 15, 'Vertiport_2': 15, 'Vertiport_3': 15, 'Vertiport_4': 15, 'Vertiport_5': 15, 'Vertiport_6': 15, 'Vertiport_7': 15, 'Vertiport_8': 15, 'Vertiport_9': 15, 'Vertiport_10': 15}",40,1,15
410,78999.0,78757.0,242,0.5007670072770608,326.44214876033055,1674732.486080557,366923636.60688806,"{'Vertiport_1': 15, 'Vertiport_2': 15, 'Vertiport_3': 15, 'Vertiport_4': 15, 'Vertiport_5': 15, 'Vertiport_6': 15, 'Vertiport_7': 15, 'Vertiport_8': 15, 'Vertiport_9': 15, 'Vertiport_10': 15}",40,1,15
411,79204.0,78999.0,205,0.5006479017464903,386.3609756097561,1679035.6842424818,368602672.29113054,"{'Vertiport_1': 15, 'Vertiport_2': 15, 'Vertiport_3': 15, 'Vertiport_4': 15, 'Vertiport_5': 15, 'Vertiport_6': 15, 'Vertiport_7': 15, 'Vertiport_8': 15, 'Vertiport_9': 15, 'Vertiport_10': 15}",40,1,15
412,79426.0,79204.0,222,0.5006997415369098,357.77477477477476,1683736.1995036113,370286408.49063414,"{'Vertiport_1': 15, 'Vertiport_2': 15, 'Vertiport_3': 15, 'Vertiport_4': 15, 'Vertiport_5': 15, 'Vertiport_6': 15, 'Vertiport_7': 15, 'Vertiport_8': 15, 'Vertiport_9': 15, 'Vertiport_10': 15}",40,1,15
413,79593.0,79426.0,167,0.5005250944855646,476.6047904191617,1687122.0380625073,371973530.52869666,"{'Vertiport_1': 15, 'Vertiport_2': 15, 'Vertiport_3': 15, 'Vertiport_4': 15, 'Vertiport_5': 15, 'Vertiport_6': 15, 'Vertiport_7': 15, 'Vertiport_8': 15, 'Vertiport_9': 15, 'Vertiport_10': 15}",40,1,15
414,79777.0,79593.0,184,0.5005772730124867,433.57065217391306,1690811.6506306487,373664342.1793273,"{'Vertiport_1': 15, 'Vertiport_2': 15, 'Vertiport_3': 15, 'Vertiport_4': 15, 'Vertiport_5': 15, 'Vertiport_6': 15, 'Vertiport_7': 15, 'Vertiport_8': 15, 'Vertiport_9': 15, 'Vertiport_10': 15}",40,1,15
415,79974.0,79777.0,197,0.500616584559721,405.9593908629442,1695064.724770525,375359406.90409786,"{'Vertiport_1': 15, 'Vertiport_2': 15, 'Vertiport_3': 15, 'Vertiport_4': 15, 'Vertiport_5': 15, 'Vertiport_6': 15, 'Vertiport_7': 15, 'Vertiport_8': 15, 'Vertiport_9': 15, 'Vertiport_10': 15}",40,1,15
416,80184.0,79974.0,210,0.50065560259244,381.8285714285714,1699806.4038693171,377059213.3079672,"{'Vertiport_1': 15, 'Vertiport_2': 15, 'Vertiport_3': 15, 'Vertiport_4': 15, 'Vertiport_5': 15, 'Vertiport_6': 15, 'Vertiport_7': 15, 'Vertiport_8': 15, 'Vertiport_9': 15, 'Vertiport_10': 15}",40,1,15
417,80384.0,80184.0,200,0.5006227890986996,401.92,1703922.444229387,378763135.75219655,"{'Vertiport_1': 15, 'Vertiport_2': 15, 'Vertiport_3': 15, 'Vertiport_4': 15, 'Vertiport_5': 15, 'Vertiport_6': 15, 'Vertiport_7': 15, 'Vertiport_8': 15, 'Vertiport_9': 15, 'Vertiport_10': 15}",40,1,15
418,80552.0,80384.0,168,0.500521946612318,479.4761904761905,1707339.0930105713,380470474.8452071,"{'Vertiport_1': 15, 'Vertiport_2': 15, 'Vertiport_3': 15, 'Vertiport_4': 15, 'Vertiport_5': 15, 'Vertiport_6': 15, 'Vertiport_7': 15, 'Vertiport_8': 15, 'Vertiport_9': 15, 'Vertiport_10': 15}",40,1,15
419,80552.0,80552.0,0,0.5,0.0,1707339.0930105713,382177813.93821764,"{'Vertiport_1': 15, 'Vertiport_2': 15, 'Vertiport_3': 15, 'Vertiport_4': 15, 'Vertiport_5': 15, 'Vertiport_6': 15, 'Vertiport_7': 15, 'Vertiport_8': 15, 'Vertiport_9': 15, 'Vertiport_10': 15}",40,1,15
420,80552.0,80552.0,0,0.5,0.0,1707339.0930105713,383885153.0312282,"{'Vertiport_1': 15, 'Vertiport_2': 15, 'Vertiport_3': 15, 'Vertiport_4': 15, 'Vertiport_5': 15, 'Vertiport_6': 15, 'Vertiport_7': 15, 'Vertiport_8': 15, 'Vertiport_9': 15, 'Vertiport_10': 15}",40,1,15
421,80552.0,80552.0,0,0.5,0.0,1707339.0930105713,385592492.1242387,"{'Vertiport_1': 15, 'Vertiport_2': 15, 'Vertiport_3': 15, 'Vertiport_4': 15, 'Vertiport_5': 15, 'Vertiport_6': 15, 'Vertiport_7': 15, 'Vertiport_8': 15, 'Vertiport_9': 15, 'Vertiport_10': 15}",40,1,15
422,80702.0,80552.0,150,0.5004651047415878,538.0133333333333,1710743.998968239,387303236.123207,"{'Vertiport_1': 15, 'Vertiport_2': 15, 'Vertiport_3': 15, 'Vertiport_4': 15, 'Vertiport_5': 15, 'Vertiport_6': 15, 'Vertiport_7': 15, 'Vertiport_8': 15, 'Vertiport_9': 15, 'Vertiport_10': 15}",40,1,15
423,80904.0,80702.0,202,0.5006249767954161,400.51485148514854,1715590.405792331,389018826.5289993,"{'Vertiport_1': 15, 'Vertiport_2': 15, 'Vertiport_3': 15, 'Vertiport_4': 15, 'Vertiport_5': 15, 'Vertiport_6': 15, 'Vertiport_7': 15, 'Vertiport_8': 15, 'Vertiport_9': 15, 'Vertiport_10': 15}",40,1,15
424,81086.0,80904.0,182,0.5005617630717946,445.5274725274725,1719522.619124896,390738349.1481242,"{'Vertiport_1': 15, 'Vertiport_2': 15, 'Vertiport_3': 15, 'Vertiport_4': 15, 'Vertiport_5': 15, 'Vertiport_6': 15, 'Vertiport_7': 15, 'Vertiport_8': 15, 'Vertiport_9': 15, 'Vertiport_10': 15}",40,1,15
425,81271.0,81086.0,185,0.5005697321335083,439.3027027027027,1723358.1516676447,392461707.2997919,"{'Vertiport_1': 15, 'Vertiport_2': 15, 'Vertiport_3': 15, 'Vertiport_4': 15, 'Vertiport_5': 15, 'Vertiport_6': 15, 'Vertiport_7': 15, 'Vertiport_8': 15, 'Vertiport_9': 15, 'Vertiport_10': 15}",40,1,15
426,81462.0,81271.0,191,0.5005868508538527,426.5026178010471,1727439.2750303573,394189146.57482225,"{'Vertiport_1': 15, 'Vertiport_2': 15, 'Vertiport_3': 15, 'Vertiport_4': 15, 'Vertiport_5': 15, 'Vertiport_6': 15, 'Vertiport_7': 15, 'Vertiport_8': 15, 'Vertiport_9': 15, 'Vertiport_10': 15}",40,1,15
427,81649.0,81462.0,187,0.5005732292733169,436.62566844919786,1731347.3501707094,395920493.924993,"{'Vertiport_1': 15, 'Vertiport_2': 15, 'Vertiport_3': 15, 'Vertiport_4': 15, 'Vertiport_5': 15, 'Vertiport_6': 15, 'Vertiport_7': 15, 'Vertiport_8': 15, 'Vertiport_9': 15, 'Vertiport_10': 15}",40,1,15
428,81822.0,81649.0,173,0.5005291458423818,472.95953757225436,1735110.844935466,397655604.76992846,"{'Vertiport_1': 15, 'Vertiport_2': 15, 'Vertiport_3': 15, 'Vertiport_4': 15, 'Vertiport_5': 15, 'Vertiport_6': 15, 'Vertiport_7': 15, 'Vertiport_8': 15, 'Vertiport_9': 15, 'Vertiport_10': 15}",40,1,15
429,82011.0,81822.0,189,0.5005768068704107,433.92063492063494,1739428.6061678738,399395033.3760963,"{'Vertiport_1': 15, 'Vertiport_2': 15, 'Vertiport_3': 15, 'Vertiport_4': 15, 'Vertiport_5': 15, 'Vertiport_6': 15, 'Vertiport_7': 15, 'Vertiport_8': 15, 'Vertiport_9': 15, 'Vertiport_10': 15}",40,1,15
430,82192.0,82011.0,181,0.5005511470557785,454.09944751381215,1743447.2203261852,401138480.5964225,"{'Vertiport_1': 15, 'Vertiport_2': 15, 'Vertiport_3': 15, 'Vertiport_4': 15, 'Vertiport_5': 15, 'Vertiport_6': 15, 'Vertiport_7': 15, 'Vertiport_8': 15, 'Vertiport_9': 15, 'Vertiport_10': 15}",40,1,15
431,82357.0,82192.0,165,0.5005013704124607,499.1333333333333,1747008.1927871576,402885488.78920966,"{'Vertiport_1': 15, 'Vertiport_2': 15, 'Vertiport_3': 15, 'Vertiport_4': 15, 'Vertiport_5': 15, 'Vertiport_6': 15, 'Vertiport_7': 15, 'Vertiport_8': 15, 'Vertiport_9': 15, 'Vertiport_10': 15}",40,1,15
432,82521.0,82357.0,164,0.5004973374252477,503.1768292682927,1750589.478163314,404636078.26737297,"{'Vertiport_1': 15, 'Vertiport_2': 15, 'Vertiport_3': 15, 'Vertiport_4': 15, 'Vertiport_5': 15, 'Vertiport_6': 15, 'Vertiport_7': 15, 'Vertiport_8': 15, 'Vertiport_9': 15, 'Vertiport_10': 15}",40,1,15
433,82700.0,82521.0,179,0.5005416986944758,462.0111731843575,1754711.9128165145,406390790.1801895,"{'Vertiport_1': 15, 'Vertiport_2': 15, 'Vertiport_3': 15, 'Vertiport_4': 15, 'Vertiport_5': 15, 'Vertiport_6': 15, 'Vertiport_7': 15, 'Vertiport_8': 15, 'Vertiport_9': 15, 'Vertiport_10': 15}",40,1,15
434,82843.0,82700.0,143,0.5004319119503694,579.3216783216783,1757902.6269300396,408148692.80711955,"{'Vertiport_1': 15, 'Vertiport_2': 15, 'Vertiport_3': 15, 'Vertiport_4': 15, 'Vertiport_5': 15, 'Vertiport_6': 15, 'Vertiport_7': 15, 'Vertiport_8': 15, 'Vertiport_9': 15, 'Vertiport_10': 15}",40,1,15
435,83008.0,82843.0,165,0.5004974344441697,503.07878787878786,1761465.7056197603,409910158.5127393,"{'Vertiport_1': 15, 'Vertiport_2': 15, 'Vertiport_3': 15, 'Vertiport_4': 15, 'Vertiport_5': 15, 'Vertiport_6': 15, 'Vertiport_7': 15, 'Vertiport_8': 15, 'Vertiport_9': 15, 'Vertiport_10': 15}",40,1,15
436,83166.0,83008.0,158,0.5004754052980611,526.367088607595,1764786.8179788252,411674945.3307181,"{'Vertiport_1': 15, 'Vertiport_2': 15, 'Vertiport_3': 15, 'Vertiport_4': 15, 'Vertiport_5': 15, 'Vertiport_6': 15, 'Vertiport_7': 15, 'Vertiport_8': 15, 'Vertiport_9': 15, 'Vertiport_10': 15}",40,1,15
437,83338.0,83166.0,172,0.5005165041080094,484.5232558139535,1768466.0503743165,413443411.3810924,"{'Vertiport_1': 15, 'Vertiport_2': 15, 'Vertiport_3': 15, 'Vertiport_4': 15, 'Vertiport_5': 15, 'Vertiport_6': 15, 'Vertiport_7': 15, 'Vertiport_8': 15, 'Vertiport_9': 15, 'Vertiport_10': 15}",40,1,15
438,83515.0,83338.0,177,0.5005304070049684,471.8361581920904,1772377.0641505844,415215788.445243,"{'Vertiport_1': 15, 'Vertiport_2': 15, 'Vertiport_3': 15, 'Vertiport_4': 15, 'Vertiport_5': 15, 'Vertiport_6': 15, 'Vertiport_7': 15, 'Vertiport_8': 15, 'Vertiport_9': 15, 'Vertiport_10': 15}",40,1,15
439,83701.0,83515.0,186,0.5005561668739833,450.005376344086,1776288.704679437,416992077.14992243,"{'Vertiport_1': 15, 'Vertiport_2': 15, 'Vertiport_3': 15, 'Vertiport_4': 15, 'Vertiport_5': 15, 'Vertiport_6': 15, 'Vertiport_7': 15, 'Vertiport_8': 15, 'Vertiport_9': 15, 'Vertiport_10': 15}",40,1,15
440,83892.0,83701.0,191,0.5005698328689145,439.22513089005236,1780323.7672545454,418772400.91717696,"{'Vertiport_1': 15, 'Vertiport_2': 15, 'Vertiport_3': 15, 'Vertiport_4': 15, 'Vertiport_5': 15, 'Vertiport_6': 15, 'Vertiport_7': 15, 'Vertiport_8': 15, 'Vertiport_9': 15, 'Vertiport_10': 15}",40,1,15
441,84097.0,83892.0,205,0.5006101589985058,410.22926829268295,1784618.16924783,420557019.08642477,"{'Vertiport_1': 15, 'Vertiport_2': 15, 'Vertiport_3': 15, 'Vertiport_4': 15, 'Vertiport_5': 15, 'Vertiport_6': 15, 'Vertiport_7': 15, 'Vertiport_8': 15, 'Vertiport_9': 15, 'Vertiport_10': 15}",40,1,15
442,84297.0,84097.0,200,0.5005938453864152,421.485,1788610.3795206475,422345629.4659454,"{'Vertiport_1': 15, 'Vertiport_2': 15, 'Vertiport_3': 15, 'Vertiport_4': 15, 'Vertiport_5': 15, 'Vertiport_6': 15, 'Vertiport_7': 15, 'Vertiport_8': 15, 'Vertiport_9': 15, 'Vertiport_10': 15}",40,1,15
443,84521.0,84297.0,224,0.5006634363634209,377.32589285714283,1793636.746269823,424139266.21221524,"{'Vertiport_1': 15, 'Vertiport_2': 15, 'Vertiport_3': 15, 'Vertiport_4': 15, 'Vertiport_5': 15, 'Vertiport_6': 15, 'Vertiport_7': 15, 'Vertiport_8': 15, 'Vertiport_9': 15, 'Vertiport_10': 15}",40,1,15
444,84770.0,84521.0,249,0.5007354200754913,340.44176706827307,1798758.8204504866,425938025.0326657,"{'Vertiport_1': 15, 'Vertiport_2': 15, 'Vertiport_3': 15, 'Vertiport_4': 15, 'Vertiport_5': 15, 'Vertiport_6': 15, 'Vertiport_7': 15, 'Vertiport_8': 15, 'Vertiport_9': 15, 'Vertiport_10': 15}",40,1,15
445,85035.0,84770.0,265,0.5007803068225317,320.8867924528302,1804247.8725058748,427742272.90517163,"{'Vertiport_1': 15, 'Vertiport_2': 15, 'Vertiport_3': 15, 'Vertiport_4': 15, 'Vertiport_5': 15, 'Vertiport_6': 15, 'Vertiport_7': 15, 'Vertiport_8': 15, 'Vertiport_9': 15, 'Vertiport_10': 15}",40,1,15
446,85297.0,85035.0,262,0.5007690862550783,325.5610687022901,1809605.538833611,429551878.44400525,"{'Vertiport_1': 15, 'Vertiport_2': 15, 'Vertiport_3': 15, 'Vertiport_4': 15, 'Vertiport_5': 15, 'Vertiport_6': 15, 'Vertiport_7': 15, 'Vertiport_8': 15, 'Vertiport_9': 15, 'Vertiport_10': 15}",40,1,15
447,85570.0,85297.0,273,0.5007988669550001,313.4432234432234,1815738.5043841281,431367616.94838935,"{'Vertiport_1': 15, 'Vertiport_2': 15, 'Vertiport_3': 15, 'Vertiport_4': 15, 'Vertiport_5': 15, 'Vertiport_6': 15, 'Vertiport_7': 15, 'Vertiport_8': 15, 'Vertiport_9': 15, 'Vertiport_10': 15}",40,1,15
448,85866.0,85570.0,296,0.5008632959238433,290.0878378378378,1821919.921651505,433189536.87004083,"{'Vertiport_1': 15, 'Vertiport_2': 15, 'Vertiport_3': 15, 'Vertiport_4': 15, 'Vertiport_5': 15, 'Vertiport_6': 15, 'Vertiport_7': 15, 'Vertiport_8': 15, 'Vertiport_9': 15, 'Vertiport_10': 15}",40,1,15
449,86153.0,85866.0,287,0.5008342101744575,300.18466898954705,1827859.6299938841,435017396.5000347,"{'Vertiport_1': 15, 'Vertiport_2': 15, 'Vertiport_3': 15, 'Vertiport_4': 15, 'Vertiport_5': 15, 'Vertiport_6': 15, 'Vertiport_7': 15, 'Vertiport_8': 15, 'Vertiport_9': 15, 'Vertiport_10': 15}",40,1,15
450,86442.0,86153.0,289,0.5008372200816942,299.10726643598616,1833978.8619287128,436851375.3619634,"{'Vertiport_1': 15, 'Vertiport_2': 15, 'Vertiport_3': 15, 'Vertiport_4': 15, 'Vertiport_5': 15, 'Vertiport_6': 15, 'Vertiport_7': 15, 'Vertiport_8': 15, 'Vertiport_9': 15, 'Vertiport_10': 15}",40,1,15
451,86758.0,86442.0,316,0.5009122401847576,274.5506329113924,1840672.0366937933,438692047.3986572,"{'Vertiport_1': 15, 'Vertiport_2': 15, 'Vertiport_3': 15, 'Vertiport_4': 15, 'Vertiport_5': 15, 'Vertiport_6': 15, 'Vertiport_7': 15, 'Vertiport_8': 15, 'Vertiport_9': 15, 'Vertiport_10': 15}",40,1,15
452,87053.0,86757.0,296,0.500851504516426,294.09797297297297,1846958.1340592005,440539005.5327164,"{'Vertiport_1': 15, 'Vertiport_2': 15, 'Vertiport_3': 14, 'Vertiport_4': 15, 'Vertiport_5': 15, 'Vertiport_6': 15, 'Vertiport_7': 15, 'Vertiport_8': 15, 'Vertiport_9': 15, 'Vertiport_10': 16}",40,1,15
453,87350.0,87052.0,298,0.5008543480005964,293.12080536912754,1853311.359015572,442392316.891732,"{'Vertiport_1': 15, 'Vertiport_2': 15, 'Vertiport_3': 14, 'Vertiport_4': 15, 'Vertiport_5': 15, 'Vertiport_6': 15, 'Vertiport_7': 15, 'Vertiport_8': 15, 'Vertiport_9': 15, 'Vertiport_10': 16}",40,1,15
454,87646.0,87349.0,297,0.5008485956741621,295.1043771043771,1859251.420298201,444251568.3120302,"{'Vertiport_1': 15, 'Vertiport_2': 15, 'Vertiport_3': 16, 'Vertiport_4': 15, 'Vertiport_5': 15, 'Vertiport_6': 15, 'Vertiport_7': 15, 'Vertiport_8': 15, 'Vertiport_9': 15, 'Vertiport_10': 14}",40,1,15
455,87956.0,87644.0,312,0.5008883826879271,281.9102564102564,1866011.818533826,446117580.13056403,"{'Vertiport_1': 15, 'Vertiport_2': 15, 'Vertiport_3': 13, 'Vertiport_4': 15, 'Vertiport_5': 15, 'Vertiport_6': 15, 'Vertiport_7': 15, 'Vertiport_8': 15, 'Vertiport_9': 15, 'Vertiport_10': 17}",40,1,15
456,88229.0,87956.0,273,0.5007747538099158,323.1831501831502,1872050.3031182908,447989630.4336823,"{'Vertiport_1': 15, 'Vertiport_2': 15, 'Vertiport_3': 15, 'Vertiport_4': 15, 'Vertiport_5': 15, 'Vertiport_6': 15, 'Vertiport_7': 15, 'Vertiport_8': 15, 'Vertiport_9': 15, 'Vertiport_10': 15}",40,1,15
457,88536.0,88228.0,308,0.500871218121337,287.45454545454544,1878293.7067171128,449867924.14039946,"{'Vertiport_1': 15, 'Vertiport_2': 15, 'Vertiport_3': 16, 'Vertiport_4': 15, 'Vertiport_5': 15, 'Vertiport_6': 15, 'Vertiport_7': 15, 'Vertiport_8': 15, 'Vertiport_9': 15, 'Vertiport_10': 14}",40,1,15
458,88826.0,88533.0,293,0.500826008265721,303.160409556314,1884642.4594227364,451752566.59982216,"{'Vertiport_1': 15, 'Vertiport_2': 15, 'Vertiport_3': 12, 'Vertiport_4': 15, 'Vertiport_5': 15, 'Vertiport_6': 15, 'Vertiport_7': 15, 'Vertiport_8': 15, 'Vertiport_9': 15, 'Vertiport_10': 18}",40,1,15
459,89109.0,88826.0,283,0.5007952342147414,314.87279151943466,1890642.3532063314,453643208.9530285,"{'Vertiport_1': 15, 'Vertiport_2': 15, 'Vertiport_3': 15, 'Vertiport_4': 15, 'Vertiport_5': 15, 'Vertiport_6': 15, 'Vertiport_7': 15, 'Vertiport_8': 15, 'Vertiport_9': 15, 'Vertiport_10': 15}",40,1,15
460,89399.0,89107.0,292,0.5008178996784421,306.1609589041096,1896828.1696500448,455540037.1226785,"{'Vertiport_1': 15, 'Vertiport_2': 15, 'Vertiport_3': 15, 'Vertiport_4': 15, 'Vertiport_5': 15, 'Vertiport_6': 15, 'Vertiport_7': 15, 'Vertiport_8': 15, 'Vertiport_9': 15, 'Vertiport_10': 15}",40,1,15
461,89703.0,89399.0,304,0.500848678406718,295.0756578947368,1903259.943544201,457443297.0662227,"{'Vertiport_1': 15, 'Vertiport_2': 15, 'Vertiport_3': 15, 'Vertiport_4': 15, 'Vertiport_5': 15, 'Vertiport_6': 15, 'Vertiport_7': 15, 'Vertiport_8': 15, 'Vertiport_9': 15, 'Vertiport_10': 15}",40,1,15
462,89997.0,89701.0,296,0.5008236040467896,304.0439189189189,1909374.4797983668,459352671.5460211,"{'Vertiport_1': 15, 'Vertiport_2': 15, 'Vertiport_3': 15, 'Vertiport_4': 15, 'Vertiport_5': 15, 'Vertiport_6': 15, 'Vertiport_7': 15, 'Vertiport_8': 15, 'Vertiport_9': 15, 'Vertiport_10': 15}",40,1,15
463,90251.0,89996.0,255,0.5007073626745522,353.92549019607844,1914720.9704031218,461267392.51642424,"{'Vertiport_1': 15, 'Vertiport_2': 15, 'Vertiport_3': 16, 'Vertiport_4': 15, 'Vertiport_5': 15, 'Vertiport_6': 15, 'Vertiport_7': 15, 'Vertiport_8': 15, 'Vertiport_9': 15, 'Vertiport_10': 14}",40,1,15
464,90503.0,90251.0,252,0.5006970800092944,359.1388888888889,1920210.0941410668,463187602.6105653,"{'Vertiport_1': 15, 'Vertiport_2': 15, 'Vertiport_3': 15, 'Vertiport_4': 15, 'Vertiport_5': 15, 'Vertiport_6': 15, 'Vertiport_7': 15, 'Vertiport_8': 15, 'Vertiport_9': 15, 'Vertiport_10': 15}",40,1,15
465,90762.0,90502.0,260,0.5007171859828758,349.0846153846154,1925597.32571812,465113199.9362834,"{'Vertiport_1': 15, 'Vertiport_2': 15, 'Vertiport_3': 16, 'Vertiport_4': 15, 'Vertiport_5': 15, 'Vertiport_6': 15, 'Vertiport_7': 15, 'Vertiport_8': 15, 'Vertiport_9': 15, 'Vertiport_10': 14}",40,1,15
466,91027.0,90761.0,266,0.5007316214491606,342.20676691729324,1931379.2964090724,467044579.2326925,"{'Vertiport_1': 15, 'Vertiport_2': 15, 'Vertiport_3': 14, 'Vertiport_4': 15, 'Vertiport_5': 15, 'Vertiport_6': 15, 'Vertiport_7': 15, 'Vertiport_8': 15, 'Vertiport_9': 15, 'Vertiport_10': 16}",40,1,15
467,91256.0,91026.0,230,0.5006308905980843,396.76521739130436,1936286.8108358877,468980866.0435284,"{'Vertiport_1': 15, 'Vertiport_2': 15, 'Vertiport_3': 14, 'Vertiport_4': 15, 'Vertiport_5': 15, 'Vertiport_6': 15, 'Vertiport_7': 15, 'Vertiport_8': 15, 'Vertiport_9': 15, 'Vertiport_10': 16}",40,1,15
468,91483.0,91255.0,228,0.5006238439733389,401.24122807017545,1941018.517354301,470921884.5608827,"{'Vertiport_1': 15, 'Vertiport_2': 15, 'Vertiport_3': 14, 'Vertiport_4': 15, 'Vertiport_5': 15, 'Vertiport_6': 15, 'Vertiport_7': 15, 'Vertiport_8': 15, 'Vertiport_9': 15, 'Vertiport_10': 16}",40,1,15
469,91707.0,91483.0,224,0.5006113870844479,409.40625,1945728.6877056179,472867613.2485883,"{'Vertiport_1': 15, 'Vertiport_2': 15, 'Vertiport_3': 15, 'Vertiport_4': 15, 'Vertiport_5': 15, 'Vertiport_6': 15, 'Vertiport_7': 15, 'Vertiport_8': 15, 'Vertiport_9': 15, 'Vertiport_10': 15}",40,1,15
470,91914.0,91706.0,208,0.5005663871038013,441.8942307692308,1950129.0564371862,474817742.3050255,"{'Vertiport_1': 15, 'Vertiport_2': 15, 'Vertiport_3': 14, 'Vertiport_4': 15, 'Vertiport_5': 15, 'Vertiport_6': 15, 'Vertiport_7': 15, 'Vertiport_8': 15, 'Vertiport_9': 15, 'Vertiport_10': 16}",40,1,15
471,92087.0,91912.0,175,0.5004755460627504,526.2114285714285,1953674.280145343,476771416.58517087,"{'Vertiport_1': 15, 'Vertiport_2': 15, 'Vertiport_3': 13, 'Vertiport_4': 15, 'Vertiport_5': 15, 'Vertiport_6': 15, 'Vertiport_7': 15, 'Vertiport_8': 15, 'Vertiport_9': 15, 'Vertiport_10': 17}",40,1,15
472,92234.0,92085.0,149,0.5004041905609297,619.0201342281879,1957021.4834008638,478728438.06857175,"{'Vertiport_1': 15, 'Vertiport_2': 15, 'Vertiport_3': 15, 'Vertiport_4': 15, 'Vertiport_5': 15, 'Vertiport_6': 15, 'Vertiport_7': 15, 'Vertiport_8': 15, 'Vertiport_9': 15, 'Vertiport_10': 15}",40,1,15
473,92373.0,92233.0,140,0.5003791859419521,659.8071428571428,1959968.888340181,480688406.9569119,"{'Vertiport_1': 15, 'Vertiport_2': 15, 'Vertiport_3': 14, 'Vertiport_4': 15, 'Vertiport_5': 15, 'Vertiport_6': 15, 'Vertiport_7': 15, 'Vertiport_8': 15, 'Vertiport_9': 15, 'Vertiport_10': 16}",40,1,15
474,92499.0,92371.0,128,0.5003461892140423,722.6484375,1962793.9000874974,482651200.8569994,"{'Vertiport_1': 15, 'Vertiport_2': 15, 'Vertiport_3': 15, 'Vertiport_4': 15, 'Vertiport_5': 15, 'Vertiport_6': 15, 'Vertiport_7': 15, 'Vertiport_8': 15, 'Vertiport_9': 15, 'Vertiport_10': 15}",40,1,15
475,92616.0,92498.0,118,0.5003187225169355,784.8813559322034,1965382.035219773,484616582.8922192,"{'Vertiport_1': 15, 'Vertiport_2': 15, 'Vertiport_3': 16, 'Vertiport_4': 15, 'Vertiport_5': 15, 'Vertiport_6': 15, 'Vertiport_7': 15, 'Vertiport_8': 15, 'Vertiport_9': 15, 'Vertiport_10': 14}",40,1,15
476,92770.0,92615.0,155,0.5004180489252097,598.516129032258,1968706.7671581535,486585289.65937734,"{'Vertiport_1': 15, 'Vertiport_2': 15, 'Vertiport_3': 14, 'Vertiport_4': 15, 'Vertiport_5': 15, 'Vertiport_6': 15, 'Vertiport_7': 15, 'Vertiport_8': 15, 'Vertiport_9': 15, 'Vertiport_10': 16}",40,1,15
477,92892.0,92770.0,122,0.5003285540390602,761.4098360655738,1971460.191307298,488556749.85068464,"{'Vertiport_1': 15, 'Vertiport_2': 15, 'Vertiport_3': 15, 'Vertiport_4': 15, 'Vertiport_5': 15, 'Vertiport_6': 15, 'Vertiport_7': 15, 'Vertiport_8': 15, 'Vertiport_9': 15, 'Vertiport_10': 15}",40,1,15
478,92986.0,92892.0,94,0.500252854022531,989.2127659574468,1973405.147486999,490530154.9981716,"{'Vertiport_1': 15, 'Vertiport_2': 15, 'Vertiport_3': 15, 'Vertiport_4': 15, 'Vertiport_5': 15, 'Vertiport_6': 15, 'Vertiport_7': 15, 'Vertiport_8': 15, 'Vertiport_9': 15, 'Vertiport_10': 15}",40,1,15
479,93065.0,92986.0,79,0.5002123073780845,1178.0379746835442,1975304.3820688475,492505459.3802405,"{'Vertiport_1': 15, 'Vertiport_2': 15, 'Vertiport_3': 15, 'Vertiport_4': 15, 'Vertiport_5': 15, 'Vertiport_6': 15, 'Vertiport_7': 15, 'Vertiport_8': 15, 'Vertiport_9': 15, 'Vertiport_10': 15}",40,1,15
480,93112.0,93065.0,47,0.5001262239696633,1981.1063829787233,1976194.1433777162,494481653.5236182,"{'Vertiport_1': 15, 'Vertiport_2': 15, 'Vertiport_3': 15, 'Vertiport_4': 15, 'Vertiport_5': 15, 'Vertiport_6': 15, 'Vertiport_7': 15, 'Vertiport_8': 15, 'Vertiport_9': 15, 'Vertiport_10': 15}",40,1,15
481,93145.0,93112.0,33,0.5000885872745723,2822.5757575757575,1976982.9280537725,496458636.451672,"{'Vertiport_1': 15, 'Vertiport_2': 15, 'Vertiport_3': 15, 'Vertiport_4': 15, 'Vertiport_5': 15, 'Vertiport_6': 15, 'Vertiport_7': 15, 'Vertiport_8': 15, 'Vertiport_9': 15, 'Vertiport_10': 15}",40,1,15
482,93183.0,93145.0,38,0.5001019707183032,2452.184210526316,1977870.6920521692,498436507.1437242,"{'Vertiport_1': 15, 'Vertiport_2': 15, 'Vertiport_3': 15, 'Vertiport_4': 15, 'Vertiport_5': 15, 'Vertiport_6': 15, 'Vertiport_7': 15, 'Vertiport_8': 15, 'Vertiport_9': 15, 'Vertiport_10': 15}",40,1,15
483,93217.0,93183.0,34,0.5000912017167382,2741.676470588235,1978644.0240091174,500415151.1677333,"{'Vertiport_1': 15, 'Vertiport_2': 15, 'Vertiport_3': 15, 'Vertiport_4': 15, 'Vertiport_5': 15, 'Vertiport_6': 15, 'Vertiport_7': 15, 'Vertiport_8': 15, 'Vertiport_9': 15, 'Vertiport_10': 15}",40,1,15
484,93249.0,93217.0,32,0.5000858065277316,2914.03125,1979225.6404521698,502394376.80818546,"{'Vertiport_1': 15, 'Vertiport_2': 15, 'Vertiport_3': 15, 'Vertiport_4': 15, 'Vertiport_5': 15, 'Vertiport_6': 15, 'Vertiport_7': 15, 'Vertiport_8': 15, 'Vertiport_9': 15, 'Vertiport_10': 15}",40,1,15
485,93282.0,93249.0,33,0.5000884571465333,2826.7272727272725,1979959.1612658303,504374335.9694513,"{'Vertiport_1': 15, 'Vertiport_2': 15, 'Vertiport_3': 15, 'Vertiport_4': 15, 'Vertiport_5': 15, 'Vertiport_6': 15, 'Vertiport_7': 15, 'Vertiport_8': 15, 'Vertiport_9': 15, 'Vertiport_10': 15}",40,1,15
486,93323.0,93281.0,42,0.5001125377805407,2221.9761904761904,1981060.6973207106,506355396.666772,"{'Vertiport_1': 15, 'Vertiport_2': 15, 'Vertiport_3': 16, 'Vertiport_4': 15, 'Vertiport_5': 15, 'Vertiport_6': 15, 'Vertiport_7': 15, 'Vertiport_8': 15, 'Vertiport_9': 15, 'Vertiport_10': 14}",40,1,15
487,93363.0,93323.0,40,0.5001071317613532,2334.075,1982097.0672030866,508337493.7339751,"{'Vertiport_1': 15, 'Vertiport_2': 15, 'Vertiport_3': 15, 'Vertiport_4': 15, 'Vertiport_5': 15, 'Vertiport_6': 15, 'Vertiport_7': 15, 'Vertiport_8': 15, 'Vertiport_9': 15, 'Vertiport_10': 15}",40,1,15
488,93417.0,93363.0,54,0.5001445550915515,1729.9444444444443,1983315.384484767,510320809.1184599,"{'Vertiport_1': 15, 'Vertiport_2': 15, 'Vertiport_3': 15, 'Vertiport_4': 15, 'Vertiport_5': 15, 'Vertiport_6': 15, 'Vertiport_7': 15, 'Vertiport_8': 15, 'Vertiport_9': 15, 'Vertiport_10': 15}",40,1,15
489,93470.0,93417.0,53,0.5001417969147132,1763.5849056603774,1984806.318213291,512305615.43667316,"{'Vertiport_1': 15, 'Vertiport_2': 15, 'Vertiport_3': 15, 'Vertiport_4': 15, 'Vertiport_5': 15, 'Vertiport_6': 15, 'Vertiport_7': 15, 'Vertiport_8': 15, 'Vertiport_9': 15, 'Vertiport_10': 15}",40,1,15
490,93527.0,93469.0,58,0.5001550835311985,1612.5344827586207,1986037.32343344,514291652.7601066,"{'Vertiport_1': 15, 'Vertiport_2': 15, 'Vertiport_3': 16, 'Vertiport_4': 15, 'Vertiport_5': 15, 'Vertiport_6': 15, 'Vertiport_7': 15, 'Vertiport_8': 15, 'Vertiport_9': 15, 'Vertiport_10': 14}",40,1,15
491,93617.0,93527.0,90,0.5002404565468302,1040.1888888888889,1987973.6738078964,516279626.43391454,"{'Vertiport_1': 15, 'Vertiport_2': 15, 'Vertiport_3': 15, 'Vertiport_4': 15, 'Vertiport_5': 15, 'Vertiport_6': 15, 'Vertiport_7': 15, 'Vertiport_8': 15, 'Vertiport_9': 15, 'Vertiport_10': 15}",40,1,15
492,93689.0,93617.0,72,0.5001921988617556,1301.236111111111,1989405.4502455413,518269031.8841601,"{'Vertiport_1': 15, 'Vertiport_2': 15, 'Vertiport_3': 15, 'Vertiport_4': 15, 'Vertiport_5': 15, 'Vertiport_6': 15, 'Vertiport_7': 15, 'Vertiport_8': 15, 'Vertiport_9': 15, 'Vertiport_10': 15}",40,1,15
493,93766.0,93689.0,77,0.5002053826251633,1217.7402597402597,1990942.5323721136,520259974.4165322,"{'Vertiport_1': 15, 'Vertiport_2': 15, 'Vertiport_3': 15, 'Vertiport_4': 15, 'Vertiport_5': 15, 'Vertiport_6': 15, 'Vertiport_7': 15, 'Vertiport_8': 15, 'Vertiport_9': 15, 'Vertiport_10': 15}",40,1,15
494,93865.0,93766.0,99,0.5002638156807777,948.1313131313132,1993041.9126088577,522253016.3291411,"{'Vertiport_1': 15, 'Vertiport_2': 15, 'Vertiport_3': 15, 'Vertiport_4': 15, 'Vertiport_5': 15, 'Vertiport_6': 15, 'Vertiport_7': 15, 'Vertiport_8': 15, 'Vertiport_9': 15, 'Vertiport_10': 15}",40,1,15
495,93974.0,93865.0,109,0.5002901420897684,862.1467889908257,1995361.4895987862,524248377.8187399,"{'Vertiport_1': 15, 'Vertiport_2': 15, 'Vertiport_3': 15, 'Vertiport_4': 15, 'Vertiport_5': 15, 'Vertiport_6': 15, 'Vertiport_7': 15, 'Vertiport_8': 15, 'Vertiport_9': 15, 'Vertiport_10': 15}",40,1,15
496,94087.0,93974.0,113,0.5003004344335082,832.6283185840708,1997743.831729015,526246121.6504689,"{'Vertiport_1': 15, 'Vertiport_2': 15, 'Vertiport_3': 15, 'Vertiport_4': 15, 'Vertiport_5': 15, 'Vertiport_6': 15, 'Vertiport_7': 15, 'Vertiport_8': 15, 'Vertiport_9': 15, 'Vertiport_10': 15}",40,1,15
497,94201.0,94087.0,114,0.5003027277362339,826.3245614035088,2000396.1809652513,528246517.83143413,"{'Vertiport_1': 15, 'Vertiport_2': 15, 'Vertiport_3': 15, 'Vertiport_4': 15, 'Vertiport_5': 15, 'Vertiport_6': 15, 'Vertiport_7': 15, 'Vertiport_8': 15, 'Vertiport_9': 15, 'Vertiport_10': 15}",40,1,15
498,94335.0,94201.0,134,0.5003553697967497,703.9925373134329,2003379.850324795,530249897.68175894,"{'Vertiport_1': 15, 'Vertiport_2': 15, 'Vertiport_3': 15, 'Vertiport_4': 15, 'Vertiport_5': 15, 'Vertiport_6': 15, 'Vertiport_7': 15, 'Vertiport_8': 15, 'Vertiport_9': 15, 'Vertiport_10': 15}",40,1,15
499,94522.0,94335.0,187,0.5004950835817576,505.4652406417112,2007463.4395986078,532257361.12135756,"{'Vertiport_1': 15, 'Vertiport_2': 15, 'Vertiport_3': 15, 'Vertiport_4': 15, 'Vertiport_5': 15, 'Vertiport_6': 15, 'Vertiport_7': 15, 'Vertiport_8': 15, 'Vertiport_9': 15, 'Vertiport_10': 15}",40,1,15
500,94703.0,94520.0,183,0.5004835564386994,517.5027322404371,2011179.8634487363,534268540.9848063,"{'Vertiport_1': 15, 'Vertiport_2': 15, 'Vertiport_3': 17, 'Vertiport_4': 15, 'Vertiport_5': 15, 'Vertiport_6': 15, 'Vertiport_7': 15, 'Vertiport_8': 15, 'Vertiport_9': 15, 'Vertiport_10': 13}",40,1,15
