time_step,met_demand,unmet_demand,iteration_cost,cumulative_cost,vertiport_counts
1,748.0,212,9453.996708499984,9453.996708499984,"{'Vertiport_1': 15, 'Vertiport_2': 8, 'Vertiport_3': 15, 'Vertiport_4': 14, 'Vertiport_5': 15, 'Vertiport_6': 3, 'Vertiport_7': 24, 'Vertiport_8': 19, 'Vertiport_9': 22, 'Vertiport_10': 15}"
2,375.0,87,5021.2966503999905,14475.293358899975,"{'Vertiport_1': 15, 'Vertiport_2': 13, 'Vertiport_3': 15, 'Vertiport_4': 16, 'Vertiport_5': 15, 'Vertiport_6': 0, 'Vertiport_7': 26, 'Vertiport_8': 19, 'Vertiport_9': 16, 'Vertiport_10': 15}"
3,296.0,66,3583.0661492319978,18058.359508131973,"{'Vertiport_1': 15, 'Vertiport_2': 16, 'Vertiport_3': 15, 'Vertiport_4': 16, 'Vertiport_5': 15, 'Vertiport_6': 0, 'Vertiport_7': 25, 'Vertiport_8': 19, 'Vertiport_9': 14, 'Vertiport_10': 15}"
4,256.0,50,3351.1904492879976,21409.54995741997,"{'Vertiport_1': 15, 'Vertiport_2': 10, 'Vertiport_3': 15, 'Vertiport_4': 16, 'Vertiport_5': 15, 'Vertiport_6': 0, 'Vertiport_7': 25, 'Vertiport_8': 19, 'Vertiport_9': 20, 'Vertiport_10': 15}"
5,202.0,36,2263.808319931999,23673.35827735197,"{'Vertiport_1': 15, 'Vertiport_2': 15, 'Vertiport_3': 15, 'Vertiport_4': 12, 'Vertiport_5': 15, 'Vertiport_6': 2, 'Vertiport_7': 23, 'Vertiport_8': 22, 'Vertiport_9': 16, 'Vertiport_10': 15}"
6,188.0,32,2339.007785003999,26012.36606235597,"{'Vertiport_1': 15, 'Vertiport_2': 15, 'Vertiport_3': 15, 'Vertiport_4': 16, 'Vertiport_5': 15, 'Vertiport_6': 4, 'Vertiport_7': 18, 'Vertiport_8': 22, 'Vertiport_9': 15, 'Vertiport_10': 15}"
7,199.0,35,2290.5380442679993,28302.90410662397,"{'Vertiport_1': 15, 'Vertiport_2': 13, 'Vertiport_3': 15, 'Vertiport_4': 12, 'Vertiport_5': 15, 'Vertiport_6': 6, 'Vertiport_7': 21, 'Vertiport_8': 22, 'Vertiport_9': 16, 'Vertiport_10': 15}"
8,219.0,41,2243.6129298319997,30546.51703645597,"{'Vertiport_1': 15, 'Vertiport_2': 13, 'Vertiport_3': 15, 'Vertiport_4': 15, 'Vertiport_5': 15, 'Vertiport_6': 0, 'Vertiport_7': 26, 'Vertiport_8': 20, 'Vertiport_9': 16, 'Vertiport_10': 15}"
9,157.0,21,2052.66270598,32599.179742435972,"{'Vertiport_1': 15, 'Vertiport_2': 13, 'Vertiport_3': 15, 'Vertiport_4': 15, 'Vertiport_5': 15, 'Vertiport_6': 7, 'Vertiport_7': 21, 'Vertiport_8': 16, 'Vertiport_9': 18, 'Vertiport_10': 15}"
10,137.0,17,1349.932686892001,33949.11242932797,"{'Vertiport_1': 15, 'Vertiport_2': 12, 'Vertiport_3': 15, 'Vertiport_4': 13, 'Vertiport_5': 15, 'Vertiport_6': 3, 'Vertiport_7': 20, 'Vertiport_8': 24, 'Vertiport_9': 18, 'Vertiport_10': 15}"
11,143.0,13,1711.6634554799998,35660.77588480797,"{'Vertiport_1': 15, 'Vertiport_2': 13, 'Vertiport_3': 15, 'Vertiport_4': 15, 'Vertiport_5': 15, 'Vertiport_6': 0, 'Vertiport_7': 18, 'Vertiport_8': 26, 'Vertiport_9': 18, 'Vertiport_10': 15}"
12,195.0,31,2308.443855567999,37969.219740375964,"{'Vertiport_1': 15, 'Vertiport_2': 13, 'Vertiport_3': 15, 'Vertiport_4': 15, 'Vertiport_5': 15, 'Vertiport_6': 2, 'Vertiport_7': 25, 'Vertiport_8': 18, 'Vertiport_9': 17, 'Vertiport_10': 15}"
13,153.0,21,1432.1634540360005,39401.38319441197,"{'Vertiport_1': 15, 'Vertiport_2': 15, 'Vertiport_3': 15, 'Vertiport_4': 14, 'Vertiport_5': 15, 'Vertiport_6': 3, 'Vertiport_7': 16, 'Vertiport_8': 27, 'Vertiport_9': 15, 'Vertiport_10': 15}"
14,161.0,25,1538.8219756400008,40940.205170051966,"{'Vertiport_1': 15, 'Vertiport_2': 15, 'Vertiport_3': 15, 'Vertiport_4': 16, 'Vertiport_5': 15, 'Vertiport_6': 4, 'Vertiport_7': 18, 'Vertiport_8': 23, 'Vertiport_9': 14, 'Vertiport_10': 15}"
15,271.0,63,3096.198782031998,44036.403952083965,"{'Vertiport_1': 15, 'Vertiport_2': 16, 'Vertiport_3': 15, 'Vertiport_4': 6, 'Vertiport_5': 15, 'Vertiport_6': 0, 'Vertiport_7': 33, 'Vertiport_8': 21, 'Vertiport_9': 14, 'Vertiport_10': 15}"
16,234.0,52,2760.81079518,46797.21474726396,"{'Vertiport_1': 15, 'Vertiport_2': 12, 'Vertiport_3': 15, 'Vertiport_4': 3, 'Vertiport_5': 15, 'Vertiport_6': 2, 'Vertiport_7': 33, 'Vertiport_8': 21, 'Vertiport_9': 19, 'Vertiport_10': 15}"
17,274.0,66,3389.042801215999,50186.25754847996,"{'Vertiport_1': 15, 'Vertiport_2': 14, 'Vertiport_3': 15, 'Vertiport_4': 1, 'Vertiport_5': 15, 'Vertiport_6': 2, 'Vertiport_7': 35, 'Vertiport_8': 22, 'Vertiport_9': 16, 'Vertiport_10': 15}"
18,255.0,59,3305.6347139159966,53491.89226239596,"{'Vertiport_1': 15, 'Vertiport_2': 13, 'Vertiport_3': 15, 'Vertiport_4': 1, 'Vertiport_5': 15, 'Vertiport_6': 0, 'Vertiport_7': 40, 'Vertiport_8': 19, 'Vertiport_9': 17, 'Vertiport_10': 15}"
19,353.0,95,4787.547999167994,58279.440261563956,"{'Vertiport_1': 15, 'Vertiport_2': 13, 'Vertiport_3': 15, 'Vertiport_4': 0, 'Vertiport_5': 15, 'Vertiport_6': 0, 'Vertiport_7': 39, 'Vertiport_8': 21, 'Vertiport_9': 17, 'Vertiport_10': 15}"
20,367.0,99,4665.183628327992,62944.62388989195,"{'Vertiport_1': 15, 'Vertiport_2': 12, 'Vertiport_3': 15, 'Vertiport_4': 1, 'Vertiport_5': 15, 'Vertiport_6': 1, 'Vertiport_7': 37, 'Vertiport_8': 21, 'Vertiport_9': 18, 'Vertiport_10': 15}"
21,329.0,87,4142.839641607997,67087.46353149995,"{'Vertiport_1': 15, 'Vertiport_2': 16, 'Vertiport_3': 15, 'Vertiport_4': 1, 'Vertiport_5': 15, 'Vertiport_6': 0, 'Vertiport_7': 37, 'Vertiport_8': 22, 'Vertiport_9': 14, 'Vertiport_10': 15}"
22,403.0,109,5668.225973495991,72755.68950499594,"{'Vertiport_1': 15, 'Vertiport_2': 11, 'Vertiport_3': 15, 'Vertiport_4': 3, 'Vertiport_5': 15, 'Vertiport_6': 0, 'Vertiport_7': 34, 'Vertiport_8': 24, 'Vertiport_9': 18, 'Vertiport_10': 15}"
23,509.0,155,6320.991168487979,79076.68067348392,"{'Vertiport_1': 15, 'Vertiport_2': 14, 'Vertiport_3': 15, 'Vertiport_4': 11, 'Vertiport_5': 15, 'Vertiport_6': 0, 'Vertiport_7': 33, 'Vertiport_8': 16, 'Vertiport_9': 16, 'Vertiport_10': 15}"
24,564.0,174,7357.960531199971,86434.6412046839,"{'Vertiport_1': 15, 'Vertiport_2': 13, 'Vertiport_3': 15, 'Vertiport_4': 13, 'Vertiport_5': 15, 'Vertiport_6': 9, 'Vertiport_7': 22, 'Vertiport_8': 15, 'Vertiport_9': 18, 'Vertiport_10': 15}"
25,456.0,140,6009.39755139998,92444.03875608387,"{'Vertiport_1': 15, 'Vertiport_2': 15, 'Vertiport_3': 15, 'Vertiport_4': 12, 'Vertiport_5': 15, 'Vertiport_6': 14, 'Vertiport_7': 17, 'Vertiport_8': 17, 'Vertiport_9': 15, 'Vertiport_10': 15}"
26,440.0,140,6278.3528639439855,98722.39162002786,"{'Vertiport_1': 15, 'Vertiport_2': 14, 'Vertiport_3': 15, 'Vertiport_4': 15, 'Vertiport_5': 15, 'Vertiport_6': 12, 'Vertiport_7': 19, 'Vertiport_8': 14, 'Vertiport_9': 16, 'Vertiport_10': 15}"
27,648.0,210,8514.58813865998,107236.97975868784,"{'Vertiport_1': 15, 'Vertiport_2': 14, 'Vertiport_3': 15, 'Vertiport_4': 15, 'Vertiport_5': 15, 'Vertiport_6': 13, 'Vertiport_7': 18, 'Vertiport_8': 14, 'Vertiport_9': 16, 'Vertiport_10': 15}"
28,597.0,193,8148.722428831958,115385.7021875198,"{'Vertiport_1': 15, 'Vertiport_2': 15, 'Vertiport_3': 15, 'Vertiport_4': 16, 'Vertiport_5': 15, 'Vertiport_6': 12, 'Vertiport_7': 18, 'Vertiport_8': 13, 'Vertiport_9': 16, 'Vertiport_10': 15}"
29,664.0,216,8929.786248591976,124315.48843611177,"{'Vertiport_1': 15, 'Vertiport_2': 15, 'Vertiport_3': 15, 'Vertiport_4': 16, 'Vertiport_5': 15, 'Vertiport_6': 14, 'Vertiport_7': 17, 'Vertiport_8': 13, 'Vertiport_9': 15, 'Vertiport_10': 15}"
30,618.0,202,7892.804134111972,132208.29257022374,"{'Vertiport_1': 15, 'Vertiport_2': 14, 'Vertiport_3': 15, 'Vertiport_4': 15, 'Vertiport_5': 15, 'Vertiport_6': 16, 'Vertiport_7': 15, 'Vertiport_8': 14, 'Vertiport_9': 16, 'Vertiport_10': 15}"
31,683.0,223,9209.751810499978,141418.04438072373,"{'Vertiport_1': 15, 'Vertiport_2': 17, 'Vertiport_3': 15, 'Vertiport_4': 15, 'Vertiport_5': 15, 'Vertiport_6': 17, 'Vertiport_7': 15, 'Vertiport_8': 12, 'Vertiport_9': 14, 'Vertiport_10': 15}"
32,665.0,219,9727.665638223985,151145.71001894772,"{'Vertiport_1': 15, 'Vertiport_2': 17, 'Vertiport_3': 15, 'Vertiport_4': 15, 'Vertiport_5': 15, 'Vertiport_6': 16, 'Vertiport_7': 14, 'Vertiport_8': 16, 'Vertiport_9': 12, 'Vertiport_10': 15}"
33,698.0,226,9561.263042411987,160706.97306135972,"{'Vertiport_1': 15, 'Vertiport_2': 19, 'Vertiport_3': 15, 'Vertiport_4': 17, 'Vertiport_5': 15, 'Vertiport_6': 16, 'Vertiport_7': 15, 'Vertiport_8': 11, 'Vertiport_9': 12, 'Vertiport_10': 15}"
34,662.0,218,8866.961734595983,169573.9347959557,"{'Vertiport_1': 15, 'Vertiport_2': 17, 'Vertiport_3': 15, 'Vertiport_4': 16, 'Vertiport_5': 15, 'Vertiport_6': 15, 'Vertiport_7': 15, 'Vertiport_8': 15, 'Vertiport_9': 12, 'Vertiport_10': 15}"
35,604.0,200,8421.897323907966,177995.83211986365,"{'Vertiport_1': 15, 'Vertiport_2': 16, 'Vertiport_3': 15, 'Vertiport_4': 15, 'Vertiport_5': 15, 'Vertiport_6': 16, 'Vertiport_7': 14, 'Vertiport_8': 15, 'Vertiport_9': 14, 'Vertiport_10': 15}"
36,697.0,229,9779.597175828,187775.42929569166,"{'Vertiport_1': 15, 'Vertiport_2': 16, 'Vertiport_3': 15, 'Vertiport_4': 18, 'Vertiport_5': 15, 'Vertiport_6': 16, 'Vertiport_7': 14, 'Vertiport_8': 12, 'Vertiport_9': 14, 'Vertiport_10': 15}"
37,735.0,239,10118.26594099599,197893.69523668766,"{'Vertiport_1': 15, 'Vertiport_2': 19, 'Vertiport_3': 15, 'Vertiport_4': 15, 'Vertiport_5': 15, 'Vertiport_6': 18, 'Vertiport_7': 14, 'Vertiport_8': 13, 'Vertiport_9': 11, 'Vertiport_10': 15}"
38,663.0,217,9666.229538831994,207559.92477551967,"{'Vertiport_1': 15, 'Vertiport_2': 19, 'Vertiport_3': 15, 'Vertiport_4': 15, 'Vertiport_5': 15, 'Vertiport_6': 15, 'Vertiport_7': 15, 'Vertiport_8': 15, 'Vertiport_9': 11, 'Vertiport_10': 15}"
39,701.0,229,9185.894316151984,216745.81909167164,"{'Vertiport_1': 15, 'Vertiport_2': 17, 'Vertiport_3': 15, 'Vertiport_4': 18, 'Vertiport_5': 15, 'Vertiport_6': 17, 'Vertiport_7': 15, 'Vertiport_8': 10, 'Vertiport_9': 13, 'Vertiport_10': 15}"
40,682.0,224,9783.455922855983,226529.27501452764,"{'Vertiport_1': 15, 'Vertiport_2': 19, 'Vertiport_3': 15, 'Vertiport_4': 16, 'Vertiport_5': 15, 'Vertiport_6': 15, 'Vertiport_7': 15, 'Vertiport_8': 14, 'Vertiport_9': 11, 'Vertiport_10': 15}"
41,721.0,239,10009.58969818798,236538.86471271561,"{'Vertiport_1': 15, 'Vertiport_2': 16, 'Vertiport_3': 15, 'Vertiport_4': 15, 'Vertiport_5': 15, 'Vertiport_6': 16, 'Vertiport_7': 14, 'Vertiport_8': 15, 'Vertiport_9': 14, 'Vertiport_10': 15}"
42,673.0,221,9583.341365123988,246122.2060778396,"{'Vertiport_1': 15, 'Vertiport_2': 17, 'Vertiport_3': 15, 'Vertiport_4': 15, 'Vertiport_5': 15, 'Vertiport_6': 17, 'Vertiport_7': 15, 'Vertiport_8': 14, 'Vertiport_9': 12, 'Vertiport_10': 15}"
43,701.0,231,9560.03535968798,255682.24143752758,"{'Vertiport_1': 15, 'Vertiport_2': 18, 'Vertiport_3': 15, 'Vertiport_4': 16, 'Vertiport_5': 15, 'Vertiport_6': 15, 'Vertiport_7': 15, 'Vertiport_8': 14, 'Vertiport_9': 12, 'Vertiport_10': 15}"
44,698.0,230,9530.551175919984,265212.7926134476,"{'Vertiport_1': 15, 'Vertiport_2': 17, 'Vertiport_3': 15, 'Vertiport_4': 17, 'Vertiport_5': 15, 'Vertiport_6': 15, 'Vertiport_7': 15, 'Vertiport_8': 13, 'Vertiport_9': 13, 'Vertiport_10': 15}"
45,702.0,232,9821.165275239977,275033.95788868755,"{'Vertiport_1': 15, 'Vertiport_2': 17, 'Vertiport_3': 15, 'Vertiport_4': 15, 'Vertiport_5': 15, 'Vertiport_6': 16, 'Vertiport_7': 15, 'Vertiport_8': 14, 'Vertiport_9': 13, 'Vertiport_10': 15}"
46,716.0,238,9939.192555815982,284973.1504445035,"{'Vertiport_1': 15, 'Vertiport_2': 15, 'Vertiport_3': 15, 'Vertiport_4': 16, 'Vertiport_5': 15, 'Vertiport_6': 15, 'Vertiport_7': 15, 'Vertiport_8': 14, 'Vertiport_9': 15, 'Vertiport_10': 15}"
47,790.0,262,10929.074641775995,295902.2250862795,"{'Vertiport_1': 15, 'Vertiport_2': 17, 'Vertiport_3': 15, 'Vertiport_4': 15, 'Vertiport_5': 15, 'Vertiport_6': 15, 'Vertiport_7': 15, 'Vertiport_8': 15, 'Vertiport_9': 13, 'Vertiport_10': 15}"
48,706.0,234,10481.135195327985,306383.3602816075,"{'Vertiport_1': 15, 'Vertiport_2': 17, 'Vertiport_3': 15, 'Vertiport_4': 15, 'Vertiport_5': 15, 'Vertiport_6': 15, 'Vertiport_7': 15, 'Vertiport_8': 15, 'Vertiport_9': 13, 'Vertiport_10': 15}"
49,678.0,224,9654.969211403984,316038.32949301146,"{'Vertiport_1': 15, 'Vertiport_2': 16, 'Vertiport_3': 15, 'Vertiport_4': 15, 'Vertiport_5': 15, 'Vertiport_6': 17, 'Vertiport_7': 14, 'Vertiport_8': 14, 'Vertiport_9': 14, 'Vertiport_10': 15}"
50,654.0,216,9113.67733829598,325152.00683130743,"{'Vertiport_1': 15, 'Vertiport_2': 16, 'Vertiport_3': 15, 'Vertiport_4': 16, 'Vertiport_5': 15, 'Vertiport_6': 16, 'Vertiport_7': 15, 'Vertiport_8': 13, 'Vertiport_9': 14, 'Vertiport_10': 15}"
51,698.0,230,9757.30805298398,334909.31488429144,"{'Vertiport_1': 15, 'Vertiport_2': 15, 'Vertiport_3': 14, 'Vertiport_4': 15, 'Vertiport_5': 15, 'Vertiport_6': 16, 'Vertiport_7': 15, 'Vertiport_8': 14, 'Vertiport_9': 15, 'Vertiport_10': 16}"
52,593.0,195,7774.681961351963,342683.9968456434,"{'Vertiport_1': 15, 'Vertiport_2': 15, 'Vertiport_3': 16, 'Vertiport_4': 16, 'Vertiport_5': 15, 'Vertiport_6': 17, 'Vertiport_7': 15, 'Vertiport_8': 12, 'Vertiport_9': 15, 'Vertiport_10': 14}"
53,606.0,198,8061.597085679965,350745.5939313233,"{'Vertiport_1': 15, 'Vertiport_2': 15, 'Vertiport_3': 15, 'Vertiport_4': 17, 'Vertiport_5': 15, 'Vertiport_6': 17, 'Vertiport_7': 13, 'Vertiport_8': 11, 'Vertiport_9': 17, 'Vertiport_10': 15}"
54,602.0,200,8858.707314391982,359604.3012457153,"{'Vertiport_1': 15, 'Vertiport_2': 15, 'Vertiport_3': 15, 'Vertiport_4': 15, 'Vertiport_5': 15, 'Vertiport_6': 16, 'Vertiport_7': 15, 'Vertiport_8': 14, 'Vertiport_9': 15, 'Vertiport_10': 15}"
55,589.0,195,8260.110947591967,367864.41219330725,"{'Vertiport_1': 15, 'Vertiport_2': 15, 'Vertiport_3': 15, 'Vertiport_4': 17, 'Vertiport_5': 15, 'Vertiport_6': 15, 'Vertiport_7': 15, 'Vertiport_8': 13, 'Vertiport_9': 15, 'Vertiport_10': 15}"
56,530.0,176,7636.824549039973,375501.23674234725,"{'Vertiport_1': 15, 'Vertiport_2': 15, 'Vertiport_3': 15, 'Vertiport_4': 15, 'Vertiport_5': 15, 'Vertiport_6': 16, 'Vertiport_7': 15, 'Vertiport_8': 14, 'Vertiport_9': 15, 'Vertiport_10': 15}"
57,632.0,210,8870.584423471973,384371.82116581924,"{'Vertiport_1': 15, 'Vertiport_2': 15, 'Vertiport_3': 15, 'Vertiport_4': 15, 'Vertiport_5': 15, 'Vertiport_6': 16, 'Vertiport_7': 15, 'Vertiport_8': 14, 'Vertiport_9': 15, 'Vertiport_10': 15}"
58,836.0,278,11303.007469483982,395674.82863530325,"{'Vertiport_1': 15, 'Vertiport_2': 15, 'Vertiport_3': 15, 'Vertiport_4': 15, 'Vertiport_5': 15, 'Vertiport_6': 16, 'Vertiport_7': 14, 'Vertiport_8': 15, 'Vertiport_9': 15, 'Vertiport_10': 15}"
59,783.0,261,11198.943741391995,406873.77237669524,"{'Vertiport_1': 15, 'Vertiport_2': 15, 'Vertiport_3': 15, 'Vertiport_4': 15, 'Vertiport_5': 15, 'Vertiport_6': 15, 'Vertiport_7': 15, 'Vertiport_8': 15, 'Vertiport_9': 15, 'Vertiport_10': 15}"
60,910.0,300,13035.384314860003,419909.1566915552,"{'Vertiport_1': 15, 'Vertiport_2': 15, 'Vertiport_3': 14, 'Vertiport_4': 16, 'Vertiport_5': 15, 'Vertiport_6': 18, 'Vertiport_7': 14, 'Vertiport_8': 12, 'Vertiport_9': 15, 'Vertiport_10': 16}"
61,987.0,327,13609.820254548005,433518.9769461032,"{'Vertiport_1': 15, 'Vertiport_2': 15, 'Vertiport_3': 15, 'Vertiport_4': 17, 'Vertiport_5': 15, 'Vertiport_6': 15, 'Vertiport_7': 15, 'Vertiport_8': 12, 'Vertiport_9': 16, 'Vertiport_10': 15}"
62,965.0,321,13698.298183744007,447217.2751298472,"{'Vertiport_1': 15, 'Vertiport_2': 15, 'Vertiport_3': 15, 'Vertiport_4': 16, 'Vertiport_5': 15, 'Vertiport_6': 15, 'Vertiport_7': 15, 'Vertiport_8': 14, 'Vertiport_9': 15, 'Vertiport_10': 15}"
63,919.0,303,12737.02768106399,459954.3028109112,"{'Vertiport_1': 15, 'Vertiport_2': 15, 'Vertiport_3': 14, 'Vertiport_4': 17, 'Vertiport_5': 15, 'Vertiport_6': 17, 'Vertiport_7': 15, 'Vertiport_8': 11, 'Vertiport_9': 15, 'Vertiport_10': 16}"
64,976.0,324,13951.663697252005,473905.9665081632,"{'Vertiport_1': 15, 'Vertiport_2': 15, 'Vertiport_3': 15, 'Vertiport_4': 16, 'Vertiport_5': 15, 'Vertiport_6': 15, 'Vertiport_7': 15, 'Vertiport_8': 13, 'Vertiport_9': 16, 'Vertiport_10': 15}"
65,1149.0,381,16293.586526720012,490199.5530348832,"{'Vertiport_1': 15, 'Vertiport_2': 15, 'Vertiport_3': 15, 'Vertiport_4': 16, 'Vertiport_5': 15, 'Vertiport_6': 15, 'Vertiport_7': 15, 'Vertiport_8': 14, 'Vertiport_9': 15, 'Vertiport_10': 15}"
66,1129.0,375,15743.059175952014,505942.6122108352,"{'Vertiport_1': 15, 'Vertiport_2': 15, 'Vertiport_3': 15, 'Vertiport_4': 17, 'Vertiport_5': 15, 'Vertiport_6': 15, 'Vertiport_7': 15, 'Vertiport_8': 13, 'Vertiport_9': 15, 'Vertiport_10': 15}"
67,1176.0,390,16111.956005040016,522054.56821587525,"{'Vertiport_1': 15, 'Vertiport_2': 15, 'Vertiport_3': 14, 'Vertiport_4': 15, 'Vertiport_5': 15, 'Vertiport_6': 17, 'Vertiport_7': 15, 'Vertiport_8': 13, 'Vertiport_9': 15, 'Vertiport_10': 16}"
68,1251.0,415,17719.13673316802,539773.7049490432,"{'Vertiport_1': 15, 'Vertiport_2': 15, 'Vertiport_3': 15, 'Vertiport_4': 16, 'Vertiport_5': 15, 'Vertiport_6': 15, 'Vertiport_7': 15, 'Vertiport_8': 14, 'Vertiport_9': 15, 'Vertiport_10': 15}"
69,1160.0,384,16213.274841992015,555986.9797910353,"{'Vertiport_1': 15, 'Vertiport_2': 15, 'Vertiport_3': 17, 'Vertiport_4': 16, 'Vertiport_5': 15, 'Vertiport_6': 16, 'Vertiport_7': 15, 'Vertiport_8': 13, 'Vertiport_9': 15, 'Vertiport_10': 13}"
70,1191.0,395,16334.515029440023,572321.4948204753,"{'Vertiport_1': 15, 'Vertiport_2': 15, 'Vertiport_3': 14, 'Vertiport_4': 17, 'Vertiport_5': 15, 'Vertiport_6': 15, 'Vertiport_7': 15, 'Vertiport_8': 13, 'Vertiport_9': 15, 'Vertiport_10': 16}"
71,1200.0,398,17296.16810949603,589617.6629299714,"{'Vertiport_1': 15, 'Vertiport_2': 15, 'Vertiport_3': 13, 'Vertiport_4': 16, 'Vertiport_5': 15, 'Vertiport_6': 15, 'Vertiport_7': 15, 'Vertiport_8': 14, 'Vertiport_9': 15, 'Vertiport_10': 17}"
72,1262.0,418,17659.903653972025,607277.5665839433,"{'Vertiport_1': 15, 'Vertiport_2': 15, 'Vertiport_3': 14, 'Vertiport_4': 15, 'Vertiport_5': 15, 'Vertiport_6': 17, 'Vertiport_7': 15, 'Vertiport_8': 12, 'Vertiport_9': 16, 'Vertiport_10': 16}"
73,1196.0,398,16784.97440302801,624062.5409869713,"{'Vertiport_1': 15, 'Vertiport_2': 15, 'Vertiport_3': 15, 'Vertiport_4': 15, 'Vertiport_5': 15, 'Vertiport_6': 15, 'Vertiport_7': 15, 'Vertiport_8': 16, 'Vertiport_9': 14, 'Vertiport_10': 15}"
74,1215.0,403,17298.462241372028,641361.0032283433,"{'Vertiport_1': 15, 'Vertiport_2': 15, 'Vertiport_3': 15, 'Vertiport_4': 16, 'Vertiport_5': 15, 'Vertiport_6': 16, 'Vertiport_7': 15, 'Vertiport_8': 14, 'Vertiport_9': 14, 'Vertiport_10': 15}"
75,1236.0,410,16834.845869360015,658195.8490977034,"{'Vertiport_1': 15, 'Vertiport_2': 15, 'Vertiport_3': 15, 'Vertiport_4': 15, 'Vertiport_5': 15, 'Vertiport_6': 16, 'Vertiport_7': 15, 'Vertiport_8': 14, 'Vertiport_9': 15, 'Vertiport_10': 15}"
76,1254.0,414,17169.928450364012,675365.7775480674,"{'Vertiport_1': 15, 'Vertiport_2': 15, 'Vertiport_3': 17, 'Vertiport_4': 16, 'Vertiport_5': 15, 'Vertiport_6': 17, 'Vertiport_7': 15, 'Vertiport_8': 13, 'Vertiport_9': 14, 'Vertiport_10': 13}"
77,1300.0,428,18013.738166272036,693379.5157143394,"{'Vertiport_1': 15, 'Vertiport_2': 15, 'Vertiport_3': 16, 'Vertiport_4': 19, 'Vertiport_5': 15, 'Vertiport_6': 18, 'Vertiport_7': 15, 'Vertiport_8': 8, 'Vertiport_9': 15, 'Vertiport_10': 14}"
78,1232.0,408,16972.133035940034,710351.6487502794,"{'Vertiport_1': 15, 'Vertiport_2': 15, 'Vertiport_3': 15, 'Vertiport_4': 16, 'Vertiport_5': 15, 'Vertiport_6': 17, 'Vertiport_7': 15, 'Vertiport_8': 11, 'Vertiport_9': 16, 'Vertiport_10': 15}"
79,1261.0,419,17982.278153304025,728333.9269035835,"{'Vertiport_1': 15, 'Vertiport_2': 15, 'Vertiport_3': 16, 'Vertiport_4': 16, 'Vertiport_5': 15, 'Vertiport_6': 15, 'Vertiport_7': 15, 'Vertiport_8': 14, 'Vertiport_9': 15, 'Vertiport_10': 14}"
80,1320.0,438,18048.262000088034,746382.1889036715,"{'Vertiport_1': 15, 'Vertiport_2': 15, 'Vertiport_3': 14, 'Vertiport_4': 16, 'Vertiport_5': 15, 'Vertiport_6': 16, 'Vertiport_7': 15, 'Vertiport_8': 13, 'Vertiport_9': 15, 'Vertiport_10': 16}"
81,1360.0,452,18602.071534040017,764984.2604377115,"{'Vertiport_1': 15, 'Vertiport_2': 15, 'Vertiport_3': 15, 'Vertiport_4': 16, 'Vertiport_5': 15, 'Vertiport_6': 16, 'Vertiport_7': 15, 'Vertiport_8': 13, 'Vertiport_9': 15, 'Vertiport_10': 15}"
82,1400.0,464,20416.50092353202,785400.7613612436,"{'Vertiport_1': 15, 'Vertiport_2': 15, 'Vertiport_3': 14, 'Vertiport_4': 15, 'Vertiport_5': 15, 'Vertiport_6': 15, 'Vertiport_7': 15, 'Vertiport_8': 14, 'Vertiport_9': 16, 'Vertiport_10': 16}"
83,1445.0,481,20936.584744208005,806337.3461054516,"{'Vertiport_1': 15, 'Vertiport_2': 15, 'Vertiport_3': 15, 'Vertiport_4': 16, 'Vertiport_5': 15, 'Vertiport_6': 15, 'Vertiport_7': 15, 'Vertiport_8': 14, 'Vertiport_9': 15, 'Vertiport_10': 15}"
84,1259.0,417,17275.17832163204,823612.5244270837,"{'Vertiport_1': 15, 'Vertiport_2': 15, 'Vertiport_3': 16, 'Vertiport_4': 16, 'Vertiport_5': 15, 'Vertiport_6': 15, 'Vertiport_7': 15, 'Vertiport_8': 14, 'Vertiport_9': 15, 'Vertiport_10': 14}"
85,1243.0,411,17860.316974664027,841472.8414017477,"{'Vertiport_1': 15, 'Vertiport_2': 15, 'Vertiport_3': 14, 'Vertiport_4': 17, 'Vertiport_5': 15, 'Vertiport_6': 15, 'Vertiport_7': 15, 'Vertiport_8': 13, 'Vertiport_9': 15, 'Vertiport_10': 16}"
86,1262.0,418,17305.54077910803,858778.3821808557,"{'Vertiport_1': 15, 'Vertiport_2': 15, 'Vertiport_3': 15, 'Vertiport_4': 15, 'Vertiport_5': 15, 'Vertiport_6': 16, 'Vertiport_7': 15, 'Vertiport_8': 15, 'Vertiport_9': 14, 'Vertiport_10': 15}"
87,1293.0,431,17871.101132720025,876649.4833135757,"{'Vertiport_1': 15, 'Vertiport_2': 15, 'Vertiport_3': 15, 'Vertiport_4': 15, 'Vertiport_5': 15, 'Vertiport_6': 15, 'Vertiport_7': 15, 'Vertiport_8': 15, 'Vertiport_9': 15, 'Vertiport_10': 15}"
88,1221.0,405,16943.133060120024,893592.6163736958,"{'Vertiport_1': 15, 'Vertiport_2': 15, 'Vertiport_3': 15, 'Vertiport_4': 15, 'Vertiport_5': 15, 'Vertiport_6': 16, 'Vertiport_7': 15, 'Vertiport_8': 14, 'Vertiport_9': 15, 'Vertiport_10': 15}"
89,1105.0,367,15030.32846354401,908622.9448372398,"{'Vertiport_1': 15, 'Vertiport_2': 15, 'Vertiport_3': 15, 'Vertiport_4': 15, 'Vertiport_5': 15, 'Vertiport_6': 15, 'Vertiport_7': 15, 'Vertiport_8': 13, 'Vertiport_9': 17, 'Vertiport_10': 15}"
90,1079.0,357,15550.394789788004,924173.3396270279,"{'Vertiport_1': 15, 'Vertiport_2': 15, 'Vertiport_3': 14, 'Vertiport_4': 15, 'Vertiport_5': 15, 'Vertiport_6': 15, 'Vertiport_7': 15, 'Vertiport_8': 14, 'Vertiport_9': 16, 'Vertiport_10': 16}"
91,1089.0,363,15986.187364400013,940159.5269914279,"{'Vertiport_1': 15, 'Vertiport_2': 15, 'Vertiport_3': 15, 'Vertiport_4': 15, 'Vertiport_5': 15, 'Vertiport_6': 15, 'Vertiport_7': 15, 'Vertiport_8': 15, 'Vertiport_9': 15, 'Vertiport_10': 15}"
92,1219.0,403,17679.84361939602,957839.3706108239,"{'Vertiport_1': 15, 'Vertiport_2': 15, 'Vertiport_3': 12, 'Vertiport_4': 16, 'Vertiport_5': 15, 'Vertiport_6': 15, 'Vertiport_7': 15, 'Vertiport_8': 13, 'Vertiport_9': 16, 'Vertiport_10': 18}"
93,1067.0,353,15701.39420541201,973540.7648162359,"{'Vertiport_1': 15, 'Vertiport_2': 15, 'Vertiport_3': 14, 'Vertiport_4': 16, 'Vertiport_5': 15, 'Vertiport_6': 16, 'Vertiport_7': 15, 'Vertiport_8': 14, 'Vertiport_9': 14, 'Vertiport_10': 16}"
94,947.0,311,13635.40554458001,987176.1703608158,"{'Vertiport_1': 15, 'Vertiport_2': 15, 'Vertiport_3': 14, 'Vertiport_4': 17, 'Vertiport_5': 15, 'Vertiport_6': 16, 'Vertiport_7': 15, 'Vertiport_8': 11, 'Vertiport_9': 16, 'Vertiport_10': 16}"
95,698.0,230,9705.340000871987,996881.5103616879,"{'Vertiport_1': 15, 'Vertiport_2': 15, 'Vertiport_3': 14, 'Vertiport_4': 15, 'Vertiport_5': 15, 'Vertiport_6': 16, 'Vertiport_7': 15, 'Vertiport_8': 14, 'Vertiport_9': 15, 'Vertiport_10': 16}"
96,547.0,181,7408.064747591973,1004289.5751092798,"{'Vertiport_1': 15, 'Vertiport_2': 15, 'Vertiport_3': 15, 'Vertiport_4': 17, 'Vertiport_5': 15, 'Vertiport_6': 15, 'Vertiport_7': 15, 'Vertiport_8': 13, 'Vertiport_9': 15, 'Vertiport_10': 15}"
97,433.0,143,5749.064552823982,1010038.6396621038,"{'Vertiport_1': 15, 'Vertiport_2': 15, 'Vertiport_3': 15, 'Vertiport_4': 15, 'Vertiport_5': 15, 'Vertiport_6': 15, 'Vertiport_7': 15, 'Vertiport_8': 15, 'Vertiport_9': 15, 'Vertiport_10': 15}"
98,359.0,119,4939.792971207991,1014978.4326333118,"{'Vertiport_1': 15, 'Vertiport_2': 15, 'Vertiport_3': 15, 'Vertiport_4': 16, 'Vertiport_5': 15, 'Vertiport_6': 15, 'Vertiport_7': 15, 'Vertiport_8': 14, 'Vertiport_9': 15, 'Vertiport_10': 15}"
99,361.0,119,5869.941183671984,1020848.3738169838,"{'Vertiport_1': 15, 'Vertiport_2': 15, 'Vertiport_3': 14, 'Vertiport_4': 16, 'Vertiport_5': 15, 'Vertiport_6': 15, 'Vertiport_7': 15, 'Vertiport_8': 14, 'Vertiport_9': 15, 'Vertiport_10': 16}"
100,264.0,88,3889.4136455679986,1024737.7874625517,"{'Vertiport_1': 15, 'Vertiport_2': 15, 'Vertiport_3': 15, 'Vertiport_4': 15, 'Vertiport_5': 15, 'Vertiport_6': 15, 'Vertiport_7': 15, 'Vertiport_8': 15, 'Vertiport_9': 15, 'Vertiport_10': 15}"
101,255.0,85,3998.887552399997,1028736.6750149517,"{'Vertiport_1': 15, 'Vertiport_2': 15, 'Vertiport_3': 15, 'Vertiport_4': 15, 'Vertiport_5': 15, 'Vertiport_6': 15, 'Vertiport_7': 15, 'Vertiport_8': 15, 'Vertiport_9': 15, 'Vertiport_10': 15}"
102,216.0,72,3332.393552143999,1032069.0685670957,"{'Vertiport_1': 15, 'Vertiport_2': 15, 'Vertiport_3': 15, 'Vertiport_4': 15, 'Vertiport_5': 15, 'Vertiport_6': 15, 'Vertiport_7': 15, 'Vertiport_8': 15, 'Vertiport_9': 15, 'Vertiport_10': 15}"
103,214.0,70,3064.830539107999,1035133.8991062037,"{'Vertiport_1': 15, 'Vertiport_2': 15, 'Vertiport_3': 15, 'Vertiport_4': 16, 'Vertiport_5': 15, 'Vertiport_6': 15, 'Vertiport_7': 15, 'Vertiport_8': 13, 'Vertiport_9': 16, 'Vertiport_10': 15}"
104,238.0,78,3659.728310371997,1038793.6274165757,"{'Vertiport_1': 15, 'Vertiport_2': 15, 'Vertiport_3': 14, 'Vertiport_4': 15, 'Vertiport_5': 15, 'Vertiport_6': 15, 'Vertiport_7': 15, 'Vertiport_8': 14, 'Vertiport_9': 16, 'Vertiport_10': 16}"
105,153.0,51,2231.964962496,1041025.5923790716,"{'Vertiport_1': 15, 'Vertiport_2': 15, 'Vertiport_3': 15, 'Vertiport_4': 15, 'Vertiport_5': 15, 'Vertiport_6': 15, 'Vertiport_7': 15, 'Vertiport_8': 15, 'Vertiport_9': 15, 'Vertiport_10': 15}"
106,185.0,61,2542.5053437759993,1043568.0977228476,"{'Vertiport_1': 15, 'Vertiport_2': 15, 'Vertiport_3': 15, 'Vertiport_4': 15, 'Vertiport_5': 15, 'Vertiport_6': 16, 'Vertiport_7': 15, 'Vertiport_8': 14, 'Vertiport_9': 15, 'Vertiport_10': 15}"
107,179.0,59,2738.4359826399996,1046306.5337054876,"{'Vertiport_1': 15, 'Vertiport_2': 15, 'Vertiport_3': 14, 'Vertiport_4': 15, 'Vertiport_5': 15, 'Vertiport_6': 15, 'Vertiport_7': 15, 'Vertiport_8': 15, 'Vertiport_9': 15, 'Vertiport_10': 16}"
108,214.0,70,3064.211750343999,1049370.7454558315,"{'Vertiport_1': 15, 'Vertiport_2': 15, 'Vertiport_3': 15, 'Vertiport_4': 15, 'Vertiport_5': 15, 'Vertiport_6': 17, 'Vertiport_7': 15, 'Vertiport_8': 13, 'Vertiport_9': 15, 'Vertiport_10': 15}"
109,247.0,81,3288.9215391439984,1052659.6669949754,"{'Vertiport_1': 15, 'Vertiport_2': 15, 'Vertiport_3': 16, 'Vertiport_4': 15, 'Vertiport_5': 15, 'Vertiport_6': 16, 'Vertiport_7': 15, 'Vertiport_8': 14, 'Vertiport_9': 15, 'Vertiport_10': 14}"
110,328.0,108,4579.019454987992,1057238.6864499634,"{'Vertiport_1': 15, 'Vertiport_2': 15, 'Vertiport_3': 15, 'Vertiport_4': 16, 'Vertiport_5': 15, 'Vertiport_6': 15, 'Vertiport_7': 15, 'Vertiport_8': 13, 'Vertiport_9': 16, 'Vertiport_10': 15}"
111,424.0,140,6305.412665931979,1063544.0991158953,"{'Vertiport_1': 15, 'Vertiport_2': 15, 'Vertiport_3': 15, 'Vertiport_4': 16, 'Vertiport_5': 15, 'Vertiport_6': 15, 'Vertiport_7': 15, 'Vertiport_8': 13, 'Vertiport_9': 16, 'Vertiport_10': 15}"
112,476.0,158,6824.318644715978,1070368.4177606113,"{'Vertiport_1': 15, 'Vertiport_2': 15, 'Vertiport_3': 15, 'Vertiport_4': 15, 'Vertiport_5': 15, 'Vertiport_6': 15, 'Vertiport_7': 15, 'Vertiport_8': 14, 'Vertiport_9': 16, 'Vertiport_10': 15}"
113,529.0,175,7445.891814911973,1077814.3095755232,"{'Vertiport_1': 15, 'Vertiport_2': 15, 'Vertiport_3': 14, 'Vertiport_4': 16, 'Vertiport_5': 15, 'Vertiport_6': 15, 'Vertiport_7': 15, 'Vertiport_8': 14, 'Vertiport_9': 15, 'Vertiport_10': 16}"
114,641.0,213,8856.800816831974,1086671.1103923551,"{'Vertiport_1': 15, 'Vertiport_2': 15, 'Vertiport_3': 15, 'Vertiport_4': 15, 'Vertiport_5': 15, 'Vertiport_6': 16, 'Vertiport_7': 15, 'Vertiport_8': 14, 'Vertiport_9': 15, 'Vertiport_10': 15}"
115,755.0,249,10088.76518590398,1096759.8755782591,"{'Vertiport_1': 15, 'Vertiport_2': 15, 'Vertiport_3': 15, 'Vertiport_4': 16, 'Vertiport_5': 15, 'Vertiport_6': 18, 'Vertiport_7': 15, 'Vertiport_8': 11, 'Vertiport_9': 15, 'Vertiport_10': 15}"
116,741.0,247,10006.443553815989,1106766.3191320752,"{'Vertiport_1': 15, 'Vertiport_2': 15, 'Vertiport_3': 15, 'Vertiport_4': 15, 'Vertiport_5': 15, 'Vertiport_6': 15, 'Vertiport_7': 15, 'Vertiport_8': 15, 'Vertiport_9': 15, 'Vertiport_10': 15}"
117,761.0,251,10337.545841983985,1117103.8649740592,"{'Vertiport_1': 15, 'Vertiport_2': 15, 'Vertiport_3': 16, 'Vertiport_4': 17, 'Vertiport_5': 15, 'Vertiport_6': 16, 'Vertiport_7': 15, 'Vertiport_8': 12, 'Vertiport_9': 15, 'Vertiport_10': 14}"
118,737.0,245,9955.542823679982,1127059.4077977391,"{'Vertiport_1': 15, 'Vertiport_2': 15, 'Vertiport_3': 15, 'Vertiport_4': 16, 'Vertiport_5': 15, 'Vertiport_6': 15, 'Vertiport_7': 15, 'Vertiport_8': 14, 'Vertiport_9': 15, 'Vertiport_10': 15}"
119,765.0,253,10376.180465291984,1137435.588263031,"{'Vertiport_1': 15, 'Vertiport_2': 15, 'Vertiport_3': 15, 'Vertiport_4': 16, 'Vertiport_5': 15, 'Vertiport_6': 16, 'Vertiport_7': 15, 'Vertiport_8': 12, 'Vertiport_9': 16, 'Vertiport_10': 15}"
120,723.0,239,9935.340453379984,1147370.928716411,"{'Vertiport_1': 15, 'Vertiport_2': 15, 'Vertiport_3': 14, 'Vertiport_4': 16, 'Vertiport_5': 15, 'Vertiport_6': 15, 'Vertiport_7': 15, 'Vertiport_8': 13, 'Vertiport_9': 16, 'Vertiport_10': 16}"
121,623.0,207,8871.186313455986,1156242.115029867,"{'Vertiport_1': 15, 'Vertiport_2': 15, 'Vertiport_3': 14, 'Vertiport_4': 15, 'Vertiport_5': 15, 'Vertiport_6': 15, 'Vertiport_7': 15, 'Vertiport_8': 15, 'Vertiport_9': 15, 'Vertiport_10': 16}"
122,616.0,204,8925.241937127983,1165167.356966995,"{'Vertiport_1': 15, 'Vertiport_2': 15, 'Vertiport_3': 16, 'Vertiport_4': 15, 'Vertiport_5': 15, 'Vertiport_6': 16, 'Vertiport_7': 15, 'Vertiport_8': 14, 'Vertiport_9': 15, 'Vertiport_10': 14}"
123,637.0,211,8837.760859363974,1174005.1178263589,"{'Vertiport_1': 15, 'Vertiport_2': 15, 'Vertiport_3': 15, 'Vertiport_4': 16, 'Vertiport_5': 15, 'Vertiport_6': 15, 'Vertiport_7': 15, 'Vertiport_8': 13, 'Vertiport_9': 16, 'Vertiport_10': 15}"
124,633.0,209,9000.981603407978,1183006.0994297669,"{'Vertiport_1': 15, 'Vertiport_2': 15, 'Vertiport_3': 15, 'Vertiport_4': 17, 'Vertiport_5': 15, 'Vertiport_6': 16, 'Vertiport_7': 15, 'Vertiport_8': 12, 'Vertiport_9': 15, 'Vertiport_10': 15}"
125,543.0,179,7305.521183843973,1190311.6206136108,"{'Vertiport_1': 15, 'Vertiport_2': 15, 'Vertiport_3': 16, 'Vertiport_4': 15, 'Vertiport_5': 15, 'Vertiport_6': 16, 'Vertiport_7': 15, 'Vertiport_8': 13, 'Vertiport_9': 16, 'Vertiport_10': 14}"
126,599.0,197,8552.897326359971,1198864.5179399708,"{'Vertiport_1': 15, 'Vertiport_2': 15, 'Vertiport_3': 14, 'Vertiport_4': 17, 'Vertiport_5': 15, 'Vertiport_6': 16, 'Vertiport_7': 15, 'Vertiport_8': 12, 'Vertiport_9': 15, 'Vertiport_10': 16}"
127,693.0,229,10098.425562547985,1208962.9435025188,"{'Vertiport_1': 15, 'Vertiport_2': 15, 'Vertiport_3': 15, 'Vertiport_4': 17, 'Vertiport_5': 15, 'Vertiport_6': 15, 'Vertiport_7': 15, 'Vertiport_8': 12, 'Vertiport_9': 16, 'Vertiport_10': 15}"
128,678.0,224,9736.966544135985,1218699.9100466548,"{'Vertiport_1': 15, 'Vertiport_2': 15, 'Vertiport_3': 14, 'Vertiport_4': 16, 'Vertiport_5': 15, 'Vertiport_6': 16, 'Vertiport_7': 15, 'Vertiport_8': 13, 'Vertiport_9': 15, 'Vertiport_10': 16}"
129,751.0,249,10604.109441627976,1229304.0194882827,"{'Vertiport_1': 15, 'Vertiport_2': 15, 'Vertiport_3': 16, 'Vertiport_4': 15, 'Vertiport_5': 15, 'Vertiport_6': 15, 'Vertiport_7': 15, 'Vertiport_8': 14, 'Vertiport_9': 16, 'Vertiport_10': 14}"
130,737.0,243,10292.186163879993,1239596.2056521627,"{'Vertiport_1': 15, 'Vertiport_2': 15, 'Vertiport_3': 15, 'Vertiport_4': 15, 'Vertiport_5': 15, 'Vertiport_6': 17, 'Vertiport_7': 15, 'Vertiport_8': 13, 'Vertiport_9': 15, 'Vertiport_10': 15}"
131,783.0,261,11417.072195143983,1251013.2778473066,"{'Vertiport_1': 15, 'Vertiport_2': 15, 'Vertiport_3': 15, 'Vertiport_4': 15, 'Vertiport_5': 15, 'Vertiport_6': 15, 'Vertiport_7': 15, 'Vertiport_8': 15, 'Vertiport_9': 15, 'Vertiport_10': 15}"
132,783.0,259,11435.19892345999,1262448.4767707665,"{'Vertiport_1': 15, 'Vertiport_2': 15, 'Vertiport_3': 14, 'Vertiport_4': 15, 'Vertiport_5': 15, 'Vertiport_6': 16, 'Vertiport_7': 15, 'Vertiport_8': 13, 'Vertiport_9': 16, 'Vertiport_10': 16}"
133,766.0,252,10880.99022762399,1273329.4669983906,"{'Vertiport_1': 15, 'Vertiport_2': 15, 'Vertiport_3': 11, 'Vertiport_4': 15, 'Vertiport_5': 15, 'Vertiport_6': 16, 'Vertiport_7': 15, 'Vertiport_8': 14, 'Vertiport_9': 15, 'Vertiport_10': 19}"
134,730.0,242,9742.614966535984,1283072.0819649266,"{'Vertiport_1': 15, 'Vertiport_2': 15, 'Vertiport_3': 15, 'Vertiport_4': 15, 'Vertiport_5': 15, 'Vertiport_6': 17, 'Vertiport_7': 15, 'Vertiport_8': 13, 'Vertiport_9': 15, 'Vertiport_10': 15}"
135,708.0,234,10095.044873751987,1293167.1268386785,"{'Vertiport_1': 15, 'Vertiport_2': 15, 'Vertiport_3': 17, 'Vertiport_4': 15, 'Vertiport_5': 15, 'Vertiport_6': 16, 'Vertiport_7': 15, 'Vertiport_8': 14, 'Vertiport_9': 15, 'Vertiport_10': 13}"
136,743.0,245,10328.547713687989,1303495.6745523664,"{'Vertiport_1': 15, 'Vertiport_2': 15, 'Vertiport_3': 14, 'Vertiport_4': 16, 'Vertiport_5': 15, 'Vertiport_6': 17, 'Vertiport_7': 15, 'Vertiport_8': 12, 'Vertiport_9': 15, 'Vertiport_10': 16}"
137,802.0,264,11721.112211439991,1315216.7867638064,"{'Vertiport_1': 15, 'Vertiport_2': 15, 'Vertiport_3': 14, 'Vertiport_4': 17, 'Vertiport_5': 15, 'Vertiport_6': 15, 'Vertiport_7': 15, 'Vertiport_8': 13, 'Vertiport_9': 15, 'Vertiport_10': 16}"
138,751.0,247,10087.565088819985,1325304.3518526263,"{'Vertiport_1': 15, 'Vertiport_2': 15, 'Vertiport_3': 14, 'Vertiport_4': 16, 'Vertiport_5': 15, 'Vertiport_6': 17, 'Vertiport_7': 15, 'Vertiport_8': 11, 'Vertiport_9': 16, 'Vertiport_10': 16}"
139,672.0,222,9712.13704064798,1335016.4888932742,"{'Vertiport_1': 15, 'Vertiport_2': 15, 'Vertiport_3': 14, 'Vertiport_4': 15, 'Vertiport_5': 15, 'Vertiport_6': 15, 'Vertiport_7': 15, 'Vertiport_8': 15, 'Vertiport_9': 15, 'Vertiport_10': 16}"
140,798.0,264,11893.31443603999,1346909.803329314,"{'Vertiport_1': 15, 'Vertiport_2': 15, 'Vertiport_3': 16, 'Vertiport_4': 15, 'Vertiport_5': 15, 'Vertiport_6': 15, 'Vertiport_7': 15, 'Vertiport_8': 15, 'Vertiport_9': 15, 'Vertiport_10': 14}"
141,763.0,251,11169.899283151997,1358079.7026124662,"{'Vertiport_1': 15, 'Vertiport_2': 15, 'Vertiport_3': 17, 'Vertiport_4': 15, 'Vertiport_5': 15, 'Vertiport_6': 16, 'Vertiport_7': 15, 'Vertiport_8': 12, 'Vertiport_9': 17, 'Vertiport_10': 13}"
142,748.0,248,10933.706930519997,1369013.4095429862,"{'Vertiport_1': 15, 'Vertiport_2': 15, 'Vertiport_3': 17, 'Vertiport_4': 15, 'Vertiport_5': 15, 'Vertiport_6': 15, 'Vertiport_7': 15, 'Vertiport_8': 15, 'Vertiport_9': 15, 'Vertiport_10': 13}"
143,804.0,266,10622.388995975993,1379635.7985389621,"{'Vertiport_1': 15, 'Vertiport_2': 15, 'Vertiport_3': 15, 'Vertiport_4': 16, 'Vertiport_5': 15, 'Vertiport_6': 17, 'Vertiport_7': 15, 'Vertiport_8': 12, 'Vertiport_9': 15, 'Vertiport_10': 15}"
144,824.0,272,11573.188227591989,1391208.9867665542,"{'Vertiport_1': 15, 'Vertiport_2': 15, 'Vertiport_3': 15, 'Vertiport_4': 17, 'Vertiport_5': 15, 'Vertiport_6': 15, 'Vertiport_7': 15, 'Vertiport_8': 13, 'Vertiport_9': 15, 'Vertiport_10': 15}"
145,674.0,222,9564.903563067981,1400773.8903296222,"{'Vertiport_1': 15, 'Vertiport_2': 15, 'Vertiport_3': 16, 'Vertiport_4': 16, 'Vertiport_5': 15, 'Vertiport_6': 16, 'Vertiport_7': 15, 'Vertiport_8': 12, 'Vertiport_9': 16, 'Vertiport_10': 14}"
146,667.0,221,9546.95542345198,1410320.8457530742,"{'Vertiport_1': 15, 'Vertiport_2': 15, 'Vertiport_3': 15, 'Vertiport_4': 16, 'Vertiport_5': 15, 'Vertiport_6': 15, 'Vertiport_7': 15, 'Vertiport_8': 13, 'Vertiport_9': 16, 'Vertiport_10': 15}"
147,734.0,244,10241.789156279987,1420562.6349093542,"{'Vertiport_1': 15, 'Vertiport_2': 15, 'Vertiport_3': 15, 'Vertiport_4': 16, 'Vertiport_5': 15, 'Vertiport_6': 15, 'Vertiport_7': 15, 'Vertiport_8': 14, 'Vertiport_9': 15, 'Vertiport_10': 15}"
148,689.0,229,9406.886064215985,1429969.5209735702,"{'Vertiport_1': 15, 'Vertiport_2': 15, 'Vertiport_3': 15, 'Vertiport_4': 16, 'Vertiport_5': 15, 'Vertiport_6': 15, 'Vertiport_7': 15, 'Vertiport_8': 14, 'Vertiport_9': 15, 'Vertiport_10': 15}"
149,677.0,225,9172.34190149598,1439141.8628750662,"{'Vertiport_1': 15, 'Vertiport_2': 15, 'Vertiport_3': 16, 'Vertiport_4': 15, 'Vertiport_5': 15, 'Vertiport_6': 15, 'Vertiport_7': 15, 'Vertiport_8': 15, 'Vertiport_9': 15, 'Vertiport_10': 14}"
150,630.0,210,8863.152033759976,1448005.0149088262,"{'Vertiport_1': 15, 'Vertiport_2': 15, 'Vertiport_3': 15, 'Vertiport_4': 15, 'Vertiport_5': 15, 'Vertiport_6': 15, 'Vertiport_7': 15, 'Vertiport_8': 15, 'Vertiport_9': 15, 'Vertiport_10': 15}"
151,683.0,227,9454.808396615981,1457459.8233054422,"{'Vertiport_1': 15, 'Vertiport_2': 15, 'Vertiport_3': 15, 'Vertiport_4': 16, 'Vertiport_5': 15, 'Vertiport_6': 15, 'Vertiport_7': 15, 'Vertiport_8': 14, 'Vertiport_9': 15, 'Vertiport_10': 15}"
152,536.0,178,7969.077887135969,1465428.9011925783,"{'Vertiport_1': 15, 'Vertiport_2': 15, 'Vertiport_3': 15, 'Vertiport_4': 15, 'Vertiport_5': 15, 'Vertiport_6': 16, 'Vertiport_7': 15, 'Vertiport_8': 14, 'Vertiport_9': 15, 'Vertiport_10': 15}"
153,591.0,195,7892.187219531964,1473321.0884121102,"{'Vertiport_1': 15, 'Vertiport_2': 15, 'Vertiport_3': 15, 'Vertiport_4': 16, 'Vertiport_5': 15, 'Vertiport_6': 16, 'Vertiport_7': 15, 'Vertiport_8': 12, 'Vertiport_9': 16, 'Vertiport_10': 15}"
154,631.0,209,9225.21448167197,1482546.3028937823,"{'Vertiport_1': 15, 'Vertiport_2': 15, 'Vertiport_3': 15, 'Vertiport_4': 16, 'Vertiport_5': 15, 'Vertiport_6': 16, 'Vertiport_7': 15, 'Vertiport_8': 13, 'Vertiport_9': 15, 'Vertiport_10': 15}"
155,688.0,228,9910.70555980799,1492457.0084535903,"{'Vertiport_1': 15, 'Vertiport_2': 15, 'Vertiport_3': 15, 'Vertiport_4': 15, 'Vertiport_5': 15, 'Vertiport_6': 17, 'Vertiport_7': 15, 'Vertiport_8': 13, 'Vertiport_9': 15, 'Vertiport_10': 15}"
156,781.0,259,11101.730569351981,1503558.7390229423,"{'Vertiport_1': 15, 'Vertiport_2': 15, 'Vertiport_3': 15, 'Vertiport_4': 16, 'Vertiport_5': 15, 'Vertiport_6': 16, 'Vertiport_7': 15, 'Vertiport_8': 13, 'Vertiport_9': 15, 'Vertiport_10': 15}"
157,745.0,247,10294.771075903986,1513853.5100988462,"{'Vertiport_1': 15, 'Vertiport_2': 15, 'Vertiport_3': 14, 'Vertiport_4': 16, 'Vertiport_5': 15, 'Vertiport_6': 15, 'Vertiport_7': 15, 'Vertiport_8': 14, 'Vertiport_9': 15, 'Vertiport_10': 16}"
158,825.0,273,11763.90085355999,1525617.4109524062,"{'Vertiport_1': 15, 'Vertiport_2': 15, 'Vertiport_3': 13, 'Vertiport_4': 15, 'Vertiport_5': 15, 'Vertiport_6': 16, 'Vertiport_7': 15, 'Vertiport_8': 14, 'Vertiport_9': 15, 'Vertiport_10': 17}"
159,835.0,277,11814.705624155995,1537432.1165765622,"{'Vertiport_1': 15, 'Vertiport_2': 15, 'Vertiport_3': 15, 'Vertiport_4': 16, 'Vertiport_5': 15, 'Vertiport_6': 15, 'Vertiport_7': 15, 'Vertiport_8': 13, 'Vertiport_9': 16, 'Vertiport_10': 15}"
160,860.0,284,12697.449603603996,1550129.566180166,"{'Vertiport_1': 15, 'Vertiport_2': 15, 'Vertiport_3': 17, 'Vertiport_4': 15, 'Vertiport_5': 15, 'Vertiport_6': 16, 'Vertiport_7': 15, 'Vertiport_8': 13, 'Vertiport_9': 16, 'Vertiport_10': 13}"
161,891.0,297,13221.788190536006,1563351.354370702,"{'Vertiport_1': 15, 'Vertiport_2': 15, 'Vertiport_3': 15, 'Vertiport_4': 15, 'Vertiport_5': 15, 'Vertiport_6': 15, 'Vertiport_7': 15, 'Vertiport_8': 15, 'Vertiport_9': 15, 'Vertiport_10': 15}"
162,864.0,286,12085.795829419994,1575437.150200122,"{'Vertiport_1': 15, 'Vertiport_2': 15, 'Vertiport_3': 16, 'Vertiport_4': 15, 'Vertiport_5': 15, 'Vertiport_6': 16, 'Vertiport_7': 15, 'Vertiport_8': 13, 'Vertiport_9': 16, 'Vertiport_10': 14}"
163,781.0,259,11325.232204351982,1586762.382404474,"{'Vertiport_1': 15, 'Vertiport_2': 15, 'Vertiport_3': 15, 'Vertiport_4': 15, 'Vertiport_5': 15, 'Vertiport_6': 17, 'Vertiport_7': 15, 'Vertiport_8': 13, 'Vertiport_9': 15, 'Vertiport_10': 15}"
164,950.0,316,13263.397541484004,1600025.7799459582,"{'Vertiport_1': 15, 'Vertiport_2': 15, 'Vertiport_3': 15, 'Vertiport_4': 15, 'Vertiport_5': 15, 'Vertiport_6': 15, 'Vertiport_7': 15, 'Vertiport_8': 14, 'Vertiport_9': 16, 'Vertiport_10': 15}"
165,859.0,285,11847.59516863599,1611873.3751145941,"{'Vertiport_1': 15, 'Vertiport_2': 15, 'Vertiport_3': 15, 'Vertiport_4': 16, 'Vertiport_5': 15, 'Vertiport_6': 15, 'Vertiport_7': 15, 'Vertiport_8': 13, 'Vertiport_9': 16, 'Vertiport_10': 15}"
166,796.0,262,10807.504805679995,1622680.879920274,"{'Vertiport_1': 15, 'Vertiport_2': 15, 'Vertiport_3': 16, 'Vertiport_4': 18, 'Vertiport_5': 15, 'Vertiport_6': 16, 'Vertiport_7': 15, 'Vertiport_8': 11, 'Vertiport_9': 15, 'Vertiport_10': 14}"
167,794.0,262,11942.291519843993,1634623.171440118,"{'Vertiport_1': 15, 'Vertiport_2': 15, 'Vertiport_3': 14, 'Vertiport_4': 15, 'Vertiport_5': 15, 'Vertiport_6': 15, 'Vertiport_7': 15, 'Vertiport_8': 14, 'Vertiport_9': 16, 'Vertiport_10': 16}"
168,779.0,257,11486.739641767987,1646109.911081886,"{'Vertiport_1': 15, 'Vertiport_2': 15, 'Vertiport_3': 15, 'Vertiport_4': 17, 'Vertiport_5': 15, 'Vertiport_6': 17, 'Vertiport_7': 15, 'Vertiport_8': 11, 'Vertiport_9': 15, 'Vertiport_10': 15}"
169,818.0,270,11987.586336411989,1658097.497418298,"{'Vertiport_1': 15, 'Vertiport_2': 15, 'Vertiport_3': 16, 'Vertiport_4': 15, 'Vertiport_5': 15, 'Vertiport_6': 15, 'Vertiport_7': 15, 'Vertiport_8': 14, 'Vertiport_9': 16, 'Vertiport_10': 14}"
170,786.0,260,11955.225133008014,1670052.722551306,"{'Vertiport_1': 15, 'Vertiport_2': 15, 'Vertiport_3': 13, 'Vertiport_4': 16, 'Vertiport_5': 15, 'Vertiport_6': 15, 'Vertiport_7': 15, 'Vertiport_8': 14, 'Vertiport_9': 15, 'Vertiport_10': 17}"
171,778.0,256,10592.292663355976,1680645.015214662,"{'Vertiport_1': 15, 'Vertiport_2': 15, 'Vertiport_3': 14, 'Vertiport_4': 18, 'Vertiport_5': 15, 'Vertiport_6': 15, 'Vertiport_7': 15, 'Vertiport_8': 11, 'Vertiport_9': 16, 'Vertiport_10': 16}"
172,811.0,265,12144.371664312006,1692789.386878974,"{'Vertiport_1': 15, 'Vertiport_2': 15, 'Vertiport_3': 14, 'Vertiport_4': 17, 'Vertiport_5': 15, 'Vertiport_6': 16, 'Vertiport_7': 15, 'Vertiport_8': 12, 'Vertiport_9': 15, 'Vertiport_10': 16}"
173,721.0,237,10252.804759475988,1703042.1916384501,"{'Vertiport_1': 15, 'Vertiport_2': 15, 'Vertiport_3': 15, 'Vertiport_4': 15, 'Vertiport_5': 15, 'Vertiport_6': 15, 'Vertiport_7': 15, 'Vertiport_8': 14, 'Vertiport_9': 16, 'Vertiport_10': 15}"
174,779.0,257,11010.017083143988,1714052.2087215942,"{'Vertiport_1': 15, 'Vertiport_2': 15, 'Vertiport_3': 13, 'Vertiport_4': 15, 'Vertiport_5': 15, 'Vertiport_6': 17, 'Vertiport_7': 15, 'Vertiport_8': 13, 'Vertiport_9': 15, 'Vertiport_10': 17}"
175,747.0,247,10702.159893983988,1724754.3686155782,"{'Vertiport_1': 15, 'Vertiport_2': 15, 'Vertiport_3': 17, 'Vertiport_4': 15, 'Vertiport_5': 15, 'Vertiport_6': 16, 'Vertiport_7': 15, 'Vertiport_8': 14, 'Vertiport_9': 15, 'Vertiport_10': 13}"
176,716.0,236,10711.001942691983,1735465.3705582703,"{'Vertiport_1': 15, 'Vertiport_2': 15, 'Vertiport_3': 14, 'Vertiport_4': 15, 'Vertiport_5': 15, 'Vertiport_6': 15, 'Vertiport_7': 15, 'Vertiport_8': 14, 'Vertiport_9': 16, 'Vertiport_10': 16}"
177,706.0,232,10112.837553843978,1745578.2081121143,"{'Vertiport_1': 15, 'Vertiport_2': 15, 'Vertiport_3': 14, 'Vertiport_4': 17, 'Vertiport_5': 15, 'Vertiport_6': 16, 'Vertiport_7': 15, 'Vertiport_8': 11, 'Vertiport_9': 16, 'Vertiport_10': 16}"
178,649.0,211,9478.725756751985,1755056.9338688664,"{'Vertiport_1': 15, 'Vertiport_2': 15, 'Vertiport_3': 11, 'Vertiport_4': 18, 'Vertiport_5': 15, 'Vertiport_6': 16, 'Vertiport_7': 15, 'Vertiport_8': 11, 'Vertiport_9': 15, 'Vertiport_10': 19}"
179,522.0,172,7730.079406891969,1762787.0132757584,"{'Vertiport_1': 15, 'Vertiport_2': 15, 'Vertiport_3': 16, 'Vertiport_4': 15, 'Vertiport_5': 15, 'Vertiport_6': 16, 'Vertiport_7': 15, 'Vertiport_8': 13, 'Vertiport_9': 16, 'Vertiport_10': 14}"
180,472.0,154,6482.381764415975,1769269.3950401742,"{'Vertiport_1': 15, 'Vertiport_2': 15, 'Vertiport_3': 15, 'Vertiport_4': 20, 'Vertiport_5': 15, 'Vertiport_6': 15, 'Vertiport_7': 15, 'Vertiport_8': 10, 'Vertiport_9': 15, 'Vertiport_10': 15}"
181,450.0,148,6580.7678805479745,1775850.1629207223,"{'Vertiport_1': 15, 'Vertiport_2': 15, 'Vertiport_3': 15, 'Vertiport_4': 17, 'Vertiport_5': 15, 'Vertiport_6': 15, 'Vertiport_7': 15, 'Vertiport_8': 12, 'Vertiport_9': 16, 'Vertiport_10': 15}"
182,498.0,166,7156.604218151969,1783006.7671388742,"{'Vertiport_1': 15, 'Vertiport_2': 15, 'Vertiport_3': 15, 'Vertiport_4': 15, 'Vertiport_5': 15, 'Vertiport_6': 15, 'Vertiport_7': 15, 'Vertiport_8': 15, 'Vertiport_9': 15, 'Vertiport_10': 15}"
183,500.0,164,7367.156535599974,1790373.9236744742,"{'Vertiport_1': 15, 'Vertiport_2': 15, 'Vertiport_3': 13, 'Vertiport_4': 15, 'Vertiport_5': 15, 'Vertiport_6': 15, 'Vertiport_7': 15, 'Vertiport_8': 13, 'Vertiport_9': 17, 'Vertiport_10': 17}"
184,435.0,143,6666.8678260359775,1797040.7915005102,"{'Vertiport_1': 15, 'Vertiport_2': 15, 'Vertiport_3': 15, 'Vertiport_4': 17, 'Vertiport_5': 15, 'Vertiport_6': 15, 'Vertiport_7': 15, 'Vertiport_8': 12, 'Vertiport_9': 16, 'Vertiport_10': 15}"
185,345.0,113,5021.368074559987,1802062.1595750703,"{'Vertiport_1': 15, 'Vertiport_2': 15, 'Vertiport_3': 15, 'Vertiport_4': 17, 'Vertiport_5': 15, 'Vertiport_6': 16, 'Vertiport_7': 15, 'Vertiport_8': 12, 'Vertiport_9': 15, 'Vertiport_10': 15}"
186,277.0,91,4068.234861407995,1806130.3944364781,"{'Vertiport_1': 15, 'Vertiport_2': 15, 'Vertiport_3': 14, 'Vertiport_4': 16, 'Vertiport_5': 15, 'Vertiport_6': 15, 'Vertiport_7': 15, 'Vertiport_8': 14, 'Vertiport_9': 15, 'Vertiport_10': 16}"
187,316.0,104,4698.494545231993,1810828.8889817102,"{'Vertiport_1': 15, 'Vertiport_2': 15, 'Vertiport_3': 13, 'Vertiport_4': 15, 'Vertiport_5': 15, 'Vertiport_6': 15, 'Vertiport_7': 15, 'Vertiport_8': 15, 'Vertiport_9': 15, 'Vertiport_10': 17}"
188,332.0,110,5150.209189839988,1815979.09817155,"{'Vertiport_1': 15, 'Vertiport_2': 15, 'Vertiport_3': 15, 'Vertiport_4': 16, 'Vertiport_5': 15, 'Vertiport_6': 15, 'Vertiport_7': 15, 'Vertiport_8': 14, 'Vertiport_9': 15, 'Vertiport_10': 15}"
189,296.0,98,3842.834472631996,1819821.9326441821,"{'Vertiport_1': 15, 'Vertiport_2': 15, 'Vertiport_3': 14, 'Vertiport_4': 15, 'Vertiport_5': 15, 'Vertiport_6': 15, 'Vertiport_7': 15, 'Vertiport_8': 15, 'Vertiport_9': 15, 'Vertiport_10': 16}"
190,240.0,80,3886.8408921039972,1823708.773536286,"{'Vertiport_1': 15, 'Vertiport_2': 15, 'Vertiport_3': 15, 'Vertiport_4': 15, 'Vertiport_5': 15, 'Vertiport_6': 15, 'Vertiport_7': 15, 'Vertiport_8': 15, 'Vertiport_9': 15, 'Vertiport_10': 15}"
191,146.0,48,2278.555813532,1825987.3293498182,"{'Vertiport_1': 15, 'Vertiport_2': 15, 'Vertiport_3': 15, 'Vertiport_4': 15, 'Vertiport_5': 15, 'Vertiport_6': 15, 'Vertiport_7': 15, 'Vertiport_8': 14, 'Vertiport_9': 16, 'Vertiport_10': 15}"
192,102.0,32,1529.19192636,1827516.521276178,"{'Vertiport_1': 15, 'Vertiport_2': 15, 'Vertiport_3': 13, 'Vertiport_4': 15, 'Vertiport_5': 15, 'Vertiport_6': 16, 'Vertiport_7': 15, 'Vertiport_8': 14, 'Vertiport_9': 15, 'Vertiport_10': 17}"
193,126.0,42,1767.5563463600004,1829284.077622538,"{'Vertiport_1': 15, 'Vertiport_2': 15, 'Vertiport_3': 15, 'Vertiport_4': 15, 'Vertiport_5': 15, 'Vertiport_6': 15, 'Vertiport_7': 15, 'Vertiport_8': 15, 'Vertiport_9': 15, 'Vertiport_10': 15}"
194,116.0,36,1799.9171848800006,1831083.994807418,"{'Vertiport_1': 15, 'Vertiport_2': 15, 'Vertiport_3': 11, 'Vertiport_4': 15, 'Vertiport_5': 15, 'Vertiport_6': 15, 'Vertiport_7': 15, 'Vertiport_8': 15, 'Vertiport_9': 15, 'Vertiport_10': 19}"
195,132.0,44,1893.079337848,1832977.0741452659,"{'Vertiport_1': 15, 'Vertiport_2': 15, 'Vertiport_3': 15, 'Vertiport_4': 15, 'Vertiport_5': 15, 'Vertiport_6': 15, 'Vertiport_7': 15, 'Vertiport_8': 15, 'Vertiport_9': 15, 'Vertiport_10': 15}"
196,145.0,47,1969.146493692,1834946.2206389578,"{'Vertiport_1': 15, 'Vertiport_2': 15, 'Vertiport_3': 15, 'Vertiport_4': 16, 'Vertiport_5': 15, 'Vertiport_6': 15, 'Vertiport_7': 15, 'Vertiport_8': 13, 'Vertiport_9': 16, 'Vertiport_10': 15}"
197,141.0,47,2288.0061210639997,1837234.2267600219,"{'Vertiport_1': 15, 'Vertiport_2': 15, 'Vertiport_3': 15, 'Vertiport_4': 15, 'Vertiport_5': 15, 'Vertiport_6': 15, 'Vertiport_7': 15, 'Vertiport_8': 15, 'Vertiport_9': 15, 'Vertiport_10': 15}"
198,167.0,55,2675.3527338599997,1839909.579493882,"{'Vertiport_1': 15, 'Vertiport_2': 15, 'Vertiport_3': 15, 'Vertiport_4': 15, 'Vertiport_5': 15, 'Vertiport_6': 15, 'Vertiport_7': 15, 'Vertiport_8': 14, 'Vertiport_9': 16, 'Vertiport_10': 15}"
199,210.0,70,3233.3863136239993,1843142.9658075059,"{'Vertiport_1': 15, 'Vertiport_2': 15, 'Vertiport_3': 15, 'Vertiport_4': 15, 'Vertiport_5': 15, 'Vertiport_6': 15, 'Vertiport_7': 15, 'Vertiport_8': 15, 'Vertiport_9': 15, 'Vertiport_10': 15}"
200,199.0,65,2913.4233840399984,1846056.3891915458,"{'Vertiport_1': 15, 'Vertiport_2': 15, 'Vertiport_3': 15, 'Vertiport_4': 17, 'Vertiport_5': 15, 'Vertiport_6': 15, 'Vertiport_7': 15, 'Vertiport_8': 13, 'Vertiport_9': 15, 'Vertiport_10': 15}"
201,156.0,52,2748.2592334000005,1848804.6484249458,"{'Vertiport_1': 15, 'Vertiport_2': 15, 'Vertiport_3': 15, 'Vertiport_4': 15, 'Vertiport_5': 15, 'Vertiport_6': 15, 'Vertiport_7': 15, 'Vertiport_8': 15, 'Vertiport_9': 15, 'Vertiport_10': 15}"
202,204.0,68,3056.422662607999,1851861.0710875539,"{'Vertiport_1': 15, 'Vertiport_2': 15, 'Vertiport_3': 15, 'Vertiport_4': 15, 'Vertiport_5': 15, 'Vertiport_6': 15, 'Vertiport_7': 15, 'Vertiport_8': 15, 'Vertiport_9': 15, 'Vertiport_10': 15}"
203,256.0,84,3498.6669204319987,1855359.7380079858,"{'Vertiport_1': 15, 'Vertiport_2': 15, 'Vertiport_3': 15, 'Vertiport_4': 15, 'Vertiport_5': 15, 'Vertiport_6': 17, 'Vertiport_7': 15, 'Vertiport_8': 13, 'Vertiport_9': 15, 'Vertiport_10': 15}"
204,319.0,105,4433.496380167991,1859793.2343881538,"{'Vertiport_1': 15, 'Vertiport_2': 15, 'Vertiport_3': 15, 'Vertiport_4': 17, 'Vertiport_5': 15, 'Vertiport_6': 15, 'Vertiport_7': 15, 'Vertiport_8': 13, 'Vertiport_9': 15, 'Vertiport_10': 15}"
205,324.0,108,4689.488296175993,1864482.7226843298,"{'Vertiport_1': 15, 'Vertiport_2': 15, 'Vertiport_3': 15, 'Vertiport_4': 15, 'Vertiport_5': 15, 'Vertiport_6': 15, 'Vertiport_7': 15, 'Vertiport_8': 15, 'Vertiport_9': 15, 'Vertiport_10': 15}"
206,331.0,109,4599.236365975993,1869081.959050306,"{'Vertiport_1': 15, 'Vertiport_2': 15, 'Vertiport_3': 15, 'Vertiport_4': 16, 'Vertiport_5': 15, 'Vertiport_6': 16, 'Vertiport_7': 15, 'Vertiport_8': 13, 'Vertiport_9': 15, 'Vertiport_10': 15}"
207,382.0,126,6333.202130199977,1875415.1611805058,"{'Vertiport_1': 15, 'Vertiport_2': 15, 'Vertiport_3': 15, 'Vertiport_4': 17, 'Vertiport_5': 15, 'Vertiport_6': 15, 'Vertiport_7': 15, 'Vertiport_8': 13, 'Vertiport_9': 15, 'Vertiport_10': 15}"
208,435.0,143,6460.769862207977,1881875.9310427138,"{'Vertiport_1': 15, 'Vertiport_2': 15, 'Vertiport_3': 15, 'Vertiport_4': 16, 'Vertiport_5': 15, 'Vertiport_6': 17, 'Vertiport_7': 15, 'Vertiport_8': 12, 'Vertiport_9': 15, 'Vertiport_10': 15}"
209,421.0,139,6204.35589287598,1888080.2869355897,"{'Vertiport_1': 15, 'Vertiport_2': 15, 'Vertiport_3': 15, 'Vertiport_4': 15, 'Vertiport_5': 15, 'Vertiport_6': 16, 'Vertiport_7': 15, 'Vertiport_8': 13, 'Vertiport_9': 16, 'Vertiport_10': 15}"
210,454.0,150,6768.107991931976,1894848.3949275217,"{'Vertiport_1': 15, 'Vertiport_2': 15, 'Vertiport_3': 15, 'Vertiport_4': 15, 'Vertiport_5': 15, 'Vertiport_6': 16, 'Vertiport_7': 15, 'Vertiport_8': 13, 'Vertiport_9': 16, 'Vertiport_10': 15}"
211,498.0,162,7144.186636383973,1901992.5815639056,"{'Vertiport_1': 15, 'Vertiport_2': 15, 'Vertiport_3': 15, 'Vertiport_4': 19, 'Vertiport_5': 15, 'Vertiport_6': 17, 'Vertiport_7': 15, 'Vertiport_8': 9, 'Vertiport_9': 15, 'Vertiport_10': 15}"
212,613.0,203,9235.978665803981,1911228.5602297096,"{'Vertiport_1': 15, 'Vertiport_2': 15, 'Vertiport_3': 15, 'Vertiport_4': 15, 'Vertiport_5': 15, 'Vertiport_6': 16, 'Vertiport_7': 15, 'Vertiport_8': 13, 'Vertiport_9': 16, 'Vertiport_10': 15}"
213,575.0,191,8757.233446423981,1919985.7936761335,"{'Vertiport_1': 15, 'Vertiport_2': 15, 'Vertiport_3': 15, 'Vertiport_4': 15, 'Vertiport_5': 15, 'Vertiport_6': 16, 'Vertiport_7': 15, 'Vertiport_8': 14, 'Vertiport_9': 15, 'Vertiport_10': 15}"
214,628.0,208,9472.969040547989,1929458.7627166815,"{'Vertiport_1': 15, 'Vertiport_2': 15, 'Vertiport_3': 15, 'Vertiport_4': 15, 'Vertiport_5': 15, 'Vertiport_6': 16, 'Vertiport_7': 15, 'Vertiport_8': 13, 'Vertiport_9': 16, 'Vertiport_10': 15}"
215,661.0,219,9653.196130919976,1939111.9588476014,"{'Vertiport_1': 15, 'Vertiport_2': 15, 'Vertiport_3': 15, 'Vertiport_4': 16, 'Vertiport_5': 15, 'Vertiport_6': 16, 'Vertiport_7': 15, 'Vertiport_8': 13, 'Vertiport_9': 15, 'Vertiport_10': 15}"
216,739.0,245,10526.594842503982,1949638.5536901054,"{'Vertiport_1': 15, 'Vertiport_2': 15, 'Vertiport_3': 15, 'Vertiport_4': 17, 'Vertiport_5': 15, 'Vertiport_6': 15, 'Vertiport_7': 15, 'Vertiport_8': 13, 'Vertiport_9': 15, 'Vertiport_10': 15}"
217,751.0,249,11033.136095163987,1960671.6897852693,"{'Vertiport_1': 15, 'Vertiport_2': 15, 'Vertiport_3': 15, 'Vertiport_4': 16, 'Vertiport_5': 15, 'Vertiport_6': 15, 'Vertiport_7': 15, 'Vertiport_8': 13, 'Vertiport_9': 16, 'Vertiport_10': 15}"
218,655.0,217,9022.61533551997,1969694.3051207892,"{'Vertiport_1': 15, 'Vertiport_2': 15, 'Vertiport_3': 15, 'Vertiport_4': 16, 'Vertiport_5': 15, 'Vertiport_6': 16, 'Vertiport_7': 15, 'Vertiport_8': 13, 'Vertiport_9': 15, 'Vertiport_10': 15}"
219,655.0,217,9699.850165103975,1979394.1552858932,"{'Vertiport_1': 15, 'Vertiport_2': 15, 'Vertiport_3': 15, 'Vertiport_4': 17, 'Vertiport_5': 15, 'Vertiport_6': 15, 'Vertiport_7': 15, 'Vertiport_8': 13, 'Vertiport_9': 15, 'Vertiport_10': 15}"
220,701.0,233,9847.919925615979,1989242.0752115091,"{'Vertiport_1': 15, 'Vertiport_2': 15, 'Vertiport_3': 15, 'Vertiport_4': 16, 'Vertiport_5': 15, 'Vertiport_6': 15, 'Vertiport_7': 15, 'Vertiport_8': 14, 'Vertiport_9': 15, 'Vertiport_10': 15}"
221,779.0,259,11373.392221955988,2000615.4674334652,"{'Vertiport_1': 15, 'Vertiport_2': 15, 'Vertiport_3': 15, 'Vertiport_4': 15, 'Vertiport_5': 15, 'Vertiport_6': 15, 'Vertiport_7': 15, 'Vertiport_8': 14, 'Vertiport_9': 16, 'Vertiport_10': 15}"
222,627.0,207,9272.514314083975,2009887.9817475493,"{'Vertiport_1': 15, 'Vertiport_2': 15, 'Vertiport_3': 15, 'Vertiport_4': 16, 'Vertiport_5': 15, 'Vertiport_6': 16, 'Vertiport_7': 15, 'Vertiport_8': 12, 'Vertiport_9': 16, 'Vertiport_10': 15}"
223,617.0,205,8046.485112839962,2017934.4668603893,"{'Vertiport_1': 15, 'Vertiport_2': 15, 'Vertiport_3': 15, 'Vertiport_4': 15, 'Vertiport_5': 15, 'Vertiport_6': 16, 'Vertiport_7': 15, 'Vertiport_8': 14, 'Vertiport_9': 15, 'Vertiport_10': 15}"
224,681.0,227,10018.950768327984,2027953.4176287174,"{'Vertiport_1': 15, 'Vertiport_2': 15, 'Vertiport_3': 15, 'Vertiport_4': 15, 'Vertiport_5': 15, 'Vertiport_6': 15, 'Vertiport_7': 15, 'Vertiport_8': 15, 'Vertiport_9': 15, 'Vertiport_10': 15}"
225,648.0,214,9193.76255397997,2037147.1801826973,"{'Vertiport_1': 15, 'Vertiport_2': 15, 'Vertiport_3': 15, 'Vertiport_4': 17, 'Vertiport_5': 15, 'Vertiport_6': 15, 'Vertiport_7': 15, 'Vertiport_8': 12, 'Vertiport_9': 16, 'Vertiport_10': 15}"
226,622.0,206,9108.059844711972,2046255.2400274093,"{'Vertiport_1': 15, 'Vertiport_2': 15, 'Vertiport_3': 15, 'Vertiport_4': 16, 'Vertiport_5': 15, 'Vertiport_6': 16, 'Vertiport_7': 15, 'Vertiport_8': 13, 'Vertiport_9': 15, 'Vertiport_10': 15}"
227,656.0,218,9165.862540775966,2055421.1025681852,"{'Vertiport_1': 15, 'Vertiport_2': 15, 'Vertiport_3': 15, 'Vertiport_4': 16, 'Vertiport_5': 15, 'Vertiport_6': 15, 'Vertiport_7': 15, 'Vertiport_8': 14, 'Vertiport_9': 15, 'Vertiport_10': 15}"
228,696.0,232,9901.554518511984,2065322.6570866972,"{'Vertiport_1': 15, 'Vertiport_2': 15, 'Vertiport_3': 15, 'Vertiport_4': 15, 'Vertiport_5': 15, 'Vertiport_6': 15, 'Vertiport_7': 15, 'Vertiport_8': 15, 'Vertiport_9': 15, 'Vertiport_10': 15}"
229,749.0,249,10696.430189959985,2076019.087276657,"{'Vertiport_1': 15, 'Vertiport_2': 15, 'Vertiport_3': 15, 'Vertiport_4': 16, 'Vertiport_5': 15, 'Vertiport_6': 15, 'Vertiport_7': 15, 'Vertiport_8': 14, 'Vertiport_9': 15, 'Vertiport_10': 15}"
230,656.0,218,9266.748390983978,2085285.8356676411,"{'Vertiport_1': 15, 'Vertiport_2': 15, 'Vertiport_3': 15, 'Vertiport_4': 15, 'Vertiport_5': 15, 'Vertiport_6': 16, 'Vertiport_7': 15, 'Vertiport_8': 14, 'Vertiport_9': 15, 'Vertiport_10': 15}"
231,674.0,224,9545.94577105597,2094831.7814386971,"{'Vertiport_1': 15, 'Vertiport_2': 15, 'Vertiport_3': 15, 'Vertiport_4': 16, 'Vertiport_5': 15, 'Vertiport_6': 15, 'Vertiport_7': 15, 'Vertiport_8': 14, 'Vertiport_9': 15, 'Vertiport_10': 15}"
232,619.0,205,9160.23070185598,2103992.012140553,"{'Vertiport_1': 15, 'Vertiport_2': 15, 'Vertiport_3': 15, 'Vertiport_4': 16, 'Vertiport_5': 15, 'Vertiport_6': 16, 'Vertiport_7': 15, 'Vertiport_8': 13, 'Vertiport_9': 15, 'Vertiport_10': 15}"
233,620.0,206,9080.623222423977,2113072.635362977,"{'Vertiport_1': 15, 'Vertiport_2': 15, 'Vertiport_3': 15, 'Vertiport_4': 15, 'Vertiport_5': 15, 'Vertiport_6': 16, 'Vertiport_7': 15, 'Vertiport_8': 14, 'Vertiport_9': 15, 'Vertiport_10': 15}"
234,678.0,224,9777.229204679978,2122849.864567657,"{'Vertiport_1': 15, 'Vertiport_2': 15, 'Vertiport_3': 15, 'Vertiport_4': 17, 'Vertiport_5': 15, 'Vertiport_6': 16, 'Vertiport_7': 15, 'Vertiport_8': 12, 'Vertiport_9': 15, 'Vertiport_10': 15}"
235,602.0,200,8087.337757611964,2130937.202325269,"{'Vertiport_1': 15, 'Vertiport_2': 15, 'Vertiport_3': 15, 'Vertiport_4': 15, 'Vertiport_5': 15, 'Vertiport_6': 15, 'Vertiport_7': 15, 'Vertiport_8': 14, 'Vertiport_9': 16, 'Vertiport_10': 15}"
236,636.0,212,8858.523539727974,2139795.725864997,"{'Vertiport_1': 15, 'Vertiport_2': 15, 'Vertiport_3': 15, 'Vertiport_4': 15, 'Vertiport_5': 15, 'Vertiport_6': 15, 'Vertiport_7': 15, 'Vertiport_8': 15, 'Vertiport_9': 15, 'Vertiport_10': 15}"
237,538.0,178,7282.635481815971,2147078.361346813,"{'Vertiport_1': 15, 'Vertiport_2': 15, 'Vertiport_3': 15, 'Vertiport_4': 16, 'Vertiport_5': 15, 'Vertiport_6': 16, 'Vertiport_7': 15, 'Vertiport_8': 13, 'Vertiport_9': 15, 'Vertiport_10': 15}"
238,545.0,181,7548.3461277399665,2154626.707474553,"{'Vertiport_1': 15, 'Vertiport_2': 15, 'Vertiport_3': 15, 'Vertiport_4': 15, 'Vertiport_5': 15, 'Vertiport_6': 15, 'Vertiport_7': 15, 'Vertiport_8': 14, 'Vertiport_9': 16, 'Vertiport_10': 15}"
239,611.0,203,8567.76410971997,2163194.471584273,"{'Vertiport_1': 15, 'Vertiport_2': 15, 'Vertiport_3': 15, 'Vertiport_4': 16, 'Vertiport_5': 15, 'Vertiport_6': 15, 'Vertiport_7': 15, 'Vertiport_8': 14, 'Vertiport_9': 15, 'Vertiport_10': 15}"
240,545.0,181,7915.45343176797,2171109.925016041,"{'Vertiport_1': 15, 'Vertiport_2': 15, 'Vertiport_3': 15, 'Vertiport_4': 16, 'Vertiport_5': 15, 'Vertiport_6': 15, 'Vertiport_7': 15, 'Vertiport_8': 14, 'Vertiport_9': 15, 'Vertiport_10': 15}"
241,499.0,165,7765.398680815975,2178875.323696857,"{'Vertiport_1': 15, 'Vertiport_2': 15, 'Vertiport_3': 15, 'Vertiport_4': 15, 'Vertiport_5': 15, 'Vertiport_6': 15, 'Vertiport_7': 15, 'Vertiport_8': 13, 'Vertiport_9': 17, 'Vertiport_10': 15}"
242,503.0,167,7105.421737043972,2185980.745433901,"{'Vertiport_1': 15, 'Vertiport_2': 15, 'Vertiport_3': 15, 'Vertiport_4': 15, 'Vertiport_5': 15, 'Vertiport_6': 15, 'Vertiport_7': 15, 'Vertiport_8': 14, 'Vertiport_9': 16, 'Vertiport_10': 15}"
243,504.0,168,7249.9414783839775,2193230.686912285,"{'Vertiport_1': 15, 'Vertiport_2': 15, 'Vertiport_3': 15, 'Vertiport_4': 15, 'Vertiport_5': 15, 'Vertiport_6': 15, 'Vertiport_7': 15, 'Vertiport_8': 15, 'Vertiport_9': 15, 'Vertiport_10': 15}"
244,517.0,171,7336.3861402439725,2200567.0730525292,"{'Vertiport_1': 15, 'Vertiport_2': 15, 'Vertiport_3': 15, 'Vertiport_4': 16, 'Vertiport_5': 15, 'Vertiport_6': 15, 'Vertiport_7': 15, 'Vertiport_8': 13, 'Vertiport_9': 16, 'Vertiport_10': 15}"
245,575.0,191,7856.276574975967,2208423.349627505,"{'Vertiport_1': 15, 'Vertiport_2': 15, 'Vertiport_3': 15, 'Vertiport_4': 15, 'Vertiport_5': 15, 'Vertiport_6': 16, 'Vertiport_7': 15, 'Vertiport_8': 14, 'Vertiport_9': 15, 'Vertiport_10': 15}"
246,531.0,177,7551.068981647971,2215974.418609153,"{'Vertiport_1': 15, 'Vertiport_2': 15, 'Vertiport_3': 15, 'Vertiport_4': 15, 'Vertiport_5': 15, 'Vertiport_6': 15, 'Vertiport_7': 15, 'Vertiport_8': 15, 'Vertiport_9': 15, 'Vertiport_10': 15}"
247,540.0,180,7676.64684578397,2223651.065454937,"{'Vertiport_1': 15, 'Vertiport_2': 15, 'Vertiport_3': 15, 'Vertiport_4': 15, 'Vertiport_5': 15, 'Vertiport_6': 15, 'Vertiport_7': 15, 'Vertiport_8': 15, 'Vertiport_9': 15, 'Vertiport_10': 15}"
248,539.0,179,7703.034468027975,2231354.099922965,"{'Vertiport_1': 15, 'Vertiport_2': 15, 'Vertiport_3': 15, 'Vertiport_4': 15, 'Vertiport_5': 15, 'Vertiport_6': 15, 'Vertiport_7': 15, 'Vertiport_8': 14, 'Vertiport_9': 16, 'Vertiport_10': 15}"
249,573.0,191,8272.530206927968,2239626.630129893,"{'Vertiport_1': 15, 'Vertiport_2': 15, 'Vertiport_3': 15, 'Vertiport_4': 15, 'Vertiport_5': 15, 'Vertiport_6': 15, 'Vertiport_7': 15, 'Vertiport_8': 15, 'Vertiport_9': 15, 'Vertiport_10': 15}"
250,573.0,191,8063.213912999971,2247689.844042893,"{'Vertiport_1': 15, 'Vertiport_2': 15, 'Vertiport_3': 15, 'Vertiport_4': 15, 'Vertiport_5': 15, 'Vertiport_6': 15, 'Vertiport_7': 15, 'Vertiport_8': 15, 'Vertiport_9': 15, 'Vertiport_10': 15}"
251,604.0,200,8539.640292123973,2256229.484335017,"{'Vertiport_1': 15, 'Vertiport_2': 15, 'Vertiport_3': 15, 'Vertiport_4': 16, 'Vertiport_5': 15, 'Vertiport_6': 15, 'Vertiport_7': 15, 'Vertiport_8': 13, 'Vertiport_9': 16, 'Vertiport_10': 15}"
252,701.0,233,10322.195049895996,2266551.679384913,"{'Vertiport_1': 15, 'Vertiport_2': 15, 'Vertiport_3': 15, 'Vertiport_4': 16, 'Vertiport_5': 15, 'Vertiport_6': 15, 'Vertiport_7': 15, 'Vertiport_8': 14, 'Vertiport_9': 15, 'Vertiport_10': 15}"
253,669.0,223,9554.965084607975,2276106.644469521,"{'Vertiport_1': 15, 'Vertiport_2': 15, 'Vertiport_3': 15, 'Vertiport_4': 15, 'Vertiport_5': 15, 'Vertiport_6': 15, 'Vertiport_7': 15, 'Vertiport_8': 15, 'Vertiport_9': 15, 'Vertiport_10': 15}"
254,684.0,228,10270.559091327987,2286377.203560849,"{'Vertiport_1': 15, 'Vertiport_2': 15, 'Vertiport_3': 15, 'Vertiport_4': 15, 'Vertiport_5': 15, 'Vertiport_6': 15, 'Vertiport_7': 15, 'Vertiport_8': 15, 'Vertiport_9': 15, 'Vertiport_10': 15}"
255,724.0,240,10506.112022163996,2296883.315583013,"{'Vertiport_1': 15, 'Vertiport_2': 15, 'Vertiport_3': 15, 'Vertiport_4': 15, 'Vertiport_5': 15, 'Vertiport_6': 16, 'Vertiport_7': 15, 'Vertiport_8': 13, 'Vertiport_9': 16, 'Vertiport_10': 15}"
256,692.0,230,9852.457717119973,2306735.773300133,"{'Vertiport_1': 15, 'Vertiport_2': 15, 'Vertiport_3': 15, 'Vertiport_4': 16, 'Vertiport_5': 15, 'Vertiport_6': 15, 'Vertiport_7': 15, 'Vertiport_8': 14, 'Vertiport_9': 15, 'Vertiport_10': 15}"
257,756.0,252,10379.850925199979,2317115.6242253333,"{'Vertiport_1': 15, 'Vertiport_2': 15, 'Vertiport_3': 15, 'Vertiport_4': 15, 'Vertiport_5': 15, 'Vertiport_6': 15, 'Vertiport_7': 15, 'Vertiport_8': 15, 'Vertiport_9': 15, 'Vertiport_10': 15}"
258,762.0,254,10767.685635736001,2327883.3098610695,"{'Vertiport_1': 15, 'Vertiport_2': 15, 'Vertiport_3': 15, 'Vertiport_4': 15, 'Vertiport_5': 15, 'Vertiport_6': 15, 'Vertiport_7': 15, 'Vertiport_8': 15, 'Vertiport_9': 15, 'Vertiport_10': 15}"
259,768.0,256,11250.220756935993,2339133.5306180054,"{'Vertiport_1': 15, 'Vertiport_2': 15, 'Vertiport_3': 15, 'Vertiport_4': 15, 'Vertiport_5': 15, 'Vertiport_6': 15, 'Vertiport_7': 15, 'Vertiport_8': 15, 'Vertiport_9': 15, 'Vertiport_10': 15}"
260,770.0,254,10579.434327639994,2349712.9649456455,"{'Vertiport_1': 15, 'Vertiport_2': 15, 'Vertiport_3': 15, 'Vertiport_4': 16, 'Vertiport_5': 15, 'Vertiport_6': 16, 'Vertiport_7': 15, 'Vertiport_8': 11, 'Vertiport_9': 17, 'Vertiport_10': 15}"
261,818.0,272,11290.345383887989,2361003.3103295336,"{'Vertiport_1': 15, 'Vertiport_2': 15, 'Vertiport_3': 15, 'Vertiport_4': 15, 'Vertiport_5': 15, 'Vertiport_6': 16, 'Vertiport_7': 15, 'Vertiport_8': 14, 'Vertiport_9': 15, 'Vertiport_10': 15}"
262,848.0,282,11106.803533663982,2372110.1138631976,"{'Vertiport_1': 15, 'Vertiport_2': 15, 'Vertiport_3': 15, 'Vertiport_4': 16, 'Vertiport_5': 15, 'Vertiport_6': 15, 'Vertiport_7': 15, 'Vertiport_8': 14, 'Vertiport_9': 15, 'Vertiport_10': 15}"
263,818.0,272,11808.03887247199,2383918.1527356696,"{'Vertiport_1': 15, 'Vertiport_2': 15, 'Vertiport_3': 15, 'Vertiport_4': 15, 'Vertiport_5': 15, 'Vertiport_6': 16, 'Vertiport_7': 15, 'Vertiport_8': 14, 'Vertiport_9': 15, 'Vertiport_10': 15}"
264,781.0,259,10950.69779412799,2394868.850529798,"{'Vertiport_1': 15, 'Vertiport_2': 15, 'Vertiport_3': 15, 'Vertiport_4': 15, 'Vertiport_5': 15, 'Vertiport_6': 15, 'Vertiport_7': 15, 'Vertiport_8': 13, 'Vertiport_9': 17, 'Vertiport_10': 15}"
265,700.0,232,10399.134924808002,2405267.985454606,"{'Vertiport_1': 15, 'Vertiport_2': 15, 'Vertiport_3': 15, 'Vertiport_4': 17, 'Vertiport_5': 15, 'Vertiport_6': 15, 'Vertiport_7': 15, 'Vertiport_8': 13, 'Vertiport_9': 15, 'Vertiport_10': 15}"
266,722.0,240,10008.859298831989,2415276.8447534377,"{'Vertiport_1': 15, 'Vertiport_2': 15, 'Vertiport_3': 15, 'Vertiport_4': 16, 'Vertiport_5': 15, 'Vertiport_6': 15, 'Vertiport_7': 15, 'Vertiport_8': 14, 'Vertiport_9': 15, 'Vertiport_10': 15}"
267,695.0,229,10369.613746827981,2425646.4585002656,"{'Vertiport_1': 15, 'Vertiport_2': 15, 'Vertiport_3': 15, 'Vertiport_4': 18, 'Vertiport_5': 15, 'Vertiport_6': 15, 'Vertiport_7': 15, 'Vertiport_8': 11, 'Vertiport_9': 16, 'Vertiport_10': 15}"
268,696.0,232,10399.835940807987,2436046.2944410737,"{'Vertiport_1': 15, 'Vertiport_2': 15, 'Vertiport_3': 15, 'Vertiport_4': 15, 'Vertiport_5': 15, 'Vertiport_6': 15, 'Vertiport_7': 15, 'Vertiport_8': 15, 'Vertiport_9': 15, 'Vertiport_10': 15}"
269,733.0,243,10767.112968207983,2446813.4074092815,"{'Vertiport_1': 15, 'Vertiport_2': 15, 'Vertiport_3': 15, 'Vertiport_4': 16, 'Vertiport_5': 15, 'Vertiport_6': 16, 'Vertiport_7': 15, 'Vertiport_8': 13, 'Vertiport_9': 15, 'Vertiport_10': 15}"
270,655.0,217,9290.36252205998,2456103.7699313415,"{'Vertiport_1': 15, 'Vertiport_2': 15, 'Vertiport_3': 15, 'Vertiport_4': 15, 'Vertiport_5': 15, 'Vertiport_6': 16, 'Vertiport_7': 15, 'Vertiport_8': 13, 'Vertiport_9': 16, 'Vertiport_10': 15}"
271,639.0,213,8547.630394399977,2464651.4003257416,"{'Vertiport_1': 15, 'Vertiport_2': 15, 'Vertiport_3': 15, 'Vertiport_4': 15, 'Vertiport_5': 15, 'Vertiport_6': 15, 'Vertiport_7': 15, 'Vertiport_8': 15, 'Vertiport_9': 15, 'Vertiport_10': 15}"
272,579.0,193,8240.309201815966,2472891.7095275577,"{'Vertiport_1': 15, 'Vertiport_2': 15, 'Vertiport_3': 15, 'Vertiport_4': 15, 'Vertiport_5': 15, 'Vertiport_6': 15, 'Vertiport_7': 15, 'Vertiport_8': 15, 'Vertiport_9': 15, 'Vertiport_10': 15}"
273,543.0,181,7873.090388903963,2480764.7999164616,"{'Vertiport_1': 15, 'Vertiport_2': 15, 'Vertiport_3': 15, 'Vertiport_4': 15, 'Vertiport_5': 15, 'Vertiport_6': 15, 'Vertiport_7': 15, 'Vertiport_8': 15, 'Vertiport_9': 15, 'Vertiport_10': 15}"
274,550.0,182,7851.604396555969,2488616.4043130176,"{'Vertiport_1': 15, 'Vertiport_2': 15, 'Vertiport_3': 15, 'Vertiport_4': 16, 'Vertiport_5': 15, 'Vertiport_6': 15, 'Vertiport_7': 15, 'Vertiport_8': 13, 'Vertiport_9': 16, 'Vertiport_10': 15}"
275,470.0,156,6840.449602555973,2495456.8539155736,"{'Vertiport_1': 15, 'Vertiport_2': 15, 'Vertiport_3': 15, 'Vertiport_4': 15, 'Vertiport_5': 15, 'Vertiport_6': 15, 'Vertiport_7': 15, 'Vertiport_8': 14, 'Vertiport_9': 16, 'Vertiport_10': 15}"
276,527.0,175,7156.210894251973,2502613.0648098257,"{'Vertiport_1': 15, 'Vertiport_2': 15, 'Vertiport_3': 15, 'Vertiport_4': 15, 'Vertiport_5': 15, 'Vertiport_6': 15, 'Vertiport_7': 15, 'Vertiport_8': 14, 'Vertiport_9': 16, 'Vertiport_10': 15}"
277,422.0,140,6441.846763663982,2509054.9115734897,"{'Vertiport_1': 15, 'Vertiport_2': 15, 'Vertiport_3': 15, 'Vertiport_4': 16, 'Vertiport_5': 15, 'Vertiport_6': 15, 'Vertiport_7': 15, 'Vertiport_8': 14, 'Vertiport_9': 15, 'Vertiport_10': 15}"
278,369.0,123,5949.033212199982,2515003.9447856895,"{'Vertiport_1': 15, 'Vertiport_2': 15, 'Vertiport_3': 15, 'Vertiport_4': 15, 'Vertiport_5': 15, 'Vertiport_6': 15, 'Vertiport_7': 15, 'Vertiport_8': 15, 'Vertiport_9': 15, 'Vertiport_10': 15}"
279,321.0,107,4798.959328567988,2519802.9041142575,"{'Vertiport_1': 15, 'Vertiport_2': 15, 'Vertiport_3': 15, 'Vertiport_4': 15, 'Vertiport_5': 15, 'Vertiport_6': 15, 'Vertiport_7': 15, 'Vertiport_8': 15, 'Vertiport_9': 15, 'Vertiport_10': 15}"
280,307.0,101,5003.48299237599,2524806.3871066337,"{'Vertiport_1': 15, 'Vertiport_2': 15, 'Vertiport_3': 15, 'Vertiport_4': 16, 'Vertiport_5': 15, 'Vertiport_6': 16, 'Vertiport_7': 15, 'Vertiport_8': 13, 'Vertiport_9': 15, 'Vertiport_10': 15}"
281,227.0,75,3397.0973211559976,2528203.4844277897,"{'Vertiport_1': 15, 'Vertiport_2': 15, 'Vertiport_3': 15, 'Vertiport_4': 15, 'Vertiport_5': 15, 'Vertiport_6': 15, 'Vertiport_7': 15, 'Vertiport_8': 14, 'Vertiport_9': 16, 'Vertiport_10': 15}"
282,188.0,62,2749.720685688,2530953.2051134775,"{'Vertiport_1': 15, 'Vertiport_2': 15, 'Vertiport_3': 15, 'Vertiport_4': 16, 'Vertiport_5': 15, 'Vertiport_6': 15, 'Vertiport_7': 15, 'Vertiport_8': 14, 'Vertiport_9': 15, 'Vertiport_10': 15}"
283,228.0,76,3677.6431329039983,2534630.8482463816,"{'Vertiport_1': 15, 'Vertiport_2': 15, 'Vertiport_3': 15, 'Vertiport_4': 15, 'Vertiport_5': 15, 'Vertiport_6': 15, 'Vertiport_7': 15, 'Vertiport_8': 15, 'Vertiport_9': 15, 'Vertiport_10': 15}"
284,241.0,79,3391.184298695997,2538022.0325450776,"{'Vertiport_1': 15, 'Vertiport_2': 15, 'Vertiport_3': 15, 'Vertiport_4': 17, 'Vertiport_5': 15, 'Vertiport_6': 15, 'Vertiport_7': 15, 'Vertiport_8': 13, 'Vertiport_9': 15, 'Vertiport_10': 15}"
285,219.0,73,3135.4693397679994,2541157.5018848456,"{'Vertiport_1': 15, 'Vertiport_2': 15, 'Vertiport_3': 15, 'Vertiport_4': 15, 'Vertiport_5': 15, 'Vertiport_6': 15, 'Vertiport_7': 15, 'Vertiport_8': 15, 'Vertiport_9': 15, 'Vertiport_10': 15}"
286,153.0,51,1936.216340648,2543093.7182254936,"{'Vertiport_1': 15, 'Vertiport_2': 15, 'Vertiport_3': 15, 'Vertiport_4': 15, 'Vertiport_5': 15, 'Vertiport_6': 15, 'Vertiport_7': 15, 'Vertiport_8': 15, 'Vertiport_9': 15, 'Vertiport_10': 15}"
287,152.0,50,2722.7680016479994,2545816.4862271417,"{'Vertiport_1': 15, 'Vertiport_2': 15, 'Vertiport_3': 15, 'Vertiport_4': 15, 'Vertiport_5': 15, 'Vertiport_6': 16, 'Vertiport_7': 15, 'Vertiport_8': 14, 'Vertiport_9': 15, 'Vertiport_10': 15}"
288,90.0,30,1352.873800552,2547169.3600276937,"{'Vertiport_1': 15, 'Vertiport_2': 15, 'Vertiport_3': 15, 'Vertiport_4': 15, 'Vertiport_5': 15, 'Vertiport_6': 15, 'Vertiport_7': 15, 'Vertiport_8': 15, 'Vertiport_9': 15, 'Vertiport_10': 15}"
289,78.0,26,1155.5402497759999,2548324.90027747,"{'Vertiport_1': 15, 'Vertiport_2': 15, 'Vertiport_3': 15, 'Vertiport_4': 15, 'Vertiport_5': 15, 'Vertiport_6': 15, 'Vertiport_7': 15, 'Vertiport_8': 15, 'Vertiport_9': 15, 'Vertiport_10': 15}"
290,86.0,28,1290.477403616,2549615.377681086,"{'Vertiport_1': 15, 'Vertiport_2': 15, 'Vertiport_3': 15, 'Vertiport_4': 15, 'Vertiport_5': 15, 'Vertiport_6': 16, 'Vertiport_7': 15, 'Vertiport_8': 14, 'Vertiport_9': 15, 'Vertiport_10': 15}"
291,81.0,27,1148.890698056,2550764.268379142,"{'Vertiport_1': 15, 'Vertiport_2': 15, 'Vertiport_3': 15, 'Vertiport_4': 15, 'Vertiport_5': 15, 'Vertiport_6': 15, 'Vertiport_7': 15, 'Vertiport_8': 15, 'Vertiport_9': 15, 'Vertiport_10': 15}"
292,81.0,27,1213.2879117200005,2551977.556290862,"{'Vertiport_1': 15, 'Vertiport_2': 15, 'Vertiport_3': 15, 'Vertiport_4': 15, 'Vertiport_5': 15, 'Vertiport_6': 15, 'Vertiport_7': 15, 'Vertiport_8': 15, 'Vertiport_9': 15, 'Vertiport_10': 15}"
293,57.0,19,1052.4641852240002,2553030.020476086,"{'Vertiport_1': 15, 'Vertiport_2': 15, 'Vertiport_3': 15, 'Vertiport_4': 15, 'Vertiport_5': 15, 'Vertiport_6': 15, 'Vertiport_7': 15, 'Vertiport_8': 15, 'Vertiport_9': 15, 'Vertiport_10': 15}"
294,120.0,38,1530.2789371280003,2554560.299413214,"{'Vertiport_1': 15, 'Vertiport_2': 15, 'Vertiport_3': 15, 'Vertiport_4': 17, 'Vertiport_5': 15, 'Vertiport_6': 16, 'Vertiport_7': 15, 'Vertiport_8': 12, 'Vertiport_9': 15, 'Vertiport_10': 15}"
295,117.0,39,1634.761963144,2556195.061376358,"{'Vertiport_1': 15, 'Vertiport_2': 15, 'Vertiport_3': 15, 'Vertiport_4': 15, 'Vertiport_5': 15, 'Vertiport_6': 15, 'Vertiport_7': 15, 'Vertiport_8': 15, 'Vertiport_9': 15, 'Vertiport_10': 15}"
296,138.0,46,2102.121145656,2558297.182522014,"{'Vertiport_1': 15, 'Vertiport_2': 15, 'Vertiport_3': 15, 'Vertiport_4': 15, 'Vertiport_5': 15, 'Vertiport_6': 15, 'Vertiport_7': 15, 'Vertiport_8': 15, 'Vertiport_9': 15, 'Vertiport_10': 15}"
297,129.0,43,1802.02441732,2560099.2069393336,"{'Vertiport_1': 15, 'Vertiport_2': 15, 'Vertiport_3': 15, 'Vertiport_4': 15, 'Vertiport_5': 15, 'Vertiport_6': 15, 'Vertiport_7': 15, 'Vertiport_8': 15, 'Vertiport_9': 15, 'Vertiport_10': 15}"
298,141.0,47,2215.841106272,2562315.0480456054,"{'Vertiport_1': 15, 'Vertiport_2': 15, 'Vertiport_3': 15, 'Vertiport_4': 15, 'Vertiport_5': 15, 'Vertiport_6': 15, 'Vertiport_7': 15, 'Vertiport_8': 15, 'Vertiport_9': 15, 'Vertiport_10': 15}"
299,179.0,59,2420.2185142719995,2564735.2665598774,"{'Vertiport_1': 15, 'Vertiport_2': 15, 'Vertiport_3': 15, 'Vertiport_4': 15, 'Vertiport_5': 15, 'Vertiport_6': 16, 'Vertiport_7': 15, 'Vertiport_8': 14, 'Vertiport_9': 15, 'Vertiport_10': 15}"
300,203.0,67,3035.942956111999,2567771.2095159893,"{'Vertiport_1': 15, 'Vertiport_2': 15, 'Vertiport_3': 15, 'Vertiport_4': 15, 'Vertiport_5': 15, 'Vertiport_6': 16, 'Vertiport_7': 15, 'Vertiport_8': 14, 'Vertiport_9': 15, 'Vertiport_10': 15}"
301,258.0,86,3745.7998161039986,2571517.0093320934,"{'Vertiport_1': 15, 'Vertiport_2': 15, 'Vertiport_3': 15, 'Vertiport_4': 15, 'Vertiport_5': 15, 'Vertiport_6': 15, 'Vertiport_7': 15, 'Vertiport_8': 15, 'Vertiport_9': 15, 'Vertiport_10': 15}"
302,297.0,97,4684.262744411994,2576201.2720765052,"{'Vertiport_1': 15, 'Vertiport_2': 15, 'Vertiport_3': 15, 'Vertiport_4': 16, 'Vertiport_5': 15, 'Vertiport_6': 16, 'Vertiport_7': 15, 'Vertiport_8': 12, 'Vertiport_9': 16, 'Vertiport_10': 15}"
303,318.0,106,4628.95979383199,2580830.2318703374,"{'Vertiport_1': 15, 'Vertiport_2': 15, 'Vertiport_3': 15, 'Vertiport_4': 15, 'Vertiport_5': 15, 'Vertiport_6': 15, 'Vertiport_7': 15, 'Vertiport_8': 15, 'Vertiport_9': 15, 'Vertiport_10': 15}"
304,343.0,113,4971.516344467993,2585801.7482148055,"{'Vertiport_1': 15, 'Vertiport_2': 15, 'Vertiport_3': 15, 'Vertiport_4': 15, 'Vertiport_5': 15, 'Vertiport_6': 16, 'Vertiport_7': 15, 'Vertiport_8': 13, 'Vertiport_9': 16, 'Vertiport_10': 15}"
305,71.0,23,883.0756068439999,2586684.8238216494,"{'Vertiport_1': 15, 'Vertiport_2': 15, 'Vertiport_3': 15, 'Vertiport_4': 15, 'Vertiport_5': 15, 'Vertiport_6': 15, 'Vertiport_7': 15, 'Vertiport_8': 14, 'Vertiport_9': 16, 'Vertiport_10': 15}"
306,0.0,0,0.0,2586684.8238216494,"{'Vertiport_1': 15, 'Vertiport_2': 15, 'Vertiport_3': 15, 'Vertiport_4': 15, 'Vertiport_5': 15, 'Vertiport_6': 15, 'Vertiport_7': 15, 'Vertiport_8': 15, 'Vertiport_9': 15, 'Vertiport_10': 15}"
307,0.0,0,0.0,2586684.8238216494,"{'Vertiport_1': 15, 'Vertiport_2': 15, 'Vertiport_3': 15, 'Vertiport_4': 15, 'Vertiport_5': 15, 'Vertiport_6': 15, 'Vertiport_7': 15, 'Vertiport_8': 15, 'Vertiport_9': 15, 'Vertiport_10': 15}"
308,0.0,0,0.0,2586684.8238216494,"{'Vertiport_1': 15, 'Vertiport_2': 15, 'Vertiport_3': 15, 'Vertiport_4': 15, 'Vertiport_5': 15, 'Vertiport_6': 15, 'Vertiport_7': 15, 'Vertiport_8': 15, 'Vertiport_9': 15, 'Vertiport_10': 15}"
309,0.0,0,0.0,2586684.8238216494,"{'Vertiport_1': 15, 'Vertiport_2': 15, 'Vertiport_3': 15, 'Vertiport_4': 15, 'Vertiport_5': 15, 'Vertiport_6': 15, 'Vertiport_7': 15, 'Vertiport_8': 15, 'Vertiport_9': 15, 'Vertiport_10': 15}"
310,0.0,0,0.0,2586684.8238216494,"{'Vertiport_1': 15, 'Vertiport_2': 15, 'Vertiport_3': 15, 'Vertiport_4': 15, 'Vertiport_5': 15, 'Vertiport_6': 15, 'Vertiport_7': 15, 'Vertiport_8': 15, 'Vertiport_9': 15, 'Vertiport_10': 15}"
311,197.0,65,2592.634447599999,2589277.4582692496,"{'Vertiport_1': 15, 'Vertiport_2': 15, 'Vertiport_3': 15, 'Vertiport_4': 15, 'Vertiport_5': 15, 'Vertiport_6': 16, 'Vertiport_7': 15, 'Vertiport_8': 14, 'Vertiport_9': 15, 'Vertiport_10': 15}"
312,736.0,244,10786.798979083993,2600064.2572483337,"{'Vertiport_1': 15, 'Vertiport_2': 15, 'Vertiport_3': 15, 'Vertiport_4': 16, 'Vertiport_5': 15, 'Vertiport_6': 15, 'Vertiport_7': 15, 'Vertiport_8': 13, 'Vertiport_9': 16, 'Vertiport_10': 15}"
313,662.0,220,8972.410109871978,2609036.6673582057,"{'Vertiport_1': 15, 'Vertiport_2': 15, 'Vertiport_3': 15, 'Vertiport_4': 15, 'Vertiport_5': 15, 'Vertiport_6': 16, 'Vertiport_7': 15, 'Vertiport_8': 14, 'Vertiport_9': 15, 'Vertiport_10': 15}"
314,657.0,217,9733.046657003979,2618769.7140152096,"{'Vertiport_1': 15, 'Vertiport_2': 15, 'Vertiport_3': 15, 'Vertiport_4': 16, 'Vertiport_5': 15, 'Vertiport_6': 16, 'Vertiport_7': 15, 'Vertiport_8': 12, 'Vertiport_9': 16, 'Vertiport_10': 15}"
315,638.0,212,8924.333326399972,2627694.0473416094,"{'Vertiport_1': 15, 'Vertiport_2': 15, 'Vertiport_3': 15, 'Vertiport_4': 15, 'Vertiport_5': 15, 'Vertiport_6': 16, 'Vertiport_7': 15, 'Vertiport_8': 14, 'Vertiport_9': 15, 'Vertiport_10': 15}"
316,647.0,213,8723.188647315976,2636417.235988925,"{'Vertiport_1': 15, 'Vertiport_2': 15, 'Vertiport_3': 15, 'Vertiport_4': 15, 'Vertiport_5': 15, 'Vertiport_6': 16, 'Vertiport_7': 15, 'Vertiport_8': 11, 'Vertiport_9': 18, 'Vertiport_10': 15}"
317,666.0,220,9063.22613299197,2645480.4621219174,"{'Vertiport_1': 15, 'Vertiport_2': 15, 'Vertiport_3': 15, 'Vertiport_4': 16, 'Vertiport_5': 15, 'Vertiport_6': 17, 'Vertiport_7': 15, 'Vertiport_8': 12, 'Vertiport_9': 15, 'Vertiport_10': 15}"
318,559.0,185,7429.049690351968,2652909.511812269,"{'Vertiport_1': 15, 'Vertiport_2': 15, 'Vertiport_3': 15, 'Vertiport_4': 16, 'Vertiport_5': 15, 'Vertiport_6': 16, 'Vertiport_7': 15, 'Vertiport_8': 13, 'Vertiport_9': 15, 'Vertiport_10': 15}"
319,599.0,199,8342.645143887969,2661252.156956157,"{'Vertiport_1': 15, 'Vertiport_2': 15, 'Vertiport_3': 15, 'Vertiport_4': 15, 'Vertiport_5': 15, 'Vertiport_6': 16, 'Vertiport_7': 15, 'Vertiport_8': 14, 'Vertiport_9': 15, 'Vertiport_10': 15}"
320,673.0,223,9421.93300085598,2670674.0899570133,"{'Vertiport_1': 15, 'Vertiport_2': 15, 'Vertiport_3': 15, 'Vertiport_4': 16, 'Vertiport_5': 15, 'Vertiport_6': 16, 'Vertiport_7': 15, 'Vertiport_8': 13, 'Vertiport_9': 15, 'Vertiport_10': 15}"
321,611.0,203,9396.122477175975,2680070.2124341894,"{'Vertiport_1': 15, 'Vertiport_2': 15, 'Vertiport_3': 15, 'Vertiport_4': 16, 'Vertiport_5': 15, 'Vertiport_6': 15, 'Vertiport_7': 15, 'Vertiport_8': 14, 'Vertiport_9': 15, 'Vertiport_10': 15}"
322,585.0,195,8802.312725471975,2688872.525159661,"{'Vertiport_1': 15, 'Vertiport_2': 15, 'Vertiport_3': 15, 'Vertiport_4': 15, 'Vertiport_5': 15, 'Vertiport_6': 15, 'Vertiport_7': 15, 'Vertiport_8': 15, 'Vertiport_9': 15, 'Vertiport_10': 15}"
323,608.0,202,8912.76349276798,2697785.2886524294,"{'Vertiport_1': 15, 'Vertiport_2': 15, 'Vertiport_3': 15, 'Vertiport_4': 15, 'Vertiport_5': 15, 'Vertiport_6': 16, 'Vertiport_7': 15, 'Vertiport_8': 14, 'Vertiport_9': 15, 'Vertiport_10': 15}"
324,606.0,202,8439.285987119978,2706224.5746395495,"{'Vertiport_1': 15, 'Vertiport_2': 15, 'Vertiport_3': 15, 'Vertiport_4': 15, 'Vertiport_5': 15, 'Vertiport_6': 15, 'Vertiport_7': 15, 'Vertiport_8': 15, 'Vertiport_9': 15, 'Vertiport_10': 15}"
325,663.0,219,9490.041673619979,2715714.6163131692,"{'Vertiport_1': 15, 'Vertiport_2': 15, 'Vertiport_3': 15, 'Vertiport_4': 16, 'Vertiport_5': 15, 'Vertiport_6': 16, 'Vertiport_7': 15, 'Vertiport_8': 12, 'Vertiport_9': 16, 'Vertiport_10': 15}"
326,570.0,190,8147.656145767973,2723862.272458937,"{'Vertiport_1': 15, 'Vertiport_2': 15, 'Vertiport_3': 15, 'Vertiport_4': 15, 'Vertiport_5': 15, 'Vertiport_6': 15, 'Vertiport_7': 15, 'Vertiport_8': 15, 'Vertiport_9': 15, 'Vertiport_10': 15}"
327,596.0,198,8635.968336543978,2732498.240795481,"{'Vertiport_1': 15, 'Vertiport_2': 15, 'Vertiport_3': 15, 'Vertiport_4': 16, 'Vertiport_5': 15, 'Vertiport_6': 15, 'Vertiport_7': 15, 'Vertiport_8': 14, 'Vertiport_9': 15, 'Vertiport_10': 15}"
328,597.0,197,8595.02123323197,2741093.262028713,"{'Vertiport_1': 15, 'Vertiport_2': 15, 'Vertiport_3': 15, 'Vertiport_4': 16, 'Vertiport_5': 15, 'Vertiport_6': 15, 'Vertiport_7': 15, 'Vertiport_8': 12, 'Vertiport_9': 17, 'Vertiport_10': 15}"
329,592.0,196,8730.191849739978,2749823.4538784525,"{'Vertiport_1': 15, 'Vertiport_2': 15, 'Vertiport_3': 15, 'Vertiport_4': 16, 'Vertiport_5': 15, 'Vertiport_6': 15, 'Vertiport_7': 15, 'Vertiport_8': 13, 'Vertiport_9': 16, 'Vertiport_10': 15}"
330,612.0,202,8685.97555310798,2758509.4294315604,"{'Vertiport_1': 15, 'Vertiport_2': 15, 'Vertiport_3': 15, 'Vertiport_4': 16, 'Vertiport_5': 15, 'Vertiport_6': 16, 'Vertiport_7': 15, 'Vertiport_8': 12, 'Vertiport_9': 16, 'Vertiport_10': 15}"
331,605.0,201,8584.747644539973,2767094.1770761004,"{'Vertiport_1': 15, 'Vertiport_2': 15, 'Vertiport_3': 15, 'Vertiport_4': 15, 'Vertiport_5': 15, 'Vertiport_6': 15, 'Vertiport_7': 15, 'Vertiport_8': 14, 'Vertiport_9': 16, 'Vertiport_10': 15}"
332,613.0,203,8658.054427619974,2775752.2315037204,"{'Vertiport_1': 15, 'Vertiport_2': 15, 'Vertiport_3': 15, 'Vertiport_4': 15, 'Vertiport_5': 15, 'Vertiport_6': 16, 'Vertiport_7': 15, 'Vertiport_8': 13, 'Vertiport_9': 16, 'Vertiport_10': 15}"
333,508.0,168,7389.490025163973,2783141.7215288845,"{'Vertiport_1': 15, 'Vertiport_2': 15, 'Vertiport_3': 15, 'Vertiport_4': 15, 'Vertiport_5': 15, 'Vertiport_6': 16, 'Vertiport_7': 15, 'Vertiport_8': 13, 'Vertiport_9': 16, 'Vertiport_10': 15}"
334,546.0,182,8473.30799637598,2791615.0295252604,"{'Vertiport_1': 15, 'Vertiport_2': 15, 'Vertiport_3': 15, 'Vertiport_4': 15, 'Vertiport_5': 15, 'Vertiport_6': 15, 'Vertiport_7': 15, 'Vertiport_8': 15, 'Vertiport_9': 15, 'Vertiport_10': 15}"
335,551.0,183,8457.84364907997,2800072.8731743405,"{'Vertiport_1': 15, 'Vertiport_2': 15, 'Vertiport_3': 15, 'Vertiport_4': 15, 'Vertiport_5': 15, 'Vertiport_6': 16, 'Vertiport_7': 15, 'Vertiport_8': 14, 'Vertiport_9': 15, 'Vertiport_10': 15}"
336,566.0,188,7651.988756171973,2807724.8619305124,"{'Vertiport_1': 15, 'Vertiport_2': 15, 'Vertiport_3': 15, 'Vertiport_4': 15, 'Vertiport_5': 15, 'Vertiport_6': 15, 'Vertiport_7': 15, 'Vertiport_8': 14, 'Vertiport_9': 16, 'Vertiport_10': 15}"
337,605.0,201,9041.120596951981,2816765.982527464,"{'Vertiport_1': 15, 'Vertiport_2': 15, 'Vertiport_3': 15, 'Vertiport_4': 15, 'Vertiport_5': 15, 'Vertiport_6': 16, 'Vertiport_7': 15, 'Vertiport_8': 14, 'Vertiport_9': 15, 'Vertiport_10': 15}"
338,534.0,178,7500.297745663967,2824266.2802731283,"{'Vertiport_1': 15, 'Vertiport_2': 15, 'Vertiport_3': 15, 'Vertiport_4': 15, 'Vertiport_5': 15, 'Vertiport_6': 15, 'Vertiport_7': 15, 'Vertiport_8': 15, 'Vertiport_9': 15, 'Vertiport_10': 15}"
339,516.0,172,7045.634238751973,2831311.9145118804,"{'Vertiport_1': 15, 'Vertiport_2': 15, 'Vertiport_3': 15, 'Vertiport_4': 15, 'Vertiport_5': 15, 'Vertiport_6': 15, 'Vertiport_7': 15, 'Vertiport_8': 15, 'Vertiport_9': 15, 'Vertiport_10': 15}"
340,549.0,183,7964.02255084797,2839275.937062728,"{'Vertiport_1': 15, 'Vertiport_2': 15, 'Vertiport_3': 15, 'Vertiport_4': 15, 'Vertiport_5': 15, 'Vertiport_6': 15, 'Vertiport_7': 15, 'Vertiport_8': 15, 'Vertiport_9': 15, 'Vertiport_10': 15}"
341,582.0,192,8001.842995463971,2847277.780058192,"{'Vertiport_1': 15, 'Vertiport_2': 15, 'Vertiport_3': 15, 'Vertiport_4': 17, 'Vertiport_5': 15, 'Vertiport_6': 16, 'Vertiport_7': 15, 'Vertiport_8': 12, 'Vertiport_9': 15, 'Vertiport_10': 15}"
342,497.0,165,7132.280910639979,2854410.060968832,"{'Vertiport_1': 15, 'Vertiport_2': 15, 'Vertiport_3': 15, 'Vertiport_4': 15, 'Vertiport_5': 15, 'Vertiport_6': 16, 'Vertiport_7': 15, 'Vertiport_8': 14, 'Vertiport_9': 15, 'Vertiport_10': 15}"
343,567.0,189,8279.47303659997,2862689.534005432,"{'Vertiport_1': 15, 'Vertiport_2': 15, 'Vertiport_3': 15, 'Vertiport_4': 15, 'Vertiport_5': 15, 'Vertiport_6': 15, 'Vertiport_7': 15, 'Vertiport_8': 15, 'Vertiport_9': 15, 'Vertiport_10': 15}"
344,581.0,193,8129.592749239967,2870819.126754672,"{'Vertiport_1': 15, 'Vertiport_2': 15, 'Vertiport_3': 15, 'Vertiport_4': 16, 'Vertiport_5': 15, 'Vertiport_6': 15, 'Vertiport_7': 15, 'Vertiport_8': 14, 'Vertiport_9': 15, 'Vertiport_10': 15}"
345,624.0,208,9482.801156407984,2880301.92791108,"{'Vertiport_1': 15, 'Vertiport_2': 15, 'Vertiport_3': 15, 'Vertiport_4': 15, 'Vertiport_5': 15, 'Vertiport_6': 15, 'Vertiport_7': 15, 'Vertiport_8': 15, 'Vertiport_9': 15, 'Vertiport_10': 15}"
346,641.0,213,8997.882778231973,2889299.810689312,"{'Vertiport_1': 15, 'Vertiport_2': 15, 'Vertiport_3': 15, 'Vertiport_4': 15, 'Vertiport_5': 15, 'Vertiport_6': 16, 'Vertiport_7': 15, 'Vertiport_8': 14, 'Vertiport_9': 15, 'Vertiport_10': 15}"
347,717.0,239,9944.271413463977,2899244.082102776,"{'Vertiport_1': 15, 'Vertiport_2': 15, 'Vertiport_3': 15, 'Vertiport_4': 15, 'Vertiport_5': 15, 'Vertiport_6': 15, 'Vertiport_7': 15, 'Vertiport_8': 15, 'Vertiport_9': 15, 'Vertiport_10': 15}"
348,806.0,268,11192.163598679987,2910436.245701456,"{'Vertiport_1': 15, 'Vertiport_2': 15, 'Vertiport_3': 15, 'Vertiport_4': 16, 'Vertiport_5': 15, 'Vertiport_6': 15, 'Vertiport_7': 15, 'Vertiport_8': 14, 'Vertiport_9': 15, 'Vertiport_10': 15}"
349,773.0,257,11187.420633143991,2921623.6663346,"{'Vertiport_1': 15, 'Vertiport_2': 15, 'Vertiport_3': 15, 'Vertiport_4': 15, 'Vertiport_5': 15, 'Vertiport_6': 16, 'Vertiport_7': 15, 'Vertiport_8': 14, 'Vertiport_9': 15, 'Vertiport_10': 15}"
350,816.0,272,11925.404965391992,2933549.071299992,"{'Vertiport_1': 15, 'Vertiport_2': 15, 'Vertiport_3': 15, 'Vertiport_4': 15, 'Vertiport_5': 15, 'Vertiport_6': 15, 'Vertiport_7': 15, 'Vertiport_8': 15, 'Vertiport_9': 15, 'Vertiport_10': 15}"
351,802.0,266,10763.23438086398,2944312.305680856,"{'Vertiport_1': 15, 'Vertiport_2': 15, 'Vertiport_3': 15, 'Vertiport_4': 16, 'Vertiport_5': 15, 'Vertiport_6': 16, 'Vertiport_7': 15, 'Vertiport_8': 13, 'Vertiport_9': 15, 'Vertiport_10': 15}"
352,861.0,287,11875.030277431992,2956187.335958288,"{'Vertiport_1': 15, 'Vertiport_2': 15, 'Vertiport_3': 15, 'Vertiport_4': 15, 'Vertiport_5': 15, 'Vertiport_6': 15, 'Vertiport_7': 15, 'Vertiport_8': 15, 'Vertiport_9': 15, 'Vertiport_10': 15}"
353,828.0,276,11429.665918071985,2967617.00187636,"{'Vertiport_1': 15, 'Vertiport_2': 15, 'Vertiport_3': 15, 'Vertiport_4': 15, 'Vertiport_5': 15, 'Vertiport_6': 15, 'Vertiport_7': 15, 'Vertiport_8': 15, 'Vertiport_9': 15, 'Vertiport_10': 15}"
354,945.0,315,13392.167578608005,2981009.1694549676,"{'Vertiport_1': 15, 'Vertiport_2': 15, 'Vertiport_3': 15, 'Vertiport_4': 15, 'Vertiport_5': 15, 'Vertiport_6': 15, 'Vertiport_7': 15, 'Vertiport_8': 15, 'Vertiport_9': 15, 'Vertiport_10': 15}"
355,825.0,275,11674.30972131198,2992683.4791762796,"{'Vertiport_1': 15, 'Vertiport_2': 15, 'Vertiport_3': 15, 'Vertiport_4': 15, 'Vertiport_5': 15, 'Vertiport_6': 15, 'Vertiport_7': 15, 'Vertiport_8': 15, 'Vertiport_9': 15, 'Vertiport_10': 15}"
356,978.0,326,13467.245815120003,3006150.7249914,"{'Vertiport_1': 15, 'Vertiport_2': 15, 'Vertiport_3': 15, 'Vertiport_4': 15, 'Vertiport_5': 15, 'Vertiport_6': 15, 'Vertiport_7': 15, 'Vertiport_8': 15, 'Vertiport_9': 15, 'Vertiport_10': 15}"
357,992.0,330,13754.883936472,3019905.6089278716,"{'Vertiport_1': 15, 'Vertiport_2': 15, 'Vertiport_3': 15, 'Vertiport_4': 16, 'Vertiport_5': 15, 'Vertiport_6': 15, 'Vertiport_7': 15, 'Vertiport_8': 14, 'Vertiport_9': 15, 'Vertiport_10': 15}"
358,837.0,279,12056.758361351996,3031962.3672892237,"{'Vertiport_1': 15, 'Vertiport_2': 15, 'Vertiport_3': 15, 'Vertiport_4': 15, 'Vertiport_5': 15, 'Vertiport_6': 15, 'Vertiport_7': 15, 'Vertiport_8': 15, 'Vertiport_9': 15, 'Vertiport_10': 15}"
359,852.0,284,11838.700576655985,3043801.0678658797,"{'Vertiport_1': 15, 'Vertiport_2': 15, 'Vertiport_3': 15, 'Vertiport_4': 15, 'Vertiport_5': 15, 'Vertiport_6': 15, 'Vertiport_7': 15, 'Vertiport_8': 15, 'Vertiport_9': 15, 'Vertiport_10': 15}"
360,852.0,282,11876.209553167992,3055677.277419048,"{'Vertiport_1': 15, 'Vertiport_2': 15, 'Vertiport_3': 15, 'Vertiport_4': 17, 'Vertiport_5': 15, 'Vertiport_6': 16, 'Vertiport_7': 15, 'Vertiport_8': 12, 'Vertiport_9': 15, 'Vertiport_10': 15}"
361,831.0,277,11310.910943559986,3066988.1883626077,"{'Vertiport_1': 15, 'Vertiport_2': 15, 'Vertiport_3': 15, 'Vertiport_4': 15, 'Vertiport_5': 15, 'Vertiport_6': 15, 'Vertiport_7': 15, 'Vertiport_8': 15, 'Vertiport_9': 15, 'Vertiport_10': 15}"
362,808.0,268,11489.139493971985,3078477.32785658,"{'Vertiport_1': 15, 'Vertiport_2': 15, 'Vertiport_3': 15, 'Vertiport_4': 15, 'Vertiport_5': 15, 'Vertiport_6': 16, 'Vertiport_7': 15, 'Vertiport_8': 13, 'Vertiport_9': 16, 'Vertiport_10': 15}"
363,763.0,253,10941.954034099997,3089419.2818906796,"{'Vertiport_1': 15, 'Vertiport_2': 15, 'Vertiport_3': 15, 'Vertiport_4': 15, 'Vertiport_5': 15, 'Vertiport_6': 16, 'Vertiport_7': 15, 'Vertiport_8': 13, 'Vertiport_9': 16, 'Vertiport_10': 15}"
364,789.0,263,11289.261352439988,3100708.5432431195,"{'Vertiport_1': 15, 'Vertiport_2': 15, 'Vertiport_3': 15, 'Vertiport_4': 15, 'Vertiport_5': 15, 'Vertiport_6': 15, 'Vertiport_7': 15, 'Vertiport_8': 15, 'Vertiport_9': 15, 'Vertiport_10': 15}"
365,847.0,281,12070.036680535999,3112778.5799236554,"{'Vertiport_1': 15, 'Vertiport_2': 15, 'Vertiport_3': 15, 'Vertiport_4': 16, 'Vertiport_5': 15, 'Vertiport_6': 16, 'Vertiport_7': 15, 'Vertiport_8': 13, 'Vertiport_9': 15, 'Vertiport_10': 15}"
366,764.0,254,11355.427183559983,3124134.0071072155,"{'Vertiport_1': 15, 'Vertiport_2': 15, 'Vertiport_3': 15, 'Vertiport_4': 16, 'Vertiport_5': 15, 'Vertiport_6': 15, 'Vertiport_7': 15, 'Vertiport_8': 14, 'Vertiport_9': 15, 'Vertiport_10': 15}"
367,875.0,291,12974.031704439993,3137108.0388116552,"{'Vertiport_1': 15, 'Vertiport_2': 15, 'Vertiport_3': 15, 'Vertiport_4': 16, 'Vertiport_5': 15, 'Vertiport_6': 15, 'Vertiport_7': 15, 'Vertiport_8': 14, 'Vertiport_9': 15, 'Vertiport_10': 15}"
368,695.0,231,10300.860760823987,3147408.899572479,"{'Vertiport_1': 15, 'Vertiport_2': 15, 'Vertiport_3': 15, 'Vertiport_4': 16, 'Vertiport_5': 15, 'Vertiport_6': 15, 'Vertiport_7': 15, 'Vertiport_8': 14, 'Vertiport_9': 15, 'Vertiport_10': 15}"
369,689.0,229,9445.685113387968,3156854.584685867,"{'Vertiport_1': 15, 'Vertiport_2': 15, 'Vertiport_3': 15, 'Vertiport_4': 15, 'Vertiport_5': 15, 'Vertiport_6': 15, 'Vertiport_7': 15, 'Vertiport_8': 14, 'Vertiport_9': 16, 'Vertiport_10': 15}"
370,644.0,214,9108.588201911974,3165963.1728877793,"{'Vertiport_1': 15, 'Vertiport_2': 15, 'Vertiport_3': 15, 'Vertiport_4': 15, 'Vertiport_5': 15, 'Vertiport_6': 16, 'Vertiport_7': 15, 'Vertiport_8': 14, 'Vertiport_9': 15, 'Vertiport_10': 15}"
371,604.0,200,8418.14245545197,3174381.3153432314,"{'Vertiport_1': 15, 'Vertiport_2': 15, 'Vertiport_3': 15, 'Vertiport_4': 15, 'Vertiport_5': 15, 'Vertiport_6': 16, 'Vertiport_7': 15, 'Vertiport_8': 13, 'Vertiport_9': 16, 'Vertiport_10': 15}"
372,530.0,174,7769.128968735967,3182150.4443119676,"{'Vertiport_1': 15, 'Vertiport_2': 15, 'Vertiport_3': 15, 'Vertiport_4': 17, 'Vertiport_5': 15, 'Vertiport_6': 15, 'Vertiport_7': 15, 'Vertiport_8': 11, 'Vertiport_9': 17, 'Vertiport_10': 15}"
373,598.0,198,9221.11948651598,3191371.5637984835,"{'Vertiport_1': 15, 'Vertiport_2': 15, 'Vertiport_3': 15, 'Vertiport_4': 16, 'Vertiport_5': 15, 'Vertiport_6': 15, 'Vertiport_7': 15, 'Vertiport_8': 13, 'Vertiport_9': 16, 'Vertiport_10': 15}"
374,438.0,146,5890.455733591979,3197262.0195320756,"{'Vertiport_1': 15, 'Vertiport_2': 15, 'Vertiport_3': 15, 'Vertiport_4': 15, 'Vertiport_5': 15, 'Vertiport_6': 15, 'Vertiport_7': 15, 'Vertiport_8': 15, 'Vertiport_9': 15, 'Vertiport_10': 15}"
375,482.0,160,6979.293944039971,3204241.3134761155,"{'Vertiport_1': 15, 'Vertiport_2': 15, 'Vertiport_3': 15, 'Vertiport_4': 16, 'Vertiport_5': 15, 'Vertiport_6': 15, 'Vertiport_7': 15, 'Vertiport_8': 14, 'Vertiport_9': 15, 'Vertiport_10': 15}"
376,379.0,125,5441.552400183983,3209682.8658762993,"{'Vertiport_1': 15, 'Vertiport_2': 15, 'Vertiport_3': 15, 'Vertiport_4': 16, 'Vertiport_5': 15, 'Vertiport_6': 16, 'Vertiport_7': 15, 'Vertiport_8': 13, 'Vertiport_9': 15, 'Vertiport_10': 15}"
377,332.0,110,4331.698961327993,3214014.564837627,"{'Vertiport_1': 15, 'Vertiport_2': 15, 'Vertiport_3': 15, 'Vertiport_4': 15, 'Vertiport_5': 15, 'Vertiport_6': 16, 'Vertiport_7': 15, 'Vertiport_8': 14, 'Vertiport_9': 15, 'Vertiport_10': 15}"
378,315.0,105,4458.5985144799915,3218473.163352107,"{'Vertiport_1': 15, 'Vertiport_2': 15, 'Vertiport_3': 15, 'Vertiport_4': 15, 'Vertiport_5': 15, 'Vertiport_6': 15, 'Vertiport_7': 15, 'Vertiport_8': 15, 'Vertiport_9': 15, 'Vertiport_10': 15}"
379,336.0,112,5372.810493343981,3223845.973845451,"{'Vertiport_1': 15, 'Vertiport_2': 15, 'Vertiport_3': 15, 'Vertiport_4': 15, 'Vertiport_5': 15, 'Vertiport_6': 15, 'Vertiport_7': 15, 'Vertiport_8': 15, 'Vertiport_9': 15, 'Vertiport_10': 15}"
380,348.0,116,5005.18160190399,3228851.155447355,"{'Vertiport_1': 15, 'Vertiport_2': 15, 'Vertiport_3': 15, 'Vertiport_4': 15, 'Vertiport_5': 15, 'Vertiport_6': 15, 'Vertiport_7': 15, 'Vertiport_8': 15, 'Vertiport_9': 15, 'Vertiport_10': 15}"
381,288.0,96,4505.329312655994,3233356.484760011,"{'Vertiport_1': 15, 'Vertiport_2': 15, 'Vertiport_3': 15, 'Vertiport_4': 15, 'Vertiport_5': 15, 'Vertiport_6': 15, 'Vertiport_7': 15, 'Vertiport_8': 15, 'Vertiport_9': 15, 'Vertiport_10': 15}"
382,169.0,55,2372.950964592,3235729.435724603,"{'Vertiport_1': 15, 'Vertiport_2': 15, 'Vertiport_3': 15, 'Vertiport_4': 16, 'Vertiport_5': 15, 'Vertiport_6': 16, 'Vertiport_7': 15, 'Vertiport_8': 13, 'Vertiport_9': 15, 'Vertiport_10': 15}"
383,147.0,49,1679.0553738959998,3237408.491098499,"{'Vertiport_1': 15, 'Vertiport_2': 15, 'Vertiport_3': 15, 'Vertiport_4': 15, 'Vertiport_5': 15, 'Vertiport_6': 15, 'Vertiport_7': 15, 'Vertiport_8': 15, 'Vertiport_9': 15, 'Vertiport_10': 15}"
384,101.0,33,1565.0601103480003,3238973.5512088467,"{'Vertiport_1': 15, 'Vertiport_2': 15, 'Vertiport_3': 15, 'Vertiport_4': 15, 'Vertiport_5': 15, 'Vertiport_6': 15, 'Vertiport_7': 15, 'Vertiport_8': 14, 'Vertiport_9': 16, 'Vertiport_10': 15}"
385,95.0,31,1599.9319081640006,3240573.483117011,"{'Vertiport_1': 15, 'Vertiport_2': 15, 'Vertiport_3': 15, 'Vertiport_4': 15, 'Vertiport_5': 15, 'Vertiport_6': 15, 'Vertiport_7': 15, 'Vertiport_8': 14, 'Vertiport_9': 16, 'Vertiport_10': 15}"
386,59.0,19,723.0663090320002,3241296.549426043,"{'Vertiport_1': 15, 'Vertiport_2': 15, 'Vertiport_3': 15, 'Vertiport_4': 16, 'Vertiport_5': 15, 'Vertiport_6': 15, 'Vertiport_7': 15, 'Vertiport_8': 14, 'Vertiport_9': 15, 'Vertiport_10': 15}"
387,93.0,31,1366.936697896,3242663.486123939,"{'Vertiport_1': 15, 'Vertiport_2': 15, 'Vertiport_3': 15, 'Vertiport_4': 15, 'Vertiport_5': 15, 'Vertiport_6': 15, 'Vertiport_7': 15, 'Vertiport_8': 15, 'Vertiport_9': 15, 'Vertiport_10': 15}"
388,63.0,21,982.6398132480002,3243646.125937187,"{'Vertiport_1': 15, 'Vertiport_2': 15, 'Vertiport_3': 15, 'Vertiport_4': 15, 'Vertiport_5': 15, 'Vertiport_6': 15, 'Vertiport_7': 15, 'Vertiport_8': 15, 'Vertiport_9': 15, 'Vertiport_10': 15}"
389,87.0,29,1358.5470567600005,3245004.6729939473,"{'Vertiport_1': 15, 'Vertiport_2': 15, 'Vertiport_3': 15, 'Vertiport_4': 15, 'Vertiport_5': 15, 'Vertiport_6': 15, 'Vertiport_7': 15, 'Vertiport_8': 15, 'Vertiport_9': 15, 'Vertiport_10': 15}"
390,116.0,38,1770.7650668960002,3246775.4380608434,"{'Vertiport_1': 15, 'Vertiport_2': 15, 'Vertiport_3': 15, 'Vertiport_4': 16, 'Vertiport_5': 15, 'Vertiport_6': 15, 'Vertiport_7': 15, 'Vertiport_8': 14, 'Vertiport_9': 15, 'Vertiport_10': 15}"
391,129.0,43,1640.5372823040002,3248415.9753431473,"{'Vertiport_1': 15, 'Vertiport_2': 15, 'Vertiport_3': 15, 'Vertiport_4': 15, 'Vertiport_5': 15, 'Vertiport_6': 15, 'Vertiport_7': 15, 'Vertiport_8': 15, 'Vertiport_9': 15, 'Vertiport_10': 15}"
392,135.0,45,1988.7084604880006,3250404.683803635,"{'Vertiport_1': 15, 'Vertiport_2': 15, 'Vertiport_3': 15, 'Vertiport_4': 15, 'Vertiport_5': 15, 'Vertiport_6': 15, 'Vertiport_7': 15, 'Vertiport_8': 15, 'Vertiport_9': 15, 'Vertiport_10': 15}"
393,104.0,34,1692.824732944,3252097.508536579,"{'Vertiport_1': 15, 'Vertiport_2': 15, 'Vertiport_3': 15, 'Vertiport_4': 16, 'Vertiport_5': 15, 'Vertiport_6': 15, 'Vertiport_7': 15, 'Vertiport_8': 14, 'Vertiport_9': 15, 'Vertiport_10': 15}"
394,147.0,49,2347.2218708319997,3254444.730407411,"{'Vertiport_1': 15, 'Vertiport_2': 15, 'Vertiport_3': 15, 'Vertiport_4': 15, 'Vertiport_5': 15, 'Vertiport_6': 15, 'Vertiport_7': 15, 'Vertiport_8': 15, 'Vertiport_9': 15, 'Vertiport_10': 15}"
395,242.0,80,3279.0179936599984,3257723.7484010714,"{'Vertiport_1': 15, 'Vertiport_2': 15, 'Vertiport_3': 15, 'Vertiport_4': 15, 'Vertiport_5': 15, 'Vertiport_6': 15, 'Vertiport_7': 15, 'Vertiport_8': 14, 'Vertiport_9': 16, 'Vertiport_10': 15}"
396,217.0,71,2781.8705997919988,3260505.6190008633,"{'Vertiport_1': 15, 'Vertiport_2': 15, 'Vertiport_3': 15, 'Vertiport_4': 15, 'Vertiport_5': 15, 'Vertiport_6': 17, 'Vertiport_7': 15, 'Vertiport_8': 13, 'Vertiport_9': 15, 'Vertiport_10': 15}"
397,222.0,74,3366.3771199039993,3263871.996120767,"{'Vertiport_1': 15, 'Vertiport_2': 15, 'Vertiport_3': 15, 'Vertiport_4': 15, 'Vertiport_5': 15, 'Vertiport_6': 15, 'Vertiport_7': 15, 'Vertiport_8': 15, 'Vertiport_9': 15, 'Vertiport_10': 15}"
398,280.0,92,4101.674576867998,3267973.670697635,"{'Vertiport_1': 15, 'Vertiport_2': 15, 'Vertiport_3': 15, 'Vertiport_4': 16, 'Vertiport_5': 15, 'Vertiport_6': 15, 'Vertiport_7': 15, 'Vertiport_8': 13, 'Vertiport_9': 16, 'Vertiport_10': 15}"
399,328.0,108,4439.210029671995,3272412.880727307,"{'Vertiport_1': 15, 'Vertiport_2': 15, 'Vertiport_3': 15, 'Vertiport_4': 16, 'Vertiport_5': 15, 'Vertiport_6': 16, 'Vertiport_7': 15, 'Vertiport_8': 13, 'Vertiport_9': 15, 'Vertiport_10': 15}"
400,342.0,114,5287.03096014399,3277699.911687451,"{'Vertiport_1': 15, 'Vertiport_2': 15, 'Vertiport_3': 15, 'Vertiport_4': 15, 'Vertiport_5': 15, 'Vertiport_6': 15, 'Vertiport_7': 15, 'Vertiport_8': 15, 'Vertiport_9': 15, 'Vertiport_10': 15}"
401,360.0,118,4695.075277255994,3282394.986964707,"{'Vertiport_1': 15, 'Vertiport_2': 15, 'Vertiport_3': 15, 'Vertiport_4': 16, 'Vertiport_5': 15, 'Vertiport_6': 17, 'Vertiport_7': 15, 'Vertiport_8': 12, 'Vertiport_9': 15, 'Vertiport_10': 15}"
402,435.0,143,6347.375412403976,3288742.362377111,"{'Vertiport_1': 15, 'Vertiport_2': 15, 'Vertiport_3': 15, 'Vertiport_4': 17, 'Vertiport_5': 15, 'Vertiport_6': 15, 'Vertiport_7': 15, 'Vertiport_8': 12, 'Vertiport_9': 16, 'Vertiport_10': 15}"
403,562.0,184,7288.511729655971,3296030.8741067667,"{'Vertiport_1': 15, 'Vertiport_2': 15, 'Vertiport_3': 15, 'Vertiport_4': 17, 'Vertiport_5': 15, 'Vertiport_6': 18, 'Vertiport_7': 15, 'Vertiport_8': 10, 'Vertiport_9': 15, 'Vertiport_10': 15}"
404,573.0,189,7694.894051803973,3303725.7681585704,"{'Vertiport_1': 15, 'Vertiport_2': 15, 'Vertiport_3': 15, 'Vertiport_4': 15, 'Vertiport_5': 15, 'Vertiport_6': 17, 'Vertiport_7': 15, 'Vertiport_8': 12, 'Vertiport_9': 16, 'Vertiport_10': 15}"
405,636.0,210,8887.89707681598,3312613.665235386,"{'Vertiport_1': 15, 'Vertiport_2': 15, 'Vertiport_3': 15, 'Vertiport_4': 15, 'Vertiport_5': 15, 'Vertiport_6': 18, 'Vertiport_7': 15, 'Vertiport_8': 12, 'Vertiport_9': 15, 'Vertiport_10': 15}"
406,666.0,222,9934.396156511986,3322548.0613918984,"{'Vertiport_1': 15, 'Vertiport_2': 15, 'Vertiport_3': 15, 'Vertiport_4': 15, 'Vertiport_5': 15, 'Vertiport_6': 15, 'Vertiport_7': 15, 'Vertiport_8': 15, 'Vertiport_9': 15, 'Vertiport_10': 15}"
407,648.0,214,9347.030251927974,3331895.0916438266,"{'Vertiport_1': 15, 'Vertiport_2': 15, 'Vertiport_3': 15, 'Vertiport_4': 17, 'Vertiport_5': 15, 'Vertiport_6': 16, 'Vertiport_7': 15, 'Vertiport_8': 12, 'Vertiport_9': 15, 'Vertiport_10': 15}"
408,680.0,226,9400.503394647982,3341295.5950384745,"{'Vertiport_1': 15, 'Vertiport_2': 15, 'Vertiport_3': 15, 'Vertiport_4': 15, 'Vertiport_5': 15, 'Vertiport_6': 16, 'Vertiport_7': 15, 'Vertiport_8': 14, 'Vertiport_9': 15, 'Vertiport_10': 15}"
409,657.0,217,9010.590685579979,3350306.1857240545,"{'Vertiport_1': 15, 'Vertiport_2': 15, 'Vertiport_3': 15, 'Vertiport_4': 17, 'Vertiport_5': 15, 'Vertiport_6': 15, 'Vertiport_7': 15, 'Vertiport_8': 12, 'Vertiport_9': 16, 'Vertiport_10': 15}"
410,723.0,239,9851.548855351992,3360157.7345794067,"{'Vertiport_1': 15, 'Vertiport_2': 15, 'Vertiport_3': 15, 'Vertiport_4': 15, 'Vertiport_5': 15, 'Vertiport_6': 18, 'Vertiport_7': 15, 'Vertiport_8': 12, 'Vertiport_9': 15, 'Vertiport_10': 15}"
411,615.0,205,8606.396323847976,3368764.1309032547,"{'Vertiport_1': 15, 'Vertiport_2': 15, 'Vertiport_3': 15, 'Vertiport_4': 15, 'Vertiport_5': 15, 'Vertiport_6': 15, 'Vertiport_7': 15, 'Vertiport_8': 15, 'Vertiport_9': 15, 'Vertiport_10': 15}"
412,663.0,219,9379.07593092798,3378143.2068341826,"{'Vertiport_1': 15, 'Vertiport_2': 15, 'Vertiport_3': 15, 'Vertiport_4': 16, 'Vertiport_5': 15, 'Vertiport_6': 17, 'Vertiport_7': 15, 'Vertiport_8': 12, 'Vertiport_9': 15, 'Vertiport_10': 15}"
413,501.0,167,6771.6771177919745,3384914.8839519746,"{'Vertiport_1': 15, 'Vertiport_2': 15, 'Vertiport_3': 15, 'Vertiport_4': 15, 'Vertiport_5': 15, 'Vertiport_6': 15, 'Vertiport_7': 15, 'Vertiport_8': 15, 'Vertiport_9': 15, 'Vertiport_10': 15}"
414,551.0,183,7372.19368760797,3392287.0776395826,"{'Vertiport_1': 15, 'Vertiport_2': 15, 'Vertiport_3': 15, 'Vertiport_4': 16, 'Vertiport_5': 15, 'Vertiport_6': 15, 'Vertiport_7': 15, 'Vertiport_8': 14, 'Vertiport_9': 15, 'Vertiport_10': 15}"
415,589.0,195,8491.655259751971,3400778.7328993347,"{'Vertiport_1': 15, 'Vertiport_2': 15, 'Vertiport_3': 15, 'Vertiport_4': 16, 'Vertiport_5': 15, 'Vertiport_6': 16, 'Vertiport_7': 15, 'Vertiport_8': 13, 'Vertiport_9': 15, 'Vertiport_10': 15}"
416,625.0,205,9442.430049735978,3410221.162949071,"{'Vertiport_1': 15, 'Vertiport_2': 15, 'Vertiport_3': 15, 'Vertiport_4': 16, 'Vertiport_5': 15, 'Vertiport_6': 17, 'Vertiport_7': 15, 'Vertiport_8': 10, 'Vertiport_9': 17, 'Vertiport_10': 15}"
417,596.0,196,8203.094680135964,3418424.257629207,"{'Vertiport_1': 15, 'Vertiport_2': 15, 'Vertiport_3': 15, 'Vertiport_4': 17, 'Vertiport_5': 15, 'Vertiport_6': 17, 'Vertiport_7': 15, 'Vertiport_8': 11, 'Vertiport_9': 15, 'Vertiport_10': 15}"
418,503.0,167,6825.835991039979,3425250.0936202467,"{'Vertiport_1': 15, 'Vertiport_2': 15, 'Vertiport_3': 15, 'Vertiport_4': 15, 'Vertiport_5': 15, 'Vertiport_6': 16, 'Vertiport_7': 15, 'Vertiport_8': 14, 'Vertiport_9': 15, 'Vertiport_10': 15}"
419,0.0,0,0.0,3425250.0936202467,"{'Vertiport_1': 15, 'Vertiport_2': 15, 'Vertiport_3': 15, 'Vertiport_4': 15, 'Vertiport_5': 15, 'Vertiport_6': 15, 'Vertiport_7': 15, 'Vertiport_8': 15, 'Vertiport_9': 15, 'Vertiport_10': 15}"
420,0.0,0,0.0,3425250.0936202467,"{'Vertiport_1': 15, 'Vertiport_2': 15, 'Vertiport_3': 15, 'Vertiport_4': 15, 'Vertiport_5': 15, 'Vertiport_6': 15, 'Vertiport_7': 15, 'Vertiport_8': 15, 'Vertiport_9': 15, 'Vertiport_10': 15}"
421,0.0,0,0.0,3425250.0936202467,"{'Vertiport_1': 15, 'Vertiport_2': 15, 'Vertiport_3': 15, 'Vertiport_4': 15, 'Vertiport_5': 15, 'Vertiport_6': 15, 'Vertiport_7': 15, 'Vertiport_8': 15, 'Vertiport_9': 15, 'Vertiport_10': 15}"
422,449.0,149,6802.780466663979,3432052.874086911,"{'Vertiport_1': 15, 'Vertiport_2': 15, 'Vertiport_3': 15, 'Vertiport_4': 16, 'Vertiport_5': 15, 'Vertiport_6': 15, 'Vertiport_7': 15, 'Vertiport_8': 14, 'Vertiport_9': 15, 'Vertiport_10': 15}"
423,606.0,202,9692.813648183983,3441745.6877350947,"{'Vertiport_1': 15, 'Vertiport_2': 15, 'Vertiport_3': 15, 'Vertiport_4': 15, 'Vertiport_5': 15, 'Vertiport_6': 15, 'Vertiport_7': 15, 'Vertiport_8': 15, 'Vertiport_9': 15, 'Vertiport_10': 15}"
424,544.0,180,7849.933645127969,3449595.6213802225,"{'Vertiport_1': 15, 'Vertiport_2': 15, 'Vertiport_3': 15, 'Vertiport_4': 16, 'Vertiport_5': 15, 'Vertiport_6': 16, 'Vertiport_7': 15, 'Vertiport_8': 13, 'Vertiport_9': 15, 'Vertiport_10': 15}"
425,552.0,182,7649.5406168239715,3457245.1619970463,"{'Vertiport_1': 15, 'Vertiport_2': 15, 'Vertiport_3': 15, 'Vertiport_4': 17, 'Vertiport_5': 15, 'Vertiport_6': 16, 'Vertiport_7': 15, 'Vertiport_8': 12, 'Vertiport_9': 15, 'Vertiport_10': 15}"
426,569.0,187,8128.780148903964,3465373.94214595,"{'Vertiport_1': 15, 'Vertiport_2': 15, 'Vertiport_3': 15, 'Vertiport_4': 16, 'Vertiport_5': 15, 'Vertiport_6': 16, 'Vertiport_7': 15, 'Vertiport_8': 11, 'Vertiport_9': 17, 'Vertiport_10': 15}"
427,560.0,186,7806.663502443967,3473180.605648394,"{'Vertiport_1': 15, 'Vertiport_2': 15, 'Vertiport_3': 15, 'Vertiport_4': 15, 'Vertiport_5': 15, 'Vertiport_6': 15, 'Vertiport_7': 15, 'Vertiport_8': 14, 'Vertiport_9': 16, 'Vertiport_10': 15}"
428,518.0,172,7519.958080839967,3480700.563729234,"{'Vertiport_1': 15, 'Vertiport_2': 15, 'Vertiport_3': 15, 'Vertiport_4': 16, 'Vertiport_5': 15, 'Vertiport_6': 15, 'Vertiport_7': 15, 'Vertiport_8': 14, 'Vertiport_9': 15, 'Vertiport_10': 15}"
429,566.0,188,8628.060893487977,3489328.624622722,"{'Vertiport_1': 15, 'Vertiport_2': 15, 'Vertiport_3': 15, 'Vertiport_4': 15, 'Vertiport_5': 15, 'Vertiport_6': 16, 'Vertiport_7': 15, 'Vertiport_8': 14, 'Vertiport_9': 15, 'Vertiport_10': 15}"
430,543.0,181,8037.228316623971,3497365.8529393463,"{'Vertiport_1': 15, 'Vertiport_2': 15, 'Vertiport_3': 15, 'Vertiport_4': 15, 'Vertiport_5': 15, 'Vertiport_6': 15, 'Vertiport_7': 15, 'Vertiport_8': 15, 'Vertiport_9': 15, 'Vertiport_10': 15}"
431,495.0,165,7121.944921943973,3504487.79786129,"{'Vertiport_1': 15, 'Vertiport_2': 15, 'Vertiport_3': 15, 'Vertiport_4': 15, 'Vertiport_5': 15, 'Vertiport_6': 15, 'Vertiport_7': 15, 'Vertiport_8': 15, 'Vertiport_9': 15, 'Vertiport_10': 15}"
432,491.0,163,7155.53930363997,3511643.33716493,"{'Vertiport_1': 15, 'Vertiport_2': 15, 'Vertiport_3': 15, 'Vertiport_4': 16, 'Vertiport_5': 15, 'Vertiport_6': 15, 'Vertiport_7': 15, 'Vertiport_8': 14, 'Vertiport_9': 15, 'Vertiport_10': 15}"
433,536.0,178,8237.837857727975,3519881.175022658,"{'Vertiport_1': 15, 'Vertiport_2': 15, 'Vertiport_3': 15, 'Vertiport_4': 16, 'Vertiport_5': 15, 'Vertiport_6': 15, 'Vertiport_7': 15, 'Vertiport_8': 14, 'Vertiport_9': 15, 'Vertiport_10': 15}"
434,428.0,142,6371.941448787977,3526253.116471446,"{'Vertiport_1': 15, 'Vertiport_2': 15, 'Vertiport_3': 15, 'Vertiport_4': 15, 'Vertiport_5': 15, 'Vertiport_6': 15, 'Vertiport_7': 15, 'Vertiport_8': 14, 'Vertiport_9': 16, 'Vertiport_10': 15}"
435,495.0,165,7126.15737943997,3533379.273850886,"{'Vertiport_1': 15, 'Vertiport_2': 15, 'Vertiport_3': 15, 'Vertiport_4': 15, 'Vertiport_5': 15, 'Vertiport_6': 15, 'Vertiport_7': 15, 'Vertiport_8': 15, 'Vertiport_9': 15, 'Vertiport_10': 15}"
436,474.0,158,6642.224718127982,3540021.498569014,"{'Vertiport_1': 15, 'Vertiport_2': 15, 'Vertiport_3': 15, 'Vertiport_4': 15, 'Vertiport_5': 15, 'Vertiport_6': 15, 'Vertiport_7': 15, 'Vertiport_8': 15, 'Vertiport_9': 15, 'Vertiport_10': 15}"
437,515.0,171,7351.433342311976,3547372.931911326,"{'Vertiport_1': 15, 'Vertiport_2': 15, 'Vertiport_3': 15, 'Vertiport_4': 16, 'Vertiport_5': 15, 'Vertiport_6': 15, 'Vertiport_7': 15, 'Vertiport_8': 14, 'Vertiport_9': 15, 'Vertiport_10': 15}"
438,531.0,177,7822.027552535969,3555194.959463862,"{'Vertiport_1': 15, 'Vertiport_2': 15, 'Vertiport_3': 15, 'Vertiport_4': 15, 'Vertiport_5': 15, 'Vertiport_6': 15, 'Vertiport_7': 15, 'Vertiport_8': 15, 'Vertiport_9': 15, 'Vertiport_10': 15}"
439,557.0,185,7816.24960903197,3563011.209072894,"{'Vertiport_1': 15, 'Vertiport_2': 15, 'Vertiport_3': 15, 'Vertiport_4': 16, 'Vertiport_5': 15, 'Vertiport_6': 15, 'Vertiport_7': 15, 'Vertiport_8': 14, 'Vertiport_9': 15, 'Vertiport_10': 15}"
440,572.0,190,8063.093701543969,3571074.3027744377,"{'Vertiport_1': 15, 'Vertiport_2': 15, 'Vertiport_3': 15, 'Vertiport_4': 16, 'Vertiport_5': 15, 'Vertiport_6': 15, 'Vertiport_7': 15, 'Vertiport_8': 14, 'Vertiport_9': 15, 'Vertiport_10': 15}"
441,615.0,205,8588.803986567975,3579663.1067610057,"{'Vertiport_1': 15, 'Vertiport_2': 15, 'Vertiport_3': 15, 'Vertiport_4': 15, 'Vertiport_5': 15, 'Vertiport_6': 15, 'Vertiport_7': 15, 'Vertiport_8': 15, 'Vertiport_9': 15, 'Vertiport_10': 15}"
442,598.0,198,7967.902318699966,3587631.0090797055,"{'Vertiport_1': 15, 'Vertiport_2': 15, 'Vertiport_3': 15, 'Vertiport_4': 16, 'Vertiport_5': 15, 'Vertiport_6': 15, 'Vertiport_7': 15, 'Vertiport_8': 13, 'Vertiport_9': 16, 'Vertiport_10': 15}"
443,669.0,221,10028.753700091984,3597659.7627797974,"{'Vertiport_1': 15, 'Vertiport_2': 15, 'Vertiport_3': 15, 'Vertiport_4': 16, 'Vertiport_5': 15, 'Vertiport_6': 16, 'Vertiport_7': 15, 'Vertiport_8': 12, 'Vertiport_9': 16, 'Vertiport_10': 15}"
444,746.0,248,10237.11691265597,3607896.8796924534,"{'Vertiport_1': 15, 'Vertiport_2': 15, 'Vertiport_3': 15, 'Vertiport_4': 16, 'Vertiport_5': 15, 'Vertiport_6': 15, 'Vertiport_7': 15, 'Vertiport_8': 14, 'Vertiport_9': 15, 'Vertiport_10': 15}"
445,794.0,264,10970.64253944798,3618867.5222319015,"{'Vertiport_1': 15, 'Vertiport_2': 15, 'Vertiport_3': 15, 'Vertiport_4': 15, 'Vertiport_5': 15, 'Vertiport_6': 16, 'Vertiport_7': 15, 'Vertiport_8': 14, 'Vertiport_9': 15, 'Vertiport_10': 15}"
446,785.0,261,10705.845877211992,3629573.3681091135,"{'Vertiport_1': 15, 'Vertiport_2': 15, 'Vertiport_3': 15, 'Vertiport_4': 15, 'Vertiport_5': 15, 'Vertiport_6': 15, 'Vertiport_7': 15, 'Vertiport_8': 14, 'Vertiport_9': 16, 'Vertiport_10': 15}"
447,818.0,272,12258.89965236,3641832.2677614735,"{'Vertiport_1': 15, 'Vertiport_2': 15, 'Vertiport_3': 15, 'Vertiport_4': 16, 'Vertiport_5': 15, 'Vertiport_6': 15, 'Vertiport_7': 15, 'Vertiport_8': 14, 'Vertiport_9': 15, 'Vertiport_10': 15}"
448,887.0,295,12355.803086079983,3654188.0708475537,"{'Vertiport_1': 15, 'Vertiport_2': 15, 'Vertiport_3': 15, 'Vertiport_4': 16, 'Vertiport_5': 15, 'Vertiport_6': 15, 'Vertiport_7': 15, 'Vertiport_8': 14, 'Vertiport_9': 15, 'Vertiport_10': 15}"
449,861.0,287,11879.416684759988,3666067.4875323134,"{'Vertiport_1': 15, 'Vertiport_2': 15, 'Vertiport_3': 15, 'Vertiport_4': 15, 'Vertiport_5': 15, 'Vertiport_6': 15, 'Vertiport_7': 15, 'Vertiport_8': 15, 'Vertiport_9': 15, 'Vertiport_10': 15}"
450,866.0,288,12231.002298327989,3678298.4898306415,"{'Vertiport_1': 15, 'Vertiport_2': 15, 'Vertiport_3': 15, 'Vertiport_4': 15, 'Vertiport_5': 15, 'Vertiport_6': 16, 'Vertiport_7': 15, 'Vertiport_8': 14, 'Vertiport_9': 15, 'Vertiport_10': 15}"
451,946.0,314,13348.759518727999,3691647.2493493697,"{'Vertiport_1': 15, 'Vertiport_2': 15, 'Vertiport_3': 14, 'Vertiport_4': 16, 'Vertiport_5': 15, 'Vertiport_6': 15, 'Vertiport_7': 15, 'Vertiport_8': 14, 'Vertiport_9': 15, 'Vertiport_10': 16}"
452,887.0,295,12602.753293575985,3704250.002642946,"{'Vertiport_1': 15, 'Vertiport_2': 15, 'Vertiport_3': 14, 'Vertiport_4': 15, 'Vertiport_5': 15, 'Vertiport_6': 15, 'Vertiport_7': 15, 'Vertiport_8': 15, 'Vertiport_9': 15, 'Vertiport_10': 16}"
453,891.0,295,12722.945578159997,3716972.948221106,"{'Vertiport_1': 15, 'Vertiport_2': 15, 'Vertiport_3': 16, 'Vertiport_4': 17, 'Vertiport_5': 15, 'Vertiport_6': 15, 'Vertiport_7': 15, 'Vertiport_8': 13, 'Vertiport_9': 15, 'Vertiport_10': 14}"
454,888.0,294,11872.660993927992,3728845.609215034,"{'Vertiport_1': 15, 'Vertiport_2': 15, 'Vertiport_3': 13, 'Vertiport_4': 15, 'Vertiport_5': 15, 'Vertiport_6': 16, 'Vertiport_7': 15, 'Vertiport_8': 14, 'Vertiport_9': 15, 'Vertiport_10': 17}"
455,935.0,311,13635.569150960018,3742481.1783659942,"{'Vertiport_1': 15, 'Vertiport_2': 15, 'Vertiport_3': 15, 'Vertiport_4': 15, 'Vertiport_5': 15, 'Vertiport_6': 16, 'Vertiport_7': 15, 'Vertiport_8': 14, 'Vertiport_9': 15, 'Vertiport_10': 15}"
456,817.0,271,12038.949034839998,3754520.127400834,"{'Vertiport_1': 15, 'Vertiport_2': 15, 'Vertiport_3': 16, 'Vertiport_4': 15, 'Vertiport_5': 15, 'Vertiport_6': 16, 'Vertiport_7': 15, 'Vertiport_8': 14, 'Vertiport_9': 15, 'Vertiport_10': 14}"
457,917.0,301,12425.667510603993,3766945.794911438,"{'Vertiport_1': 15, 'Vertiport_2': 15, 'Vertiport_3': 12, 'Vertiport_4': 18, 'Vertiport_5': 15, 'Vertiport_6': 15, 'Vertiport_7': 15, 'Vertiport_8': 11, 'Vertiport_9': 16, 'Vertiport_10': 18}"
458,876.0,290,12856.876989548007,3779802.671900986,"{'Vertiport_1': 15, 'Vertiport_2': 15, 'Vertiport_3': 15, 'Vertiport_4': 16, 'Vertiport_5': 15, 'Vertiport_6': 16, 'Vertiport_7': 15, 'Vertiport_8': 12, 'Vertiport_9': 16, 'Vertiport_10': 15}"
459,845.0,279,11921.722092083994,3791724.3939930703,"{'Vertiport_1': 15, 'Vertiport_2': 15, 'Vertiport_3': 15, 'Vertiport_4': 15, 'Vertiport_5': 15, 'Vertiport_6': 16, 'Vertiport_7': 15, 'Vertiport_8': 13, 'Vertiport_9': 16, 'Vertiport_10': 15}"
460,875.0,291,12486.405567136002,3804210.7995602065,"{'Vertiport_1': 15, 'Vertiport_2': 15, 'Vertiport_3': 15, 'Vertiport_4': 15, 'Vertiport_5': 15, 'Vertiport_6': 16, 'Vertiport_7': 15, 'Vertiport_8': 14, 'Vertiport_9': 15, 'Vertiport_10': 15}"
461,907.0,299,12778.450864531997,3816989.2504247385,"{'Vertiport_1': 15, 'Vertiport_2': 15, 'Vertiport_3': 15, 'Vertiport_4': 16, 'Vertiport_5': 15, 'Vertiport_6': 16, 'Vertiport_7': 15, 'Vertiport_8': 12, 'Vertiport_9': 16, 'Vertiport_10': 15}"
462,884.0,292,12296.768398347995,3829286.0188230863,"{'Vertiport_1': 15, 'Vertiport_2': 15, 'Vertiport_3': 16, 'Vertiport_4': 16, 'Vertiport_5': 15, 'Vertiport_6': 16, 'Vertiport_7': 15, 'Vertiport_8': 12, 'Vertiport_9': 16, 'Vertiport_10': 14}"
463,763.0,253,10735.124778511976,3840021.143601598,"{'Vertiport_1': 15, 'Vertiport_2': 15, 'Vertiport_3': 15, 'Vertiport_4': 15, 'Vertiport_5': 15, 'Vertiport_6': 15, 'Vertiport_7': 15, 'Vertiport_8': 13, 'Vertiport_9': 17, 'Vertiport_10': 15}"
464,754.0,250,10940.227341799991,3850961.370943398,"{'Vertiport_1': 15, 'Vertiport_2': 15, 'Vertiport_3': 16, 'Vertiport_4': 15, 'Vertiport_5': 15, 'Vertiport_6': 16, 'Vertiport_7': 15, 'Vertiport_8': 14, 'Vertiport_9': 15, 'Vertiport_10': 14}"
465,777.0,257,10790.528696863985,3861751.899640262,"{'Vertiport_1': 15, 'Vertiport_2': 15, 'Vertiport_3': 14, 'Vertiport_4': 16, 'Vertiport_5': 15, 'Vertiport_6': 16, 'Vertiport_7': 15, 'Vertiport_8': 13, 'Vertiport_9': 15, 'Vertiport_10': 16}"
466,796.0,264,11587.468495991987,3873339.368136254,"{'Vertiport_1': 15, 'Vertiport_2': 15, 'Vertiport_3': 14, 'Vertiport_4': 16, 'Vertiport_5': 15, 'Vertiport_6': 15, 'Vertiport_7': 15, 'Vertiport_8': 14, 'Vertiport_9': 15, 'Vertiport_10': 16}"
467,687.0,227,9831.094396391984,3883170.462532646,"{'Vertiport_1': 15, 'Vertiport_2': 15, 'Vertiport_3': 14, 'Vertiport_4': 16, 'Vertiport_5': 15, 'Vertiport_6': 16, 'Vertiport_7': 15, 'Vertiport_8': 13, 'Vertiport_9': 15, 'Vertiport_10': 16}"
468,684.0,228,9524.530162343977,3892694.99269499,"{'Vertiport_1': 15, 'Vertiport_2': 15, 'Vertiport_3': 15, 'Vertiport_4': 15, 'Vertiport_5': 15, 'Vertiport_6': 15, 'Vertiport_7': 15, 'Vertiport_8': 15, 'Vertiport_9': 15, 'Vertiport_10': 15}"
469,669.0,221,9373.263912939983,3902068.2566079297,"{'Vertiport_1': 15, 'Vertiport_2': 15, 'Vertiport_3': 14, 'Vertiport_4': 16, 'Vertiport_5': 15, 'Vertiport_6': 15, 'Vertiport_7': 15, 'Vertiport_8': 13, 'Vertiport_9': 16, 'Vertiport_10': 16}"
470,620.0,204,8786.24444313597,3910854.5010510655,"{'Vertiport_1': 15, 'Vertiport_2': 15, 'Vertiport_3': 13, 'Vertiport_4': 16, 'Vertiport_5': 15, 'Vertiport_6': 16, 'Vertiport_7': 15, 'Vertiport_8': 13, 'Vertiport_9': 15, 'Vertiport_10': 17}"
471,520.0,170,7127.584743571975,3917982.0857946374,"{'Vertiport_1': 15, 'Vertiport_2': 15, 'Vertiport_3': 15, 'Vertiport_4': 16, 'Vertiport_5': 15, 'Vertiport_6': 16, 'Vertiport_7': 15, 'Vertiport_8': 12, 'Vertiport_9': 16, 'Vertiport_10': 15}"
472,444.0,146,6772.01930197597,3924754.1050966135,"{'Vertiport_1': 15, 'Vertiport_2': 15, 'Vertiport_3': 14, 'Vertiport_4': 17, 'Vertiport_5': 15, 'Vertiport_6': 15, 'Vertiport_7': 15, 'Vertiport_8': 13, 'Vertiport_9': 15, 'Vertiport_10': 16}"
473,418.0,138,5894.809878631979,3930648.9149752455,"{'Vertiport_1': 15, 'Vertiport_2': 15, 'Vertiport_3': 15, 'Vertiport_4': 15, 'Vertiport_5': 15, 'Vertiport_6': 15, 'Vertiport_7': 15, 'Vertiport_8': 15, 'Vertiport_9': 15, 'Vertiport_10': 15}"
474,381.0,125,5727.6362855679845,3936376.5512608136,"{'Vertiport_1': 15, 'Vertiport_2': 15, 'Vertiport_3': 16, 'Vertiport_4': 17, 'Vertiport_5': 15, 'Vertiport_6': 15, 'Vertiport_7': 15, 'Vertiport_8': 13, 'Vertiport_9': 15, 'Vertiport_10': 14}"
475,351.0,115,5187.85527079199,3941564.4065316054,"{'Vertiport_1': 15, 'Vertiport_2': 15, 'Vertiport_3': 14, 'Vertiport_4': 15, 'Vertiport_5': 15, 'Vertiport_6': 15, 'Vertiport_7': 15, 'Vertiport_8': 13, 'Vertiport_9': 17, 'Vertiport_10': 16}"
476,464.0,154,6703.549553607977,3948267.9560852135,"{'Vertiport_1': 15, 'Vertiport_2': 15, 'Vertiport_3': 15, 'Vertiport_4': 16, 'Vertiport_5': 15, 'Vertiport_6': 15, 'Vertiport_7': 15, 'Vertiport_8': 14, 'Vertiport_9': 15, 'Vertiport_10': 15}"
477,363.0,119,5461.366592871985,3953729.3226780854,"{'Vertiport_1': 15, 'Vertiport_2': 15, 'Vertiport_3': 14, 'Vertiport_4': 15, 'Vertiport_5': 15, 'Vertiport_6': 17, 'Vertiport_7': 15, 'Vertiport_8': 13, 'Vertiport_9': 15, 'Vertiport_10': 16}"
478,280.0,92,3828.795233879997,3957558.1179119656,"{'Vertiport_1': 15, 'Vertiport_2': 15, 'Vertiport_3': 13, 'Vertiport_4': 15, 'Vertiport_5': 15, 'Vertiport_6': 15, 'Vertiport_7': 15, 'Vertiport_8': 15, 'Vertiport_9': 15, 'Vertiport_10': 17}"
479,236.0,78,3791.437715023998,3961349.55562699,"{'Vertiport_1': 15, 'Vertiport_2': 15, 'Vertiport_3': 15, 'Vertiport_4': 16, 'Vertiport_5': 15, 'Vertiport_6': 15, 'Vertiport_7': 15, 'Vertiport_8': 14, 'Vertiport_9': 15, 'Vertiport_10': 15}"
480,141.0,47,1779.5226177360003,3963129.0782447257,"{'Vertiport_1': 15, 'Vertiport_2': 15, 'Vertiport_3': 15, 'Vertiport_4': 15, 'Vertiport_5': 15, 'Vertiport_6': 15, 'Vertiport_7': 15, 'Vertiport_8': 15, 'Vertiport_9': 15, 'Vertiport_10': 15}"
481,99.0,33,1577.5693521120004,3964706.6475968375,"{'Vertiport_1': 15, 'Vertiport_2': 15, 'Vertiport_3': 15, 'Vertiport_4': 15, 'Vertiport_5': 15, 'Vertiport_6': 15, 'Vertiport_7': 15, 'Vertiport_8': 15, 'Vertiport_9': 15, 'Vertiport_10': 15}"
482,113.0,37,1744.9694340320007,3966451.6170308697,"{'Vertiport_1': 15, 'Vertiport_2': 15, 'Vertiport_3': 14, 'Vertiport_4': 15, 'Vertiport_5': 15, 'Vertiport_6': 15, 'Vertiport_7': 15, 'Vertiport_8': 15, 'Vertiport_9': 15, 'Vertiport_10': 16}"
483,102.0,34,1546.663913896,3967998.2809447655,"{'Vertiport_1': 15, 'Vertiport_2': 15, 'Vertiport_3': 15, 'Vertiport_4': 15, 'Vertiport_5': 15, 'Vertiport_6': 15, 'Vertiport_7': 15, 'Vertiport_8': 15, 'Vertiport_9': 15, 'Vertiport_10': 15}"
484,95.0,31,1156.2014374320006,3969154.4823821974,"{'Vertiport_1': 15, 'Vertiport_2': 15, 'Vertiport_3': 15, 'Vertiport_4': 16, 'Vertiport_5': 15, 'Vertiport_6': 15, 'Vertiport_7': 15, 'Vertiport_8': 14, 'Vertiport_9': 15, 'Vertiport_10': 15}"
485,98.0,32,1436.48306456,3970590.9654467576,"{'Vertiport_1': 15, 'Vertiport_2': 15, 'Vertiport_3': 16, 'Vertiport_4': 15, 'Vertiport_5': 15, 'Vertiport_6': 15, 'Vertiport_7': 15, 'Vertiport_8': 15, 'Vertiport_9': 15, 'Vertiport_10': 14}"
486,124.0,40,2249.6962152799997,3972840.6616620375,"{'Vertiport_1': 15, 'Vertiport_2': 15, 'Vertiport_3': 15, 'Vertiport_4': 16, 'Vertiport_5': 15, 'Vertiport_6': 16, 'Vertiport_7': 15, 'Vertiport_8': 13, 'Vertiport_9': 15, 'Vertiport_10': 15}"
487,120.0,40,2072.7397647520006,3974913.4014267894,"{'Vertiport_1': 15, 'Vertiport_2': 15, 'Vertiport_3': 15, 'Vertiport_4': 15, 'Vertiport_5': 15, 'Vertiport_6': 15, 'Vertiport_7': 15, 'Vertiport_8': 15, 'Vertiport_9': 15, 'Vertiport_10': 15}"
488,159.0,51,2366.03065958,3977279.4320863695,"{'Vertiport_1': 15, 'Vertiport_2': 15, 'Vertiport_3': 13, 'Vertiport_4': 15, 'Vertiport_5': 15, 'Vertiport_6': 15, 'Vertiport_7': 15, 'Vertiport_8': 14, 'Vertiport_9': 16, 'Vertiport_10': 17}"
489,156.0,50,2937.245996943998,3980216.6780833136,"{'Vertiport_1': 15, 'Vertiport_2': 15, 'Vertiport_3': 16, 'Vertiport_4': 17, 'Vertiport_5': 15, 'Vertiport_6': 15, 'Vertiport_7': 15, 'Vertiport_8': 13, 'Vertiport_9': 15, 'Vertiport_10': 14}"
490,173.0,57,2513.6407875559994,3982730.3188708695,"{'Vertiport_1': 15, 'Vertiport_2': 15, 'Vertiport_3': 15, 'Vertiport_4': 15, 'Vertiport_5': 15, 'Vertiport_6': 15, 'Vertiport_7': 15, 'Vertiport_8': 14, 'Vertiport_9': 16, 'Vertiport_10': 15}"
491,267.0,87,3850.7461575839952,3986581.0650284532,"{'Vertiport_1': 15, 'Vertiport_2': 15, 'Vertiport_3': 15, 'Vertiport_4': 16, 'Vertiport_5': 15, 'Vertiport_6': 17, 'Vertiport_7': 15, 'Vertiport_8': 12, 'Vertiport_9': 15, 'Vertiport_10': 15}"
492,216.0,72,2863.552875288,3989444.617903741,"{'Vertiport_1': 15, 'Vertiport_2': 15, 'Vertiport_3': 15, 'Vertiport_4': 15, 'Vertiport_5': 15, 'Vertiport_6': 15, 'Vertiport_7': 15, 'Vertiport_8': 15, 'Vertiport_9': 15, 'Vertiport_10': 15}"
493,230.0,76,3066.702681815999,3992511.3205855573,"{'Vertiport_1': 15, 'Vertiport_2': 15, 'Vertiport_3': 15, 'Vertiport_4': 15, 'Vertiport_5': 15, 'Vertiport_6': 16, 'Vertiport_7': 15, 'Vertiport_8': 14, 'Vertiport_9': 15, 'Vertiport_10': 15}"
494,293.0,95,4123.5804506239965,3996634.9010361815,"{'Vertiport_1': 15, 'Vertiport_2': 15, 'Vertiport_3': 13, 'Vertiport_4': 17, 'Vertiport_5': 15, 'Vertiport_6': 15, 'Vertiport_7': 15, 'Vertiport_8': 13, 'Vertiport_9': 15, 'Vertiport_10': 17}"
495,326.0,108,4629.667201595989,4001264.5682377773,"{'Vertiport_1': 15, 'Vertiport_2': 15, 'Vertiport_3': 15, 'Vertiport_4': 15, 'Vertiport_5': 15, 'Vertiport_6': 15, 'Vertiport_7': 15, 'Vertiport_8': 14, 'Vertiport_9': 16, 'Vertiport_10': 15}"
496,338.0,112,4755.197482195991,4006019.7657199735,"{'Vertiport_1': 15, 'Vertiport_2': 15, 'Vertiport_3': 15, 'Vertiport_4': 15, 'Vertiport_5': 15, 'Vertiport_6': 15, 'Vertiport_7': 15, 'Vertiport_8': 14, 'Vertiport_9': 16, 'Vertiport_10': 15}"
497,341.0,113,5297.236901143985,4011317.0026211175,"{'Vertiport_1': 15, 'Vertiport_2': 15, 'Vertiport_3': 15, 'Vertiport_4': 15, 'Vertiport_5': 15, 'Vertiport_6': 16, 'Vertiport_7': 15, 'Vertiport_8': 14, 'Vertiport_9': 15, 'Vertiport_10': 15}"
498,399.0,131,5922.287136327982,4017239.2897574455,"{'Vertiport_1': 15, 'Vertiport_2': 15, 'Vertiport_3': 14, 'Vertiport_4': 16, 'Vertiport_5': 15, 'Vertiport_6': 16, 'Vertiport_7': 15, 'Vertiport_8': 13, 'Vertiport_9': 15, 'Vertiport_10': 16}"
499,558.0,184,8075.502859343967,4025314.792616789,"{'Vertiport_1': 15, 'Vertiport_2': 15, 'Vertiport_3': 16, 'Vertiport_4': 15, 'Vertiport_5': 15, 'Vertiport_6': 15, 'Vertiport_7': 15, 'Vertiport_8': 15, 'Vertiport_9': 15, 'Vertiport_10': 14}"
500,545.0,179,7479.471805775973,4032794.2644225652,"{'Vertiport_1': 15, 'Vertiport_2': 15, 'Vertiport_3': 15, 'Vertiport_4': 16, 'Vertiport_5': 15, 'Vertiport_6': 16, 'Vertiport_7': 15, 'Vertiport_8': 13, 'Vertiport_9': 15, 'Vertiport_10': 15}"
