time_step,met_demand,unmet_demand,iteration_cost,cumulative_cost,vertiport_counts
1,763.0,227,9793.268273011989,9793.268273011989,"{'Vertiport_1': 10, 'Vertiport_2': 3, 'Vertiport_3': 10, 'Vertiport_4': 9, 'Vertiport_5': 10, 'Vertiport_6': 3, 'Vertiport_7': 15, 'Vertiport_8': 13, 'Vertiport_9': 17, 'Vertiport_10': 10}"
2,390.0,102,5340.343913603989,15133.612186615977,"{'Vertiport_1': 10, 'Vertiport_2': 8, 'Vertiport_3': 10, 'Vertiport_4': 11, 'Vertiport_5': 10, 'Vertiport_6': 0, 'Vertiport_7': 18, 'Vertiport_8': 12, 'Vertiport_9': 11, 'Vertiport_10': 10}"
3,311.0,81,3881.8891111279972,19015.501297743976,"{'Vertiport_1': 10, 'Vertiport_2': 11, 'Vertiport_3': 10, 'Vertiport_4': 11, 'Vertiport_5': 10, 'Vertiport_6': 0, 'Vertiport_7': 18, 'Vertiport_8': 11, 'Vertiport_9': 9, 'Vertiport_10': 10}"
4,274.0,68,3869.9609705719963,22885.462268315972,"{'Vertiport_1': 10, 'Vertiport_2': 8, 'Vertiport_3': 10, 'Vertiport_4': 11, 'Vertiport_5': 10, 'Vertiport_6': 0, 'Vertiport_7': 17, 'Vertiport_8': 12, 'Vertiport_9': 12, 'Vertiport_10': 10}"
5,223.0,57,2746.3900830159973,25631.85235133197,"{'Vertiport_1': 10, 'Vertiport_2': 10, 'Vertiport_3': 10, 'Vertiport_4': 1, 'Vertiport_5': 10, 'Vertiport_6': 2, 'Vertiport_7': 21, 'Vertiport_8': 15, 'Vertiport_9': 11, 'Vertiport_10': 10}"
6,210.0,54,2927.636274551998,28559.48862588397,"{'Vertiport_1': 10, 'Vertiport_2': 11, 'Vertiport_3': 10, 'Vertiport_4': 1, 'Vertiport_5': 10, 'Vertiport_6': 0, 'Vertiport_7': 24, 'Vertiport_8': 15, 'Vertiport_9': 9, 'Vertiport_10': 10}"
7,221.0,57,2988.3843984159994,31547.873024299966,"{'Vertiport_1': 10, 'Vertiport_2': 11, 'Vertiport_3': 10, 'Vertiport_4': 0, 'Vertiport_5': 10, 'Vertiport_6': 3, 'Vertiport_7': 21, 'Vertiport_8': 17, 'Vertiport_9': 8, 'Vertiport_10': 10}"
8,265.0,87,3367.320712107998,34915.193736407964,"{'Vertiport_1': 10, 'Vertiport_2': 10, 'Vertiport_3': 10, 'Vertiport_4': 9, 'Vertiport_5': 10, 'Vertiport_6': 10, 'Vertiport_7': 10, 'Vertiport_8': 12, 'Vertiport_9': 9, 'Vertiport_10': 10}"
9,198.0,62,3128.7507916160002,38043.94452802397,"{'Vertiport_1': 10, 'Vertiport_2': 11, 'Vertiport_3': 10, 'Vertiport_4': 10, 'Vertiport_5': 10, 'Vertiport_6': 12, 'Vertiport_7': 9, 'Vertiport_8': 8, 'Vertiport_9': 10, 'Vertiport_10': 10}"
10,178.0,58,2284.9388111279995,40328.883339151966,"{'Vertiport_1': 10, 'Vertiport_2': 10, 'Vertiport_3': 10, 'Vertiport_4': 10, 'Vertiport_5': 10, 'Vertiport_6': 10, 'Vertiport_7': 10, 'Vertiport_8': 10, 'Vertiport_9': 10, 'Vertiport_10': 10}"
11,192.0,62,2813.757114683998,43142.640453835964,"{'Vertiport_1': 10, 'Vertiport_2': 12, 'Vertiport_3': 10, 'Vertiport_4': 10, 'Vertiport_5': 10, 'Vertiport_6': 10, 'Vertiport_7': 10, 'Vertiport_8': 9, 'Vertiport_9': 9, 'Vertiport_10': 10}"
12,243.0,79,3554.9442520319976,46697.584705867965,"{'Vertiport_1': 10, 'Vertiport_2': 12, 'Vertiport_3': 10, 'Vertiport_4': 10, 'Vertiport_5': 10, 'Vertiport_6': 11, 'Vertiport_7': 10, 'Vertiport_8': 9, 'Vertiport_9': 8, 'Vertiport_10': 10}"
13,195.0,63,2275.339386875999,48972.92409274396,"{'Vertiport_1': 10, 'Vertiport_2': 11, 'Vertiport_3': 10, 'Vertiport_4': 10, 'Vertiport_5': 10, 'Vertiport_6': 10, 'Vertiport_7': 9, 'Vertiport_8': 11, 'Vertiport_9': 9, 'Vertiport_10': 10}"
14,202.0,66,2385.964469819999,51358.88856256396,"{'Vertiport_1': 10, 'Vertiport_2': 10, 'Vertiport_3': 10, 'Vertiport_4': 11, 'Vertiport_5': 10, 'Vertiport_6': 10, 'Vertiport_7': 10, 'Vertiport_8': 10, 'Vertiport_9': 9, 'Vertiport_10': 10}"
15,310.0,102,4077.1731273679957,55436.06168993196,"{'Vertiport_1': 10, 'Vertiport_2': 11, 'Vertiport_3': 10, 'Vertiport_4': 10, 'Vertiport_5': 10, 'Vertiport_6': 9, 'Vertiport_7': 10, 'Vertiport_8': 11, 'Vertiport_9': 9, 'Vertiport_10': 10}"
16,268.0,86,3474.9923165719965,58911.05400650395,"{'Vertiport_1': 10, 'Vertiport_2': 10, 'Vertiport_3': 10, 'Vertiport_4': 11, 'Vertiport_5': 10, 'Vertiport_6': 11, 'Vertiport_7': 10, 'Vertiport_8': 7, 'Vertiport_9': 11, 'Vertiport_10': 10}"
17,309.0,101,4189.323232695997,63100.37723919995,"{'Vertiport_1': 10, 'Vertiport_2': 10, 'Vertiport_3': 10, 'Vertiport_4': 11, 'Vertiport_5': 10, 'Vertiport_6': 12, 'Vertiport_7': 10, 'Vertiport_8': 7, 'Vertiport_9': 10, 'Vertiport_10': 10}"
18,292.0,96,4409.596538119991,67509.97377731994,"{'Vertiport_1': 10, 'Vertiport_2': 10, 'Vertiport_3': 10, 'Vertiport_4': 11, 'Vertiport_5': 10, 'Vertiport_6': 9, 'Vertiport_7': 10, 'Vertiport_8': 10, 'Vertiport_9': 10, 'Vertiport_10': 10}"
19,387.0,129,5602.151216519986,73112.12499383993,"{'Vertiport_1': 10, 'Vertiport_2': 10, 'Vertiport_3': 10, 'Vertiport_4': 10, 'Vertiport_5': 10, 'Vertiport_6': 10, 'Vertiport_7': 10, 'Vertiport_8': 10, 'Vertiport_9': 10, 'Vertiport_10': 10}"
20,401.0,133,5498.881213751981,78611.00620759191,"{'Vertiport_1': 10, 'Vertiport_2': 10, 'Vertiport_3': 10, 'Vertiport_4': 10, 'Vertiport_5': 10, 'Vertiport_6': 11, 'Vertiport_7': 10, 'Vertiport_8': 9, 'Vertiport_9': 10, 'Vertiport_10': 10}"
21,361.0,119,4843.38838831199,83454.3945959039,"{'Vertiport_1': 10, 'Vertiport_2': 10, 'Vertiport_3': 10, 'Vertiport_4': 10, 'Vertiport_5': 10, 'Vertiport_6': 10, 'Vertiport_7': 10, 'Vertiport_8': 10, 'Vertiport_9': 10, 'Vertiport_10': 10}"
22,438.0,144,6507.825074355978,89962.21967025987,"{'Vertiport_1': 10, 'Vertiport_2': 10, 'Vertiport_3': 10, 'Vertiport_4': 12, 'Vertiport_5': 10, 'Vertiport_6': 10, 'Vertiport_7': 10, 'Vertiport_8': 9, 'Vertiport_9': 9, 'Vertiport_10': 10}"
23,531.0,177,6870.328223239971,96832.54789349984,"{'Vertiport_1': 10, 'Vertiport_2': 10, 'Vertiport_3': 10, 'Vertiport_4': 10, 'Vertiport_5': 10, 'Vertiport_6': 10, 'Vertiport_7': 10, 'Vertiport_8': 10, 'Vertiport_9': 10, 'Vertiport_10': 10}"
24,580.0,190,7930.307483887971,104762.85537738781,"{'Vertiport_1': 10, 'Vertiport_2': 10, 'Vertiport_3': 10, 'Vertiport_4': 12, 'Vertiport_5': 10, 'Vertiport_6': 10, 'Vertiport_7': 9, 'Vertiport_8': 8, 'Vertiport_9': 11, 'Vertiport_10': 10}"
25,470.0,154,6506.520555063972,111269.37593245177,"{'Vertiport_1': 10, 'Vertiport_2': 10, 'Vertiport_3': 10, 'Vertiport_4': 11, 'Vertiport_5': 10, 'Vertiport_6': 13, 'Vertiport_7': 8, 'Vertiport_8': 8, 'Vertiport_9': 10, 'Vertiport_10': 10}"
26,449.0,149,6680.77565355998,117950.15158601175,"{'Vertiport_1': 10, 'Vertiport_2': 10, 'Vertiport_3': 10, 'Vertiport_4': 10, 'Vertiport_5': 10, 'Vertiport_6': 11, 'Vertiport_7': 10, 'Vertiport_8': 9, 'Vertiport_9': 10, 'Vertiport_10': 10}"
27,656.0,218,8899.623255071978,126849.77484108372,"{'Vertiport_1': 10, 'Vertiport_2': 10, 'Vertiport_3': 10, 'Vertiport_4': 10, 'Vertiport_5': 10, 'Vertiport_6': 11, 'Vertiport_7': 10, 'Vertiport_8': 9, 'Vertiport_9': 10, 'Vertiport_10': 10}"
28,604.0,200,8467.183125883967,135316.9579669677,"{'Vertiport_1': 10, 'Vertiport_2': 10, 'Vertiport_3': 10, 'Vertiport_4': 11, 'Vertiport_5': 10, 'Vertiport_6': 10, 'Vertiport_7': 10, 'Vertiport_8': 8, 'Vertiport_9': 11, 'Vertiport_10': 10}"
29,668.0,220,9097.710433719976,144414.66840068766,"{'Vertiport_1': 10, 'Vertiport_2': 10, 'Vertiport_3': 10, 'Vertiport_4': 11, 'Vertiport_5': 10, 'Vertiport_6': 11, 'Vertiport_7': 10, 'Vertiport_8': 8, 'Vertiport_9': 10, 'Vertiport_10': 10}"
30,620.0,204,7988.717535483972,152403.38593617163,"{'Vertiport_1': 10, 'Vertiport_2': 10, 'Vertiport_3': 10, 'Vertiport_4': 10, 'Vertiport_5': 10, 'Vertiport_6': 9, 'Vertiport_7': 10, 'Vertiport_8': 10, 'Vertiport_9': 11, 'Vertiport_10': 10}"
31,687.0,227,9476.049487939983,161879.4354241116,"{'Vertiport_1': 10, 'Vertiport_2': 10, 'Vertiport_3': 10, 'Vertiport_4': 10, 'Vertiport_5': 10, 'Vertiport_6': 12, 'Vertiport_7': 10, 'Vertiport_8': 7, 'Vertiport_9': 11, 'Vertiport_10': 10}"
32,669.0,223,9887.688928407986,171767.1243525196,"{'Vertiport_1': 10, 'Vertiport_2': 10, 'Vertiport_3': 10, 'Vertiport_4': 10, 'Vertiport_5': 10, 'Vertiport_6': 10, 'Vertiport_7': 10, 'Vertiport_8': 10, 'Vertiport_9': 10, 'Vertiport_10': 10}"
33,702.0,230,9829.585926783991,181596.7102793036,"{'Vertiport_1': 10, 'Vertiport_2': 10, 'Vertiport_3': 10, 'Vertiport_4': 12, 'Vertiport_5': 10, 'Vertiport_6': 10, 'Vertiport_7': 10, 'Vertiport_8': 6, 'Vertiport_9': 12, 'Vertiport_10': 10}"
34,664.0,220,9002.135780247985,190598.84605955158,"{'Vertiport_1': 10, 'Vertiport_2': 10, 'Vertiport_3': 10, 'Vertiport_4': 11, 'Vertiport_5': 10, 'Vertiport_6': 9, 'Vertiport_7': 10, 'Vertiport_8': 10, 'Vertiport_9': 10, 'Vertiport_10': 10}"
35,605.0,201,8498.397845143967,199097.24390469556,"{'Vertiport_1': 10, 'Vertiport_2': 10, 'Vertiport_3': 10, 'Vertiport_4': 10, 'Vertiport_5': 10, 'Vertiport_6': 9, 'Vertiport_7': 10, 'Vertiport_8': 11, 'Vertiport_9': 10, 'Vertiport_10': 10}"
36,699.0,231,9863.559268391999,208960.80317308757,"{'Vertiport_1': 10, 'Vertiport_2': 10, 'Vertiport_3': 10, 'Vertiport_4': 13, 'Vertiport_5': 10, 'Vertiport_6': 10, 'Vertiport_7': 10, 'Vertiport_8': 7, 'Vertiport_9': 10, 'Vertiport_10': 10}"
37,741.0,245,10411.438069899996,219372.24124298757,"{'Vertiport_1': 10, 'Vertiport_2': 10, 'Vertiport_3': 10, 'Vertiport_4': 10, 'Vertiport_5': 10, 'Vertiport_6': 12, 'Vertiport_7': 10, 'Vertiport_8': 7, 'Vertiport_9': 11, 'Vertiport_10': 10}"
38,668.0,222,9942.013994531997,229314.25523751957,"{'Vertiport_1': 10, 'Vertiport_2': 10, 'Vertiport_3': 10, 'Vertiport_4': 10, 'Vertiport_5': 10, 'Vertiport_6': 10, 'Vertiport_7': 10, 'Vertiport_8': 9, 'Vertiport_9': 11, 'Vertiport_10': 10}"
39,703.0,231,9319.043154871983,238633.29839239156,"{'Vertiport_1': 10, 'Vertiport_2': 10, 'Vertiport_3': 10, 'Vertiport_4': 13, 'Vertiport_5': 10, 'Vertiport_6': 12, 'Vertiport_7': 10, 'Vertiport_8': 5, 'Vertiport_9': 10, 'Vertiport_10': 10}"
40,686.0,228,10049.753600295988,248683.05199268754,"{'Vertiport_1': 10, 'Vertiport_2': 10, 'Vertiport_3': 10, 'Vertiport_4': 11, 'Vertiport_5': 10, 'Vertiport_6': 10, 'Vertiport_7': 10, 'Vertiport_8': 9, 'Vertiport_9': 10, 'Vertiport_10': 10}"
41,723.0,241,10093.55179075198,258776.60378343952,"{'Vertiport_1': 10, 'Vertiport_2': 10, 'Vertiport_3': 10, 'Vertiport_4': 10, 'Vertiport_5': 10, 'Vertiport_6': 10, 'Vertiport_7': 10, 'Vertiport_8': 10, 'Vertiport_9': 10, 'Vertiport_10': 10}"
42,676.0,224,9725.976982103988,268502.5807655435,"{'Vertiport_1': 10, 'Vertiport_2': 10, 'Vertiport_3': 10, 'Vertiport_4': 10, 'Vertiport_5': 10, 'Vertiport_6': 12, 'Vertiport_7': 10, 'Vertiport_8': 8, 'Vertiport_9': 10, 'Vertiport_10': 10}"
43,704.0,234,9759.758617767979,278262.3393833115,"{'Vertiport_1': 10, 'Vertiport_2': 10, 'Vertiport_3': 10, 'Vertiport_4': 11, 'Vertiport_5': 10, 'Vertiport_6': 10, 'Vertiport_7': 10, 'Vertiport_8': 9, 'Vertiport_9': 10, 'Vertiport_10': 10}"
44,700.0,232,9663.700014639986,287926.0393979515,"{'Vertiport_1': 10, 'Vertiport_2': 10, 'Vertiport_3': 10, 'Vertiport_4': 12, 'Vertiport_5': 10, 'Vertiport_6': 10, 'Vertiport_7': 10, 'Vertiport_8': 8, 'Vertiport_9': 10, 'Vertiport_10': 10}"
45,704.0,234,9954.314113959983,297880.35351191147,"{'Vertiport_1': 10, 'Vertiport_2': 10, 'Vertiport_3': 10, 'Vertiport_4': 10, 'Vertiport_5': 10, 'Vertiport_6': 11, 'Vertiport_7': 10, 'Vertiport_8': 9, 'Vertiport_9': 10, 'Vertiport_10': 10}"
46,716.0,238,9939.192555815982,307819.54606772744,"{'Vertiport_1': 10, 'Vertiport_2': 10, 'Vertiport_3': 10, 'Vertiport_4': 11, 'Vertiport_5': 10, 'Vertiport_6': 10, 'Vertiport_7': 10, 'Vertiport_8': 9, 'Vertiport_9': 10, 'Vertiport_10': 10}"
47,792.0,264,11062.223480495993,318881.7695482234,"{'Vertiport_1': 10, 'Vertiport_2': 10, 'Vertiport_3': 10, 'Vertiport_4': 10, 'Vertiport_5': 10, 'Vertiport_6': 10, 'Vertiport_7': 10, 'Vertiport_8': 10, 'Vertiport_9': 10, 'Vertiport_10': 10}"
48,708.0,236,10614.284034047985,329496.0535822714,"{'Vertiport_1': 10, 'Vertiport_2': 10, 'Vertiport_3': 10, 'Vertiport_4': 10, 'Vertiport_5': 10, 'Vertiport_6': 10, 'Vertiport_7': 10, 'Vertiport_8': 10, 'Vertiport_9': 10, 'Vertiport_10': 10}"
49,680.0,226,9738.931303967987,339234.9848862394,"{'Vertiport_1': 10, 'Vertiport_2': 10, 'Vertiport_3': 10, 'Vertiport_4': 10, 'Vertiport_5': 10, 'Vertiport_6': 11, 'Vertiport_7': 10, 'Vertiport_8': 9, 'Vertiport_9': 10, 'Vertiport_10': 10}"
50,655.0,217,9180.25175765598,348415.2366438954,"{'Vertiport_1': 10, 'Vertiport_2': 10, 'Vertiport_3': 10, 'Vertiport_4': 11, 'Vertiport_5': 10, 'Vertiport_6': 11, 'Vertiport_7': 10, 'Vertiport_8': 8, 'Vertiport_9': 10, 'Vertiport_10': 10}"
51,698.0,230,9757.30805298398,358172.5446968794,"{'Vertiport_1': 10, 'Vertiport_2': 10, 'Vertiport_3': 9, 'Vertiport_4': 10, 'Vertiport_5': 10, 'Vertiport_6': 11, 'Vertiport_7': 10, 'Vertiport_8': 9, 'Vertiport_9': 10, 'Vertiport_10': 11}"
52,593.0,195,7774.681961351963,365947.22665823135,"{'Vertiport_1': 10, 'Vertiport_2': 10, 'Vertiport_3': 11, 'Vertiport_4': 11, 'Vertiport_5': 10, 'Vertiport_6': 12, 'Vertiport_7': 10, 'Vertiport_8': 7, 'Vertiport_9': 10, 'Vertiport_10': 9}"
53,608.0,200,8096.372432087965,374043.5990903193,"{'Vertiport_1': 10, 'Vertiport_2': 10, 'Vertiport_3': 10, 'Vertiport_4': 12, 'Vertiport_5': 10, 'Vertiport_6': 10, 'Vertiport_7': 10, 'Vertiport_8': 6, 'Vertiport_9': 12, 'Vertiport_10': 10}"
54,602.0,200,8858.707314391982,382902.3064047113,"{'Vertiport_1': 10, 'Vertiport_2': 10, 'Vertiport_3': 10, 'Vertiport_4': 10, 'Vertiport_5': 10, 'Vertiport_6': 11, 'Vertiport_7': 10, 'Vertiport_8': 9, 'Vertiport_9': 10, 'Vertiport_10': 10}"
55,589.0,195,8260.110947591967,391162.4173523032,"{'Vertiport_1': 10, 'Vertiport_2': 10, 'Vertiport_3': 10, 'Vertiport_4': 12, 'Vertiport_5': 10, 'Vertiport_6': 10, 'Vertiport_7': 10, 'Vertiport_8': 8, 'Vertiport_9': 10, 'Vertiport_10': 10}"
56,530.0,176,7636.824549039973,398799.2419013432,"{'Vertiport_1': 10, 'Vertiport_2': 10, 'Vertiport_3': 10, 'Vertiport_4': 10, 'Vertiport_5': 10, 'Vertiport_6': 11, 'Vertiport_7': 10, 'Vertiport_8': 9, 'Vertiport_9': 10, 'Vertiport_10': 10}"
57,632.0,210,8870.584423471973,407669.8263248152,"{'Vertiport_1': 10, 'Vertiport_2': 10, 'Vertiport_3': 10, 'Vertiport_4': 10, 'Vertiport_5': 10, 'Vertiport_6': 11, 'Vertiport_7': 10, 'Vertiport_8': 9, 'Vertiport_9': 10, 'Vertiport_10': 10}"
58,837.0,279,11320.395142687981,418990.22146750323,"{'Vertiport_1': 10, 'Vertiport_2': 10, 'Vertiport_3': 10, 'Vertiport_4': 10, 'Vertiport_5': 10, 'Vertiport_6': 10, 'Vertiport_7': 10, 'Vertiport_8': 10, 'Vertiport_9': 10, 'Vertiport_10': 10}"
59,783.0,261,11198.943741391995,430189.1652088952,"{'Vertiport_1': 10, 'Vertiport_2': 10, 'Vertiport_3': 10, 'Vertiport_4': 10, 'Vertiport_5': 10, 'Vertiport_6': 10, 'Vertiport_7': 10, 'Vertiport_8': 10, 'Vertiport_9': 10, 'Vertiport_10': 10}"
60,911.0,301,13052.771988064002,443241.9371969592,"{'Vertiport_1': 10, 'Vertiport_2': 10, 'Vertiport_3': 9, 'Vertiport_4': 11, 'Vertiport_5': 10, 'Vertiport_6': 12, 'Vertiport_7': 10, 'Vertiport_8': 7, 'Vertiport_9': 10, 'Vertiport_10': 11}"
61,987.0,327,13609.820254548005,456851.7574515072,"{'Vertiport_1': 10, 'Vertiport_2': 10, 'Vertiport_3': 10, 'Vertiport_4': 12, 'Vertiport_5': 10, 'Vertiport_6': 10, 'Vertiport_7': 10, 'Vertiport_8': 7, 'Vertiport_9': 11, 'Vertiport_10': 10}"
62,965.0,321,13698.298183744007,470550.0556352512,"{'Vertiport_1': 10, 'Vertiport_2': 10, 'Vertiport_3': 10, 'Vertiport_4': 11, 'Vertiport_5': 10, 'Vertiport_6': 10, 'Vertiport_7': 10, 'Vertiport_8': 9, 'Vertiport_9': 10, 'Vertiport_10': 10}"
63,919.0,303,12737.02768106399,483287.0833163152,"{'Vertiport_1': 10, 'Vertiport_2': 10, 'Vertiport_3': 9, 'Vertiport_4': 12, 'Vertiport_5': 10, 'Vertiport_6': 12, 'Vertiport_7': 10, 'Vertiport_8': 6, 'Vertiport_9': 10, 'Vertiport_10': 11}"
64,976.0,324,13951.663697252005,497238.7470135672,"{'Vertiport_1': 10, 'Vertiport_2': 10, 'Vertiport_3': 10, 'Vertiport_4': 11, 'Vertiport_5': 10, 'Vertiport_6': 10, 'Vertiport_7': 10, 'Vertiport_8': 8, 'Vertiport_9': 11, 'Vertiport_10': 10}"
65,1149.0,381,16293.586526720012,513532.3335402872,"{'Vertiport_1': 10, 'Vertiport_2': 10, 'Vertiport_3': 10, 'Vertiport_4': 11, 'Vertiport_5': 10, 'Vertiport_6': 10, 'Vertiport_7': 10, 'Vertiport_8': 9, 'Vertiport_9': 10, 'Vertiport_10': 10}"
66,1129.0,375,15743.059175952014,529275.3927162392,"{'Vertiport_1': 10, 'Vertiport_2': 10, 'Vertiport_3': 10, 'Vertiport_4': 12, 'Vertiport_5': 10, 'Vertiport_6': 10, 'Vertiport_7': 10, 'Vertiport_8': 8, 'Vertiport_9': 10, 'Vertiport_10': 10}"
67,1176.0,390,16111.956005040016,545387.3487212792,"{'Vertiport_1': 10, 'Vertiport_2': 10, 'Vertiport_3': 9, 'Vertiport_4': 10, 'Vertiport_5': 10, 'Vertiport_6': 12, 'Vertiport_7': 10, 'Vertiport_8': 8, 'Vertiport_9': 10, 'Vertiport_10': 11}"
68,1251.0,415,17719.13673316802,563106.4854544472,"{'Vertiport_1': 10, 'Vertiport_2': 10, 'Vertiport_3': 10, 'Vertiport_4': 11, 'Vertiport_5': 10, 'Vertiport_6': 10, 'Vertiport_7': 10, 'Vertiport_8': 9, 'Vertiport_9': 10, 'Vertiport_10': 10}"
69,1160.0,384,16213.274841992015,579319.7602964393,"{'Vertiport_1': 10, 'Vertiport_2': 10, 'Vertiport_3': 12, 'Vertiport_4': 11, 'Vertiport_5': 10, 'Vertiport_6': 11, 'Vertiport_7': 10, 'Vertiport_8': 8, 'Vertiport_9': 10, 'Vertiport_10': 8}"
70,1191.0,395,16334.515029440023,595654.2753258793,"{'Vertiport_1': 10, 'Vertiport_2': 10, 'Vertiport_3': 9, 'Vertiport_4': 12, 'Vertiport_5': 10, 'Vertiport_6': 10, 'Vertiport_7': 10, 'Vertiport_8': 8, 'Vertiport_9': 10, 'Vertiport_10': 11}"
71,1200.0,398,17296.16810949603,612950.4434353753,"{'Vertiport_1': 10, 'Vertiport_2': 10, 'Vertiport_3': 8, 'Vertiport_4': 11, 'Vertiport_5': 10, 'Vertiport_6': 10, 'Vertiport_7': 10, 'Vertiport_8': 9, 'Vertiport_9': 10, 'Vertiport_10': 12}"
72,1262.0,418,17659.903653972025,630610.3470893474,"{'Vertiport_1': 10, 'Vertiport_2': 10, 'Vertiport_3': 9, 'Vertiport_4': 10, 'Vertiport_5': 10, 'Vertiport_6': 12, 'Vertiport_7': 10, 'Vertiport_8': 7, 'Vertiport_9': 11, 'Vertiport_10': 11}"
73,1197.0,399,16794.46118128801,647404.8082706354,"{'Vertiport_1': 10, 'Vertiport_2': 10, 'Vertiport_3': 10, 'Vertiport_4': 10, 'Vertiport_5': 10, 'Vertiport_6': 10, 'Vertiport_7': 10, 'Vertiport_8': 10, 'Vertiport_9': 10, 'Vertiport_10': 10}"
74,1216.0,404,17307.94901963203,664712.7572902675,"{'Vertiport_1': 10, 'Vertiport_2': 10, 'Vertiport_3': 10, 'Vertiport_4': 11, 'Vertiport_5': 10, 'Vertiport_6': 11, 'Vertiport_7': 10, 'Vertiport_8': 8, 'Vertiport_9': 10, 'Vertiport_10': 10}"
75,1236.0,410,16834.845869360015,681547.6031596275,"{'Vertiport_1': 10, 'Vertiport_2': 10, 'Vertiport_3': 10, 'Vertiport_4': 10, 'Vertiport_5': 10, 'Vertiport_6': 11, 'Vertiport_7': 10, 'Vertiport_8': 9, 'Vertiport_9': 10, 'Vertiport_10': 10}"
76,1255.0,415,17179.41522862401,698727.0183882515,"{'Vertiport_1': 10, 'Vertiport_2': 10, 'Vertiport_3': 12, 'Vertiport_4': 11, 'Vertiport_5': 10, 'Vertiport_6': 12, 'Vertiport_7': 10, 'Vertiport_8': 7, 'Vertiport_9': 10, 'Vertiport_10': 8}"
77,1303.0,431,18035.262634944036,716762.2810231956,"{'Vertiport_1': 10, 'Vertiport_2': 10, 'Vertiport_3': 11, 'Vertiport_4': 12, 'Vertiport_5': 10, 'Vertiport_6': 12, 'Vertiport_7': 10, 'Vertiport_8': 6, 'Vertiport_9': 10, 'Vertiport_10': 9}"
78,1232.0,408,16972.133035940034,733734.4140591356,"{'Vertiport_1': 10, 'Vertiport_2': 10, 'Vertiport_3': 10, 'Vertiport_4': 11, 'Vertiport_5': 10, 'Vertiport_6': 12, 'Vertiport_7': 10, 'Vertiport_8': 6, 'Vertiport_9': 11, 'Vertiport_10': 10}"
79,1261.0,419,17982.278153304025,751716.6922124396,"{'Vertiport_1': 10, 'Vertiport_2': 10, 'Vertiport_3': 11, 'Vertiport_4': 11, 'Vertiport_5': 10, 'Vertiport_6': 10, 'Vertiport_7': 10, 'Vertiport_8': 9, 'Vertiport_9': 10, 'Vertiport_10': 9}"
80,1320.0,438,18048.262000088034,769764.9542125276,"{'Vertiport_1': 10, 'Vertiport_2': 10, 'Vertiport_3': 9, 'Vertiport_4': 11, 'Vertiport_5': 10, 'Vertiport_6': 11, 'Vertiport_7': 10, 'Vertiport_8': 8, 'Vertiport_9': 10, 'Vertiport_10': 11}"
81,1360.0,452,18602.071534040017,788367.0257465676,"{'Vertiport_1': 10, 'Vertiport_2': 10, 'Vertiport_3': 10, 'Vertiport_4': 11, 'Vertiport_5': 10, 'Vertiport_6': 11, 'Vertiport_7': 10, 'Vertiport_8': 8, 'Vertiport_9': 10, 'Vertiport_10': 10}"
82,1401.0,465,20425.987701792023,808793.0134483597,"{'Vertiport_1': 10, 'Vertiport_2': 10, 'Vertiport_3': 9, 'Vertiport_4': 10, 'Vertiport_5': 10, 'Vertiport_6': 10, 'Vertiport_7': 10, 'Vertiport_8': 8, 'Vertiport_9': 12, 'Vertiport_10': 11}"
83,1445.0,481,20936.584744208005,829729.5981925677,"{'Vertiport_1': 10, 'Vertiport_2': 10, 'Vertiport_3': 10, 'Vertiport_4': 11, 'Vertiport_5': 10, 'Vertiport_6': 10, 'Vertiport_7': 10, 'Vertiport_8': 9, 'Vertiport_9': 10, 'Vertiport_10': 10}"
84,1260.0,418,17284.665099892038,847014.2632924598,"{'Vertiport_1': 10, 'Vertiport_2': 10, 'Vertiport_3': 11, 'Vertiport_4': 11, 'Vertiport_5': 10, 'Vertiport_6': 10, 'Vertiport_7': 10, 'Vertiport_8': 8, 'Vertiport_9': 11, 'Vertiport_10': 9}"
85,1243.0,411,17860.316974664027,864874.5802671238,"{'Vertiport_1': 10, 'Vertiport_2': 10, 'Vertiport_3': 9, 'Vertiport_4': 12, 'Vertiport_5': 10, 'Vertiport_6': 10, 'Vertiport_7': 10, 'Vertiport_8': 8, 'Vertiport_9': 10, 'Vertiport_10': 11}"
86,1263.0,419,17315.027557368026,882189.6078244918,"{'Vertiport_1': 10, 'Vertiport_2': 10, 'Vertiport_3': 10, 'Vertiport_4': 10, 'Vertiport_5': 10, 'Vertiport_6': 11, 'Vertiport_7': 10, 'Vertiport_8': 9, 'Vertiport_9': 10, 'Vertiport_10': 10}"
87,1293.0,431,17871.101132720025,900060.7089572118,"{'Vertiport_1': 10, 'Vertiport_2': 10, 'Vertiport_3': 10, 'Vertiport_4': 10, 'Vertiport_5': 10, 'Vertiport_6': 10, 'Vertiport_7': 10, 'Vertiport_8': 10, 'Vertiport_9': 10, 'Vertiport_10': 10}"
88,1221.0,405,16943.133060120024,917003.8420173319,"{'Vertiport_1': 10, 'Vertiport_2': 10, 'Vertiport_3': 10, 'Vertiport_4': 10, 'Vertiport_5': 10, 'Vertiport_6': 11, 'Vertiport_7': 10, 'Vertiport_8': 9, 'Vertiport_9': 10, 'Vertiport_10': 10}"
89,1105.0,367,15030.32846354401,932034.1704808759,"{'Vertiport_1': 10, 'Vertiport_2': 10, 'Vertiport_3': 10, 'Vertiport_4': 10, 'Vertiport_5': 10, 'Vertiport_6': 10, 'Vertiport_7': 10, 'Vertiport_8': 8, 'Vertiport_9': 12, 'Vertiport_10': 10}"
90,1079.0,357,15550.394789788004,947584.5652706639,"{'Vertiport_1': 10, 'Vertiport_2': 10, 'Vertiport_3': 9, 'Vertiport_4': 10, 'Vertiport_5': 10, 'Vertiport_6': 10, 'Vertiport_7': 10, 'Vertiport_8': 9, 'Vertiport_9': 11, 'Vertiport_10': 11}"
91,1089.0,363,15986.187364400013,963570.752635064,"{'Vertiport_1': 10, 'Vertiport_2': 10, 'Vertiport_3': 10, 'Vertiport_4': 10, 'Vertiport_5': 10, 'Vertiport_6': 10, 'Vertiport_7': 10, 'Vertiport_8': 10, 'Vertiport_9': 10, 'Vertiport_10': 10}"
92,1219.0,403,17679.84361939602,981250.5962544599,"{'Vertiport_1': 10, 'Vertiport_2': 10, 'Vertiport_3': 7, 'Vertiport_4': 11, 'Vertiport_5': 10, 'Vertiport_6': 10, 'Vertiport_7': 10, 'Vertiport_8': 8, 'Vertiport_9': 11, 'Vertiport_10': 13}"
93,1068.0,354,15710.880983672012,996961.4772381319,"{'Vertiport_1': 10, 'Vertiport_2': 10, 'Vertiport_3': 9, 'Vertiport_4': 11, 'Vertiport_5': 10, 'Vertiport_6': 11, 'Vertiport_7': 10, 'Vertiport_8': 8, 'Vertiport_9': 10, 'Vertiport_10': 11}"
94,949.0,313,13649.46844192401,1010610.9456800559,"{'Vertiport_1': 10, 'Vertiport_2': 10, 'Vertiport_3': 9, 'Vertiport_4': 10, 'Vertiport_5': 10, 'Vertiport_6': 11, 'Vertiport_7': 10, 'Vertiport_8': 8, 'Vertiport_9': 11, 'Vertiport_10': 11}"
95,698.0,230,9705.340000871987,1020316.2856809279,"{'Vertiport_1': 10, 'Vertiport_2': 10, 'Vertiport_3': 9, 'Vertiport_4': 10, 'Vertiport_5': 10, 'Vertiport_6': 11, 'Vertiport_7': 10, 'Vertiport_8': 9, 'Vertiport_9': 10, 'Vertiport_10': 11}"
96,547.0,181,7408.064747591973,1027724.3504285199,"{'Vertiport_1': 10, 'Vertiport_2': 10, 'Vertiport_3': 10, 'Vertiport_4': 12, 'Vertiport_5': 10, 'Vertiport_6': 10, 'Vertiport_7': 10, 'Vertiport_8': 8, 'Vertiport_9': 10, 'Vertiport_10': 10}"
97,433.0,143,5749.064552823982,1033473.4149813439,"{'Vertiport_1': 10, 'Vertiport_2': 10, 'Vertiport_3': 10, 'Vertiport_4': 10, 'Vertiport_5': 10, 'Vertiport_6': 10, 'Vertiport_7': 10, 'Vertiport_8': 10, 'Vertiport_9': 10, 'Vertiport_10': 10}"
98,359.0,119,4939.792971207991,1038413.2079525519,"{'Vertiport_1': 10, 'Vertiport_2': 10, 'Vertiport_3': 10, 'Vertiport_4': 11, 'Vertiport_5': 10, 'Vertiport_6': 10, 'Vertiport_7': 10, 'Vertiport_8': 9, 'Vertiport_9': 10, 'Vertiport_10': 10}"
99,361.0,119,5869.941183671984,1044283.1491362238,"{'Vertiport_1': 10, 'Vertiport_2': 10, 'Vertiport_3': 9, 'Vertiport_4': 11, 'Vertiport_5': 10, 'Vertiport_6': 10, 'Vertiport_7': 10, 'Vertiport_8': 9, 'Vertiport_9': 10, 'Vertiport_10': 11}"
100,264.0,88,3889.4136455679986,1048172.5627817918,"{'Vertiport_1': 10, 'Vertiport_2': 10, 'Vertiport_3': 10, 'Vertiport_4': 10, 'Vertiport_5': 10, 'Vertiport_6': 10, 'Vertiport_7': 10, 'Vertiport_8': 10, 'Vertiport_9': 10, 'Vertiport_10': 10}"
101,255.0,85,3998.887552399997,1052171.4503341918,"{'Vertiport_1': 10, 'Vertiport_2': 10, 'Vertiport_3': 10, 'Vertiport_4': 10, 'Vertiport_5': 10, 'Vertiport_6': 10, 'Vertiport_7': 10, 'Vertiport_8': 10, 'Vertiport_9': 10, 'Vertiport_10': 10}"
102,216.0,72,3332.393552143999,1055503.8438863358,"{'Vertiport_1': 10, 'Vertiport_2': 10, 'Vertiport_3': 10, 'Vertiport_4': 10, 'Vertiport_5': 10, 'Vertiport_6': 10, 'Vertiport_7': 10, 'Vertiport_8': 10, 'Vertiport_9': 10, 'Vertiport_10': 10}"
103,214.0,70,3064.830539107999,1058568.6744254439,"{'Vertiport_1': 10, 'Vertiport_2': 10, 'Vertiport_3': 10, 'Vertiport_4': 11, 'Vertiport_5': 10, 'Vertiport_6': 10, 'Vertiport_7': 10, 'Vertiport_8': 8, 'Vertiport_9': 11, 'Vertiport_10': 10}"
104,238.0,78,3659.728310371997,1062228.4027358158,"{'Vertiport_1': 10, 'Vertiport_2': 10, 'Vertiport_3': 9, 'Vertiport_4': 10, 'Vertiport_5': 10, 'Vertiport_6': 10, 'Vertiport_7': 10, 'Vertiport_8': 9, 'Vertiport_9': 11, 'Vertiport_10': 11}"
105,153.0,51,2231.964962496,1064460.3676983118,"{'Vertiport_1': 10, 'Vertiport_2': 10, 'Vertiport_3': 10, 'Vertiport_4': 10, 'Vertiport_5': 10, 'Vertiport_6': 10, 'Vertiport_7': 10, 'Vertiport_8': 10, 'Vertiport_9': 10, 'Vertiport_10': 10}"
106,185.0,61,2542.5053437759993,1067002.8730420878,"{'Vertiport_1': 10, 'Vertiport_2': 10, 'Vertiport_3': 10, 'Vertiport_4': 10, 'Vertiport_5': 10, 'Vertiport_6': 11, 'Vertiport_7': 10, 'Vertiport_8': 9, 'Vertiport_9': 10, 'Vertiport_10': 10}"
107,179.0,59,2738.4359826399996,1069741.3090247277,"{'Vertiport_1': 10, 'Vertiport_2': 10, 'Vertiport_3': 9, 'Vertiport_4': 10, 'Vertiport_5': 10, 'Vertiport_6': 10, 'Vertiport_7': 10, 'Vertiport_8': 10, 'Vertiport_9': 10, 'Vertiport_10': 11}"
108,215.0,71,3071.673321671999,1072812.9823463997,"{'Vertiport_1': 10, 'Vertiport_2': 10, 'Vertiport_3': 10, 'Vertiport_4': 10, 'Vertiport_5': 10, 'Vertiport_6': 11, 'Vertiport_7': 10, 'Vertiport_8': 9, 'Vertiport_9': 10, 'Vertiport_10': 10}"
109,247.0,81,3288.9215391439984,1076101.9038855436,"{'Vertiport_1': 10, 'Vertiport_2': 10, 'Vertiport_3': 11, 'Vertiport_4': 10, 'Vertiport_5': 10, 'Vertiport_6': 11, 'Vertiport_7': 10, 'Vertiport_8': 9, 'Vertiport_9': 10, 'Vertiport_10': 9}"
110,329.0,109,4586.0509036599915,1080687.9547892036,"{'Vertiport_1': 10, 'Vertiport_2': 10, 'Vertiport_3': 10, 'Vertiport_4': 10, 'Vertiport_5': 10, 'Vertiport_6': 10, 'Vertiport_7': 10, 'Vertiport_8': 9, 'Vertiport_9': 11, 'Vertiport_10': 10}"
111,425.0,141,6312.444114603979,1087000.3989038076,"{'Vertiport_1': 10, 'Vertiport_2': 10, 'Vertiport_3': 10, 'Vertiport_4': 10, 'Vertiport_5': 10, 'Vertiport_6': 10, 'Vertiport_7': 10, 'Vertiport_8': 9, 'Vertiport_9': 11, 'Vertiport_10': 10}"
112,476.0,158,6824.318644715978,1093824.7175485236,"{'Vertiport_1': 10, 'Vertiport_2': 10, 'Vertiport_3': 10, 'Vertiport_4': 10, 'Vertiport_5': 10, 'Vertiport_6': 10, 'Vertiport_7': 10, 'Vertiport_8': 9, 'Vertiport_9': 11, 'Vertiport_10': 10}"
113,529.0,175,7445.891814911973,1101270.6093634355,"{'Vertiport_1': 10, 'Vertiport_2': 10, 'Vertiport_3': 9, 'Vertiport_4': 11, 'Vertiport_5': 10, 'Vertiport_6': 10, 'Vertiport_7': 10, 'Vertiport_8': 9, 'Vertiport_9': 10, 'Vertiport_10': 11}"
114,641.0,213,8856.800816831974,1110127.4101802674,"{'Vertiport_1': 10, 'Vertiport_2': 10, 'Vertiport_3': 10, 'Vertiport_4': 10, 'Vertiport_5': 10, 'Vertiport_6': 11, 'Vertiport_7': 10, 'Vertiport_8': 9, 'Vertiport_9': 10, 'Vertiport_10': 10}"
115,758.0,252,10111.14989988798,1120238.5600801555,"{'Vertiport_1': 10, 'Vertiport_2': 10, 'Vertiport_3': 10, 'Vertiport_4': 11, 'Vertiport_5': 10, 'Vertiport_6': 10, 'Vertiport_7': 10, 'Vertiport_8': 9, 'Vertiport_9': 10, 'Vertiport_10': 10}"
116,741.0,247,10006.443553815989,1130245.0036339716,"{'Vertiport_1': 10, 'Vertiport_2': 10, 'Vertiport_3': 10, 'Vertiport_4': 10, 'Vertiport_5': 10, 'Vertiport_6': 10, 'Vertiport_7': 10, 'Vertiport_8': 10, 'Vertiport_9': 10, 'Vertiport_10': 10}"
117,763.0,253,10352.038861983985,1140597.0424959555,"{'Vertiport_1': 10, 'Vertiport_2': 10, 'Vertiport_3': 11, 'Vertiport_4': 11, 'Vertiport_5': 10, 'Vertiport_6': 10, 'Vertiport_7': 10, 'Vertiport_8': 9, 'Vertiport_9': 10, 'Vertiport_10': 9}"
118,738.0,246,9962.574272351982,1150559.6167683075,"{'Vertiport_1': 10, 'Vertiport_2': 10, 'Vertiport_3': 10, 'Vertiport_4': 10, 'Vertiport_5': 10, 'Vertiport_6': 10, 'Vertiport_7': 10, 'Vertiport_8': 10, 'Vertiport_9': 10, 'Vertiport_10': 10}"
119,768.0,256,10400.160263551985,1160959.7770318596,"{'Vertiport_1': 10, 'Vertiport_2': 10, 'Vertiport_3': 10, 'Vertiport_4': 10, 'Vertiport_5': 10, 'Vertiport_6': 10, 'Vertiport_7': 10, 'Vertiport_8': 10, 'Vertiport_9': 10, 'Vertiport_10': 10}"
120,725.0,241,9951.858680311983,1170911.6357121717,"{'Vertiport_1': 10, 'Vertiport_2': 10, 'Vertiport_3': 9, 'Vertiport_4': 10, 'Vertiport_5': 10, 'Vertiport_6': 10, 'Vertiport_7': 10, 'Vertiport_8': 10, 'Vertiport_9': 10, 'Vertiport_10': 11}"
121,623.0,207,8871.186313455986,1179782.8220256276,"{'Vertiport_1': 10, 'Vertiport_2': 10, 'Vertiport_3': 9, 'Vertiport_4': 10, 'Vertiport_5': 10, 'Vertiport_6': 10, 'Vertiport_7': 10, 'Vertiport_8': 10, 'Vertiport_9': 10, 'Vertiport_10': 11}"
122,617.0,205,8932.703508455983,1188715.5255340836,"{'Vertiport_1': 10, 'Vertiport_2': 10, 'Vertiport_3': 11, 'Vertiport_4': 10, 'Vertiport_5': 10, 'Vertiport_6': 10, 'Vertiport_7': 10, 'Vertiport_8': 10, 'Vertiport_9': 10, 'Vertiport_10': 9}"
123,639.0,213,8854.279086295976,1197569.8046203796,"{'Vertiport_1': 10, 'Vertiport_2': 10, 'Vertiport_3': 10, 'Vertiport_4': 10, 'Vertiport_5': 10, 'Vertiport_6': 10, 'Vertiport_7': 10, 'Vertiport_8': 10, 'Vertiport_9': 10, 'Vertiport_10': 10}"
124,636.0,212,9022.506072079977,1206592.3106924596,"{'Vertiport_1': 10, 'Vertiport_2': 10, 'Vertiport_3': 10, 'Vertiport_4': 10, 'Vertiport_5': 10, 'Vertiport_6': 10, 'Vertiport_7': 10, 'Vertiport_8': 10, 'Vertiport_9': 10, 'Vertiport_10': 10}"
125,545.0,181,7322.469533431972,1213914.7802258916,"{'Vertiport_1': 10, 'Vertiport_2': 10, 'Vertiport_3': 11, 'Vertiport_4': 10, 'Vertiport_5': 10, 'Vertiport_6': 10, 'Vertiport_7': 10, 'Vertiport_8': 10, 'Vertiport_9': 10, 'Vertiport_10': 9}"
126,602.0,200,8574.421795031973,1222489.2020209236,"{'Vertiport_1': 10, 'Vertiport_2': 10, 'Vertiport_3': 9, 'Vertiport_4': 10, 'Vertiport_5': 10, 'Vertiport_6': 10, 'Vertiport_7': 10, 'Vertiport_8': 10, 'Vertiport_9': 10, 'Vertiport_10': 11}"
127,696.0,232,10121.975238151985,1232611.1772590757,"{'Vertiport_1': 10, 'Vertiport_2': 10, 'Vertiport_3': 10, 'Vertiport_4': 10, 'Vertiport_5': 10, 'Vertiport_6': 10, 'Vertiport_7': 10, 'Vertiport_8': 10, 'Vertiport_9': 10, 'Vertiport_10': 10}"
128,680.0,226,9751.459564135985,1242362.6368232116,"{'Vertiport_1': 10, 'Vertiport_2': 10, 'Vertiport_3': 9, 'Vertiport_4': 10, 'Vertiport_5': 10, 'Vertiport_6': 10, 'Vertiport_7': 10, 'Vertiport_8': 10, 'Vertiport_9': 10, 'Vertiport_10': 11}"
129,752.0,250,10613.596219887975,1252976.2330430995,"{'Vertiport_1': 10, 'Vertiport_2': 10, 'Vertiport_3': 11, 'Vertiport_4': 10, 'Vertiport_5': 10, 'Vertiport_6': 10, 'Vertiport_7': 10, 'Vertiport_8': 10, 'Vertiport_9': 10, 'Vertiport_10': 9}"
130,739.0,245,10307.109306535993,1263283.3423496354,"{'Vertiport_1': 10, 'Vertiport_2': 10, 'Vertiport_3': 10, 'Vertiport_4': 10, 'Vertiport_5': 10, 'Vertiport_6': 10, 'Vertiport_7': 10, 'Vertiport_8': 10, 'Vertiport_9': 10, 'Vertiport_10': 10}"
131,783.0,261,11417.072195143983,1274700.4145447793,"{'Vertiport_1': 10, 'Vertiport_2': 10, 'Vertiport_3': 10, 'Vertiport_4': 10, 'Vertiport_5': 10, 'Vertiport_6': 10, 'Vertiport_7': 10, 'Vertiport_8': 10, 'Vertiport_9': 10, 'Vertiport_10': 10}"
132,785.0,261,11452.14727304799,1286152.5618178274,"{'Vertiport_1': 10, 'Vertiport_2': 10, 'Vertiport_3': 9, 'Vertiport_4': 10, 'Vertiport_5': 10, 'Vertiport_6': 10, 'Vertiport_7': 10, 'Vertiport_8': 10, 'Vertiport_9': 10, 'Vertiport_10': 11}"
133,770.0,256,10980.12748723199,1297132.6893050594,"{'Vertiport_1': 10, 'Vertiport_2': 10, 'Vertiport_3': 9, 'Vertiport_4': 10, 'Vertiport_5': 10, 'Vertiport_6': 10, 'Vertiport_7': 10, 'Vertiport_8': 10, 'Vertiport_9': 10, 'Vertiport_10': 11}"
134,732.0,244,9757.538109191986,1306890.2274142513,"{'Vertiport_1': 10, 'Vertiport_2': 10, 'Vertiport_3': 10, 'Vertiport_4': 10, 'Vertiport_5': 10, 'Vertiport_6': 10, 'Vertiport_7': 10, 'Vertiport_8': 10, 'Vertiport_9': 10, 'Vertiport_10': 10}"
135,709.0,235,10102.506445079987,1316992.7338593313,"{'Vertiport_1': 10, 'Vertiport_2': 10, 'Vertiport_3': 12, 'Vertiport_4': 10, 'Vertiport_5': 10, 'Vertiport_6': 10, 'Vertiport_7': 10, 'Vertiport_8': 10, 'Vertiport_9': 10, 'Vertiport_10': 8}"
136,747.0,249,10381.06086777599,1327373.7947271073,"{'Vertiport_1': 10, 'Vertiport_2': 10, 'Vertiport_3': 10, 'Vertiport_4': 10, 'Vertiport_5': 10, 'Vertiport_6': 10, 'Vertiport_7': 10, 'Vertiport_8': 10, 'Vertiport_9': 10, 'Vertiport_10': 10}"
137,806.0,268,11796.292234303994,1339170.0869614112,"{'Vertiport_1': 10, 'Vertiport_2': 10, 'Vertiport_3': 11, 'Vertiport_4': 10, 'Vertiport_5': 10, 'Vertiport_6': 10, 'Vertiport_7': 10, 'Vertiport_8': 10, 'Vertiport_9': 10, 'Vertiport_10': 9}"
138,756.0,252,10149.565021167986,1349319.6519825791,"{'Vertiport_1': 10, 'Vertiport_2': 10, 'Vertiport_3': 10, 'Vertiport_4': 10, 'Vertiport_5': 10, 'Vertiport_6': 10, 'Vertiport_7': 10, 'Vertiport_8': 10, 'Vertiport_9': 10, 'Vertiport_10': 10}"
139,674.0,224,9773.25416616798,1359092.906148747,"{'Vertiport_1': 10, 'Vertiport_2': 10, 'Vertiport_3': 11, 'Vertiport_4': 10, 'Vertiport_5': 10, 'Vertiport_6': 10, 'Vertiport_7': 10, 'Vertiport_8': 10, 'Vertiport_9': 10, 'Vertiport_10': 9}"
140,799.0,265,11923.872998799989,1371016.779147547,"{'Vertiport_1': 10, 'Vertiport_2': 10, 'Vertiport_3': 12, 'Vertiport_4': 10, 'Vertiport_5': 10, 'Vertiport_6': 10, 'Vertiport_7': 10, 'Vertiport_8': 10, 'Vertiport_9': 10, 'Vertiport_10': 8}"
141,766.0,254,11196.334410999996,1382213.1135585469,"{'Vertiport_1': 10, 'Vertiport_2': 10, 'Vertiport_3': 12, 'Vertiport_4': 10, 'Vertiport_5': 10, 'Vertiport_6': 10, 'Vertiport_7': 10, 'Vertiport_8': 10, 'Vertiport_9': 10, 'Vertiport_10': 8}"
142,748.0,248,10933.706930519997,1393146.820489067,"{'Vertiport_1': 10, 'Vertiport_2': 10, 'Vertiport_3': 12, 'Vertiport_4': 10, 'Vertiport_5': 10, 'Vertiport_6': 10, 'Vertiport_7': 10, 'Vertiport_8': 10, 'Vertiport_9': 10, 'Vertiport_10': 8}"
143,807.0,269,10644.343587303993,1403791.164076371,"{'Vertiport_1': 10, 'Vertiport_2': 10, 'Vertiport_3': 10, 'Vertiport_4': 10, 'Vertiport_5': 10, 'Vertiport_6': 10, 'Vertiport_7': 10, 'Vertiport_8': 10, 'Vertiport_9': 10, 'Vertiport_10': 10}"
144,827.0,275,11617.809687695988,1415408.9737640668,"{'Vertiport_1': 10, 'Vertiport_2': 10, 'Vertiport_3': 11, 'Vertiport_4': 10, 'Vertiport_5': 10, 'Vertiport_6': 10, 'Vertiport_7': 10, 'Vertiport_8': 10, 'Vertiport_9': 10, 'Vertiport_10': 9}"
145,677.0,225,9588.88336132798,1424997.8571253947,"{'Vertiport_1': 10, 'Vertiport_2': 10, 'Vertiport_3': 11, 'Vertiport_4': 10, 'Vertiport_5': 10, 'Vertiport_6': 10, 'Vertiport_7': 10, 'Vertiport_8': 10, 'Vertiport_9': 10, 'Vertiport_10': 9}"
146,669.0,223,9563.473650383981,1434561.3307757787,"{'Vertiport_1': 10, 'Vertiport_2': 10, 'Vertiport_3': 10, 'Vertiport_4': 10, 'Vertiport_5': 10, 'Vertiport_6': 10, 'Vertiport_7': 10, 'Vertiport_8': 10, 'Vertiport_9': 10, 'Vertiport_10': 10}"
147,735.0,245,10248.820604951987,1444810.1513807308,"{'Vertiport_1': 10, 'Vertiport_2': 10, 'Vertiport_3': 10, 'Vertiport_4': 10, 'Vertiport_5': 10, 'Vertiport_6': 10, 'Vertiport_7': 10, 'Vertiport_8': 10, 'Vertiport_9': 10, 'Vertiport_10': 10}"
148,690.0,230,9413.917512887985,1454224.0688936189,"{'Vertiport_1': 10, 'Vertiport_2': 10, 'Vertiport_3': 10, 'Vertiport_4': 10, 'Vertiport_5': 10, 'Vertiport_6': 10, 'Vertiport_7': 10, 'Vertiport_8': 10, 'Vertiport_9': 10, 'Vertiport_10': 10}"
149,677.0,225,9172.34190149598,1463396.410795115,"{'Vertiport_1': 10, 'Vertiport_2': 10, 'Vertiport_3': 11, 'Vertiport_4': 10, 'Vertiport_5': 10, 'Vertiport_6': 10, 'Vertiport_7': 10, 'Vertiport_8': 10, 'Vertiport_9': 10, 'Vertiport_10': 9}"
150,630.0,210,8863.152033759976,1472259.562828875,"{'Vertiport_1': 10, 'Vertiport_2': 10, 'Vertiport_3': 10, 'Vertiport_4': 10, 'Vertiport_5': 10, 'Vertiport_6': 10, 'Vertiport_7': 10, 'Vertiport_8': 10, 'Vertiport_9': 10, 'Vertiport_10': 10}"
151,684.0,228,9461.839845287981,1481721.402674163,"{'Vertiport_1': 10, 'Vertiport_2': 10, 'Vertiport_3': 10, 'Vertiport_4': 10, 'Vertiport_5': 10, 'Vertiport_6': 10, 'Vertiport_7': 10, 'Vertiport_8': 10, 'Vertiport_9': 10, 'Vertiport_10': 10}"
152,537.0,179,7976.539458463969,1489697.942132627,"{'Vertiport_1': 10, 'Vertiport_2': 10, 'Vertiport_3': 10, 'Vertiport_4': 10, 'Vertiport_5': 10, 'Vertiport_6': 10, 'Vertiport_7': 10, 'Vertiport_8': 10, 'Vertiport_9': 10, 'Vertiport_10': 10}"
153,594.0,198,7916.167017791964,1497614.1091504188,"{'Vertiport_1': 10, 'Vertiport_2': 10, 'Vertiport_3': 10, 'Vertiport_4': 10, 'Vertiport_5': 10, 'Vertiport_6': 10, 'Vertiport_7': 10, 'Vertiport_8': 10, 'Vertiport_9': 10, 'Vertiport_10': 10}"
154,633.0,211,9239.70750167197,1506853.8166520908,"{'Vertiport_1': 10, 'Vertiport_2': 10, 'Vertiport_3': 10, 'Vertiport_4': 10, 'Vertiport_5': 10, 'Vertiport_6': 10, 'Vertiport_7': 10, 'Vertiport_8': 10, 'Vertiport_9': 10, 'Vertiport_10': 10}"
155,690.0,230,9925.62870246399,1516779.4453545548,"{'Vertiport_1': 10, 'Vertiport_2': 10, 'Vertiport_3': 10, 'Vertiport_4': 10, 'Vertiport_5': 10, 'Vertiport_6': 10, 'Vertiport_7': 10, 'Vertiport_8': 10, 'Vertiport_9': 10, 'Vertiport_10': 10}"
156,783.0,261,11116.223589351981,1527895.6689439067,"{'Vertiport_1': 10, 'Vertiport_2': 10, 'Vertiport_3': 10, 'Vertiport_4': 10, 'Vertiport_5': 10, 'Vertiport_6': 10, 'Vertiport_7': 10, 'Vertiport_8': 10, 'Vertiport_9': 10, 'Vertiport_10': 10}"
157,747.0,249,10332.361087335985,1538228.0300312426,"{'Vertiport_1': 10, 'Vertiport_2': 10, 'Vertiport_3': 10, 'Vertiport_4': 10, 'Vertiport_5': 10, 'Vertiport_6': 10, 'Vertiport_7': 10, 'Vertiport_8': 10, 'Vertiport_9': 10, 'Vertiport_10': 10}"
158,828.0,276,11832.47955040799,1550060.5095816506,"{'Vertiport_1': 10, 'Vertiport_2': 10, 'Vertiport_3': 10, 'Vertiport_4': 10, 'Vertiport_5': 10, 'Vertiport_6': 10, 'Vertiport_7': 10, 'Vertiport_8': 10, 'Vertiport_9': 10, 'Vertiport_10': 10}"
159,837.0,279,11831.223851087994,1561891.7334327386,"{'Vertiport_1': 10, 'Vertiport_2': 10, 'Vertiport_3': 10, 'Vertiport_4': 10, 'Vertiport_5': 10, 'Vertiport_6': 10, 'Vertiport_7': 10, 'Vertiport_8': 10, 'Vertiport_9': 10, 'Vertiport_10': 10}"
160,863.0,287,12744.956515951995,1574636.6899486906,"{'Vertiport_1': 10, 'Vertiport_2': 10, 'Vertiport_3': 11, 'Vertiport_4': 10, 'Vertiport_5': 10, 'Vertiport_6': 10, 'Vertiport_7': 10, 'Vertiport_8': 10, 'Vertiport_9': 10, 'Vertiport_10': 9}"
161,891.0,297,13221.788190536006,1587858.4781392266,"{'Vertiport_1': 10, 'Vertiport_2': 10, 'Vertiport_3': 10, 'Vertiport_4': 10, 'Vertiport_5': 10, 'Vertiport_6': 10, 'Vertiport_7': 10, 'Vertiport_8': 10, 'Vertiport_9': 10, 'Vertiport_10': 10}"
162,866.0,288,12102.744179007996,1599961.2223182346,"{'Vertiport_1': 10, 'Vertiport_2': 10, 'Vertiport_3': 11, 'Vertiport_4': 10, 'Vertiport_5': 10, 'Vertiport_6': 10, 'Vertiport_7': 10, 'Vertiport_8': 10, 'Vertiport_9': 10, 'Vertiport_10': 9}"
163,783.0,261,11340.155347007982,1611301.3776652426,"{'Vertiport_1': 10, 'Vertiport_2': 10, 'Vertiport_3': 10, 'Vertiport_4': 10, 'Vertiport_5': 10, 'Vertiport_6': 10, 'Vertiport_7': 10, 'Vertiport_8': 10, 'Vertiport_9': 10, 'Vertiport_10': 10}"
164,951.0,317,13272.884319744004,1624574.2619849867,"{'Vertiport_1': 10, 'Vertiport_2': 10, 'Vertiport_3': 10, 'Vertiport_4': 10, 'Vertiport_5': 10, 'Vertiport_6': 10, 'Vertiport_7': 10, 'Vertiport_8': 10, 'Vertiport_9': 10, 'Vertiport_10': 10}"
165,861.0,287,11864.11339556799,1636438.3753805547,"{'Vertiport_1': 10, 'Vertiport_2': 10, 'Vertiport_3': 10, 'Vertiport_4': 10, 'Vertiport_5': 10, 'Vertiport_6': 10, 'Vertiport_7': 10, 'Vertiport_8': 10, 'Vertiport_9': 10, 'Vertiport_10': 10}"
166,801.0,267,10866.619285783994,1647304.9946663387,"{'Vertiport_1': 10, 'Vertiport_2': 10, 'Vertiport_3': 10, 'Vertiport_4': 10, 'Vertiport_5': 10, 'Vertiport_6': 10, 'Vertiport_7': 10, 'Vertiport_8': 10, 'Vertiport_9': 10, 'Vertiport_10': 10}"
167,798.0,266,12043.453986383993,1659348.4486527226,"{'Vertiport_1': 10, 'Vertiport_2': 10, 'Vertiport_3': 10, 'Vertiport_4': 10, 'Vertiport_5': 10, 'Vertiport_6': 10, 'Vertiport_7': 10, 'Vertiport_8': 10, 'Vertiport_9': 10, 'Vertiport_10': 10}"
168,783.0,261,11515.725681767986,1670864.1743344907,"{'Vertiport_1': 10, 'Vertiport_2': 10, 'Vertiport_3': 10, 'Vertiport_4': 10, 'Vertiport_5': 10, 'Vertiport_6': 10, 'Vertiport_7': 10, 'Vertiport_8': 10, 'Vertiport_9': 10, 'Vertiport_10': 10}"
169,822.0,274,12088.748802951986,1682952.9231374427,"{'Vertiport_1': 10, 'Vertiport_2': 10, 'Vertiport_3': 10, 'Vertiport_4': 10, 'Vertiport_5': 10, 'Vertiport_6': 10, 'Vertiport_7': 10, 'Vertiport_8': 10, 'Vertiport_9': 10, 'Vertiport_10': 10}"
170,789.0,263,12023.373707200019,1694976.2968446426,"{'Vertiport_1': 10, 'Vertiport_2': 10, 'Vertiport_3': 10, 'Vertiport_4': 10, 'Vertiport_5': 10, 'Vertiport_6': 10, 'Vertiport_7': 10, 'Vertiport_8': 10, 'Vertiport_9': 10, 'Vertiport_10': 10}"
171,783.0,261,10653.432350391975,1705629.7291950346,"{'Vertiport_1': 10, 'Vertiport_2': 10, 'Vertiport_3': 10, 'Vertiport_4': 10, 'Vertiport_5': 10, 'Vertiport_6': 10, 'Vertiport_7': 10, 'Vertiport_8': 10, 'Vertiport_9': 10, 'Vertiport_10': 10}"
172,819.0,273,12318.68894678401,1717948.4181418186,"{'Vertiport_1': 10, 'Vertiport_2': 10, 'Vertiport_3': 10, 'Vertiport_4': 10, 'Vertiport_5': 10, 'Vertiport_6': 10, 'Vertiport_7': 10, 'Vertiport_8': 10, 'Vertiport_9': 10, 'Vertiport_10': 10}"
173,726.0,242,10384.525788775989,1728332.9439305945,"{'Vertiport_1': 10, 'Vertiport_2': 10, 'Vertiport_3': 10, 'Vertiport_4': 10, 'Vertiport_5': 10, 'Vertiport_6': 10, 'Vertiport_7': 10, 'Vertiport_8': 10, 'Vertiport_9': 10, 'Vertiport_10': 10}"
174,783.0,261,11086.057351319987,1739419.0012819145,"{'Vertiport_1': 10, 'Vertiport_2': 10, 'Vertiport_3': 10, 'Vertiport_4': 10, 'Vertiport_5': 10, 'Vertiport_6': 10, 'Vertiport_7': 10, 'Vertiport_8': 10, 'Vertiport_9': 10, 'Vertiport_10': 10}"
175,750.0,250,10770.73859083199,1750189.7398727466,"{'Vertiport_1': 10, 'Vertiport_2': 10, 'Vertiport_3': 10, 'Vertiport_4': 10, 'Vertiport_5': 10, 'Vertiport_6': 10, 'Vertiport_7': 10, 'Vertiport_8': 10, 'Vertiport_9': 10, 'Vertiport_10': 10}"
176,720.0,240,10812.164409231984,1761001.9042819787,"{'Vertiport_1': 10, 'Vertiport_2': 10, 'Vertiport_3': 10, 'Vertiport_4': 10, 'Vertiport_5': 10, 'Vertiport_6': 10, 'Vertiport_7': 10, 'Vertiport_8': 10, 'Vertiport_9': 10, 'Vertiport_10': 10}"
177,711.0,237,10174.407363535978,1771176.3116455148,"{'Vertiport_1': 10, 'Vertiport_2': 10, 'Vertiport_3': 10, 'Vertiport_4': 10, 'Vertiport_5': 10, 'Vertiport_6': 10, 'Vertiport_7': 10, 'Vertiport_8': 10, 'Vertiport_9': 10, 'Vertiport_10': 10}"
178,657.0,219,9629.515925135987,1780805.8275706507,"{'Vertiport_1': 10, 'Vertiport_2': 10, 'Vertiport_3': 10, 'Vertiport_4': 10, 'Vertiport_5': 10, 'Vertiport_6': 10, 'Vertiport_7': 10, 'Vertiport_8': 10, 'Vertiport_9': 10, 'Vertiport_10': 10}"
179,525.0,175,7777.586319239968,1788583.4138898908,"{'Vertiport_1': 10, 'Vertiport_2': 10, 'Vertiport_3': 10, 'Vertiport_4': 10, 'Vertiport_5': 10, 'Vertiport_6': 10, 'Vertiport_7': 10, 'Vertiport_8': 10, 'Vertiport_9': 10, 'Vertiport_10': 10}"
180,477.0,159,6517.539007775975,1795100.9528976667,"{'Vertiport_1': 10, 'Vertiport_2': 10, 'Vertiport_3': 10, 'Vertiport_4': 10, 'Vertiport_5': 10, 'Vertiport_6': 10, 'Vertiport_7': 10, 'Vertiport_8': 10, 'Vertiport_9': 10, 'Vertiport_10': 10}"
181,453.0,151,6604.317556151975,1801705.2704538186,"{'Vertiport_1': 10, 'Vertiport_2': 10, 'Vertiport_3': 10, 'Vertiport_4': 10, 'Vertiport_5': 10, 'Vertiport_6': 10, 'Vertiport_7': 10, 'Vertiport_8': 10, 'Vertiport_9': 10, 'Vertiport_10': 10}"
182,498.0,166,7156.604218151969,1808861.8746719705,"{'Vertiport_1': 10, 'Vertiport_2': 10, 'Vertiport_3': 10, 'Vertiport_4': 10, 'Vertiport_5': 10, 'Vertiport_6': 10, 'Vertiport_7': 10, 'Vertiport_8': 10, 'Vertiport_9': 10, 'Vertiport_10': 10}"
183,504.0,168,7447.247217639972,1816309.1218896105,"{'Vertiport_1': 10, 'Vertiport_2': 10, 'Vertiport_3': 10, 'Vertiport_4': 10, 'Vertiport_5': 10, 'Vertiport_6': 10, 'Vertiport_7': 10, 'Vertiport_8': 10, 'Vertiport_9': 10, 'Vertiport_10': 10}"
184,438.0,146,6690.417501639977,1822999.5393912506,"{'Vertiport_1': 10, 'Vertiport_2': 10, 'Vertiport_3': 10, 'Vertiport_4': 10, 'Vertiport_5': 10, 'Vertiport_6': 10, 'Vertiport_7': 10, 'Vertiport_8': 10, 'Vertiport_9': 10, 'Vertiport_10': 10}"
185,348.0,116,5042.892543231987,1828042.4319344827,"{'Vertiport_1': 10, 'Vertiport_2': 10, 'Vertiport_3': 10, 'Vertiport_4': 10, 'Vertiport_5': 10, 'Vertiport_6': 10, 'Vertiport_7': 10, 'Vertiport_8': 10, 'Vertiport_9': 10, 'Vertiport_10': 10}"
186,279.0,93,4105.824872839995,1832148.2568073226,"{'Vertiport_1': 10, 'Vertiport_2': 10, 'Vertiport_3': 10, 'Vertiport_4': 10, 'Vertiport_5': 10, 'Vertiport_6': 10, 'Vertiport_7': 10, 'Vertiport_8': 10, 'Vertiport_9': 10, 'Vertiport_10': 10}"
187,318.0,106,4759.611670751993,1836907.8684780747,"{'Vertiport_1': 10, 'Vertiport_2': 10, 'Vertiport_3': 10, 'Vertiport_4': 10, 'Vertiport_5': 10, 'Vertiport_6': 10, 'Vertiport_7': 10, 'Vertiport_8': 10, 'Vertiport_9': 10, 'Vertiport_10': 10}"
188,333.0,111,5157.2406385119875,1842065.1091165866,"{'Vertiport_1': 10, 'Vertiport_2': 10, 'Vertiport_3': 10, 'Vertiport_4': 10, 'Vertiport_5': 10, 'Vertiport_6': 10, 'Vertiport_7': 10, 'Vertiport_8': 10, 'Vertiport_9': 10, 'Vertiport_10': 10}"
189,297.0,99,3873.3930353919955,1845938.5021519787,"{'Vertiport_1': 10, 'Vertiport_2': 10, 'Vertiport_3': 10, 'Vertiport_4': 10, 'Vertiport_5': 10, 'Vertiport_6': 10, 'Vertiport_7': 10, 'Vertiport_8': 10, 'Vertiport_9': 10, 'Vertiport_10': 10}"
190,240.0,80,3886.8408921039972,1849825.3430440826,"{'Vertiport_1': 10, 'Vertiport_2': 10, 'Vertiport_3': 10, 'Vertiport_4': 10, 'Vertiport_5': 10, 'Vertiport_6': 10, 'Vertiport_7': 10, 'Vertiport_8': 10, 'Vertiport_9': 10, 'Vertiport_10': 10}"
191,147.0,49,2288.0425917919997,1852113.3856358747,"{'Vertiport_1': 10, 'Vertiport_2': 10, 'Vertiport_3': 10, 'Vertiport_4': 10, 'Vertiport_5': 10, 'Vertiport_6': 10, 'Vertiport_7': 10, 'Vertiport_8': 10, 'Vertiport_9': 10, 'Vertiport_10': 10}"
192,105.0,35,1597.7706232080004,1853711.1562590827,"{'Vertiport_1': 10, 'Vertiport_2': 10, 'Vertiport_3': 10, 'Vertiport_4': 10, 'Vertiport_5': 10, 'Vertiport_6': 10, 'Vertiport_7': 10, 'Vertiport_8': 10, 'Vertiport_9': 10, 'Vertiport_10': 10}"
193,126.0,42,1767.5563463600004,1855478.7126054426,"{'Vertiport_1': 10, 'Vertiport_2': 10, 'Vertiport_3': 10, 'Vertiport_4': 10, 'Vertiport_5': 10, 'Vertiport_6': 10, 'Vertiport_7': 10, 'Vertiport_8': 10, 'Vertiport_9': 10, 'Vertiport_10': 10}"
194,120.0,40,1922.1514359200005,1857400.8640413627,"{'Vertiport_1': 10, 'Vertiport_2': 10, 'Vertiport_3': 10, 'Vertiport_4': 10, 'Vertiport_5': 10, 'Vertiport_6': 10, 'Vertiport_7': 10, 'Vertiport_8': 10, 'Vertiport_9': 10, 'Vertiport_10': 10}"
195,132.0,44,1893.079337848,1859293.9433792105,"{'Vertiport_1': 10, 'Vertiport_2': 10, 'Vertiport_3': 10, 'Vertiport_4': 10, 'Vertiport_5': 10, 'Vertiport_6': 10, 'Vertiport_7': 10, 'Vertiport_8': 10, 'Vertiport_9': 10, 'Vertiport_10': 10}"
196,147.0,49,1985.664720624,1861279.6080998345,"{'Vertiport_1': 10, 'Vertiport_2': 10, 'Vertiport_3': 10, 'Vertiport_4': 10, 'Vertiport_5': 10, 'Vertiport_6': 10, 'Vertiport_7': 10, 'Vertiport_8': 10, 'Vertiport_9': 10, 'Vertiport_10': 10}"
197,141.0,47,2288.0061210639997,1863567.6142208986,"{'Vertiport_1': 10, 'Vertiport_2': 10, 'Vertiport_3': 10, 'Vertiport_4': 10, 'Vertiport_5': 10, 'Vertiport_6': 10, 'Vertiport_7': 10, 'Vertiport_8': 10, 'Vertiport_9': 10, 'Vertiport_10': 10}"
198,168.0,56,2684.8395121199997,1866252.4537330186,"{'Vertiport_1': 10, 'Vertiport_2': 10, 'Vertiport_3': 10, 'Vertiport_4': 10, 'Vertiport_5': 10, 'Vertiport_6': 10, 'Vertiport_7': 10, 'Vertiport_8': 10, 'Vertiport_9': 10, 'Vertiport_10': 10}"
199,210.0,70,3233.3863136239993,1869485.8400466426,"{'Vertiport_1': 10, 'Vertiport_2': 10, 'Vertiport_3': 10, 'Vertiport_4': 10, 'Vertiport_5': 10, 'Vertiport_6': 10, 'Vertiport_7': 10, 'Vertiport_8': 10, 'Vertiport_9': 10, 'Vertiport_10': 10}"
200,201.0,67,2927.4862813839986,1872413.3263280266,"{'Vertiport_1': 10, 'Vertiport_2': 10, 'Vertiport_3': 10, 'Vertiport_4': 10, 'Vertiport_5': 10, 'Vertiport_6': 10, 'Vertiport_7': 10, 'Vertiport_8': 10, 'Vertiport_9': 10, 'Vertiport_10': 10}"
201,156.0,52,2748.2592334000005,1875161.5855614266,"{'Vertiport_1': 10, 'Vertiport_2': 10, 'Vertiport_3': 10, 'Vertiport_4': 10, 'Vertiport_5': 10, 'Vertiport_6': 10, 'Vertiport_7': 10, 'Vertiport_8': 10, 'Vertiport_9': 10, 'Vertiport_10': 10}"
202,204.0,68,3056.422662607999,1878218.0082240347,"{'Vertiport_1': 10, 'Vertiport_2': 10, 'Vertiport_3': 10, 'Vertiport_4': 10, 'Vertiport_5': 10, 'Vertiport_6': 10, 'Vertiport_7': 10, 'Vertiport_8': 10, 'Vertiport_9': 10, 'Vertiport_10': 10}"
203,258.0,86,3513.5900630879983,1881731.5982871228,"{'Vertiport_1': 10, 'Vertiport_2': 10, 'Vertiport_3': 10, 'Vertiport_4': 10, 'Vertiport_5': 10, 'Vertiport_6': 10, 'Vertiport_7': 10, 'Vertiport_8': 10, 'Vertiport_9': 10, 'Vertiport_10': 10}"
204,321.0,107,4447.559277511991,1886179.1575646347,"{'Vertiport_1': 10, 'Vertiport_2': 10, 'Vertiport_3': 10, 'Vertiport_4': 10, 'Vertiport_5': 10, 'Vertiport_6': 10, 'Vertiport_7': 10, 'Vertiport_8': 10, 'Vertiport_9': 10, 'Vertiport_10': 10}"
205,324.0,108,4689.488296175993,1890868.6458608108,"{'Vertiport_1': 10, 'Vertiport_2': 10, 'Vertiport_3': 10, 'Vertiport_4': 10, 'Vertiport_5': 10, 'Vertiport_6': 10, 'Vertiport_7': 10, 'Vertiport_8': 10, 'Vertiport_9': 10, 'Vertiport_10': 10}"
206,333.0,111,4613.729385975993,1895482.3752467867,"{'Vertiport_1': 10, 'Vertiport_2': 10, 'Vertiport_3': 10, 'Vertiport_4': 10, 'Vertiport_5': 10, 'Vertiport_6': 10, 'Vertiport_7': 10, 'Vertiport_8': 10, 'Vertiport_9': 10, 'Vertiport_10': 10}"
207,384.0,128,6347.2650275439755,1901829.6402743307,"{'Vertiport_1': 10, 'Vertiport_2': 10, 'Vertiport_3': 10, 'Vertiport_4': 10, 'Vertiport_5': 10, 'Vertiport_6': 10, 'Vertiport_7': 10, 'Vertiport_8': 10, 'Vertiport_9': 10, 'Vertiport_10': 10}"
208,438.0,146,6482.724453535976,1908312.3647278666,"{'Vertiport_1': 10, 'Vertiport_2': 10, 'Vertiport_3': 10, 'Vertiport_4': 10, 'Vertiport_5': 10, 'Vertiport_6': 10, 'Vertiport_7': 10, 'Vertiport_8': 10, 'Vertiport_9': 10, 'Vertiport_10': 10}"
209,423.0,141,6221.30424246398,1914533.6689703306,"{'Vertiport_1': 10, 'Vertiport_2': 10, 'Vertiport_3': 10, 'Vertiport_4': 10, 'Vertiport_5': 10, 'Vertiport_6': 10, 'Vertiport_7': 10, 'Vertiport_8': 10, 'Vertiport_9': 10, 'Vertiport_10': 10}"
210,456.0,152,6785.056341519977,1921318.7253118507,"{'Vertiport_1': 10, 'Vertiport_2': 10, 'Vertiport_3': 10, 'Vertiport_4': 10, 'Vertiport_5': 10, 'Vertiport_6': 10, 'Vertiport_7': 10, 'Vertiport_8': 10, 'Vertiport_9': 10, 'Vertiport_10': 10}"
211,504.0,168,7187.235573727972,1928505.9608855785,"{'Vertiport_1': 10, 'Vertiport_2': 10, 'Vertiport_3': 10, 'Vertiport_4': 10, 'Vertiport_5': 10, 'Vertiport_6': 10, 'Vertiport_7': 10, 'Vertiport_8': 10, 'Vertiport_9': 10, 'Vertiport_10': 10}"
212,615.0,205,9252.927015391982,1937758.8879009704,"{'Vertiport_1': 10, 'Vertiport_2': 10, 'Vertiport_3': 10, 'Vertiport_4': 10, 'Vertiport_5': 10, 'Vertiport_6': 10, 'Vertiport_7': 10, 'Vertiport_8': 10, 'Vertiport_9': 10, 'Vertiport_10': 10}"
213,576.0,192,8764.695017751981,1946523.5829187224,"{'Vertiport_1': 10, 'Vertiport_2': 10, 'Vertiport_3': 10, 'Vertiport_4': 10, 'Vertiport_5': 10, 'Vertiport_6': 10, 'Vertiport_7': 10, 'Vertiport_8': 10, 'Vertiport_9': 10, 'Vertiport_10': 10}"
214,630.0,210,9489.917390135988,1956013.5003088585,"{'Vertiport_1': 10, 'Vertiport_2': 10, 'Vertiport_3': 10, 'Vertiport_4': 10, 'Vertiport_5': 10, 'Vertiport_6': 10, 'Vertiport_7': 10, 'Vertiport_8': 10, 'Vertiport_9': 10, 'Vertiport_10': 10}"
215,663.0,221,9667.689150919976,1965681.1894597784,"{'Vertiport_1': 10, 'Vertiport_2': 10, 'Vertiport_3': 10, 'Vertiport_4': 10, 'Vertiport_5': 10, 'Vertiport_6': 10, 'Vertiport_7': 10, 'Vertiport_8': 10, 'Vertiport_9': 10, 'Vertiport_10': 10}"
216,741.0,247,10540.657739847982,1976221.8471996263,"{'Vertiport_1': 10, 'Vertiport_2': 10, 'Vertiport_3': 10, 'Vertiport_4': 10, 'Vertiport_5': 10, 'Vertiport_6': 10, 'Vertiport_7': 10, 'Vertiport_8': 10, 'Vertiport_9': 10, 'Vertiport_10': 10}"
217,753.0,251,11049.654322095988,1987271.5015217222,"{'Vertiport_1': 10, 'Vertiport_2': 10, 'Vertiport_3': 10, 'Vertiport_4': 10, 'Vertiport_5': 10, 'Vertiport_6': 10, 'Vertiport_7': 10, 'Vertiport_8': 10, 'Vertiport_9': 10, 'Vertiport_10': 10}"
218,657.0,219,9037.10835551997,1996308.6098772422,"{'Vertiport_1': 10, 'Vertiport_2': 10, 'Vertiport_3': 10, 'Vertiport_4': 10, 'Vertiport_5': 10, 'Vertiport_6': 10, 'Vertiport_7': 10, 'Vertiport_8': 10, 'Vertiport_9': 10, 'Vertiport_10': 10}"
219,657.0,219,9713.913062447975,2006022.5229396902,"{'Vertiport_1': 10, 'Vertiport_2': 10, 'Vertiport_3': 10, 'Vertiport_4': 10, 'Vertiport_5': 10, 'Vertiport_6': 10, 'Vertiport_7': 10, 'Vertiport_8': 10, 'Vertiport_9': 10, 'Vertiport_10': 10}"
220,702.0,234,9854.951374287979,2015877.474313978,"{'Vertiport_1': 10, 'Vertiport_2': 10, 'Vertiport_3': 10, 'Vertiport_4': 10, 'Vertiport_5': 10, 'Vertiport_6': 10, 'Vertiport_7': 10, 'Vertiport_8': 10, 'Vertiport_9': 10, 'Vertiport_10': 10}"
221,780.0,260,11382.87900021599,2027260.3533141941,"{'Vertiport_1': 10, 'Vertiport_2': 10, 'Vertiport_3': 10, 'Vertiport_4': 10, 'Vertiport_5': 10, 'Vertiport_6': 10, 'Vertiport_7': 10, 'Vertiport_8': 10, 'Vertiport_9': 10, 'Vertiport_10': 10}"
222,630.0,210,9296.494112343975,2036556.8474265381,"{'Vertiport_1': 10, 'Vertiport_2': 10, 'Vertiport_3': 10, 'Vertiport_4': 10, 'Vertiport_5': 10, 'Vertiport_6': 10, 'Vertiport_7': 10, 'Vertiport_8': 10, 'Vertiport_9': 10, 'Vertiport_10': 10}"
223,618.0,206,8053.946684167962,2044610.794110706,"{'Vertiport_1': 10, 'Vertiport_2': 10, 'Vertiport_3': 10, 'Vertiport_4': 10, 'Vertiport_5': 10, 'Vertiport_6': 10, 'Vertiport_7': 10, 'Vertiport_8': 10, 'Vertiport_9': 10, 'Vertiport_10': 10}"
224,681.0,227,10018.950768327984,2054629.744879034,"{'Vertiport_1': 10, 'Vertiport_2': 10, 'Vertiport_3': 10, 'Vertiport_4': 10, 'Vertiport_5': 10, 'Vertiport_6': 10, 'Vertiport_7': 10, 'Vertiport_8': 10, 'Vertiport_9': 10, 'Vertiport_10': 10}"
225,651.0,217,9217.312229583971,2063847.057108618,"{'Vertiport_1': 10, 'Vertiport_2': 10, 'Vertiport_3': 10, 'Vertiport_4': 10, 'Vertiport_5': 10, 'Vertiport_6': 10, 'Vertiport_7': 10, 'Vertiport_8': 10, 'Vertiport_9': 10, 'Vertiport_10': 10}"
226,624.0,208,9122.552864711972,2072969.60997333,"{'Vertiport_1': 10, 'Vertiport_2': 10, 'Vertiport_3': 10, 'Vertiport_4': 10, 'Vertiport_5': 10, 'Vertiport_6': 10, 'Vertiport_7': 10, 'Vertiport_8': 10, 'Vertiport_9': 10, 'Vertiport_10': 10}"
227,657.0,219,9172.893989447966,2082142.503962778,"{'Vertiport_1': 10, 'Vertiport_2': 10, 'Vertiport_3': 10, 'Vertiport_4': 10, 'Vertiport_5': 10, 'Vertiport_6': 10, 'Vertiport_7': 10, 'Vertiport_8': 10, 'Vertiport_9': 10, 'Vertiport_10': 10}"
228,696.0,232,9901.554518511984,2092044.05848129,"{'Vertiport_1': 10, 'Vertiport_2': 10, 'Vertiport_3': 10, 'Vertiport_4': 10, 'Vertiport_5': 10, 'Vertiport_6': 10, 'Vertiport_7': 10, 'Vertiport_8': 10, 'Vertiport_9': 10, 'Vertiport_10': 10}"
229,750.0,250,10703.461638631985,2102747.520119922,"{'Vertiport_1': 10, 'Vertiport_2': 10, 'Vertiport_3': 10, 'Vertiport_4': 10, 'Vertiport_5': 10, 'Vertiport_6': 10, 'Vertiport_7': 10, 'Vertiport_8': 10, 'Vertiport_9': 10, 'Vertiport_10': 10}"
230,657.0,219,9274.209962311978,2112021.730082234,"{'Vertiport_1': 10, 'Vertiport_2': 10, 'Vertiport_3': 10, 'Vertiport_4': 10, 'Vertiport_5': 10, 'Vertiport_6': 10, 'Vertiport_7': 10, 'Vertiport_8': 10, 'Vertiport_9': 10, 'Vertiport_10': 10}"
231,675.0,225,9552.97721972797,2121574.7073019617,"{'Vertiport_1': 10, 'Vertiport_2': 10, 'Vertiport_3': 10, 'Vertiport_4': 10, 'Vertiport_5': 10, 'Vertiport_6': 10, 'Vertiport_7': 10, 'Vertiport_8': 10, 'Vertiport_9': 10, 'Vertiport_10': 10}"
232,621.0,207,9174.72372185598,2130749.4310238175,"{'Vertiport_1': 10, 'Vertiport_2': 10, 'Vertiport_3': 10, 'Vertiport_4': 10, 'Vertiport_5': 10, 'Vertiport_6': 10, 'Vertiport_7': 10, 'Vertiport_8': 10, 'Vertiport_9': 10, 'Vertiport_10': 10}"
233,621.0,207,9088.084793751977,2139837.5158175696,"{'Vertiport_1': 10, 'Vertiport_2': 10, 'Vertiport_3': 10, 'Vertiport_4': 10, 'Vertiport_5': 10, 'Vertiport_6': 10, 'Vertiport_7': 10, 'Vertiport_8': 10, 'Vertiport_9': 10, 'Vertiport_10': 10}"
234,681.0,227,9798.753673351977,2149636.2694909214,"{'Vertiport_1': 10, 'Vertiport_2': 10, 'Vertiport_3': 10, 'Vertiport_4': 10, 'Vertiport_5': 10, 'Vertiport_6': 10, 'Vertiport_7': 10, 'Vertiport_8': 10, 'Vertiport_9': 10, 'Vertiport_10': 10}"
235,603.0,201,8096.824535871963,2157733.0940267933,"{'Vertiport_1': 10, 'Vertiport_2': 10, 'Vertiport_3': 10, 'Vertiport_4': 10, 'Vertiport_5': 10, 'Vertiport_6': 10, 'Vertiport_7': 10, 'Vertiport_8': 10, 'Vertiport_9': 10, 'Vertiport_10': 10}"
236,636.0,212,8858.523539727974,2166591.6175665213,"{'Vertiport_1': 10, 'Vertiport_2': 10, 'Vertiport_3': 10, 'Vertiport_4': 10, 'Vertiport_5': 10, 'Vertiport_6': 10, 'Vertiport_7': 10, 'Vertiport_8': 10, 'Vertiport_9': 10, 'Vertiport_10': 10}"
237,540.0,180,7297.128501815971,2173888.7460683375,"{'Vertiport_1': 10, 'Vertiport_2': 10, 'Vertiport_3': 10, 'Vertiport_4': 10, 'Vertiport_5': 10, 'Vertiport_6': 10, 'Vertiport_7': 10, 'Vertiport_8': 10, 'Vertiport_9': 10, 'Vertiport_10': 10}"
238,546.0,182,7557.832905999967,2181446.5789743373,"{'Vertiport_1': 10, 'Vertiport_2': 10, 'Vertiport_3': 10, 'Vertiport_4': 10, 'Vertiport_5': 10, 'Vertiport_6': 10, 'Vertiport_7': 10, 'Vertiport_8': 10, 'Vertiport_9': 10, 'Vertiport_10': 10}"
239,612.0,204,8574.79555839197,2190021.3745327294,"{'Vertiport_1': 10, 'Vertiport_2': 10, 'Vertiport_3': 10, 'Vertiport_4': 10, 'Vertiport_5': 10, 'Vertiport_6': 10, 'Vertiport_7': 10, 'Vertiport_8': 10, 'Vertiport_9': 10, 'Vertiport_10': 10}"
240,546.0,182,7922.48488043997,2197943.8594131693,"{'Vertiport_1': 10, 'Vertiport_2': 10, 'Vertiport_3': 10, 'Vertiport_4': 10, 'Vertiport_5': 10, 'Vertiport_6': 10, 'Vertiport_7': 10, 'Vertiport_8': 10, 'Vertiport_9': 10, 'Vertiport_10': 10}"
241,501.0,167,7784.372237335976,2205728.231650505,"{'Vertiport_1': 10, 'Vertiport_2': 10, 'Vertiport_3': 10, 'Vertiport_4': 10, 'Vertiport_5': 10, 'Vertiport_6': 10, 'Vertiport_7': 10, 'Vertiport_8': 10, 'Vertiport_9': 10, 'Vertiport_10': 10}"
242,504.0,168,7114.908515303971,2212843.140165809,"{'Vertiport_1': 10, 'Vertiport_2': 10, 'Vertiport_3': 10, 'Vertiport_4': 10, 'Vertiport_5': 10, 'Vertiport_6': 10, 'Vertiport_7': 10, 'Vertiport_8': 10, 'Vertiport_9': 10, 'Vertiport_10': 10}"
243,504.0,168,7249.9414783839775,2220093.0816441933,"{'Vertiport_1': 10, 'Vertiport_2': 10, 'Vertiport_3': 10, 'Vertiport_4': 10, 'Vertiport_5': 10, 'Vertiport_6': 10, 'Vertiport_7': 10, 'Vertiport_8': 10, 'Vertiport_9': 10, 'Vertiport_10': 10}"
244,519.0,173,7352.904367175972,2227445.986011369,"{'Vertiport_1': 10, 'Vertiport_2': 10, 'Vertiport_3': 10, 'Vertiport_4': 10, 'Vertiport_5': 10, 'Vertiport_6': 10, 'Vertiport_7': 10, 'Vertiport_8': 10, 'Vertiport_9': 10, 'Vertiport_10': 10}"
245,576.0,192,7863.738146303967,2235309.7241576733,"{'Vertiport_1': 10, 'Vertiport_2': 10, 'Vertiport_3': 10, 'Vertiport_4': 10, 'Vertiport_5': 10, 'Vertiport_6': 10, 'Vertiport_7': 10, 'Vertiport_8': 10, 'Vertiport_9': 10, 'Vertiport_10': 10}"
246,531.0,177,7551.068981647971,2242860.7931393213,"{'Vertiport_1': 10, 'Vertiport_2': 10, 'Vertiport_3': 10, 'Vertiport_4': 10, 'Vertiport_5': 10, 'Vertiport_6': 10, 'Vertiport_7': 10, 'Vertiport_8': 10, 'Vertiport_9': 10, 'Vertiport_10': 10}"
247,540.0,180,7676.64684578397,2250537.4399851053,"{'Vertiport_1': 10, 'Vertiport_2': 10, 'Vertiport_3': 10, 'Vertiport_4': 10, 'Vertiport_5': 10, 'Vertiport_6': 10, 'Vertiport_7': 10, 'Vertiport_8': 10, 'Vertiport_9': 10, 'Vertiport_10': 10}"
248,540.0,180,7712.521246287975,2258249.9612313933,"{'Vertiport_1': 10, 'Vertiport_2': 10, 'Vertiport_3': 10, 'Vertiport_4': 10, 'Vertiport_5': 10, 'Vertiport_6': 10, 'Vertiport_7': 10, 'Vertiport_8': 10, 'Vertiport_9': 10, 'Vertiport_10': 10}"
249,573.0,191,8272.530206927968,2266522.4914383213,"{'Vertiport_1': 10, 'Vertiport_2': 10, 'Vertiport_3': 10, 'Vertiport_4': 10, 'Vertiport_5': 10, 'Vertiport_6': 10, 'Vertiport_7': 10, 'Vertiport_8': 10, 'Vertiport_9': 10, 'Vertiport_10': 10}"
250,573.0,191,8063.213912999971,2274585.7053513215,"{'Vertiport_1': 10, 'Vertiport_2': 10, 'Vertiport_3': 10, 'Vertiport_4': 10, 'Vertiport_5': 10, 'Vertiport_6': 10, 'Vertiport_7': 10, 'Vertiport_8': 10, 'Vertiport_9': 10, 'Vertiport_10': 10}"
251,606.0,202,8556.158519055973,2283141.8638703777,"{'Vertiport_1': 10, 'Vertiport_2': 10, 'Vertiport_3': 10, 'Vertiport_4': 10, 'Vertiport_5': 10, 'Vertiport_6': 10, 'Vertiport_7': 10, 'Vertiport_8': 10, 'Vertiport_9': 10, 'Vertiport_10': 10}"
252,702.0,234,10329.226498567996,2293471.0903689456,"{'Vertiport_1': 10, 'Vertiport_2': 10, 'Vertiport_3': 10, 'Vertiport_4': 10, 'Vertiport_5': 10, 'Vertiport_6': 10, 'Vertiport_7': 10, 'Vertiport_8': 10, 'Vertiport_9': 10, 'Vertiport_10': 10}"
253,669.0,223,9554.965084607975,2303026.055453554,"{'Vertiport_1': 10, 'Vertiport_2': 10, 'Vertiport_3': 10, 'Vertiport_4': 10, 'Vertiport_5': 10, 'Vertiport_6': 10, 'Vertiport_7': 10, 'Vertiport_8': 10, 'Vertiport_9': 10, 'Vertiport_10': 10}"
254,684.0,228,10270.559091327987,2313296.614544882,"{'Vertiport_1': 10, 'Vertiport_2': 10, 'Vertiport_3': 10, 'Vertiport_4': 10, 'Vertiport_5': 10, 'Vertiport_6': 10, 'Vertiport_7': 10, 'Vertiport_8': 10, 'Vertiport_9': 10, 'Vertiport_10': 10}"
255,726.0,242,10523.060371751997,2323819.674916634,"{'Vertiport_1': 10, 'Vertiport_2': 10, 'Vertiport_3': 10, 'Vertiport_4': 10, 'Vertiport_5': 10, 'Vertiport_6': 10, 'Vertiport_7': 10, 'Vertiport_8': 10, 'Vertiport_9': 10, 'Vertiport_10': 10}"
256,693.0,231,9859.489165791972,2333679.1640824256,"{'Vertiport_1': 10, 'Vertiport_2': 10, 'Vertiport_3': 10, 'Vertiport_4': 10, 'Vertiport_5': 10, 'Vertiport_6': 10, 'Vertiport_7': 10, 'Vertiport_8': 10, 'Vertiport_9': 10, 'Vertiport_10': 10}"
257,756.0,252,10379.850925199979,2344059.015007626,"{'Vertiport_1': 10, 'Vertiport_2': 10, 'Vertiport_3': 10, 'Vertiport_4': 10, 'Vertiport_5': 10, 'Vertiport_6': 10, 'Vertiport_7': 10, 'Vertiport_8': 10, 'Vertiport_9': 10, 'Vertiport_10': 10}"
258,762.0,254,10767.685635736001,2354826.700643362,"{'Vertiport_1': 10, 'Vertiport_2': 10, 'Vertiport_3': 10, 'Vertiport_4': 10, 'Vertiport_5': 10, 'Vertiport_6': 10, 'Vertiport_7': 10, 'Vertiport_8': 10, 'Vertiport_9': 10, 'Vertiport_10': 10}"
259,768.0,256,11250.220756935993,2366076.921400298,"{'Vertiport_1': 10, 'Vertiport_2': 10, 'Vertiport_3': 10, 'Vertiport_4': 10, 'Vertiport_5': 10, 'Vertiport_6': 10, 'Vertiport_7': 10, 'Vertiport_8': 10, 'Vertiport_9': 10, 'Vertiport_10': 10}"
260,774.0,258,10612.900904159995,2376689.822304458,"{'Vertiport_1': 10, 'Vertiport_2': 10, 'Vertiport_3': 10, 'Vertiport_4': 10, 'Vertiport_5': 10, 'Vertiport_6': 10, 'Vertiport_7': 10, 'Vertiport_8': 10, 'Vertiport_9': 10, 'Vertiport_10': 10}"
261,819.0,273,11297.806955215989,2387987.629259674,"{'Vertiport_1': 10, 'Vertiport_2': 10, 'Vertiport_3': 10, 'Vertiport_4': 10, 'Vertiport_5': 10, 'Vertiport_6': 10, 'Vertiport_7': 10, 'Vertiport_8': 10, 'Vertiport_9': 10, 'Vertiport_10': 10}"
262,849.0,283,11113.834982335982,2399101.46424201,"{'Vertiport_1': 10, 'Vertiport_2': 10, 'Vertiport_3': 10, 'Vertiport_4': 10, 'Vertiport_5': 10, 'Vertiport_6': 10, 'Vertiport_7': 10, 'Vertiport_8': 10, 'Vertiport_9': 10, 'Vertiport_10': 10}"
263,819.0,273,11815.50044379999,2410916.96468581,"{'Vertiport_1': 10, 'Vertiport_2': 10, 'Vertiport_3': 10, 'Vertiport_4': 10, 'Vertiport_5': 10, 'Vertiport_6': 10, 'Vertiport_7': 10, 'Vertiport_8': 10, 'Vertiport_9': 10, 'Vertiport_10': 10}"
264,783.0,261,10969.67135064799,2421886.636036458,"{'Vertiport_1': 10, 'Vertiport_2': 10, 'Vertiport_3': 10, 'Vertiport_4': 10, 'Vertiport_5': 10, 'Vertiport_6': 10, 'Vertiport_7': 10, 'Vertiport_8': 10, 'Vertiport_9': 10, 'Vertiport_10': 10}"
265,702.0,234,10413.197822152002,2432299.83385861,"{'Vertiport_1': 10, 'Vertiport_2': 10, 'Vertiport_3': 10, 'Vertiport_4': 10, 'Vertiport_5': 10, 'Vertiport_6': 10, 'Vertiport_7': 10, 'Vertiport_8': 10, 'Vertiport_9': 10, 'Vertiport_10': 10}"
266,723.0,241,10015.89074750399,2442315.724606114,"{'Vertiport_1': 10, 'Vertiport_2': 10, 'Vertiport_3': 10, 'Vertiport_4': 10, 'Vertiport_5': 10, 'Vertiport_6': 10, 'Vertiport_7': 10, 'Vertiport_8': 10, 'Vertiport_9': 10, 'Vertiport_10': 10}"
267,699.0,233,10400.194871103982,2452715.919477218,"{'Vertiport_1': 10, 'Vertiport_2': 10, 'Vertiport_3': 10, 'Vertiport_4': 10, 'Vertiport_5': 10, 'Vertiport_6': 10, 'Vertiport_7': 10, 'Vertiport_8': 10, 'Vertiport_9': 10, 'Vertiport_10': 10}"
268,696.0,232,10399.835940807987,2463115.755418026,"{'Vertiport_1': 10, 'Vertiport_2': 10, 'Vertiport_3': 10, 'Vertiport_4': 10, 'Vertiport_5': 10, 'Vertiport_6': 10, 'Vertiport_7': 10, 'Vertiport_8': 10, 'Vertiport_9': 10, 'Vertiport_10': 10}"
269,735.0,245,10781.605988207983,2473897.361406234,"{'Vertiport_1': 10, 'Vertiport_2': 10, 'Vertiport_3': 10, 'Vertiport_4': 10, 'Vertiport_5': 10, 'Vertiport_6': 10, 'Vertiport_7': 10, 'Vertiport_8': 10, 'Vertiport_9': 10, 'Vertiport_10': 10}"
270,657.0,219,9307.310871647982,2483204.672277882,"{'Vertiport_1': 10, 'Vertiport_2': 10, 'Vertiport_3': 10, 'Vertiport_4': 10, 'Vertiport_5': 10, 'Vertiport_6': 10, 'Vertiport_7': 10, 'Vertiport_8': 10, 'Vertiport_9': 10, 'Vertiport_10': 10}"
271,639.0,213,8547.630394399977,2491752.3026722823,"{'Vertiport_1': 10, 'Vertiport_2': 10, 'Vertiport_3': 10, 'Vertiport_4': 10, 'Vertiport_5': 10, 'Vertiport_6': 10, 'Vertiport_7': 10, 'Vertiport_8': 10, 'Vertiport_9': 10, 'Vertiport_10': 10}"
272,579.0,193,8240.309201815966,2499992.6118740984,"{'Vertiport_1': 10, 'Vertiport_2': 10, 'Vertiport_3': 10, 'Vertiport_4': 10, 'Vertiport_5': 10, 'Vertiport_6': 10, 'Vertiport_7': 10, 'Vertiport_8': 10, 'Vertiport_9': 10, 'Vertiport_10': 10}"
273,543.0,181,7873.090388903963,2507865.7022630023,"{'Vertiport_1': 10, 'Vertiport_2': 10, 'Vertiport_3': 10, 'Vertiport_4': 10, 'Vertiport_5': 10, 'Vertiport_6': 10, 'Vertiport_7': 10, 'Vertiport_8': 10, 'Vertiport_9': 10, 'Vertiport_10': 10}"
274,552.0,184,7868.12262348797,2515733.82488649,"{'Vertiport_1': 10, 'Vertiport_2': 10, 'Vertiport_3': 10, 'Vertiport_4': 10, 'Vertiport_5': 10, 'Vertiport_6': 10, 'Vertiport_7': 10, 'Vertiport_8': 10, 'Vertiport_9': 10, 'Vertiport_10': 10}"
275,471.0,157,6849.936380815973,2522583.7612673063,"{'Vertiport_1': 10, 'Vertiport_2': 10, 'Vertiport_3': 10, 'Vertiport_4': 10, 'Vertiport_5': 10, 'Vertiport_6': 10, 'Vertiport_7': 10, 'Vertiport_8': 10, 'Vertiport_9': 10, 'Vertiport_10': 10}"
276,528.0,176,7165.697672511973,2529749.458939818,"{'Vertiport_1': 10, 'Vertiport_2': 10, 'Vertiport_3': 10, 'Vertiport_4': 10, 'Vertiport_5': 10, 'Vertiport_6': 10, 'Vertiport_7': 10, 'Vertiport_8': 10, 'Vertiport_9': 10, 'Vertiport_10': 10}"
277,423.0,141,6448.8782123359815,2536198.337152154,"{'Vertiport_1': 10, 'Vertiport_2': 10, 'Vertiport_3': 10, 'Vertiport_4': 10, 'Vertiport_5': 10, 'Vertiport_6': 10, 'Vertiport_7': 10, 'Vertiport_8': 10, 'Vertiport_9': 10, 'Vertiport_10': 10}"
278,369.0,123,5949.033212199982,2542147.370364354,"{'Vertiport_1': 10, 'Vertiport_2': 10, 'Vertiport_3': 10, 'Vertiport_4': 10, 'Vertiport_5': 10, 'Vertiport_6': 10, 'Vertiport_7': 10, 'Vertiport_8': 10, 'Vertiport_9': 10, 'Vertiport_10': 10}"
279,321.0,107,4798.959328567988,2546946.329692922,"{'Vertiport_1': 10, 'Vertiport_2': 10, 'Vertiport_3': 10, 'Vertiport_4': 10, 'Vertiport_5': 10, 'Vertiport_6': 10, 'Vertiport_7': 10, 'Vertiport_8': 10, 'Vertiport_9': 10, 'Vertiport_10': 10}"
280,309.0,103,5017.97601237599,2551964.305705298,"{'Vertiport_1': 10, 'Vertiport_2': 10, 'Vertiport_3': 10, 'Vertiport_4': 10, 'Vertiport_5': 10, 'Vertiport_6': 10, 'Vertiport_7': 10, 'Vertiport_8': 10, 'Vertiport_9': 10, 'Vertiport_10': 10}"
281,228.0,76,3406.5840994159976,2555370.8898047144,"{'Vertiport_1': 10, 'Vertiport_2': 10, 'Vertiport_3': 10, 'Vertiport_4': 10, 'Vertiport_5': 10, 'Vertiport_6': 10, 'Vertiport_7': 10, 'Vertiport_8': 10, 'Vertiport_9': 10, 'Vertiport_10': 10}"
282,189.0,63,2756.7521343599997,2558127.6419390743,"{'Vertiport_1': 10, 'Vertiport_2': 10, 'Vertiport_3': 10, 'Vertiport_4': 10, 'Vertiport_5': 10, 'Vertiport_6': 10, 'Vertiport_7': 10, 'Vertiport_8': 10, 'Vertiport_9': 10, 'Vertiport_10': 10}"
283,228.0,76,3677.6431329039983,2561805.2850719783,"{'Vertiport_1': 10, 'Vertiport_2': 10, 'Vertiport_3': 10, 'Vertiport_4': 10, 'Vertiport_5': 10, 'Vertiport_6': 10, 'Vertiport_7': 10, 'Vertiport_8': 10, 'Vertiport_9': 10, 'Vertiport_10': 10}"
284,243.0,81,3405.2471960399967,2565210.5322680185,"{'Vertiport_1': 10, 'Vertiport_2': 10, 'Vertiport_3': 10, 'Vertiport_4': 10, 'Vertiport_5': 10, 'Vertiport_6': 10, 'Vertiport_7': 10, 'Vertiport_8': 10, 'Vertiport_9': 10, 'Vertiport_10': 10}"
285,219.0,73,3135.4693397679994,2568346.0016077864,"{'Vertiport_1': 10, 'Vertiport_2': 10, 'Vertiport_3': 10, 'Vertiport_4': 10, 'Vertiport_5': 10, 'Vertiport_6': 10, 'Vertiport_7': 10, 'Vertiport_8': 10, 'Vertiport_9': 10, 'Vertiport_10': 10}"
286,153.0,51,1936.216340648,2570282.2179484344,"{'Vertiport_1': 10, 'Vertiport_2': 10, 'Vertiport_3': 10, 'Vertiport_4': 10, 'Vertiport_5': 10, 'Vertiport_6': 10, 'Vertiport_7': 10, 'Vertiport_8': 10, 'Vertiport_9': 10, 'Vertiport_10': 10}"
287,153.0,51,2730.2295729759994,2573012.4475214104,"{'Vertiport_1': 10, 'Vertiport_2': 10, 'Vertiport_3': 10, 'Vertiport_4': 10, 'Vertiport_5': 10, 'Vertiport_6': 10, 'Vertiport_7': 10, 'Vertiport_8': 10, 'Vertiport_9': 10, 'Vertiport_10': 10}"
288,90.0,30,1352.873800552,2574365.3213219624,"{'Vertiport_1': 10, 'Vertiport_2': 10, 'Vertiport_3': 10, 'Vertiport_4': 10, 'Vertiport_5': 10, 'Vertiport_6': 10, 'Vertiport_7': 10, 'Vertiport_8': 10, 'Vertiport_9': 10, 'Vertiport_10': 10}"
289,78.0,26,1155.5402497759999,2575520.8615717385,"{'Vertiport_1': 10, 'Vertiport_2': 10, 'Vertiport_3': 10, 'Vertiport_4': 10, 'Vertiport_5': 10, 'Vertiport_6': 10, 'Vertiport_7': 10, 'Vertiport_8': 10, 'Vertiport_9': 10, 'Vertiport_10': 10}"
290,87.0,29,1297.938974944,2576818.8005466824,"{'Vertiport_1': 10, 'Vertiport_2': 10, 'Vertiport_3': 10, 'Vertiport_4': 10, 'Vertiport_5': 10, 'Vertiport_6': 10, 'Vertiport_7': 10, 'Vertiport_8': 10, 'Vertiport_9': 10, 'Vertiport_10': 10}"
291,81.0,27,1148.890698056,2577967.6912447386,"{'Vertiport_1': 10, 'Vertiport_2': 10, 'Vertiport_3': 10, 'Vertiport_4': 10, 'Vertiport_5': 10, 'Vertiport_6': 10, 'Vertiport_7': 10, 'Vertiport_8': 10, 'Vertiport_9': 10, 'Vertiport_10': 10}"
292,81.0,27,1213.2879117200005,2579180.9791564588,"{'Vertiport_1': 10, 'Vertiport_2': 10, 'Vertiport_3': 10, 'Vertiport_4': 10, 'Vertiport_5': 10, 'Vertiport_6': 10, 'Vertiport_7': 10, 'Vertiport_8': 10, 'Vertiport_9': 10, 'Vertiport_10': 10}"
293,57.0,19,1052.4641852240002,2580233.4433416827,"{'Vertiport_1': 10, 'Vertiport_2': 10, 'Vertiport_3': 10, 'Vertiport_4': 10, 'Vertiport_5': 10, 'Vertiport_6': 10, 'Vertiport_7': 10, 'Vertiport_8': 10, 'Vertiport_9': 10, 'Vertiport_10': 10}"
294,123.0,41,1551.8034058000003,2581785.2467474826,"{'Vertiport_1': 10, 'Vertiport_2': 10, 'Vertiport_3': 10, 'Vertiport_4': 10, 'Vertiport_5': 10, 'Vertiport_6': 10, 'Vertiport_7': 10, 'Vertiport_8': 10, 'Vertiport_9': 10, 'Vertiport_10': 10}"
295,117.0,39,1634.761963144,2583420.0087106265,"{'Vertiport_1': 10, 'Vertiport_2': 10, 'Vertiport_3': 10, 'Vertiport_4': 10, 'Vertiport_5': 10, 'Vertiport_6': 10, 'Vertiport_7': 10, 'Vertiport_8': 10, 'Vertiport_9': 10, 'Vertiport_10': 10}"
296,138.0,46,2102.121145656,2585522.1298562824,"{'Vertiport_1': 10, 'Vertiport_2': 10, 'Vertiport_3': 10, 'Vertiport_4': 10, 'Vertiport_5': 10, 'Vertiport_6': 10, 'Vertiport_7': 10, 'Vertiport_8': 10, 'Vertiport_9': 10, 'Vertiport_10': 10}"
297,129.0,43,1802.02441732,2587324.154273602,"{'Vertiport_1': 10, 'Vertiport_2': 10, 'Vertiport_3': 10, 'Vertiport_4': 10, 'Vertiport_5': 10, 'Vertiport_6': 10, 'Vertiport_7': 10, 'Vertiport_8': 10, 'Vertiport_9': 10, 'Vertiport_10': 10}"
298,141.0,47,2215.841106272,2589539.995379874,"{'Vertiport_1': 10, 'Vertiport_2': 10, 'Vertiport_3': 10, 'Vertiport_4': 10, 'Vertiport_5': 10, 'Vertiport_6': 10, 'Vertiport_7': 10, 'Vertiport_8': 10, 'Vertiport_9': 10, 'Vertiport_10': 10}"
299,180.0,60,2427.6800855999995,2591967.675465474,"{'Vertiport_1': 10, 'Vertiport_2': 10, 'Vertiport_3': 10, 'Vertiport_4': 10, 'Vertiport_5': 10, 'Vertiport_6': 10, 'Vertiport_7': 10, 'Vertiport_8': 10, 'Vertiport_9': 10, 'Vertiport_10': 10}"
300,204.0,68,3043.404527439999,2595011.079992914,"{'Vertiport_1': 10, 'Vertiport_2': 10, 'Vertiport_3': 10, 'Vertiport_4': 10, 'Vertiport_5': 10, 'Vertiport_6': 10, 'Vertiport_7': 10, 'Vertiport_8': 10, 'Vertiport_9': 10, 'Vertiport_10': 10}"
301,258.0,86,3745.7998161039986,2598756.879809018,"{'Vertiport_1': 10, 'Vertiport_2': 10, 'Vertiport_3': 10, 'Vertiport_4': 10, 'Vertiport_5': 10, 'Vertiport_6': 10, 'Vertiport_7': 10, 'Vertiport_8': 10, 'Vertiport_9': 10, 'Vertiport_10': 10}"
302,300.0,100,4708.242542671994,2603465.12235169,"{'Vertiport_1': 10, 'Vertiport_2': 10, 'Vertiport_3': 10, 'Vertiport_4': 10, 'Vertiport_5': 10, 'Vertiport_6': 10, 'Vertiport_7': 10, 'Vertiport_8': 10, 'Vertiport_9': 10, 'Vertiport_10': 10}"
303,318.0,106,4628.95979383199,2608094.0821455223,"{'Vertiport_1': 10, 'Vertiport_2': 10, 'Vertiport_3': 10, 'Vertiport_4': 10, 'Vertiport_5': 10, 'Vertiport_6': 10, 'Vertiport_7': 10, 'Vertiport_8': 10, 'Vertiport_9': 10, 'Vertiport_10': 10}"
304,345.0,115,4988.464694055993,2613082.5468395785,"{'Vertiport_1': 10, 'Vertiport_2': 10, 'Vertiport_3': 10, 'Vertiport_4': 10, 'Vertiport_5': 10, 'Vertiport_6': 10, 'Vertiport_7': 10, 'Vertiport_8': 10, 'Vertiport_9': 10, 'Vertiport_10': 10}"
305,72.0,24,892.562385104,2613975.1092246827,"{'Vertiport_1': 10, 'Vertiport_2': 10, 'Vertiport_3': 10, 'Vertiport_4': 10, 'Vertiport_5': 10, 'Vertiport_6': 10, 'Vertiport_7': 10, 'Vertiport_8': 10, 'Vertiport_9': 10, 'Vertiport_10': 10}"
306,0.0,0,0.0,2613975.1092246827,"{'Vertiport_1': 10, 'Vertiport_2': 10, 'Vertiport_3': 10, 'Vertiport_4': 10, 'Vertiport_5': 10, 'Vertiport_6': 10, 'Vertiport_7': 10, 'Vertiport_8': 10, 'Vertiport_9': 10, 'Vertiport_10': 10}"
307,0.0,0,0.0,2613975.1092246827,"{'Vertiport_1': 10, 'Vertiport_2': 10, 'Vertiport_3': 10, 'Vertiport_4': 10, 'Vertiport_5': 10, 'Vertiport_6': 10, 'Vertiport_7': 10, 'Vertiport_8': 10, 'Vertiport_9': 10, 'Vertiport_10': 10}"
308,0.0,0,0.0,2613975.1092246827,"{'Vertiport_1': 10, 'Vertiport_2': 10, 'Vertiport_3': 10, 'Vertiport_4': 10, 'Vertiport_5': 10, 'Vertiport_6': 10, 'Vertiport_7': 10, 'Vertiport_8': 10, 'Vertiport_9': 10, 'Vertiport_10': 10}"
309,0.0,0,0.0,2613975.1092246827,"{'Vertiport_1': 10, 'Vertiport_2': 10, 'Vertiport_3': 10, 'Vertiport_4': 10, 'Vertiport_5': 10, 'Vertiport_6': 10, 'Vertiport_7': 10, 'Vertiport_8': 10, 'Vertiport_9': 10, 'Vertiport_10': 10}"
310,0.0,0,0.0,2613975.1092246827,"{'Vertiport_1': 10, 'Vertiport_2': 10, 'Vertiport_3': 10, 'Vertiport_4': 10, 'Vertiport_5': 10, 'Vertiport_6': 10, 'Vertiport_7': 10, 'Vertiport_8': 10, 'Vertiport_9': 10, 'Vertiport_10': 10}"
311,198.0,66,2600.096018927999,2616575.205243611,"{'Vertiport_1': 10, 'Vertiport_2': 10, 'Vertiport_3': 10, 'Vertiport_4': 10, 'Vertiport_5': 10, 'Vertiport_6': 10, 'Vertiport_7': 10, 'Vertiport_8': 10, 'Vertiport_9': 10, 'Vertiport_10': 10}"
312,738.0,246,10803.317206015994,2627378.5224496266,"{'Vertiport_1': 10, 'Vertiport_2': 10, 'Vertiport_3': 10, 'Vertiport_4': 10, 'Vertiport_5': 10, 'Vertiport_6': 10, 'Vertiport_7': 10, 'Vertiport_8': 10, 'Vertiport_9': 10, 'Vertiport_10': 10}"
313,663.0,221,8979.871681199978,2636358.3941308265,"{'Vertiport_1': 10, 'Vertiport_2': 10, 'Vertiport_3': 10, 'Vertiport_4': 10, 'Vertiport_5': 10, 'Vertiport_6': 10, 'Vertiport_7': 10, 'Vertiport_8': 10, 'Vertiport_9': 10, 'Vertiport_10': 10}"
314,660.0,220,9757.026455263978,2646115.4205860905,"{'Vertiport_1': 10, 'Vertiport_2': 10, 'Vertiport_3': 10, 'Vertiport_4': 10, 'Vertiport_5': 10, 'Vertiport_6': 10, 'Vertiport_7': 10, 'Vertiport_8': 10, 'Vertiport_9': 10, 'Vertiport_10': 10}"
315,639.0,213,8931.794897727972,2655047.2154838187,"{'Vertiport_1': 10, 'Vertiport_2': 10, 'Vertiport_3': 10, 'Vertiport_4': 10, 'Vertiport_5': 10, 'Vertiport_6': 10, 'Vertiport_7': 10, 'Vertiport_8': 10, 'Vertiport_9': 10, 'Vertiport_10': 10}"
316,651.0,217,8759.110553423974,2663806.3260372425,"{'Vertiport_1': 10, 'Vertiport_2': 10, 'Vertiport_3': 10, 'Vertiport_4': 10, 'Vertiport_5': 10, 'Vertiport_6': 10, 'Vertiport_7': 10, 'Vertiport_8': 10, 'Vertiport_9': 10, 'Vertiport_10': 10}"
317,669.0,223,9085.18072431997,2672891.5067615625,"{'Vertiport_1': 10, 'Vertiport_2': 10, 'Vertiport_3': 10, 'Vertiport_4': 10, 'Vertiport_5': 10, 'Vertiport_6': 10, 'Vertiport_7': 10, 'Vertiport_8': 10, 'Vertiport_9': 10, 'Vertiport_10': 10}"
318,561.0,187,7443.542710351968,2680335.0494719143,"{'Vertiport_1': 10, 'Vertiport_2': 10, 'Vertiport_3': 10, 'Vertiport_4': 10, 'Vertiport_5': 10, 'Vertiport_6': 10, 'Vertiport_7': 10, 'Vertiport_8': 10, 'Vertiport_9': 10, 'Vertiport_10': 10}"
319,600.0,200,8350.106715215969,2688685.15618713,"{'Vertiport_1': 10, 'Vertiport_2': 10, 'Vertiport_3': 10, 'Vertiport_4': 10, 'Vertiport_5': 10, 'Vertiport_6': 10, 'Vertiport_7': 10, 'Vertiport_8': 10, 'Vertiport_9': 10, 'Vertiport_10': 10}"
320,675.0,225,9436.426020855979,2698121.582207986,"{'Vertiport_1': 10, 'Vertiport_2': 10, 'Vertiport_3': 10, 'Vertiport_4': 10, 'Vertiport_5': 10, 'Vertiport_6': 10, 'Vertiport_7': 10, 'Vertiport_8': 10, 'Vertiport_9': 10, 'Vertiport_10': 10}"
321,612.0,204,9403.153925847975,2707524.7361338343,"{'Vertiport_1': 10, 'Vertiport_2': 10, 'Vertiport_3': 10, 'Vertiport_4': 10, 'Vertiport_5': 10, 'Vertiport_6': 10, 'Vertiport_7': 10, 'Vertiport_8': 10, 'Vertiport_9': 10, 'Vertiport_10': 10}"
322,585.0,195,8802.312725471975,2716327.048859306,"{'Vertiport_1': 10, 'Vertiport_2': 10, 'Vertiport_3': 10, 'Vertiport_4': 10, 'Vertiport_5': 10, 'Vertiport_6': 10, 'Vertiport_7': 10, 'Vertiport_8': 10, 'Vertiport_9': 10, 'Vertiport_10': 10}"
323,609.0,203,8920.22506409598,2725247.273923402,"{'Vertiport_1': 10, 'Vertiport_2': 10, 'Vertiport_3': 10, 'Vertiport_4': 10, 'Vertiport_5': 10, 'Vertiport_6': 10, 'Vertiport_7': 10, 'Vertiport_8': 10, 'Vertiport_9': 10, 'Vertiport_10': 10}"
324,606.0,202,8439.285987119978,2733686.5599105223,"{'Vertiport_1': 10, 'Vertiport_2': 10, 'Vertiport_3': 10, 'Vertiport_4': 10, 'Vertiport_5': 10, 'Vertiport_6': 10, 'Vertiport_7': 10, 'Vertiport_8': 10, 'Vertiport_9': 10, 'Vertiport_10': 10}"
325,666.0,222,9514.021471879978,2743200.581382402,"{'Vertiport_1': 10, 'Vertiport_2': 10, 'Vertiport_3': 10, 'Vertiport_4': 10, 'Vertiport_5': 10, 'Vertiport_6': 10, 'Vertiport_7': 10, 'Vertiport_8': 10, 'Vertiport_9': 10, 'Vertiport_10': 10}"
326,570.0,190,8147.656145767973,2751348.23752817,"{'Vertiport_1': 10, 'Vertiport_2': 10, 'Vertiport_3': 10, 'Vertiport_4': 10, 'Vertiport_5': 10, 'Vertiport_6': 10, 'Vertiport_7': 10, 'Vertiport_8': 10, 'Vertiport_9': 10, 'Vertiport_10': 10}"
327,597.0,199,8642.999785215978,2759991.237313386,"{'Vertiport_1': 10, 'Vertiport_2': 10, 'Vertiport_3': 10, 'Vertiport_4': 10, 'Vertiport_5': 10, 'Vertiport_6': 10, 'Vertiport_7': 10, 'Vertiport_8': 10, 'Vertiport_9': 10, 'Vertiport_10': 10}"
328,600.0,200,8621.02623842397,2768612.26355181,"{'Vertiport_1': 10, 'Vertiport_2': 10, 'Vertiport_3': 10, 'Vertiport_4': 10, 'Vertiport_5': 10, 'Vertiport_6': 10, 'Vertiport_7': 10, 'Vertiport_8': 10, 'Vertiport_9': 10, 'Vertiport_10': 10}"
329,594.0,198,8746.710076671981,2777358.973628482,"{'Vertiport_1': 10, 'Vertiport_2': 10, 'Vertiport_3': 10, 'Vertiport_4': 10, 'Vertiport_5': 10, 'Vertiport_6': 10, 'Vertiport_7': 10, 'Vertiport_8': 10, 'Vertiport_9': 10, 'Vertiport_10': 10}"
330,615.0,205,8709.955351367982,2786068.92897985,"{'Vertiport_1': 10, 'Vertiport_2': 10, 'Vertiport_3': 10, 'Vertiport_4': 10, 'Vertiport_5': 10, 'Vertiport_6': 10, 'Vertiport_7': 10, 'Vertiport_8': 10, 'Vertiport_9': 10, 'Vertiport_10': 10}"
331,606.0,202,8594.234422799973,2794663.16340265,"{'Vertiport_1': 10, 'Vertiport_2': 10, 'Vertiport_3': 10, 'Vertiport_4': 10, 'Vertiport_5': 10, 'Vertiport_6': 10, 'Vertiport_7': 10, 'Vertiport_8': 10, 'Vertiport_9': 10, 'Vertiport_10': 10}"
332,615.0,205,8675.002777207974,2803338.166179858,"{'Vertiport_1': 10, 'Vertiport_2': 10, 'Vertiport_3': 10, 'Vertiport_4': 10, 'Vertiport_5': 10, 'Vertiport_6': 10, 'Vertiport_7': 10, 'Vertiport_8': 10, 'Vertiport_9': 10, 'Vertiport_10': 10}"
333,510.0,170,7406.438374751973,2810744.6045546103,"{'Vertiport_1': 10, 'Vertiport_2': 10, 'Vertiport_3': 10, 'Vertiport_4': 10, 'Vertiport_5': 10, 'Vertiport_6': 10, 'Vertiport_7': 10, 'Vertiport_8': 10, 'Vertiport_9': 10, 'Vertiport_10': 10}"
334,546.0,182,8473.30799637598,2819217.9125509863,"{'Vertiport_1': 10, 'Vertiport_2': 10, 'Vertiport_3': 10, 'Vertiport_4': 10, 'Vertiport_5': 10, 'Vertiport_6': 10, 'Vertiport_7': 10, 'Vertiport_8': 10, 'Vertiport_9': 10, 'Vertiport_10': 10}"
335,552.0,184,8465.305220407972,2827683.217771394,"{'Vertiport_1': 10, 'Vertiport_2': 10, 'Vertiport_3': 10, 'Vertiport_4': 10, 'Vertiport_5': 10, 'Vertiport_6': 10, 'Vertiport_7': 10, 'Vertiport_8': 10, 'Vertiport_9': 10, 'Vertiport_10': 10}"
336,567.0,189,7661.475534431974,2835344.6933058263,"{'Vertiport_1': 10, 'Vertiport_2': 10, 'Vertiport_3': 10, 'Vertiport_4': 10, 'Vertiport_5': 10, 'Vertiport_6': 10, 'Vertiport_7': 10, 'Vertiport_8': 10, 'Vertiport_9': 10, 'Vertiport_10': 10}"
337,606.0,202,9048.582168279981,2844393.2754741064,"{'Vertiport_1': 10, 'Vertiport_2': 10, 'Vertiport_3': 10, 'Vertiport_4': 10, 'Vertiport_5': 10, 'Vertiport_6': 10, 'Vertiport_7': 10, 'Vertiport_8': 10, 'Vertiport_9': 10, 'Vertiport_10': 10}"
338,534.0,178,7500.297745663967,2851893.5732197706,"{'Vertiport_1': 10, 'Vertiport_2': 10, 'Vertiport_3': 10, 'Vertiport_4': 10, 'Vertiport_5': 10, 'Vertiport_6': 10, 'Vertiport_7': 10, 'Vertiport_8': 10, 'Vertiport_9': 10, 'Vertiport_10': 10}"
339,516.0,172,7045.634238751973,2858939.2074585226,"{'Vertiport_1': 10, 'Vertiport_2': 10, 'Vertiport_3': 10, 'Vertiport_4': 10, 'Vertiport_5': 10, 'Vertiport_6': 10, 'Vertiport_7': 10, 'Vertiport_8': 10, 'Vertiport_9': 10, 'Vertiport_10': 10}"
340,549.0,183,7964.02255084797,2866903.2300093705,"{'Vertiport_1': 10, 'Vertiport_2': 10, 'Vertiport_3': 10, 'Vertiport_4': 10, 'Vertiport_5': 10, 'Vertiport_6': 10, 'Vertiport_7': 10, 'Vertiport_8': 10, 'Vertiport_9': 10, 'Vertiport_10': 10}"
341,585.0,195,8023.36746413597,2874926.5974735064,"{'Vertiport_1': 10, 'Vertiport_2': 10, 'Vertiport_3': 10, 'Vertiport_4': 10, 'Vertiport_5': 10, 'Vertiport_6': 10, 'Vertiport_7': 10, 'Vertiport_8': 10, 'Vertiport_9': 10, 'Vertiport_10': 10}"
342,498.0,166,7139.742481967979,2882066.3399554743,"{'Vertiport_1': 10, 'Vertiport_2': 10, 'Vertiport_3': 10, 'Vertiport_4': 10, 'Vertiport_5': 10, 'Vertiport_6': 10, 'Vertiport_7': 10, 'Vertiport_8': 10, 'Vertiport_9': 10, 'Vertiport_10': 10}"
343,567.0,189,8279.47303659997,2890345.812992074,"{'Vertiport_1': 10, 'Vertiport_2': 10, 'Vertiport_3': 10, 'Vertiport_4': 10, 'Vertiport_5': 10, 'Vertiport_6': 10, 'Vertiport_7': 10, 'Vertiport_8': 10, 'Vertiport_9': 10, 'Vertiport_10': 10}"
344,582.0,194,8136.624197911967,2898482.437189986,"{'Vertiport_1': 10, 'Vertiport_2': 10, 'Vertiport_3': 10, 'Vertiport_4': 10, 'Vertiport_5': 10, 'Vertiport_6': 10, 'Vertiport_7': 10, 'Vertiport_8': 10, 'Vertiport_9': 10, 'Vertiport_10': 10}"
345,624.0,208,9482.801156407984,2907965.238346394,"{'Vertiport_1': 10, 'Vertiport_2': 10, 'Vertiport_3': 10, 'Vertiport_4': 10, 'Vertiport_5': 10, 'Vertiport_6': 10, 'Vertiport_7': 10, 'Vertiport_8': 10, 'Vertiport_9': 10, 'Vertiport_10': 10}"
346,642.0,214,9005.344349559973,2916970.582695954,"{'Vertiport_1': 10, 'Vertiport_2': 10, 'Vertiport_3': 10, 'Vertiport_4': 10, 'Vertiport_5': 10, 'Vertiport_6': 10, 'Vertiport_7': 10, 'Vertiport_8': 10, 'Vertiport_9': 10, 'Vertiport_10': 10}"
347,717.0,239,9944.271413463977,2926914.854109418,"{'Vertiport_1': 10, 'Vertiport_2': 10, 'Vertiport_3': 10, 'Vertiport_4': 10, 'Vertiport_5': 10, 'Vertiport_6': 10, 'Vertiport_7': 10, 'Vertiport_8': 10, 'Vertiport_9': 10, 'Vertiport_10': 10}"
348,807.0,269,11199.195047351986,2938114.04915677,"{'Vertiport_1': 10, 'Vertiport_2': 10, 'Vertiport_3': 10, 'Vertiport_4': 10, 'Vertiport_5': 10, 'Vertiport_6': 10, 'Vertiport_7': 10, 'Vertiport_8': 10, 'Vertiport_9': 10, 'Vertiport_10': 10}"
349,774.0,258,11194.882204471991,2949308.931361242,"{'Vertiport_1': 10, 'Vertiport_2': 10, 'Vertiport_3': 10, 'Vertiport_4': 10, 'Vertiport_5': 10, 'Vertiport_6': 10, 'Vertiport_7': 10, 'Vertiport_8': 10, 'Vertiport_9': 10, 'Vertiport_10': 10}"
350,816.0,272,11925.404965391992,2961234.336326634,"{'Vertiport_1': 10, 'Vertiport_2': 10, 'Vertiport_3': 10, 'Vertiport_4': 10, 'Vertiport_5': 10, 'Vertiport_6': 10, 'Vertiport_7': 10, 'Vertiport_8': 10, 'Vertiport_9': 10, 'Vertiport_10': 10}"
351,804.0,268,10777.72740086398,2972012.063727498,"{'Vertiport_1': 10, 'Vertiport_2': 10, 'Vertiport_3': 10, 'Vertiport_4': 10, 'Vertiport_5': 10, 'Vertiport_6': 10, 'Vertiport_7': 10, 'Vertiport_8': 10, 'Vertiport_9': 10, 'Vertiport_10': 10}"
352,861.0,287,11875.030277431992,2983887.09400493,"{'Vertiport_1': 10, 'Vertiport_2': 10, 'Vertiport_3': 10, 'Vertiport_4': 10, 'Vertiport_5': 10, 'Vertiport_6': 10, 'Vertiport_7': 10, 'Vertiport_8': 10, 'Vertiport_9': 10, 'Vertiport_10': 10}"
353,828.0,276,11429.665918071985,2995316.7599230018,"{'Vertiport_1': 10, 'Vertiport_2': 10, 'Vertiport_3': 10, 'Vertiport_4': 10, 'Vertiport_5': 10, 'Vertiport_6': 10, 'Vertiport_7': 10, 'Vertiport_8': 10, 'Vertiport_9': 10, 'Vertiport_10': 10}"
354,945.0,315,13392.167578608005,3008708.9275016095,"{'Vertiport_1': 10, 'Vertiport_2': 10, 'Vertiport_3': 10, 'Vertiport_4': 10, 'Vertiport_5': 10, 'Vertiport_6': 10, 'Vertiport_7': 10, 'Vertiport_8': 10, 'Vertiport_9': 10, 'Vertiport_10': 10}"
355,825.0,275,11674.30972131198,3020383.2372229216,"{'Vertiport_1': 10, 'Vertiport_2': 10, 'Vertiport_3': 10, 'Vertiport_4': 10, 'Vertiport_5': 10, 'Vertiport_6': 10, 'Vertiport_7': 10, 'Vertiport_8': 10, 'Vertiport_9': 10, 'Vertiport_10': 10}"
356,978.0,326,13467.245815120003,3033850.4830380417,"{'Vertiport_1': 10, 'Vertiport_2': 10, 'Vertiport_3': 10, 'Vertiport_4': 10, 'Vertiport_5': 10, 'Vertiport_6': 10, 'Vertiport_7': 10, 'Vertiport_8': 10, 'Vertiport_9': 10, 'Vertiport_10': 10}"
357,993.0,331,13761.915385144002,3047612.3984231856,"{'Vertiport_1': 10, 'Vertiport_2': 10, 'Vertiport_3': 10, 'Vertiport_4': 10, 'Vertiport_5': 10, 'Vertiport_6': 10, 'Vertiport_7': 10, 'Vertiport_8': 10, 'Vertiport_9': 10, 'Vertiport_10': 10}"
358,837.0,279,12056.758361351996,3059669.1567845377,"{'Vertiport_1': 10, 'Vertiport_2': 10, 'Vertiport_3': 10, 'Vertiport_4': 10, 'Vertiport_5': 10, 'Vertiport_6': 10, 'Vertiport_7': 10, 'Vertiport_8': 10, 'Vertiport_9': 10, 'Vertiport_10': 10}"
359,852.0,284,11838.700576655985,3071507.8573611937,"{'Vertiport_1': 10, 'Vertiport_2': 10, 'Vertiport_3': 10, 'Vertiport_4': 10, 'Vertiport_5': 10, 'Vertiport_6': 10, 'Vertiport_7': 10, 'Vertiport_8': 10, 'Vertiport_9': 10, 'Vertiport_10': 10}"
360,855.0,285,11897.734021839991,3083405.591383034,"{'Vertiport_1': 10, 'Vertiport_2': 10, 'Vertiport_3': 10, 'Vertiport_4': 10, 'Vertiport_5': 10, 'Vertiport_6': 10, 'Vertiport_7': 10, 'Vertiport_8': 10, 'Vertiport_9': 10, 'Vertiport_10': 10}"
361,831.0,277,11310.910943559986,3094716.5023265937,"{'Vertiport_1': 10, 'Vertiport_2': 10, 'Vertiport_3': 10, 'Vertiport_4': 10, 'Vertiport_5': 10, 'Vertiport_6': 10, 'Vertiport_7': 10, 'Vertiport_8': 10, 'Vertiport_9': 10, 'Vertiport_10': 10}"
362,810.0,270,11506.087843559986,3106222.590170154,"{'Vertiport_1': 10, 'Vertiport_2': 10, 'Vertiport_3': 10, 'Vertiport_4': 10, 'Vertiport_5': 10, 'Vertiport_6': 10, 'Vertiport_7': 10, 'Vertiport_8': 10, 'Vertiport_9': 10, 'Vertiport_10': 10}"
363,765.0,255,10958.902383687997,3117181.492553842,"{'Vertiport_1': 10, 'Vertiport_2': 10, 'Vertiport_3': 10, 'Vertiport_4': 10, 'Vertiport_5': 10, 'Vertiport_6': 10, 'Vertiport_7': 10, 'Vertiport_8': 10, 'Vertiport_9': 10, 'Vertiport_10': 10}"
364,789.0,263,11289.261352439988,3128470.7539062817,"{'Vertiport_1': 10, 'Vertiport_2': 10, 'Vertiport_3': 10, 'Vertiport_4': 10, 'Vertiport_5': 10, 'Vertiport_6': 10, 'Vertiport_7': 10, 'Vertiport_8': 10, 'Vertiport_9': 10, 'Vertiport_10': 10}"
365,849.0,283,12084.529700536,3140555.2836068175,"{'Vertiport_1': 10, 'Vertiport_2': 10, 'Vertiport_3': 10, 'Vertiport_4': 10, 'Vertiport_5': 10, 'Vertiport_6': 10, 'Vertiport_7': 10, 'Vertiport_8': 10, 'Vertiport_9': 10, 'Vertiport_10': 10}"
366,765.0,255,11362.458632231983,3151917.7422390496,"{'Vertiport_1': 10, 'Vertiport_2': 10, 'Vertiport_3': 10, 'Vertiport_4': 10, 'Vertiport_5': 10, 'Vertiport_6': 10, 'Vertiport_7': 10, 'Vertiport_8': 10, 'Vertiport_9': 10, 'Vertiport_10': 10}"
367,876.0,292,12981.063153111993,3164898.8053921615,"{'Vertiport_1': 10, 'Vertiport_2': 10, 'Vertiport_3': 10, 'Vertiport_4': 10, 'Vertiport_5': 10, 'Vertiport_6': 10, 'Vertiport_7': 10, 'Vertiport_8': 10, 'Vertiport_9': 10, 'Vertiport_10': 10}"
368,696.0,232,10307.892209495987,3175206.6976016574,"{'Vertiport_1': 10, 'Vertiport_2': 10, 'Vertiport_3': 10, 'Vertiport_4': 10, 'Vertiport_5': 10, 'Vertiport_6': 10, 'Vertiport_7': 10, 'Vertiport_8': 10, 'Vertiport_9': 10, 'Vertiport_10': 10}"
369,690.0,230,9455.171891647968,3184661.869493305,"{'Vertiport_1': 10, 'Vertiport_2': 10, 'Vertiport_3': 10, 'Vertiport_4': 10, 'Vertiport_5': 10, 'Vertiport_6': 10, 'Vertiport_7': 10, 'Vertiport_8': 10, 'Vertiport_9': 10, 'Vertiport_10': 10}"
370,645.0,215,9116.049773239974,3193777.919266545,"{'Vertiport_1': 10, 'Vertiport_2': 10, 'Vertiport_3': 10, 'Vertiport_4': 10, 'Vertiport_5': 10, 'Vertiport_6': 10, 'Vertiport_7': 10, 'Vertiport_8': 10, 'Vertiport_9': 10, 'Vertiport_10': 10}"
371,606.0,202,8435.090805039972,3202213.010071585,"{'Vertiport_1': 10, 'Vertiport_2': 10, 'Vertiport_3': 10, 'Vertiport_4': 10, 'Vertiport_5': 10, 'Vertiport_6': 10, 'Vertiport_7': 10, 'Vertiport_8': 10, 'Vertiport_9': 10, 'Vertiport_10': 10}"
372,534.0,178,7802.165422599966,3210015.1754941847,"{'Vertiport_1': 10, 'Vertiport_2': 10, 'Vertiport_3': 10, 'Vertiport_4': 10, 'Vertiport_5': 10, 'Vertiport_6': 10, 'Vertiport_7': 10, 'Vertiport_8': 10, 'Vertiport_9': 10, 'Vertiport_10': 10}"
373,600.0,200,9237.637713447979,3219252.813207633,"{'Vertiport_1': 10, 'Vertiport_2': 10, 'Vertiport_3': 10, 'Vertiport_4': 10, 'Vertiport_5': 10, 'Vertiport_6': 10, 'Vertiport_7': 10, 'Vertiport_8': 10, 'Vertiport_9': 10, 'Vertiport_10': 10}"
374,438.0,146,5890.455733591979,3225143.268941225,"{'Vertiport_1': 10, 'Vertiport_2': 10, 'Vertiport_3': 10, 'Vertiport_4': 10, 'Vertiport_5': 10, 'Vertiport_6': 10, 'Vertiport_7': 10, 'Vertiport_8': 10, 'Vertiport_9': 10, 'Vertiport_10': 10}"
375,483.0,161,6986.325392711971,3232129.594333937,"{'Vertiport_1': 10, 'Vertiport_2': 10, 'Vertiport_3': 10, 'Vertiport_4': 10, 'Vertiport_5': 10, 'Vertiport_6': 10, 'Vertiport_7': 10, 'Vertiport_8': 10, 'Vertiport_9': 10, 'Vertiport_10': 10}"
376,381.0,127,5456.045420183983,3237585.6397541207,"{'Vertiport_1': 10, 'Vertiport_2': 10, 'Vertiport_3': 10, 'Vertiport_4': 10, 'Vertiport_5': 10, 'Vertiport_6': 10, 'Vertiport_7': 10, 'Vertiport_8': 10, 'Vertiport_9': 10, 'Vertiport_10': 10}"
377,333.0,111,4339.160532655993,3241924.800286777,"{'Vertiport_1': 10, 'Vertiport_2': 10, 'Vertiport_3': 10, 'Vertiport_4': 10, 'Vertiport_5': 10, 'Vertiport_6': 10, 'Vertiport_7': 10, 'Vertiport_8': 10, 'Vertiport_9': 10, 'Vertiport_10': 10}"
378,315.0,105,4458.5985144799915,3246383.398801257,"{'Vertiport_1': 10, 'Vertiport_2': 10, 'Vertiport_3': 10, 'Vertiport_4': 10, 'Vertiport_5': 10, 'Vertiport_6': 10, 'Vertiport_7': 10, 'Vertiport_8': 10, 'Vertiport_9': 10, 'Vertiport_10': 10}"
379,336.0,112,5372.810493343981,3251756.209294601,"{'Vertiport_1': 10, 'Vertiport_2': 10, 'Vertiport_3': 10, 'Vertiport_4': 10, 'Vertiport_5': 10, 'Vertiport_6': 10, 'Vertiport_7': 10, 'Vertiport_8': 10, 'Vertiport_9': 10, 'Vertiport_10': 10}"
380,348.0,116,5005.18160190399,3256761.3908965047,"{'Vertiport_1': 10, 'Vertiport_2': 10, 'Vertiport_3': 10, 'Vertiport_4': 10, 'Vertiport_5': 10, 'Vertiport_6': 10, 'Vertiport_7': 10, 'Vertiport_8': 10, 'Vertiport_9': 10, 'Vertiport_10': 10}"
381,288.0,96,4505.329312655994,3261266.720209161,"{'Vertiport_1': 10, 'Vertiport_2': 10, 'Vertiport_3': 10, 'Vertiport_4': 10, 'Vertiport_5': 10, 'Vertiport_6': 10, 'Vertiport_7': 10, 'Vertiport_8': 10, 'Vertiport_9': 10, 'Vertiport_10': 10}"
382,171.0,57,2387.443984592,3263654.1641937527,"{'Vertiport_1': 10, 'Vertiport_2': 10, 'Vertiport_3': 10, 'Vertiport_4': 10, 'Vertiport_5': 10, 'Vertiport_6': 10, 'Vertiport_7': 10, 'Vertiport_8': 10, 'Vertiport_9': 10, 'Vertiport_10': 10}"
383,147.0,49,1679.0553738959998,3265333.2195676486,"{'Vertiport_1': 10, 'Vertiport_2': 10, 'Vertiport_3': 10, 'Vertiport_4': 10, 'Vertiport_5': 10, 'Vertiport_6': 10, 'Vertiport_7': 10, 'Vertiport_8': 10, 'Vertiport_9': 10, 'Vertiport_10': 10}"
384,102.0,34,1574.5468886080002,3266907.7664562566,"{'Vertiport_1': 10, 'Vertiport_2': 10, 'Vertiport_3': 10, 'Vertiport_4': 10, 'Vertiport_5': 10, 'Vertiport_6': 10, 'Vertiport_7': 10, 'Vertiport_8': 10, 'Vertiport_9': 10, 'Vertiport_10': 10}"
385,96.0,32,1609.4186864240005,3268517.1851426805,"{'Vertiport_1': 10, 'Vertiport_2': 10, 'Vertiport_3': 10, 'Vertiport_4': 10, 'Vertiport_5': 10, 'Vertiport_6': 10, 'Vertiport_7': 10, 'Vertiport_8': 10, 'Vertiport_9': 10, 'Vertiport_10': 10}"
386,60.0,20,730.0977577040002,3269247.2829003846,"{'Vertiport_1': 10, 'Vertiport_2': 10, 'Vertiport_3': 10, 'Vertiport_4': 10, 'Vertiport_5': 10, 'Vertiport_6': 10, 'Vertiport_7': 10, 'Vertiport_8': 10, 'Vertiport_9': 10, 'Vertiport_10': 10}"
387,93.0,31,1366.936697896,3270614.2195982807,"{'Vertiport_1': 10, 'Vertiport_2': 10, 'Vertiport_3': 10, 'Vertiport_4': 10, 'Vertiport_5': 10, 'Vertiport_6': 10, 'Vertiport_7': 10, 'Vertiport_8': 10, 'Vertiport_9': 10, 'Vertiport_10': 10}"
388,63.0,21,982.6398132480002,3271596.859411529,"{'Vertiport_1': 10, 'Vertiport_2': 10, 'Vertiport_3': 10, 'Vertiport_4': 10, 'Vertiport_5': 10, 'Vertiport_6': 10, 'Vertiport_7': 10, 'Vertiport_8': 10, 'Vertiport_9': 10, 'Vertiport_10': 10}"
389,87.0,29,1358.5470567600005,3272955.406468289,"{'Vertiport_1': 10, 'Vertiport_2': 10, 'Vertiport_3': 10, 'Vertiport_4': 10, 'Vertiport_5': 10, 'Vertiport_6': 10, 'Vertiport_7': 10, 'Vertiport_8': 10, 'Vertiport_9': 10, 'Vertiport_10': 10}"
390,117.0,39,1777.7965155680001,3274733.202983857,"{'Vertiport_1': 10, 'Vertiport_2': 10, 'Vertiport_3': 10, 'Vertiport_4': 10, 'Vertiport_5': 10, 'Vertiport_6': 10, 'Vertiport_7': 10, 'Vertiport_8': 10, 'Vertiport_9': 10, 'Vertiport_10': 10}"
391,129.0,43,1640.5372823040002,3276373.740266161,"{'Vertiport_1': 10, 'Vertiport_2': 10, 'Vertiport_3': 10, 'Vertiport_4': 10, 'Vertiport_5': 10, 'Vertiport_6': 10, 'Vertiport_7': 10, 'Vertiport_8': 10, 'Vertiport_9': 10, 'Vertiport_10': 10}"
392,135.0,45,1988.7084604880006,3278362.448726649,"{'Vertiport_1': 10, 'Vertiport_2': 10, 'Vertiport_3': 10, 'Vertiport_4': 10, 'Vertiport_5': 10, 'Vertiport_6': 10, 'Vertiport_7': 10, 'Vertiport_8': 10, 'Vertiport_9': 10, 'Vertiport_10': 10}"
393,105.0,35,1699.8561816160002,3280062.304908265,"{'Vertiport_1': 10, 'Vertiport_2': 10, 'Vertiport_3': 10, 'Vertiport_4': 10, 'Vertiport_5': 10, 'Vertiport_6': 10, 'Vertiport_7': 10, 'Vertiport_8': 10, 'Vertiport_9': 10, 'Vertiport_10': 10}"
394,147.0,49,2347.2218708319997,3282409.526779097,"{'Vertiport_1': 10, 'Vertiport_2': 10, 'Vertiport_3': 10, 'Vertiport_4': 10, 'Vertiport_5': 10, 'Vertiport_6': 10, 'Vertiport_7': 10, 'Vertiport_8': 10, 'Vertiport_9': 10, 'Vertiport_10': 10}"
395,243.0,81,3288.5047719199983,3285698.031551017,"{'Vertiport_1': 10, 'Vertiport_2': 10, 'Vertiport_3': 10, 'Vertiport_4': 10, 'Vertiport_5': 10, 'Vertiport_6': 10, 'Vertiport_7': 10, 'Vertiport_8': 10, 'Vertiport_9': 10, 'Vertiport_10': 10}"
396,219.0,73,2796.7937424479987,3288494.825293465,"{'Vertiport_1': 10, 'Vertiport_2': 10, 'Vertiport_3': 10, 'Vertiport_4': 10, 'Vertiport_5': 10, 'Vertiport_6': 10, 'Vertiport_7': 10, 'Vertiport_8': 10, 'Vertiport_9': 10, 'Vertiport_10': 10}"
397,222.0,74,3366.3771199039993,3291861.202413369,"{'Vertiport_1': 10, 'Vertiport_2': 10, 'Vertiport_3': 10, 'Vertiport_4': 10, 'Vertiport_5': 10, 'Vertiport_6': 10, 'Vertiport_7': 10, 'Vertiport_8': 10, 'Vertiport_9': 10, 'Vertiport_10': 10}"
398,282.0,94,4118.192803799998,3295979.395217169,"{'Vertiport_1': 10, 'Vertiport_2': 10, 'Vertiport_3': 10, 'Vertiport_4': 10, 'Vertiport_5': 10, 'Vertiport_6': 10, 'Vertiport_7': 10, 'Vertiport_8': 10, 'Vertiport_9': 10, 'Vertiport_10': 10}"
399,330.0,110,4453.703049671994,3300433.098266841,"{'Vertiport_1': 10, 'Vertiport_2': 10, 'Vertiport_3': 10, 'Vertiport_4': 10, 'Vertiport_5': 10, 'Vertiport_6': 10, 'Vertiport_7': 10, 'Vertiport_8': 10, 'Vertiport_9': 10, 'Vertiport_10': 10}"
400,342.0,114,5287.03096014399,3305720.129226985,"{'Vertiport_1': 10, 'Vertiport_2': 10, 'Vertiport_3': 10, 'Vertiport_4': 10, 'Vertiport_5': 10, 'Vertiport_6': 10, 'Vertiport_7': 10, 'Vertiport_8': 10, 'Vertiport_9': 10, 'Vertiport_10': 10}"
401,363.0,121,4717.0298685839925,3310437.159095569,"{'Vertiport_1': 10, 'Vertiport_2': 10, 'Vertiport_3': 10, 'Vertiport_4': 10, 'Vertiport_5': 10, 'Vertiport_6': 10, 'Vertiport_7': 10, 'Vertiport_8': 10, 'Vertiport_9': 10, 'Vertiport_10': 10}"
402,438.0,146,6370.925088007976,3316808.084183577,"{'Vertiport_1': 10, 'Vertiport_2': 10, 'Vertiport_3': 10, 'Vertiport_4': 10, 'Vertiport_5': 10, 'Vertiport_6': 10, 'Vertiport_7': 10, 'Vertiport_8': 10, 'Vertiport_9': 10, 'Vertiport_10': 10}"
403,567.0,189,7324.95934098397,3324133.043524561,"{'Vertiport_1': 10, 'Vertiport_2': 10, 'Vertiport_3': 10, 'Vertiport_4': 10, 'Vertiport_5': 10, 'Vertiport_6': 10, 'Vertiport_7': 10, 'Vertiport_8': 10, 'Vertiport_9': 10, 'Vertiport_10': 10}"
404,576.0,192,7719.303972719972,3331852.347497281,"{'Vertiport_1': 10, 'Vertiport_2': 10, 'Vertiport_3': 10, 'Vertiport_4': 10, 'Vertiport_5': 10, 'Vertiport_6': 10, 'Vertiport_7': 10, 'Vertiport_8': 10, 'Vertiport_9': 10, 'Vertiport_10': 10}"
405,639.0,213,8910.281790799982,3340762.629288081,"{'Vertiport_1': 10, 'Vertiport_2': 10, 'Vertiport_3': 10, 'Vertiport_4': 10, 'Vertiport_5': 10, 'Vertiport_6': 10, 'Vertiport_7': 10, 'Vertiport_8': 10, 'Vertiport_9': 10, 'Vertiport_10': 10}"
406,666.0,222,9934.396156511986,3350697.0254445933,"{'Vertiport_1': 10, 'Vertiport_2': 10, 'Vertiport_3': 10, 'Vertiport_4': 10, 'Vertiport_5': 10, 'Vertiport_6': 10, 'Vertiport_7': 10, 'Vertiport_8': 10, 'Vertiport_9': 10, 'Vertiport_10': 10}"
407,651.0,217,9368.554720599972,3360065.5801651934,"{'Vertiport_1': 10, 'Vertiport_2': 10, 'Vertiport_3': 10, 'Vertiport_4': 10, 'Vertiport_5': 10, 'Vertiport_6': 10, 'Vertiport_7': 10, 'Vertiport_8': 10, 'Vertiport_9': 10, 'Vertiport_10': 10}"
408,681.0,227,9407.964965975982,3369473.5451311693,"{'Vertiport_1': 10, 'Vertiport_2': 10, 'Vertiport_3': 10, 'Vertiport_4': 10, 'Vertiport_5': 10, 'Vertiport_6': 10, 'Vertiport_7': 10, 'Vertiport_8': 10, 'Vertiport_9': 10, 'Vertiport_10': 10}"
409,660.0,220,9034.140361183978,3378507.685492353,"{'Vertiport_1': 10, 'Vertiport_2': 10, 'Vertiport_3': 10, 'Vertiport_4': 10, 'Vertiport_5': 10, 'Vertiport_6': 10, 'Vertiport_7': 10, 'Vertiport_8': 10, 'Vertiport_9': 10, 'Vertiport_10': 10}"
410,726.0,242,9873.933569335992,3388381.619061689,"{'Vertiport_1': 10, 'Vertiport_2': 10, 'Vertiport_3': 10, 'Vertiport_4': 10, 'Vertiport_5': 10, 'Vertiport_6': 10, 'Vertiport_7': 10, 'Vertiport_8': 10, 'Vertiport_9': 10, 'Vertiport_10': 10}"
411,615.0,205,8606.396323847976,3396988.015385537,"{'Vertiport_1': 10, 'Vertiport_2': 10, 'Vertiport_3': 10, 'Vertiport_4': 10, 'Vertiport_5': 10, 'Vertiport_6': 10, 'Vertiport_7': 10, 'Vertiport_8': 10, 'Vertiport_9': 10, 'Vertiport_10': 10}"
412,666.0,222,9401.030522255982,3406389.045907793,"{'Vertiport_1': 10, 'Vertiport_2': 10, 'Vertiport_3': 10, 'Vertiport_4': 10, 'Vertiport_5': 10, 'Vertiport_6': 10, 'Vertiport_7': 10, 'Vertiport_8': 10, 'Vertiport_9': 10, 'Vertiport_10': 10}"
413,501.0,167,6771.6771177919745,3413160.723025585,"{'Vertiport_1': 10, 'Vertiport_2': 10, 'Vertiport_3': 10, 'Vertiport_4': 10, 'Vertiport_5': 10, 'Vertiport_6': 10, 'Vertiport_7': 10, 'Vertiport_8': 10, 'Vertiport_9': 10, 'Vertiport_10': 10}"
414,552.0,184,7379.22513627997,3420539.948161865,"{'Vertiport_1': 10, 'Vertiport_2': 10, 'Vertiport_3': 10, 'Vertiport_4': 10, 'Vertiport_5': 10, 'Vertiport_6': 10, 'Vertiport_7': 10, 'Vertiport_8': 10, 'Vertiport_9': 10, 'Vertiport_10': 10}"
415,591.0,197,8506.148279751971,3429046.0964416172,"{'Vertiport_1': 10, 'Vertiport_2': 10, 'Vertiport_3': 10, 'Vertiport_4': 10, 'Vertiport_5': 10, 'Vertiport_6': 10, 'Vertiport_7': 10, 'Vertiport_8': 10, 'Vertiport_9': 10, 'Vertiport_10': 10}"
416,630.0,210,9483.358197583977,3438529.454639201,"{'Vertiport_1': 10, 'Vertiport_2': 10, 'Vertiport_3': 10, 'Vertiport_4': 10, 'Vertiport_5': 10, 'Vertiport_6': 10, 'Vertiport_7': 10, 'Vertiport_8': 10, 'Vertiport_9': 10, 'Vertiport_10': 10}"
417,600.0,200,8232.080720135966,3446761.535359337,"{'Vertiport_1': 10, 'Vertiport_2': 10, 'Vertiport_3': 10, 'Vertiport_4': 10, 'Vertiport_5': 10, 'Vertiport_6': 10, 'Vertiport_7': 10, 'Vertiport_8': 10, 'Vertiport_9': 10, 'Vertiport_10': 10}"
418,504.0,168,6833.297562367979,3453594.8329217047,"{'Vertiport_1': 10, 'Vertiport_2': 10, 'Vertiport_3': 10, 'Vertiport_4': 10, 'Vertiport_5': 10, 'Vertiport_6': 10, 'Vertiport_7': 10, 'Vertiport_8': 10, 'Vertiport_9': 10, 'Vertiport_10': 10}"
419,0.0,0,0.0,3453594.8329217047,"{'Vertiport_1': 10, 'Vertiport_2': 10, 'Vertiport_3': 10, 'Vertiport_4': 10, 'Vertiport_5': 10, 'Vertiport_6': 10, 'Vertiport_7': 10, 'Vertiport_8': 10, 'Vertiport_9': 10, 'Vertiport_10': 10}"
420,0.0,0,0.0,3453594.8329217047,"{'Vertiport_1': 10, 'Vertiport_2': 10, 'Vertiport_3': 10, 'Vertiport_4': 10, 'Vertiport_5': 10, 'Vertiport_6': 10, 'Vertiport_7': 10, 'Vertiport_8': 10, 'Vertiport_9': 10, 'Vertiport_10': 10}"
421,0.0,0,0.0,3453594.8329217047,"{'Vertiport_1': 10, 'Vertiport_2': 10, 'Vertiport_3': 10, 'Vertiport_4': 10, 'Vertiport_5': 10, 'Vertiport_6': 10, 'Vertiport_7': 10, 'Vertiport_8': 10, 'Vertiport_9': 10, 'Vertiport_10': 10}"
422,450.0,150,6809.8119153359785,3460404.644837041,"{'Vertiport_1': 10, 'Vertiport_2': 10, 'Vertiport_3': 10, 'Vertiport_4': 10, 'Vertiport_5': 10, 'Vertiport_6': 10, 'Vertiport_7': 10, 'Vertiport_8': 10, 'Vertiport_9': 10, 'Vertiport_10': 10}"
423,606.0,202,9692.813648183983,3470097.4584852247,"{'Vertiport_1': 10, 'Vertiport_2': 10, 'Vertiport_3': 10, 'Vertiport_4': 10, 'Vertiport_5': 10, 'Vertiport_6': 10, 'Vertiport_7': 10, 'Vertiport_8': 10, 'Vertiport_9': 10, 'Vertiport_10': 10}"
424,546.0,182,7864.4266651279695,3477961.8851503525,"{'Vertiport_1': 10, 'Vertiport_2': 10, 'Vertiport_3': 10, 'Vertiport_4': 10, 'Vertiport_5': 10, 'Vertiport_6': 10, 'Vertiport_7': 10, 'Vertiport_8': 10, 'Vertiport_9': 10, 'Vertiport_10': 10}"
425,555.0,185,7671.06508549597,3485632.9502358483,"{'Vertiport_1': 10, 'Vertiport_2': 10, 'Vertiport_3': 10, 'Vertiport_4': 10, 'Vertiport_5': 10, 'Vertiport_6': 10, 'Vertiport_7': 10, 'Vertiport_8': 10, 'Vertiport_9': 10, 'Vertiport_10': 10}"
426,573.0,191,8162.246725423965,3493795.1969612725,"{'Vertiport_1': 10, 'Vertiport_2': 10, 'Vertiport_3': 10, 'Vertiport_4': 10, 'Vertiport_5': 10, 'Vertiport_6': 10, 'Vertiport_7': 10, 'Vertiport_8': 10, 'Vertiport_9': 10, 'Vertiport_10': 10}"
427,561.0,187,7816.150280703967,3501611.3472419763,"{'Vertiport_1': 10, 'Vertiport_2': 10, 'Vertiport_3': 10, 'Vertiport_4': 10, 'Vertiport_5': 10, 'Vertiport_6': 10, 'Vertiport_7': 10, 'Vertiport_8': 10, 'Vertiport_9': 10, 'Vertiport_10': 10}"
428,519.0,173,7526.989529511967,3509138.336771488,"{'Vertiport_1': 10, 'Vertiport_2': 10, 'Vertiport_3': 10, 'Vertiport_4': 10, 'Vertiport_5': 10, 'Vertiport_6': 10, 'Vertiport_7': 10, 'Vertiport_8': 10, 'Vertiport_9': 10, 'Vertiport_10': 10}"
429,567.0,189,8635.522464815976,3517773.859236304,"{'Vertiport_1': 10, 'Vertiport_2': 10, 'Vertiport_3': 10, 'Vertiport_4': 10, 'Vertiport_5': 10, 'Vertiport_6': 10, 'Vertiport_7': 10, 'Vertiport_8': 10, 'Vertiport_9': 10, 'Vertiport_10': 10}"
430,543.0,181,8037.228316623971,3525811.0875529284,"{'Vertiport_1': 10, 'Vertiport_2': 10, 'Vertiport_3': 10, 'Vertiport_4': 10, 'Vertiport_5': 10, 'Vertiport_6': 10, 'Vertiport_7': 10, 'Vertiport_8': 10, 'Vertiport_9': 10, 'Vertiport_10': 10}"
431,495.0,165,7121.944921943973,3532933.032474872,"{'Vertiport_1': 10, 'Vertiport_2': 10, 'Vertiport_3': 10, 'Vertiport_4': 10, 'Vertiport_5': 10, 'Vertiport_6': 10, 'Vertiport_7': 10, 'Vertiport_8': 10, 'Vertiport_9': 10, 'Vertiport_10': 10}"
432,492.0,164,7162.57075231197,3540095.603227184,"{'Vertiport_1': 10, 'Vertiport_2': 10, 'Vertiport_3': 10, 'Vertiport_4': 10, 'Vertiport_5': 10, 'Vertiport_6': 10, 'Vertiport_7': 10, 'Vertiport_8': 10, 'Vertiport_9': 10, 'Vertiport_10': 10}"
433,537.0,179,8244.869306399974,3548340.472533584,"{'Vertiport_1': 10, 'Vertiport_2': 10, 'Vertiport_3': 10, 'Vertiport_4': 10, 'Vertiport_5': 10, 'Vertiport_6': 10, 'Vertiport_7': 10, 'Vertiport_8': 10, 'Vertiport_9': 10, 'Vertiport_10': 10}"
434,429.0,143,6381.428227047976,3554721.900760632,"{'Vertiport_1': 10, 'Vertiport_2': 10, 'Vertiport_3': 10, 'Vertiport_4': 10, 'Vertiport_5': 10, 'Vertiport_6': 10, 'Vertiport_7': 10, 'Vertiport_8': 10, 'Vertiport_9': 10, 'Vertiport_10': 10}"
435,495.0,165,7126.15737943997,3561848.058140072,"{'Vertiport_1': 10, 'Vertiport_2': 10, 'Vertiport_3': 10, 'Vertiport_4': 10, 'Vertiport_5': 10, 'Vertiport_6': 10, 'Vertiport_7': 10, 'Vertiport_8': 10, 'Vertiport_9': 10, 'Vertiport_10': 10}"
436,474.0,158,6642.224718127982,3568490.2828582,"{'Vertiport_1': 10, 'Vertiport_2': 10, 'Vertiport_3': 10, 'Vertiport_4': 10, 'Vertiport_5': 10, 'Vertiport_6': 10, 'Vertiport_7': 10, 'Vertiport_8': 10, 'Vertiport_9': 10, 'Vertiport_10': 10}"
437,516.0,172,7358.464790983976,3575848.747649184,"{'Vertiport_1': 10, 'Vertiport_2': 10, 'Vertiport_3': 10, 'Vertiport_4': 10, 'Vertiport_5': 10, 'Vertiport_6': 10, 'Vertiport_7': 10, 'Vertiport_8': 10, 'Vertiport_9': 10, 'Vertiport_10': 10}"
438,531.0,177,7822.027552535969,3583670.7752017197,"{'Vertiport_1': 10, 'Vertiport_2': 10, 'Vertiport_3': 10, 'Vertiport_4': 10, 'Vertiport_5': 10, 'Vertiport_6': 10, 'Vertiport_7': 10, 'Vertiport_8': 10, 'Vertiport_9': 10, 'Vertiport_10': 10}"
439,558.0,186,7823.28105770397,3591494.0562594235,"{'Vertiport_1': 10, 'Vertiport_2': 10, 'Vertiport_3': 10, 'Vertiport_4': 10, 'Vertiport_5': 10, 'Vertiport_6': 10, 'Vertiport_7': 10, 'Vertiport_8': 10, 'Vertiport_9': 10, 'Vertiport_10': 10}"
440,573.0,191,8070.1251502159685,3599564.1814096393,"{'Vertiport_1': 10, 'Vertiport_2': 10, 'Vertiport_3': 10, 'Vertiport_4': 10, 'Vertiport_5': 10, 'Vertiport_6': 10, 'Vertiport_7': 10, 'Vertiport_8': 10, 'Vertiport_9': 10, 'Vertiport_10': 10}"
441,615.0,205,8588.803986567975,3608152.9853962073,"{'Vertiport_1': 10, 'Vertiport_2': 10, 'Vertiport_3': 10, 'Vertiport_4': 10, 'Vertiport_5': 10, 'Vertiport_6': 10, 'Vertiport_7': 10, 'Vertiport_8': 10, 'Vertiport_9': 10, 'Vertiport_10': 10}"
442,600.0,200,7984.420545631965,3616137.4059418393,"{'Vertiport_1': 10, 'Vertiport_2': 10, 'Vertiport_3': 10, 'Vertiport_4': 10, 'Vertiport_5': 10, 'Vertiport_6': 10, 'Vertiport_7': 10, 'Vertiport_8': 10, 'Vertiport_9': 10, 'Vertiport_10': 10}"
443,672.0,224,10052.733498351983,3626190.1394401914,"{'Vertiport_1': 10, 'Vertiport_2': 10, 'Vertiport_3': 10, 'Vertiport_4': 10, 'Vertiport_5': 10, 'Vertiport_6': 10, 'Vertiport_7': 10, 'Vertiport_8': 10, 'Vertiport_9': 10, 'Vertiport_10': 10}"
444,747.0,249,10244.14836132797,3636434.2878015195,"{'Vertiport_1': 10, 'Vertiport_2': 10, 'Vertiport_3': 10, 'Vertiport_4': 10, 'Vertiport_5': 10, 'Vertiport_6': 10, 'Vertiport_7': 10, 'Vertiport_8': 10, 'Vertiport_9': 10, 'Vertiport_10': 10}"
445,795.0,265,10978.10411077598,3647412.3919122955,"{'Vertiport_1': 10, 'Vertiport_2': 10, 'Vertiport_3': 10, 'Vertiport_4': 10, 'Vertiport_5': 10, 'Vertiport_6': 10, 'Vertiport_7': 10, 'Vertiport_8': 10, 'Vertiport_9': 10, 'Vertiport_10': 10}"
446,786.0,262,10715.33265547199,3658127.7245677677,"{'Vertiport_1': 10, 'Vertiport_2': 10, 'Vertiport_3': 10, 'Vertiport_4': 10, 'Vertiport_5': 10, 'Vertiport_6': 10, 'Vertiport_7': 10, 'Vertiport_8': 10, 'Vertiport_9': 10, 'Vertiport_10': 10}"
447,819.0,273,12265.931101032,3670393.6556687998,"{'Vertiport_1': 10, 'Vertiport_2': 10, 'Vertiport_3': 10, 'Vertiport_4': 10, 'Vertiport_5': 10, 'Vertiport_6': 10, 'Vertiport_7': 10, 'Vertiport_8': 10, 'Vertiport_9': 10, 'Vertiport_10': 10}"
448,888.0,296,12362.834534751983,3682756.490203552,"{'Vertiport_1': 10, 'Vertiport_2': 10, 'Vertiport_3': 10, 'Vertiport_4': 10, 'Vertiport_5': 10, 'Vertiport_6': 10, 'Vertiport_7': 10, 'Vertiport_8': 10, 'Vertiport_9': 10, 'Vertiport_10': 10}"
449,861.0,287,11879.416684759988,3694635.9068883117,"{'Vertiport_1': 10, 'Vertiport_2': 10, 'Vertiport_3': 10, 'Vertiport_4': 10, 'Vertiport_5': 10, 'Vertiport_6': 10, 'Vertiport_7': 10, 'Vertiport_8': 10, 'Vertiport_9': 10, 'Vertiport_10': 10}"
450,867.0,289,12238.463869655989,3706874.3707579677,"{'Vertiport_1': 10, 'Vertiport_2': 10, 'Vertiport_3': 10, 'Vertiport_4': 10, 'Vertiport_5': 10, 'Vertiport_6': 10, 'Vertiport_7': 10, 'Vertiport_8': 10, 'Vertiport_9': 10, 'Vertiport_10': 10}"
451,948.0,316,13386.34953016,3720260.7202881277,"{'Vertiport_1': 10, 'Vertiport_2': 10, 'Vertiport_3': 10, 'Vertiport_4': 10, 'Vertiport_5': 10, 'Vertiport_6': 10, 'Vertiport_7': 10, 'Vertiport_8': 10, 'Vertiport_9': 10, 'Vertiport_10': 10}"
452,888.0,296,12633.311856335986,3732894.0321444636,"{'Vertiport_1': 10, 'Vertiport_2': 10, 'Vertiport_3': 10, 'Vertiport_4': 10, 'Vertiport_5': 10, 'Vertiport_6': 10, 'Vertiport_7': 10, 'Vertiport_8': 10, 'Vertiport_9': 10, 'Vertiport_10': 10}"
453,894.0,298,12767.567038263998,3745661.5991827277,"{'Vertiport_1': 10, 'Vertiport_2': 10, 'Vertiport_3': 10, 'Vertiport_4': 10, 'Vertiport_5': 10, 'Vertiport_6': 10, 'Vertiport_7': 10, 'Vertiport_8': 10, 'Vertiport_9': 10, 'Vertiport_10': 10}"
454,891.0,297,11941.239690775994,3757602.8388735037,"{'Vertiport_1': 10, 'Vertiport_2': 10, 'Vertiport_3': 10, 'Vertiport_4': 10, 'Vertiport_5': 10, 'Vertiport_6': 10, 'Vertiport_7': 10, 'Vertiport_8': 10, 'Vertiport_9': 10, 'Vertiport_10': 10}"
455,936.0,312,13643.030722288018,3771245.8695957917,"{'Vertiport_1': 10, 'Vertiport_2': 10, 'Vertiport_3': 10, 'Vertiport_4': 10, 'Vertiport_5': 10, 'Vertiport_6': 10, 'Vertiport_7': 10, 'Vertiport_8': 10, 'Vertiport_9': 10, 'Vertiport_10': 10}"
456,819.0,273,12076.969168927999,3783322.8387647197,"{'Vertiport_1': 10, 'Vertiport_2': 10, 'Vertiport_3': 10, 'Vertiport_4': 10, 'Vertiport_5': 10, 'Vertiport_6': 10, 'Vertiport_7': 10, 'Vertiport_8': 10, 'Vertiport_9': 10, 'Vertiport_10': 10}"
457,924.0,308,12547.924323159996,3795870.76308788,"{'Vertiport_1': 10, 'Vertiport_2': 10, 'Vertiport_3': 10, 'Vertiport_4': 10, 'Vertiport_5': 10, 'Vertiport_6': 10, 'Vertiport_7': 10, 'Vertiport_8': 10, 'Vertiport_9': 10, 'Vertiport_10': 10}"
458,879.0,293,12880.856787808007,3808751.619875688,"{'Vertiport_1': 10, 'Vertiport_2': 10, 'Vertiport_3': 10, 'Vertiport_4': 10, 'Vertiport_5': 10, 'Vertiport_6': 10, 'Vertiport_7': 10, 'Vertiport_8': 10, 'Vertiport_9': 10, 'Vertiport_10': 10}"
459,849.0,283,11999.787567191997,3820751.4074428803,"{'Vertiport_1': 10, 'Vertiport_2': 10, 'Vertiport_3': 10, 'Vertiport_4': 10, 'Vertiport_5': 10, 'Vertiport_6': 10, 'Vertiport_7': 10, 'Vertiport_8': 10, 'Vertiport_9': 10, 'Vertiport_10': 10}"
460,876.0,292,12493.867138464002,3833245.2745813443,"{'Vertiport_1': 10, 'Vertiport_2': 10, 'Vertiport_3': 10, 'Vertiport_4': 10, 'Vertiport_5': 10, 'Vertiport_6': 10, 'Vertiport_7': 10, 'Vertiport_8': 10, 'Vertiport_9': 10, 'Vertiport_10': 10}"
461,912.0,304,12863.547788311998,3846108.8223696565,"{'Vertiport_1': 10, 'Vertiport_2': 10, 'Vertiport_3': 10, 'Vertiport_4': 10, 'Vertiport_5': 10, 'Vertiport_6': 10, 'Vertiport_7': 10, 'Vertiport_8': 10, 'Vertiport_9': 10, 'Vertiport_10': 10}"
462,888.0,296,12351.306759367995,3858460.1291290247,"{'Vertiport_1': 10, 'Vertiport_2': 10, 'Vertiport_3': 10, 'Vertiport_4': 10, 'Vertiport_5': 10, 'Vertiport_6': 10, 'Vertiport_7': 10, 'Vertiport_8': 10, 'Vertiport_9': 10, 'Vertiport_10': 10}"
463,765.0,255,10754.098335031977,3869214.2274640566,"{'Vertiport_1': 10, 'Vertiport_2': 10, 'Vertiport_3': 10, 'Vertiport_4': 10, 'Vertiport_5': 10, 'Vertiport_6': 10, 'Vertiport_7': 10, 'Vertiport_8': 10, 'Vertiport_9': 10, 'Vertiport_10': 10}"
464,756.0,252,10978.24747588799,3880192.4749399447,"{'Vertiport_1': 10, 'Vertiport_2': 10, 'Vertiport_3': 10, 'Vertiport_4': 10, 'Vertiport_5': 10, 'Vertiport_6': 10, 'Vertiport_7': 10, 'Vertiport_8': 10, 'Vertiport_9': 10, 'Vertiport_10': 10}"
465,780.0,260,10835.580279623984,3891028.055219569,"{'Vertiport_1': 10, 'Vertiport_2': 10, 'Vertiport_3': 10, 'Vertiport_4': 10, 'Vertiport_5': 10, 'Vertiport_6': 10, 'Vertiport_7': 10, 'Vertiport_8': 10, 'Vertiport_9': 10, 'Vertiport_10': 10}"
466,798.0,266,11625.058507423986,3902653.1137269926,"{'Vertiport_1': 10, 'Vertiport_2': 10, 'Vertiport_3': 10, 'Vertiport_4': 10, 'Vertiport_5': 10, 'Vertiport_6': 10, 'Vertiport_7': 10, 'Vertiport_8': 10, 'Vertiport_9': 10, 'Vertiport_10': 10}"
467,690.0,230,9876.145979151983,3912529.2597061447,"{'Vertiport_1': 10, 'Vertiport_2': 10, 'Vertiport_3': 10, 'Vertiport_4': 10, 'Vertiport_5': 10, 'Vertiport_6': 10, 'Vertiport_7': 10, 'Vertiport_8': 10, 'Vertiport_9': 10, 'Vertiport_10': 10}"
468,684.0,228,9524.530162343977,3922053.7898684884,"{'Vertiport_1': 10, 'Vertiport_2': 10, 'Vertiport_3': 10, 'Vertiport_4': 10, 'Vertiport_5': 10, 'Vertiport_6': 10, 'Vertiport_7': 10, 'Vertiport_8': 10, 'Vertiport_9': 10, 'Vertiport_10': 10}"
469,672.0,224,9420.340702631984,3931474.1305711204,"{'Vertiport_1': 10, 'Vertiport_2': 10, 'Vertiport_3': 10, 'Vertiport_4': 10, 'Vertiport_5': 10, 'Vertiport_6': 10, 'Vertiport_7': 10, 'Vertiport_8': 10, 'Vertiport_9': 10, 'Vertiport_10': 10}"
470,624.0,208,8861.854588655973,3940335.985159776,"{'Vertiport_1': 10, 'Vertiport_2': 10, 'Vertiport_3': 10, 'Vertiport_4': 10, 'Vertiport_5': 10, 'Vertiport_6': 10, 'Vertiport_7': 10, 'Vertiport_8': 10, 'Vertiport_9': 10, 'Vertiport_10': 10}"
471,525.0,175,7212.681667351974,3947548.6668271283,"{'Vertiport_1': 10, 'Vertiport_2': 10, 'Vertiport_3': 10, 'Vertiport_4': 10, 'Vertiport_5': 10, 'Vertiport_6': 10, 'Vertiport_7': 10, 'Vertiport_8': 10, 'Vertiport_9': 10, 'Vertiport_10': 10}"
472,447.0,149,6816.64076207997,3954365.3075892082,"{'Vertiport_1': 10, 'Vertiport_2': 10, 'Vertiport_3': 10, 'Vertiport_4': 10, 'Vertiport_5': 10, 'Vertiport_6': 10, 'Vertiport_7': 10, 'Vertiport_8': 10, 'Vertiport_9': 10, 'Vertiport_10': 10}"
473,420.0,140,5955.9270041519785,3960321.23459336,"{'Vertiport_1': 10, 'Vertiport_2': 10, 'Vertiport_3': 10, 'Vertiport_4': 10, 'Vertiport_5': 10, 'Vertiport_6': 10, 'Vertiport_7': 10, 'Vertiport_8': 10, 'Vertiport_9': 10, 'Vertiport_10': 10}"
474,384.0,128,5772.257745671984,3966093.4923390322,"{'Vertiport_1': 10, 'Vertiport_2': 10, 'Vertiport_3': 10, 'Vertiport_4': 10, 'Vertiport_5': 10, 'Vertiport_6': 10, 'Vertiport_7': 10, 'Vertiport_8': 10, 'Vertiport_9': 10, 'Vertiport_10': 10}"
475,354.0,118,5237.387390071989,3971330.879729104,"{'Vertiport_1': 10, 'Vertiport_2': 10, 'Vertiport_3': 10, 'Vertiport_4': 10, 'Vertiport_5': 10, 'Vertiport_6': 10, 'Vertiport_7': 10, 'Vertiport_8': 10, 'Vertiport_9': 10, 'Vertiport_10': 10}"
476,465.0,155,6710.581002279977,3978041.4607313843,"{'Vertiport_1': 10, 'Vertiport_2': 10, 'Vertiport_3': 10, 'Vertiport_4': 10, 'Vertiport_5': 10, 'Vertiport_6': 10, 'Vertiport_7': 10, 'Vertiport_8': 10, 'Vertiport_9': 10, 'Vertiport_10': 10}"
477,366.0,122,5506.848298287984,3983548.3090296723,"{'Vertiport_1': 10, 'Vertiport_2': 10, 'Vertiport_3': 10, 'Vertiport_4': 10, 'Vertiport_5': 10, 'Vertiport_6': 10, 'Vertiport_7': 10, 'Vertiport_8': 10, 'Vertiport_9': 10, 'Vertiport_10': 10}"
478,282.0,94,3889.912359399997,3987438.2213890725,"{'Vertiport_1': 10, 'Vertiport_2': 10, 'Vertiport_3': 10, 'Vertiport_4': 10, 'Vertiport_5': 10, 'Vertiport_6': 10, 'Vertiport_7': 10, 'Vertiport_8': 10, 'Vertiport_9': 10, 'Vertiport_10': 10}"
479,237.0,79,3798.469163695998,3991236.6905527683,"{'Vertiport_1': 10, 'Vertiport_2': 10, 'Vertiport_3': 10, 'Vertiport_4': 10, 'Vertiport_5': 10, 'Vertiport_6': 10, 'Vertiport_7': 10, 'Vertiport_8': 10, 'Vertiport_9': 10, 'Vertiport_10': 10}"
480,141.0,47,1779.5226177360003,3993016.213170504,"{'Vertiport_1': 10, 'Vertiport_2': 10, 'Vertiport_3': 10, 'Vertiport_4': 10, 'Vertiport_5': 10, 'Vertiport_6': 10, 'Vertiport_7': 10, 'Vertiport_8': 10, 'Vertiport_9': 10, 'Vertiport_10': 10}"
481,99.0,33,1577.5693521120004,3994593.782522616,"{'Vertiport_1': 10, 'Vertiport_2': 10, 'Vertiport_3': 10, 'Vertiport_4': 10, 'Vertiport_5': 10, 'Vertiport_6': 10, 'Vertiport_7': 10, 'Vertiport_8': 10, 'Vertiport_9': 10, 'Vertiport_10': 10}"
482,114.0,38,1775.5279967920007,3996369.310519408,"{'Vertiport_1': 10, 'Vertiport_2': 10, 'Vertiport_3': 10, 'Vertiport_4': 10, 'Vertiport_5': 10, 'Vertiport_6': 10, 'Vertiport_7': 10, 'Vertiport_8': 10, 'Vertiport_9': 10, 'Vertiport_10': 10}"
483,102.0,34,1546.663913896,3997915.974433304,"{'Vertiport_1': 10, 'Vertiport_2': 10, 'Vertiport_3': 10, 'Vertiport_4': 10, 'Vertiport_5': 10, 'Vertiport_6': 10, 'Vertiport_7': 10, 'Vertiport_8': 10, 'Vertiport_9': 10, 'Vertiport_10': 10}"
484,96.0,32,1163.2328861040005,3999079.2073194077,"{'Vertiport_1': 10, 'Vertiport_2': 10, 'Vertiport_3': 10, 'Vertiport_4': 10, 'Vertiport_5': 10, 'Vertiport_6': 10, 'Vertiport_7': 10, 'Vertiport_8': 10, 'Vertiport_9': 10, 'Vertiport_10': 10}"
485,99.0,33,1467.04162732,4000546.2489467277,"{'Vertiport_1': 10, 'Vertiport_2': 10, 'Vertiport_3': 10, 'Vertiport_4': 10, 'Vertiport_5': 10, 'Vertiport_6': 10, 'Vertiport_7': 10, 'Vertiport_8': 10, 'Vertiport_9': 10, 'Vertiport_10': 10}"
486,126.0,42,2264.1892352799996,4002810.4381820075,"{'Vertiport_1': 10, 'Vertiport_2': 10, 'Vertiport_3': 10, 'Vertiport_4': 10, 'Vertiport_5': 10, 'Vertiport_6': 10, 'Vertiport_7': 10, 'Vertiport_8': 10, 'Vertiport_9': 10, 'Vertiport_10': 10}"
487,120.0,40,2072.7397647520006,4004883.1779467594,"{'Vertiport_1': 10, 'Vertiport_2': 10, 'Vertiport_3': 10, 'Vertiport_4': 10, 'Vertiport_5': 10, 'Vertiport_6': 10, 'Vertiport_7': 10, 'Vertiport_8': 10, 'Vertiport_9': 10, 'Vertiport_10': 10}"
488,162.0,54,2436.6345633599994,4007319.8125101193,"{'Vertiport_1': 10, 'Vertiport_2': 10, 'Vertiport_3': 10, 'Vertiport_4': 10, 'Vertiport_5': 10, 'Vertiport_6': 10, 'Vertiport_7': 10, 'Vertiport_8': 10, 'Vertiport_9': 10, 'Vertiport_10': 10}"
489,159.0,53,2981.8674570479975,4010301.6799671673,"{'Vertiport_1': 10, 'Vertiport_2': 10, 'Vertiport_3': 10, 'Vertiport_4': 10, 'Vertiport_5': 10, 'Vertiport_6': 10, 'Vertiport_7': 10, 'Vertiport_8': 10, 'Vertiport_9': 10, 'Vertiport_10': 10}"
490,174.0,58,2523.1275658159993,4012824.8075329834,"{'Vertiport_1': 10, 'Vertiport_2': 10, 'Vertiport_3': 10, 'Vertiport_4': 10, 'Vertiport_5': 10, 'Vertiport_6': 10, 'Vertiport_7': 10, 'Vertiport_8': 10, 'Vertiport_9': 10, 'Vertiport_10': 10}"
491,270.0,90,3872.7007489119947,4016697.5082818954,"{'Vertiport_1': 10, 'Vertiport_2': 10, 'Vertiport_3': 10, 'Vertiport_4': 10, 'Vertiport_5': 10, 'Vertiport_6': 10, 'Vertiport_7': 10, 'Vertiport_8': 10, 'Vertiport_9': 10, 'Vertiport_10': 10}"
492,216.0,72,2863.552875288,4019561.0611571833,"{'Vertiport_1': 10, 'Vertiport_2': 10, 'Vertiport_3': 10, 'Vertiport_4': 10, 'Vertiport_5': 10, 'Vertiport_6': 10, 'Vertiport_7': 10, 'Vertiport_8': 10, 'Vertiport_9': 10, 'Vertiport_10': 10}"
493,231.0,77,3074.164253143999,4022635.2254103273,"{'Vertiport_1': 10, 'Vertiport_2': 10, 'Vertiport_3': 10, 'Vertiport_4': 10, 'Vertiport_5': 10, 'Vertiport_6': 10, 'Vertiport_7': 10, 'Vertiport_8': 10, 'Vertiport_9': 10, 'Vertiport_10': 10}"
494,297.0,99,4198.760473487995,4026833.985883815,"{'Vertiport_1': 10, 'Vertiport_2': 10, 'Vertiport_3': 10, 'Vertiport_4': 10, 'Vertiport_5': 10, 'Vertiport_6': 10, 'Vertiport_7': 10, 'Vertiport_8': 10, 'Vertiport_9': 10, 'Vertiport_10': 10}"
495,327.0,109,4639.15397985599,4031473.1398636713,"{'Vertiport_1': 10, 'Vertiport_2': 10, 'Vertiport_3': 10, 'Vertiport_4': 10, 'Vertiport_5': 10, 'Vertiport_6': 10, 'Vertiport_7': 10, 'Vertiport_8': 10, 'Vertiport_9': 10, 'Vertiport_10': 10}"
496,339.0,113,4764.684260455991,4036237.824124127,"{'Vertiport_1': 10, 'Vertiport_2': 10, 'Vertiport_3': 10, 'Vertiport_4': 10, 'Vertiport_5': 10, 'Vertiport_6': 10, 'Vertiport_7': 10, 'Vertiport_8': 10, 'Vertiport_9': 10, 'Vertiport_10': 10}"
497,342.0,114,5304.698472471985,4041542.522596599,"{'Vertiport_1': 10, 'Vertiport_2': 10, 'Vertiport_3': 10, 'Vertiport_4': 10, 'Vertiport_5': 10, 'Vertiport_6': 10, 'Vertiport_7': 10, 'Vertiport_8': 10, 'Vertiport_9': 10, 'Vertiport_10': 10}"
498,402.0,134,5967.33871908798,4047509.861315687,"{'Vertiport_1': 10, 'Vertiport_2': 10, 'Vertiport_3': 10, 'Vertiport_4': 10, 'Vertiport_5': 10, 'Vertiport_6': 10, 'Vertiport_7': 10, 'Vertiport_8': 10, 'Vertiport_9': 10, 'Vertiport_10': 10}"
499,561.0,187,8167.1785476239675,4055677.039863311,"{'Vertiport_1': 10, 'Vertiport_2': 10, 'Vertiport_3': 10, 'Vertiport_4': 10, 'Vertiport_5': 10, 'Vertiport_6': 10, 'Vertiport_7': 10, 'Vertiport_8': 10, 'Vertiport_9': 10, 'Vertiport_10': 10}"
500,549.0,183,7555.081951295972,4063232.121814607,"{'Vertiport_1': 10, 'Vertiport_2': 10, 'Vertiport_3': 10, 'Vertiport_4': 10, 'Vertiport_5': 10, 'Vertiport_6': 10, 'Vertiport_7': 10, 'Vertiport_8': 10, 'Vertiport_9': 10, 'Vertiport_10': 10}"
