time_step,met_demand,unmet_demand,iteration_cost,cumulative_cost,vertiport_counts
1,763.0,227,9793.268273011989,9793.268273011989,"{'Vertiport_1': 10, 'Vertiport_2': 3, 'Vertiport_3': 10, 'Vertiport_4': 9, 'Vertiport_5': 10, 'Vertiport_6': 3, 'Vertiport_7': 15, 'Vertiport_8': 13, 'Vertiport_9': 17, 'Vertiport_10': 10}"
2,390.0,102,5340.343913603989,15133.612186615977,"{'Vertiport_1': 10, 'Vertiport_2': 8, 'Vertiport_3': 10, 'Vertiport_4': 11, 'Vertiport_5': 10, 'Vertiport_6': 0, 'Vertiport_7': 18, 'Vertiport_8': 12, 'Vertiport_9': 11, 'Vertiport_10': 10}"
3,311.0,81,3881.8891111279972,19015.501297743976,"{'Vertiport_1': 10, 'Vertiport_2': 11, 'Vertiport_3': 10, 'Vertiport_4': 11, 'Vertiport_5': 10, 'Vertiport_6': 0, 'Vertiport_7': 18, 'Vertiport_8': 11, 'Vertiport_9': 9, 'Vertiport_10': 10}"
4,271.0,65,3670.2377124919963,22685.73901023597,"{'Vertiport_1': 10, 'Vertiport_2': 5, 'Vertiport_3': 10, 'Vertiport_4': 11, 'Vertiport_5': 10, 'Vertiport_6': 0, 'Vertiport_7': 17, 'Vertiport_8': 12, 'Vertiport_9': 15, 'Vertiport_10': 10}"
5,215.0,49,2528.344083175997,25214.08309341197,"{'Vertiport_1': 10, 'Vertiport_2': 10, 'Vertiport_3': 10, 'Vertiport_4': 9, 'Vertiport_5': 10, 'Vertiport_6': 2, 'Vertiport_7': 13, 'Vertiport_8': 15, 'Vertiport_9': 11, 'Vertiport_10': 10}"
6,199.0,43,2588.5043553919986,27802.58744880397,"{'Vertiport_1': 10, 'Vertiport_2': 10, 'Vertiport_3': 10, 'Vertiport_4': 11, 'Vertiport_5': 10, 'Vertiport_6': 0, 'Vertiport_7': 14, 'Vertiport_8': 15, 'Vertiport_9': 10, 'Vertiport_10': 10}"
7,211.0,47,2557.4222878599994,30360.009736663967,"{'Vertiport_1': 10, 'Vertiport_2': 8, 'Vertiport_3': 10, 'Vertiport_4': 7, 'Vertiport_5': 10, 'Vertiport_6': 3, 'Vertiport_7': 16, 'Vertiport_8': 15, 'Vertiport_9': 11, 'Vertiport_10': 10}"
8,234.0,56,2562.660193035999,32922.669929699965,"{'Vertiport_1': 10, 'Vertiport_2': 8, 'Vertiport_3': 10, 'Vertiport_4': 10, 'Vertiport_5': 10, 'Vertiport_6': 0, 'Vertiport_7': 18, 'Vertiport_8': 13, 'Vertiport_9': 11, 'Vertiport_10': 10}"
9,167.0,31,2284.7716031639998,35207.441532863966,"{'Vertiport_1': 10, 'Vertiport_2': 8, 'Vertiport_3': 10, 'Vertiport_4': 10, 'Vertiport_5': 10, 'Vertiport_6': 2, 'Vertiport_7': 18, 'Vertiport_8': 9, 'Vertiport_9': 13, 'Vertiport_10': 10}"
10,146.0,26,1494.601077928,36702.04261079196,"{'Vertiport_1': 10, 'Vertiport_2': 7, 'Vertiport_3': 10, 'Vertiport_4': 11, 'Vertiport_5': 10, 'Vertiport_6': 0, 'Vertiport_7': 14, 'Vertiport_8': 15, 'Vertiport_9': 13, 'Vertiport_10': 10}"
11,158.0,28,1970.0378147600006,38672.08042555196,"{'Vertiport_1': 10, 'Vertiport_2': 8, 'Vertiport_3': 10, 'Vertiport_4': 10, 'Vertiport_5': 10, 'Vertiport_6': 0, 'Vertiport_7': 13, 'Vertiport_8': 16, 'Vertiport_9': 13, 'Vertiport_10': 10}"
12,209.0,45,2610.1034455679987,41282.18387111996,"{'Vertiport_1': 10, 'Vertiport_2': 8, 'Vertiport_3': 10, 'Vertiport_4': 10, 'Vertiport_5': 10, 'Vertiport_6': 1, 'Vertiport_7': 18, 'Vertiport_8': 11, 'Vertiport_9': 12, 'Vertiport_10': 10}"
13,166.0,34,1675.986768216,42958.17063933596,"{'Vertiport_1': 10, 'Vertiport_2': 10, 'Vertiport_3': 10, 'Vertiport_4': 9, 'Vertiport_5': 10, 'Vertiport_6': 1, 'Vertiport_7': 12, 'Vertiport_8': 18, 'Vertiport_9': 10, 'Vertiport_10': 10}"
14,172.0,36,1768.0942447199998,44726.264884055956,"{'Vertiport_1': 10, 'Vertiport_2': 10, 'Vertiport_3': 10, 'Vertiport_4': 11, 'Vertiport_5': 10, 'Vertiport_6': 0, 'Vertiport_7': 15, 'Vertiport_8': 15, 'Vertiport_9': 9, 'Vertiport_10': 10}"
15,284.0,76,3360.734545275998,48086.999429331954,"{'Vertiport_1': 10, 'Vertiport_2': 11, 'Vertiport_3': 10, 'Vertiport_4': 3, 'Vertiport_5': 10, 'Vertiport_6': 0, 'Vertiport_7': 23, 'Vertiport_8': 14, 'Vertiport_9': 9, 'Vertiport_10': 10}"
16,246.0,64,2957.6422058279995,51044.641635159955,"{'Vertiport_1': 10, 'Vertiport_2': 7, 'Vertiport_3': 10, 'Vertiport_4': 1, 'Vertiport_5': 10, 'Vertiport_6': 2, 'Vertiport_7': 24, 'Vertiport_8': 12, 'Vertiport_9': 14, 'Vertiport_10': 10}"
17,284.0,76,3531.3627119039984,54576.00434706395,"{'Vertiport_1': 10, 'Vertiport_2': 9, 'Vertiport_3': 10, 'Vertiport_4': 1, 'Vertiport_5': 10, 'Vertiport_6': 2, 'Vertiport_7': 24, 'Vertiport_8': 13, 'Vertiport_9': 11, 'Vertiport_10': 10}"
18,268.0,72,3708.3507866079967,58284.35513367195,"{'Vertiport_1': 10, 'Vertiport_2': 11, 'Vertiport_3': 10, 'Vertiport_4': 1, 'Vertiport_5': 10, 'Vertiport_6': 0, 'Vertiport_7': 26, 'Vertiport_8': 13, 'Vertiport_9': 9, 'Vertiport_10': 10}"
19,364.0,106,5036.890931831991,63321.24606550394,"{'Vertiport_1': 10, 'Vertiport_2': 9, 'Vertiport_3': 10, 'Vertiport_4': 0, 'Vertiport_5': 10, 'Vertiport_6': 0, 'Vertiport_7': 26, 'Vertiport_8': 14, 'Vertiport_9': 11, 'Vertiport_10': 10}"
20,379.0,111,4940.652377735988,68261.89844323993,"{'Vertiport_1': 10, 'Vertiport_2': 9, 'Vertiport_3': 10, 'Vertiport_4': 1, 'Vertiport_5': 10, 'Vertiport_6': 1, 'Vertiport_7': 26, 'Vertiport_8': 12, 'Vertiport_9': 11, 'Vertiport_10': 10}"
21,339.0,97,4305.383853603996,72567.28229684393,"{'Vertiport_1': 10, 'Vertiport_2': 11, 'Vertiport_3': 10, 'Vertiport_4': 1, 'Vertiport_5': 10, 'Vertiport_6': 0, 'Vertiport_7': 25, 'Vertiport_8': 14, 'Vertiport_9': 9, 'Vertiport_10': 10}"
22,417.0,123,6117.292164239984,78684.57446108392,"{'Vertiport_1': 10, 'Vertiport_2': 10, 'Vertiport_3': 10, 'Vertiport_4': 3, 'Vertiport_5': 10, 'Vertiport_6': 0, 'Vertiport_7': 21, 'Vertiport_8': 17, 'Vertiport_9': 9, 'Vertiport_10': 10}"
23,519.0,165,6622.845623167977,85307.42008425189,"{'Vertiport_1': 10, 'Vertiport_2': 11, 'Vertiport_3': 10, 'Vertiport_4': 9, 'Vertiport_5': 10, 'Vertiport_6': 0, 'Vertiport_7': 20, 'Vertiport_8': 11, 'Vertiport_9': 9, 'Vertiport_10': 10}"
24,576.0,186,7772.739523291972,93080.15960754386,"{'Vertiport_1': 10, 'Vertiport_2': 12, 'Vertiport_3': 10, 'Vertiport_4': 11, 'Vertiport_5': 10, 'Vertiport_6': 9, 'Vertiport_7': 10, 'Vertiport_8': 9, 'Vertiport_9': 9, 'Vertiport_10': 10}"
25,466.0,150,6299.765848311975,99379.92545585583,"{'Vertiport_1': 10, 'Vertiport_2': 13, 'Vertiport_3': 10, 'Vertiport_4': 10, 'Vertiport_5': 10, 'Vertiport_6': 13, 'Vertiport_7': 8, 'Vertiport_8': 9, 'Vertiport_9': 7, 'Vertiport_10': 10}"
26,447.0,147,6547.62681483998,105927.55227069581,"{'Vertiport_1': 10, 'Vertiport_2': 12, 'Vertiport_3': 10, 'Vertiport_4': 10, 'Vertiport_5': 10, 'Vertiport_6': 11, 'Vertiport_7': 10, 'Vertiport_8': 9, 'Vertiport_9': 8, 'Vertiport_10': 10}"
27,654.0,216,8766.474416351977,114694.0266870478,"{'Vertiport_1': 10, 'Vertiport_2': 12, 'Vertiport_3': 10, 'Vertiport_4': 10, 'Vertiport_5': 10, 'Vertiport_6': 11, 'Vertiport_7': 10, 'Vertiport_8': 9, 'Vertiport_9': 8, 'Vertiport_10': 10}"
28,602.0,198,8334.03428716396,123028.06097421175,"{'Vertiport_1': 10, 'Vertiport_2': 12, 'Vertiport_3': 10, 'Vertiport_4': 11, 'Vertiport_5': 10, 'Vertiport_6': 10, 'Vertiport_7': 10, 'Vertiport_8': 8, 'Vertiport_9': 9, 'Vertiport_10': 10}"
29,667.0,219,9031.136014359976,132059.19698857173,"{'Vertiport_1': 10, 'Vertiport_2': 11, 'Vertiport_3': 10, 'Vertiport_4': 11, 'Vertiport_5': 10, 'Vertiport_6': 11, 'Vertiport_7': 10, 'Vertiport_8': 8, 'Vertiport_9': 9, 'Vertiport_10': 10}"
30,620.0,204,7976.766226675972,140035.9632152477,"{'Vertiport_1': 10, 'Vertiport_2': 10, 'Vertiport_3': 10, 'Vertiport_4': 10, 'Vertiport_5': 10, 'Vertiport_6': 12, 'Vertiport_7': 9, 'Vertiport_8': 9, 'Vertiport_9': 10, 'Vertiport_10': 10}"
31,684.0,224,9276.32622985998,149312.2894451077,"{'Vertiport_1': 10, 'Vertiport_2': 13, 'Vertiport_3': 10, 'Vertiport_4': 10, 'Vertiport_5': 10, 'Vertiport_6': 12, 'Vertiport_7': 10, 'Vertiport_8': 7, 'Vertiport_9': 8, 'Vertiport_10': 10}"
32,665.0,219,9727.665638223985,159039.95508333168,"{'Vertiport_1': 10, 'Vertiport_2': 12, 'Vertiport_3': 10, 'Vertiport_4': 10, 'Vertiport_5': 10, 'Vertiport_6': 11, 'Vertiport_7': 9, 'Vertiport_8': 11, 'Vertiport_9': 7, 'Vertiport_10': 10}"
33,700.0,228,9694.411881131991,168734.36696446367,"{'Vertiport_1': 10, 'Vertiport_2': 12, 'Vertiport_3': 10, 'Vertiport_4': 12, 'Vertiport_5': 10, 'Vertiport_6': 11, 'Vertiport_7': 10, 'Vertiport_8': 6, 'Vertiport_9': 9, 'Vertiport_10': 10}"
34,662.0,218,8866.961734595983,177601.32869905964,"{'Vertiport_1': 10, 'Vertiport_2': 12, 'Vertiport_3': 10, 'Vertiport_4': 11, 'Vertiport_5': 10, 'Vertiport_6': 10, 'Vertiport_7': 10, 'Vertiport_8': 10, 'Vertiport_9': 7, 'Vertiport_10': 10}"
35,604.0,200,8421.897323907966,186023.2260229676,"{'Vertiport_1': 10, 'Vertiport_2': 11, 'Vertiport_3': 10, 'Vertiport_4': 10, 'Vertiport_5': 10, 'Vertiport_6': 11, 'Vertiport_7': 9, 'Vertiport_8': 10, 'Vertiport_9': 9, 'Vertiport_10': 10}"
36,697.0,229,9779.597175828,195802.8231987956,"{'Vertiport_1': 10, 'Vertiport_2': 11, 'Vertiport_3': 10, 'Vertiport_4': 13, 'Vertiport_5': 10, 'Vertiport_6': 11, 'Vertiport_7': 9, 'Vertiport_8': 7, 'Vertiport_9': 9, 'Vertiport_10': 10}"
37,738.0,242,10317.989199075993,206120.8123978716,"{'Vertiport_1': 10, 'Vertiport_2': 11, 'Vertiport_3': 10, 'Vertiport_4': 10, 'Vertiport_5': 10, 'Vertiport_6': 13, 'Vertiport_7': 9, 'Vertiport_8': 8, 'Vertiport_9': 9, 'Vertiport_10': 10}"
38,666.0,220,9865.952796911997,215986.7651947836,"{'Vertiport_1': 10, 'Vertiport_2': 11, 'Vertiport_3': 10, 'Vertiport_4': 10, 'Vertiport_5': 10, 'Vertiport_6': 10, 'Vertiport_7': 10, 'Vertiport_8': 10, 'Vertiport_9': 9, 'Vertiport_10': 10}"
39,703.0,231,9319.043154871983,225305.8083496556,"{'Vertiport_1': 10, 'Vertiport_2': 10, 'Vertiport_3': 10, 'Vertiport_4': 13, 'Vertiport_5': 10, 'Vertiport_6': 12, 'Vertiport_7': 10, 'Vertiport_8': 5, 'Vertiport_9': 10, 'Vertiport_10': 10}"
40,686.0,228,10049.753600295988,235355.56194995157,"{'Vertiport_1': 10, 'Vertiport_2': 10, 'Vertiport_3': 10, 'Vertiport_4': 11, 'Vertiport_5': 10, 'Vertiport_6': 10, 'Vertiport_7': 10, 'Vertiport_8': 9, 'Vertiport_9': 10, 'Vertiport_10': 10}"
41,722.0,240,10076.164117547982,245431.72606749955,"{'Vertiport_1': 10, 'Vertiport_2': 10, 'Vertiport_3': 10, 'Vertiport_4': 10, 'Vertiport_5': 10, 'Vertiport_6': 11, 'Vertiport_7': 9, 'Vertiport_8': 10, 'Vertiport_9': 10, 'Vertiport_10': 10}"
42,675.0,223,9716.490203843989,255148.21627134352,"{'Vertiport_1': 10, 'Vertiport_2': 10, 'Vertiport_3': 10, 'Vertiport_4': 10, 'Vertiport_5': 10, 'Vertiport_6': 12, 'Vertiport_7': 10, 'Vertiport_8': 9, 'Vertiport_9': 9, 'Vertiport_10': 10}"
43,704.0,234,9759.758617767979,264907.97488911153,"{'Vertiport_1': 10, 'Vertiport_2': 10, 'Vertiport_3': 10, 'Vertiport_4': 11, 'Vertiport_5': 10, 'Vertiport_6': 10, 'Vertiport_7': 10, 'Vertiport_8': 9, 'Vertiport_9': 10, 'Vertiport_10': 10}"
44,700.0,232,9663.700014639986,274571.6749037515,"{'Vertiport_1': 10, 'Vertiport_2': 10, 'Vertiport_3': 10, 'Vertiport_4': 12, 'Vertiport_5': 10, 'Vertiport_6': 10, 'Vertiport_7': 10, 'Vertiport_8': 8, 'Vertiport_9': 10, 'Vertiport_10': 10}"
45,704.0,234,9954.314113959983,284525.9890177115,"{'Vertiport_1': 10, 'Vertiport_2': 10, 'Vertiport_3': 10, 'Vertiport_4': 10, 'Vertiport_5': 10, 'Vertiport_6': 11, 'Vertiport_7': 10, 'Vertiport_8': 9, 'Vertiport_9': 10, 'Vertiport_10': 10}"
46,716.0,238,9939.192555815982,294465.18157352746,"{'Vertiport_1': 10, 'Vertiport_2': 10, 'Vertiport_3': 10, 'Vertiport_4': 11, 'Vertiport_5': 10, 'Vertiport_6': 10, 'Vertiport_7': 10, 'Vertiport_8': 9, 'Vertiport_9': 10, 'Vertiport_10': 10}"
47,792.0,264,11062.223480495993,305527.40505402343,"{'Vertiport_1': 10, 'Vertiport_2': 10, 'Vertiport_3': 10, 'Vertiport_4': 10, 'Vertiport_5': 10, 'Vertiport_6': 10, 'Vertiport_7': 10, 'Vertiport_8': 10, 'Vertiport_9': 10, 'Vertiport_10': 10}"
48,708.0,236,10614.284034047985,316141.6890880714,"{'Vertiport_1': 10, 'Vertiport_2': 10, 'Vertiport_3': 10, 'Vertiport_4': 10, 'Vertiport_5': 10, 'Vertiport_6': 10, 'Vertiport_7': 10, 'Vertiport_8': 10, 'Vertiport_9': 10, 'Vertiport_10': 10}"
49,680.0,226,9738.931303967987,325880.6203920394,"{'Vertiport_1': 10, 'Vertiport_2': 10, 'Vertiport_3': 10, 'Vertiport_4': 10, 'Vertiport_5': 10, 'Vertiport_6': 11, 'Vertiport_7': 10, 'Vertiport_8': 9, 'Vertiport_9': 10, 'Vertiport_10': 10}"
50,655.0,217,9180.25175765598,335060.8721496954,"{'Vertiport_1': 10, 'Vertiport_2': 10, 'Vertiport_3': 10, 'Vertiport_4': 11, 'Vertiport_5': 10, 'Vertiport_6': 11, 'Vertiport_7': 10, 'Vertiport_8': 8, 'Vertiport_9': 10, 'Vertiport_10': 10}"
51,698.0,230,9757.30805298398,344818.1802026794,"{'Vertiport_1': 10, 'Vertiport_2': 10, 'Vertiport_3': 9, 'Vertiport_4': 10, 'Vertiport_5': 10, 'Vertiport_6': 11, 'Vertiport_7': 10, 'Vertiport_8': 9, 'Vertiport_9': 10, 'Vertiport_10': 11}"
52,593.0,195,7774.681961351963,352592.86216403136,"{'Vertiport_1': 10, 'Vertiport_2': 10, 'Vertiport_3': 11, 'Vertiport_4': 11, 'Vertiport_5': 10, 'Vertiport_6': 12, 'Vertiport_7': 10, 'Vertiport_8': 7, 'Vertiport_9': 10, 'Vertiport_10': 9}"
53,608.0,200,8096.372432087965,360689.2345961193,"{'Vertiport_1': 10, 'Vertiport_2': 10, 'Vertiport_3': 10, 'Vertiport_4': 12, 'Vertiport_5': 10, 'Vertiport_6': 10, 'Vertiport_7': 10, 'Vertiport_8': 6, 'Vertiport_9': 12, 'Vertiport_10': 10}"
54,602.0,200,8858.707314391982,369547.9419105113,"{'Vertiport_1': 10, 'Vertiport_2': 10, 'Vertiport_3': 10, 'Vertiport_4': 10, 'Vertiport_5': 10, 'Vertiport_6': 11, 'Vertiport_7': 10, 'Vertiport_8': 9, 'Vertiport_9': 10, 'Vertiport_10': 10}"
55,589.0,195,8260.110947591967,377808.05285810324,"{'Vertiport_1': 10, 'Vertiport_2': 10, 'Vertiport_3': 10, 'Vertiport_4': 12, 'Vertiport_5': 10, 'Vertiport_6': 10, 'Vertiport_7': 10, 'Vertiport_8': 8, 'Vertiport_9': 10, 'Vertiport_10': 10}"
56,530.0,176,7636.824549039973,385444.87740714324,"{'Vertiport_1': 10, 'Vertiport_2': 10, 'Vertiport_3': 10, 'Vertiport_4': 10, 'Vertiport_5': 10, 'Vertiport_6': 11, 'Vertiport_7': 10, 'Vertiport_8': 9, 'Vertiport_9': 10, 'Vertiport_10': 10}"
57,632.0,210,8870.584423471973,394315.46183061524,"{'Vertiport_1': 10, 'Vertiport_2': 10, 'Vertiport_3': 10, 'Vertiport_4': 10, 'Vertiport_5': 10, 'Vertiport_6': 11, 'Vertiport_7': 10, 'Vertiport_8': 9, 'Vertiport_9': 10, 'Vertiport_10': 10}"
58,837.0,279,11320.395142687981,405635.85697330325,"{'Vertiport_1': 10, 'Vertiport_2': 10, 'Vertiport_3': 10, 'Vertiport_4': 10, 'Vertiport_5': 10, 'Vertiport_6': 10, 'Vertiport_7': 10, 'Vertiport_8': 10, 'Vertiport_9': 10, 'Vertiport_10': 10}"
59,783.0,261,11198.943741391995,416834.80071469524,"{'Vertiport_1': 10, 'Vertiport_2': 10, 'Vertiport_3': 10, 'Vertiport_4': 10, 'Vertiport_5': 10, 'Vertiport_6': 10, 'Vertiport_7': 10, 'Vertiport_8': 10, 'Vertiport_9': 10, 'Vertiport_10': 10}"
60,911.0,301,13052.771988064002,429887.57270275924,"{'Vertiport_1': 10, 'Vertiport_2': 10, 'Vertiport_3': 9, 'Vertiport_4': 11, 'Vertiport_5': 10, 'Vertiport_6': 12, 'Vertiport_7': 10, 'Vertiport_8': 7, 'Vertiport_9': 10, 'Vertiport_10': 11}"
61,987.0,327,13609.820254548005,443497.3929573072,"{'Vertiport_1': 10, 'Vertiport_2': 10, 'Vertiport_3': 10, 'Vertiport_4': 12, 'Vertiport_5': 10, 'Vertiport_6': 10, 'Vertiport_7': 10, 'Vertiport_8': 7, 'Vertiport_9': 11, 'Vertiport_10': 10}"
62,965.0,321,13698.298183744007,457195.69114105124,"{'Vertiport_1': 10, 'Vertiport_2': 10, 'Vertiport_3': 10, 'Vertiport_4': 11, 'Vertiport_5': 10, 'Vertiport_6': 10, 'Vertiport_7': 10, 'Vertiport_8': 9, 'Vertiport_9': 10, 'Vertiport_10': 10}"
63,919.0,303,12737.02768106399,469932.7188221152,"{'Vertiport_1': 10, 'Vertiport_2': 10, 'Vertiport_3': 9, 'Vertiport_4': 12, 'Vertiport_5': 10, 'Vertiport_6': 12, 'Vertiport_7': 10, 'Vertiport_8': 6, 'Vertiport_9': 10, 'Vertiport_10': 11}"
64,976.0,324,13951.663697252005,483884.3825193672,"{'Vertiport_1': 10, 'Vertiport_2': 10, 'Vertiport_3': 10, 'Vertiport_4': 11, 'Vertiport_5': 10, 'Vertiport_6': 10, 'Vertiport_7': 10, 'Vertiport_8': 8, 'Vertiport_9': 11, 'Vertiport_10': 10}"
65,1149.0,381,16293.586526720012,500177.96904608724,"{'Vertiport_1': 10, 'Vertiport_2': 10, 'Vertiport_3': 10, 'Vertiport_4': 11, 'Vertiport_5': 10, 'Vertiport_6': 10, 'Vertiport_7': 10, 'Vertiport_8': 9, 'Vertiport_9': 10, 'Vertiport_10': 10}"
66,1129.0,375,15743.059175952014,515921.0282220392,"{'Vertiport_1': 10, 'Vertiport_2': 10, 'Vertiport_3': 10, 'Vertiport_4': 12, 'Vertiport_5': 10, 'Vertiport_6': 10, 'Vertiport_7': 10, 'Vertiport_8': 8, 'Vertiport_9': 10, 'Vertiport_10': 10}"
67,1176.0,390,16111.956005040016,532032.9842270792,"{'Vertiport_1': 10, 'Vertiport_2': 10, 'Vertiport_3': 9, 'Vertiport_4': 10, 'Vertiport_5': 10, 'Vertiport_6': 12, 'Vertiport_7': 10, 'Vertiport_8': 8, 'Vertiport_9': 10, 'Vertiport_10': 11}"
68,1251.0,415,17719.13673316802,549752.1209602472,"{'Vertiport_1': 10, 'Vertiport_2': 10, 'Vertiport_3': 10, 'Vertiport_4': 11, 'Vertiport_5': 10, 'Vertiport_6': 10, 'Vertiport_7': 10, 'Vertiport_8': 9, 'Vertiport_9': 10, 'Vertiport_10': 10}"
69,1160.0,384,16213.274841992015,565965.3958022393,"{'Vertiport_1': 10, 'Vertiport_2': 10, 'Vertiport_3': 12, 'Vertiport_4': 11, 'Vertiport_5': 10, 'Vertiport_6': 11, 'Vertiport_7': 10, 'Vertiport_8': 8, 'Vertiport_9': 10, 'Vertiport_10': 8}"
70,1191.0,395,16334.515029440023,582299.9108316794,"{'Vertiport_1': 10, 'Vertiport_2': 10, 'Vertiport_3': 9, 'Vertiport_4': 12, 'Vertiport_5': 10, 'Vertiport_6': 10, 'Vertiport_7': 10, 'Vertiport_8': 8, 'Vertiport_9': 10, 'Vertiport_10': 11}"
71,1200.0,398,17296.16810949603,599596.0789411754,"{'Vertiport_1': 10, 'Vertiport_2': 10, 'Vertiport_3': 8, 'Vertiport_4': 11, 'Vertiport_5': 10, 'Vertiport_6': 10, 'Vertiport_7': 10, 'Vertiport_8': 9, 'Vertiport_9': 10, 'Vertiport_10': 12}"
72,1262.0,418,17659.903653972025,617255.9825951473,"{'Vertiport_1': 10, 'Vertiport_2': 10, 'Vertiport_3': 9, 'Vertiport_4': 10, 'Vertiport_5': 10, 'Vertiport_6': 12, 'Vertiport_7': 10, 'Vertiport_8': 7, 'Vertiport_9': 11, 'Vertiport_10': 11}"
73,1196.0,398,16784.97440302801,634040.9569981754,"{'Vertiport_1': 10, 'Vertiport_2': 10, 'Vertiport_3': 10, 'Vertiport_4': 10, 'Vertiport_5': 10, 'Vertiport_6': 10, 'Vertiport_7': 10, 'Vertiport_8': 11, 'Vertiport_9': 9, 'Vertiport_10': 10}"
74,1215.0,403,17298.462241372028,651339.4192395473,"{'Vertiport_1': 10, 'Vertiport_2': 10, 'Vertiport_3': 10, 'Vertiport_4': 11, 'Vertiport_5': 10, 'Vertiport_6': 11, 'Vertiport_7': 10, 'Vertiport_8': 9, 'Vertiport_9': 9, 'Vertiport_10': 10}"
75,1236.0,410,16834.845869360015,668174.2651089074,"{'Vertiport_1': 10, 'Vertiport_2': 10, 'Vertiport_3': 10, 'Vertiport_4': 10, 'Vertiport_5': 10, 'Vertiport_6': 11, 'Vertiport_7': 10, 'Vertiport_8': 9, 'Vertiport_9': 10, 'Vertiport_10': 10}"
76,1254.0,414,17169.928450364012,685344.1935592714,"{'Vertiport_1': 10, 'Vertiport_2': 10, 'Vertiport_3': 12, 'Vertiport_4': 11, 'Vertiport_5': 10, 'Vertiport_6': 12, 'Vertiport_7': 10, 'Vertiport_8': 8, 'Vertiport_9': 9, 'Vertiport_10': 8}"
77,1300.0,428,18013.738166272036,703357.9317255435,"{'Vertiport_1': 10, 'Vertiport_2': 10, 'Vertiport_3': 11, 'Vertiport_4': 14, 'Vertiport_5': 10, 'Vertiport_6': 13, 'Vertiport_7': 10, 'Vertiport_8': 3, 'Vertiport_9': 10, 'Vertiport_10': 9}"
78,1232.0,408,16972.133035940034,720330.0647614835,"{'Vertiport_1': 10, 'Vertiport_2': 10, 'Vertiport_3': 10, 'Vertiport_4': 11, 'Vertiport_5': 10, 'Vertiport_6': 12, 'Vertiport_7': 10, 'Vertiport_8': 6, 'Vertiport_9': 11, 'Vertiport_10': 10}"
79,1261.0,419,17982.278153304025,738312.3429147875,"{'Vertiport_1': 10, 'Vertiport_2': 10, 'Vertiport_3': 11, 'Vertiport_4': 11, 'Vertiport_5': 10, 'Vertiport_6': 10, 'Vertiport_7': 10, 'Vertiport_8': 9, 'Vertiport_9': 10, 'Vertiport_10': 9}"
80,1320.0,438,18048.262000088034,756360.6049148755,"{'Vertiport_1': 10, 'Vertiport_2': 10, 'Vertiport_3': 9, 'Vertiport_4': 11, 'Vertiport_5': 10, 'Vertiport_6': 11, 'Vertiport_7': 10, 'Vertiport_8': 8, 'Vertiport_9': 10, 'Vertiport_10': 11}"
81,1360.0,452,18602.071534040017,774962.6764489155,"{'Vertiport_1': 10, 'Vertiport_2': 10, 'Vertiport_3': 10, 'Vertiport_4': 11, 'Vertiport_5': 10, 'Vertiport_6': 11, 'Vertiport_7': 10, 'Vertiport_8': 8, 'Vertiport_9': 10, 'Vertiport_10': 10}"
82,1400.0,464,20416.50092353202,795379.1773724476,"{'Vertiport_1': 10, 'Vertiport_2': 10, 'Vertiport_3': 9, 'Vertiport_4': 10, 'Vertiport_5': 10, 'Vertiport_6': 10, 'Vertiport_7': 10, 'Vertiport_8': 9, 'Vertiport_9': 11, 'Vertiport_10': 11}"
83,1445.0,481,20936.584744208005,816315.7621166556,"{'Vertiport_1': 10, 'Vertiport_2': 10, 'Vertiport_3': 10, 'Vertiport_4': 11, 'Vertiport_5': 10, 'Vertiport_6': 10, 'Vertiport_7': 10, 'Vertiport_8': 9, 'Vertiport_9': 10, 'Vertiport_10': 10}"
84,1259.0,417,17275.17832163204,833590.9404382877,"{'Vertiport_1': 10, 'Vertiport_2': 10, 'Vertiport_3': 11, 'Vertiport_4': 11, 'Vertiport_5': 10, 'Vertiport_6': 10, 'Vertiport_7': 10, 'Vertiport_8': 9, 'Vertiport_9': 10, 'Vertiport_10': 9}"
85,1243.0,411,17860.316974664027,851451.2574129517,"{'Vertiport_1': 10, 'Vertiport_2': 10, 'Vertiport_3': 9, 'Vertiport_4': 12, 'Vertiport_5': 10, 'Vertiport_6': 10, 'Vertiport_7': 10, 'Vertiport_8': 8, 'Vertiport_9': 10, 'Vertiport_10': 11}"
86,1262.0,418,17305.54077910803,868756.7981920597,"{'Vertiport_1': 10, 'Vertiport_2': 10, 'Vertiport_3': 10, 'Vertiport_4': 10, 'Vertiport_5': 10, 'Vertiport_6': 11, 'Vertiport_7': 10, 'Vertiport_8': 10, 'Vertiport_9': 9, 'Vertiport_10': 10}"
87,1293.0,431,17871.101132720025,886627.8993247797,"{'Vertiport_1': 10, 'Vertiport_2': 10, 'Vertiport_3': 10, 'Vertiport_4': 10, 'Vertiport_5': 10, 'Vertiport_6': 10, 'Vertiport_7': 10, 'Vertiport_8': 10, 'Vertiport_9': 10, 'Vertiport_10': 10}"
88,1221.0,405,16943.133060120024,903571.0323848998,"{'Vertiport_1': 10, 'Vertiport_2': 10, 'Vertiport_3': 10, 'Vertiport_4': 10, 'Vertiport_5': 10, 'Vertiport_6': 11, 'Vertiport_7': 10, 'Vertiport_8': 9, 'Vertiport_9': 10, 'Vertiport_10': 10}"
89,1105.0,367,15030.32846354401,918601.3608484438,"{'Vertiport_1': 10, 'Vertiport_2': 10, 'Vertiport_3': 10, 'Vertiport_4': 10, 'Vertiport_5': 10, 'Vertiport_6': 10, 'Vertiport_7': 10, 'Vertiport_8': 8, 'Vertiport_9': 12, 'Vertiport_10': 10}"
90,1079.0,357,15550.394789788004,934151.7556382319,"{'Vertiport_1': 10, 'Vertiport_2': 10, 'Vertiport_3': 9, 'Vertiport_4': 10, 'Vertiport_5': 10, 'Vertiport_6': 10, 'Vertiport_7': 10, 'Vertiport_8': 9, 'Vertiport_9': 11, 'Vertiport_10': 11}"
91,1089.0,363,15986.187364400013,950137.9430026319,"{'Vertiport_1': 10, 'Vertiport_2': 10, 'Vertiport_3': 10, 'Vertiport_4': 10, 'Vertiport_5': 10, 'Vertiport_6': 10, 'Vertiport_7': 10, 'Vertiport_8': 10, 'Vertiport_9': 10, 'Vertiport_10': 10}"
92,1219.0,403,17679.84361939602,967817.7866220279,"{'Vertiport_1': 10, 'Vertiport_2': 10, 'Vertiport_3': 7, 'Vertiport_4': 11, 'Vertiport_5': 10, 'Vertiport_6': 10, 'Vertiport_7': 10, 'Vertiport_8': 8, 'Vertiport_9': 11, 'Vertiport_10': 13}"
93,1067.0,353,15701.39420541201,983519.1808274399,"{'Vertiport_1': 10, 'Vertiport_2': 10, 'Vertiport_3': 9, 'Vertiport_4': 11, 'Vertiport_5': 10, 'Vertiport_6': 11, 'Vertiport_7': 10, 'Vertiport_8': 9, 'Vertiport_9': 9, 'Vertiport_10': 11}"
94,947.0,311,13635.40554458001,997154.5863720198,"{'Vertiport_1': 10, 'Vertiport_2': 10, 'Vertiport_3': 9, 'Vertiport_4': 12, 'Vertiport_5': 10, 'Vertiport_6': 11, 'Vertiport_7': 10, 'Vertiport_8': 6, 'Vertiport_9': 11, 'Vertiport_10': 11}"
95,698.0,230,9705.340000871987,1006859.9263728919,"{'Vertiport_1': 10, 'Vertiport_2': 10, 'Vertiport_3': 9, 'Vertiport_4': 10, 'Vertiport_5': 10, 'Vertiport_6': 11, 'Vertiport_7': 10, 'Vertiport_8': 9, 'Vertiport_9': 10, 'Vertiport_10': 11}"
96,547.0,181,7408.064747591973,1014267.9911204838,"{'Vertiport_1': 10, 'Vertiport_2': 10, 'Vertiport_3': 10, 'Vertiport_4': 12, 'Vertiport_5': 10, 'Vertiport_6': 10, 'Vertiport_7': 10, 'Vertiport_8': 8, 'Vertiport_9': 10, 'Vertiport_10': 10}"
97,433.0,143,5749.064552823982,1020017.0556733079,"{'Vertiport_1': 10, 'Vertiport_2': 10, 'Vertiport_3': 10, 'Vertiport_4': 10, 'Vertiport_5': 10, 'Vertiport_6': 10, 'Vertiport_7': 10, 'Vertiport_8': 10, 'Vertiport_9': 10, 'Vertiport_10': 10}"
98,359.0,119,4939.792971207991,1024956.8486445158,"{'Vertiport_1': 10, 'Vertiport_2': 10, 'Vertiport_3': 10, 'Vertiport_4': 11, 'Vertiport_5': 10, 'Vertiport_6': 10, 'Vertiport_7': 10, 'Vertiport_8': 9, 'Vertiport_9': 10, 'Vertiport_10': 10}"
99,361.0,119,5869.941183671984,1030826.7898281878,"{'Vertiport_1': 10, 'Vertiport_2': 10, 'Vertiport_3': 9, 'Vertiport_4': 11, 'Vertiport_5': 10, 'Vertiport_6': 10, 'Vertiport_7': 10, 'Vertiport_8': 9, 'Vertiport_9': 10, 'Vertiport_10': 11}"
100,264.0,88,3889.4136455679986,1034716.2034737557,"{'Vertiport_1': 10, 'Vertiport_2': 10, 'Vertiport_3': 10, 'Vertiport_4': 10, 'Vertiport_5': 10, 'Vertiport_6': 10, 'Vertiport_7': 10, 'Vertiport_8': 10, 'Vertiport_9': 10, 'Vertiport_10': 10}"
101,255.0,85,3998.887552399997,1038715.0910261557,"{'Vertiport_1': 10, 'Vertiport_2': 10, 'Vertiport_3': 10, 'Vertiport_4': 10, 'Vertiport_5': 10, 'Vertiport_6': 10, 'Vertiport_7': 10, 'Vertiport_8': 10, 'Vertiport_9': 10, 'Vertiport_10': 10}"
102,216.0,72,3332.393552143999,1042047.4845782997,"{'Vertiport_1': 10, 'Vertiport_2': 10, 'Vertiport_3': 10, 'Vertiport_4': 10, 'Vertiport_5': 10, 'Vertiport_6': 10, 'Vertiport_7': 10, 'Vertiport_8': 10, 'Vertiport_9': 10, 'Vertiport_10': 10}"
103,214.0,70,3064.830539107999,1045112.3151174077,"{'Vertiport_1': 10, 'Vertiport_2': 10, 'Vertiport_3': 10, 'Vertiport_4': 11, 'Vertiport_5': 10, 'Vertiport_6': 10, 'Vertiport_7': 10, 'Vertiport_8': 8, 'Vertiport_9': 11, 'Vertiport_10': 10}"
104,238.0,78,3659.728310371997,1048772.0434277798,"{'Vertiport_1': 10, 'Vertiport_2': 10, 'Vertiport_3': 9, 'Vertiport_4': 10, 'Vertiport_5': 10, 'Vertiport_6': 10, 'Vertiport_7': 10, 'Vertiport_8': 9, 'Vertiport_9': 11, 'Vertiport_10': 11}"
105,153.0,51,2231.964962496,1051004.0083902758,"{'Vertiport_1': 10, 'Vertiport_2': 10, 'Vertiport_3': 10, 'Vertiport_4': 10, 'Vertiport_5': 10, 'Vertiport_6': 10, 'Vertiport_7': 10, 'Vertiport_8': 10, 'Vertiport_9': 10, 'Vertiport_10': 10}"
106,185.0,61,2542.5053437759993,1053546.5137340517,"{'Vertiport_1': 10, 'Vertiport_2': 10, 'Vertiport_3': 10, 'Vertiport_4': 10, 'Vertiport_5': 10, 'Vertiport_6': 11, 'Vertiport_7': 10, 'Vertiport_8': 9, 'Vertiport_9': 10, 'Vertiport_10': 10}"
107,179.0,59,2738.4359826399996,1056284.9497166916,"{'Vertiport_1': 10, 'Vertiport_2': 10, 'Vertiport_3': 9, 'Vertiport_4': 10, 'Vertiport_5': 10, 'Vertiport_6': 10, 'Vertiport_7': 10, 'Vertiport_8': 10, 'Vertiport_9': 10, 'Vertiport_10': 11}"
108,214.0,70,3064.211750343999,1059349.1614670355,"{'Vertiport_1': 10, 'Vertiport_2': 10, 'Vertiport_3': 10, 'Vertiport_4': 10, 'Vertiport_5': 10, 'Vertiport_6': 12, 'Vertiport_7': 10, 'Vertiport_8': 8, 'Vertiport_9': 10, 'Vertiport_10': 10}"
109,247.0,81,3288.9215391439984,1062638.0830061794,"{'Vertiport_1': 10, 'Vertiport_2': 10, 'Vertiport_3': 11, 'Vertiport_4': 10, 'Vertiport_5': 10, 'Vertiport_6': 11, 'Vertiport_7': 10, 'Vertiport_8': 9, 'Vertiport_9': 10, 'Vertiport_10': 9}"
110,328.0,108,4579.019454987992,1067217.1024611674,"{'Vertiport_1': 10, 'Vertiport_2': 10, 'Vertiport_3': 10, 'Vertiport_4': 11, 'Vertiport_5': 10, 'Vertiport_6': 10, 'Vertiport_7': 10, 'Vertiport_8': 8, 'Vertiport_9': 11, 'Vertiport_10': 10}"
111,424.0,140,6305.412665931979,1073522.5151270994,"{'Vertiport_1': 10, 'Vertiport_2': 10, 'Vertiport_3': 10, 'Vertiport_4': 11, 'Vertiport_5': 10, 'Vertiport_6': 10, 'Vertiport_7': 10, 'Vertiport_8': 8, 'Vertiport_9': 11, 'Vertiport_10': 10}"
112,476.0,158,6824.318644715978,1080346.8337718153,"{'Vertiport_1': 10, 'Vertiport_2': 10, 'Vertiport_3': 10, 'Vertiport_4': 10, 'Vertiport_5': 10, 'Vertiport_6': 10, 'Vertiport_7': 10, 'Vertiport_8': 9, 'Vertiport_9': 11, 'Vertiport_10': 10}"
113,529.0,175,7445.891814911973,1087792.7255867273,"{'Vertiport_1': 10, 'Vertiport_2': 10, 'Vertiport_3': 9, 'Vertiport_4': 11, 'Vertiport_5': 10, 'Vertiport_6': 10, 'Vertiport_7': 10, 'Vertiport_8': 9, 'Vertiport_9': 10, 'Vertiport_10': 11}"
114,641.0,213,8856.800816831974,1096649.5264035591,"{'Vertiport_1': 10, 'Vertiport_2': 10, 'Vertiport_3': 10, 'Vertiport_4': 10, 'Vertiport_5': 10, 'Vertiport_6': 11, 'Vertiport_7': 10, 'Vertiport_8': 9, 'Vertiport_9': 10, 'Vertiport_10': 10}"
115,755.0,249,10088.76518590398,1106738.2915894631,"{'Vertiport_1': 10, 'Vertiport_2': 10, 'Vertiport_3': 10, 'Vertiport_4': 11, 'Vertiport_5': 10, 'Vertiport_6': 13, 'Vertiport_7': 10, 'Vertiport_8': 6, 'Vertiport_9': 10, 'Vertiport_10': 10}"
116,741.0,247,10006.443553815989,1116744.7351432792,"{'Vertiport_1': 10, 'Vertiport_2': 10, 'Vertiport_3': 10, 'Vertiport_4': 10, 'Vertiport_5': 10, 'Vertiport_6': 10, 'Vertiport_7': 10, 'Vertiport_8': 10, 'Vertiport_9': 10, 'Vertiport_10': 10}"
117,761.0,251,10337.545841983985,1127082.2809852632,"{'Vertiport_1': 10, 'Vertiport_2': 10, 'Vertiport_3': 11, 'Vertiport_4': 12, 'Vertiport_5': 10, 'Vertiport_6': 11, 'Vertiport_7': 10, 'Vertiport_8': 7, 'Vertiport_9': 10, 'Vertiport_10': 9}"
118,737.0,245,9955.542823679982,1137037.8238089432,"{'Vertiport_1': 10, 'Vertiport_2': 10, 'Vertiport_3': 10, 'Vertiport_4': 11, 'Vertiport_5': 10, 'Vertiport_6': 10, 'Vertiport_7': 10, 'Vertiport_8': 9, 'Vertiport_9': 10, 'Vertiport_10': 10}"
119,765.0,253,10376.180465291984,1147414.004274235,"{'Vertiport_1': 10, 'Vertiport_2': 10, 'Vertiport_3': 10, 'Vertiport_4': 11, 'Vertiport_5': 10, 'Vertiport_6': 11, 'Vertiport_7': 10, 'Vertiport_8': 7, 'Vertiport_9': 11, 'Vertiport_10': 10}"
120,723.0,239,9935.340453379984,1157349.3447276151,"{'Vertiport_1': 10, 'Vertiport_2': 10, 'Vertiport_3': 9, 'Vertiport_4': 11, 'Vertiport_5': 10, 'Vertiport_6': 10, 'Vertiport_7': 10, 'Vertiport_8': 8, 'Vertiport_9': 11, 'Vertiport_10': 11}"
121,623.0,207,8871.186313455986,1166220.531041071,"{'Vertiport_1': 10, 'Vertiport_2': 10, 'Vertiport_3': 9, 'Vertiport_4': 10, 'Vertiport_5': 10, 'Vertiport_6': 10, 'Vertiport_7': 10, 'Vertiport_8': 10, 'Vertiport_9': 10, 'Vertiport_10': 11}"
122,616.0,204,8925.241937127983,1175145.772978199,"{'Vertiport_1': 10, 'Vertiport_2': 10, 'Vertiport_3': 11, 'Vertiport_4': 10, 'Vertiport_5': 10, 'Vertiport_6': 11, 'Vertiport_7': 10, 'Vertiport_8': 9, 'Vertiport_9': 10, 'Vertiport_10': 9}"
123,637.0,211,8837.760859363974,1183983.533837563,"{'Vertiport_1': 10, 'Vertiport_2': 10, 'Vertiport_3': 10, 'Vertiport_4': 11, 'Vertiport_5': 10, 'Vertiport_6': 10, 'Vertiport_7': 10, 'Vertiport_8': 8, 'Vertiport_9': 11, 'Vertiport_10': 10}"
124,633.0,209,9000.981603407978,1192984.515440971,"{'Vertiport_1': 10, 'Vertiport_2': 10, 'Vertiport_3': 10, 'Vertiport_4': 12, 'Vertiport_5': 10, 'Vertiport_6': 11, 'Vertiport_7': 10, 'Vertiport_8': 7, 'Vertiport_9': 10, 'Vertiport_10': 10}"
125,543.0,179,7305.521183843973,1200290.0366248148,"{'Vertiport_1': 10, 'Vertiport_2': 10, 'Vertiport_3': 11, 'Vertiport_4': 10, 'Vertiport_5': 10, 'Vertiport_6': 11, 'Vertiport_7': 10, 'Vertiport_8': 8, 'Vertiport_9': 11, 'Vertiport_10': 9}"
126,599.0,197,8552.897326359971,1208842.9339511748,"{'Vertiport_1': 10, 'Vertiport_2': 10, 'Vertiport_3': 9, 'Vertiport_4': 12, 'Vertiport_5': 10, 'Vertiport_6': 11, 'Vertiport_7': 10, 'Vertiport_8': 7, 'Vertiport_9': 10, 'Vertiport_10': 11}"
127,693.0,229,10098.425562547985,1218941.3595137228,"{'Vertiport_1': 10, 'Vertiport_2': 10, 'Vertiport_3': 10, 'Vertiport_4': 12, 'Vertiport_5': 10, 'Vertiport_6': 10, 'Vertiport_7': 10, 'Vertiport_8': 7, 'Vertiport_9': 11, 'Vertiport_10': 10}"
128,678.0,224,9736.966544135985,1228678.3260578588,"{'Vertiport_1': 10, 'Vertiport_2': 10, 'Vertiport_3': 9, 'Vertiport_4': 11, 'Vertiport_5': 10, 'Vertiport_6': 11, 'Vertiport_7': 10, 'Vertiport_8': 8, 'Vertiport_9': 10, 'Vertiport_10': 11}"
129,751.0,249,10604.109441627976,1239282.4354994867,"{'Vertiport_1': 10, 'Vertiport_2': 10, 'Vertiport_3': 11, 'Vertiport_4': 10, 'Vertiport_5': 10, 'Vertiport_6': 10, 'Vertiport_7': 10, 'Vertiport_8': 9, 'Vertiport_9': 11, 'Vertiport_10': 9}"
130,737.0,243,10292.186163879993,1249574.6216633667,"{'Vertiport_1': 10, 'Vertiport_2': 10, 'Vertiport_3': 10, 'Vertiport_4': 10, 'Vertiport_5': 10, 'Vertiport_6': 12, 'Vertiport_7': 10, 'Vertiport_8': 8, 'Vertiport_9': 10, 'Vertiport_10': 10}"
131,783.0,261,11417.072195143983,1260991.6938585106,"{'Vertiport_1': 10, 'Vertiport_2': 10, 'Vertiport_3': 10, 'Vertiport_4': 10, 'Vertiport_5': 10, 'Vertiport_6': 10, 'Vertiport_7': 10, 'Vertiport_8': 10, 'Vertiport_9': 10, 'Vertiport_10': 10}"
132,783.0,259,11435.19892345999,1272426.8927819706,"{'Vertiport_1': 10, 'Vertiport_2': 10, 'Vertiport_3': 9, 'Vertiport_4': 10, 'Vertiport_5': 10, 'Vertiport_6': 11, 'Vertiport_7': 10, 'Vertiport_8': 8, 'Vertiport_9': 11, 'Vertiport_10': 11}"
133,766.0,252,10880.99022762399,1283307.8830095946,"{'Vertiport_1': 10, 'Vertiport_2': 10, 'Vertiport_3': 6, 'Vertiport_4': 10, 'Vertiport_5': 10, 'Vertiport_6': 11, 'Vertiport_7': 10, 'Vertiport_8': 9, 'Vertiport_9': 10, 'Vertiport_10': 14}"
134,730.0,242,9742.614966535984,1293050.4979761306,"{'Vertiport_1': 10, 'Vertiport_2': 10, 'Vertiport_3': 10, 'Vertiport_4': 10, 'Vertiport_5': 10, 'Vertiport_6': 12, 'Vertiport_7': 10, 'Vertiport_8': 8, 'Vertiport_9': 10, 'Vertiport_10': 10}"
135,708.0,234,10095.044873751987,1303145.5428498825,"{'Vertiport_1': 10, 'Vertiport_2': 10, 'Vertiport_3': 12, 'Vertiport_4': 10, 'Vertiport_5': 10, 'Vertiport_6': 11, 'Vertiport_7': 10, 'Vertiport_8': 9, 'Vertiport_9': 10, 'Vertiport_10': 8}"
136,743.0,245,10328.547713687989,1313474.0905635704,"{'Vertiport_1': 10, 'Vertiport_2': 10, 'Vertiport_3': 9, 'Vertiport_4': 11, 'Vertiport_5': 10, 'Vertiport_6': 12, 'Vertiport_7': 10, 'Vertiport_8': 7, 'Vertiport_9': 10, 'Vertiport_10': 11}"
137,802.0,264,11721.112211439991,1325195.2027750104,"{'Vertiport_1': 10, 'Vertiport_2': 10, 'Vertiport_3': 9, 'Vertiport_4': 12, 'Vertiport_5': 10, 'Vertiport_6': 10, 'Vertiport_7': 10, 'Vertiport_8': 8, 'Vertiport_9': 10, 'Vertiport_10': 11}"
138,751.0,247,10087.565088819985,1335282.7678638303,"{'Vertiport_1': 10, 'Vertiport_2': 10, 'Vertiport_3': 9, 'Vertiport_4': 11, 'Vertiport_5': 10, 'Vertiport_6': 12, 'Vertiport_7': 10, 'Vertiport_8': 6, 'Vertiport_9': 11, 'Vertiport_10': 11}"
139,672.0,222,9712.13704064798,1344994.9049044782,"{'Vertiport_1': 10, 'Vertiport_2': 10, 'Vertiport_3': 9, 'Vertiport_4': 10, 'Vertiport_5': 10, 'Vertiport_6': 10, 'Vertiport_7': 10, 'Vertiport_8': 10, 'Vertiport_9': 10, 'Vertiport_10': 11}"
140,798.0,264,11893.31443603999,1356888.2193405181,"{'Vertiport_1': 10, 'Vertiport_2': 10, 'Vertiport_3': 11, 'Vertiport_4': 10, 'Vertiport_5': 10, 'Vertiport_6': 10, 'Vertiport_7': 10, 'Vertiport_8': 10, 'Vertiport_9': 10, 'Vertiport_10': 9}"
141,763.0,251,11169.899283151997,1368058.1186236702,"{'Vertiport_1': 10, 'Vertiport_2': 10, 'Vertiport_3': 12, 'Vertiport_4': 10, 'Vertiport_5': 10, 'Vertiport_6': 11, 'Vertiport_7': 10, 'Vertiport_8': 7, 'Vertiport_9': 12, 'Vertiport_10': 8}"
142,748.0,248,10933.706930519997,1378991.8255541902,"{'Vertiport_1': 10, 'Vertiport_2': 10, 'Vertiport_3': 12, 'Vertiport_4': 10, 'Vertiport_5': 10, 'Vertiport_6': 10, 'Vertiport_7': 10, 'Vertiport_8': 10, 'Vertiport_9': 10, 'Vertiport_10': 8}"
143,804.0,266,10622.388995975993,1389614.2145501662,"{'Vertiport_1': 10, 'Vertiport_2': 10, 'Vertiport_3': 10, 'Vertiport_4': 11, 'Vertiport_5': 10, 'Vertiport_6': 12, 'Vertiport_7': 10, 'Vertiport_8': 7, 'Vertiport_9': 10, 'Vertiport_10': 10}"
144,824.0,272,11573.188227591989,1401187.4027777582,"{'Vertiport_1': 10, 'Vertiport_2': 10, 'Vertiport_3': 10, 'Vertiport_4': 12, 'Vertiport_5': 10, 'Vertiport_6': 10, 'Vertiport_7': 10, 'Vertiport_8': 8, 'Vertiport_9': 10, 'Vertiport_10': 10}"
145,674.0,222,9564.903563067981,1410752.3063408262,"{'Vertiport_1': 10, 'Vertiport_2': 10, 'Vertiport_3': 11, 'Vertiport_4': 11, 'Vertiport_5': 10, 'Vertiport_6': 11, 'Vertiport_7': 10, 'Vertiport_8': 7, 'Vertiport_9': 11, 'Vertiport_10': 9}"
146,667.0,221,9546.95542345198,1420299.2617642782,"{'Vertiport_1': 10, 'Vertiport_2': 10, 'Vertiport_3': 10, 'Vertiport_4': 11, 'Vertiport_5': 10, 'Vertiport_6': 10, 'Vertiport_7': 10, 'Vertiport_8': 8, 'Vertiport_9': 11, 'Vertiport_10': 10}"
147,734.0,244,10241.789156279987,1430541.0509205582,"{'Vertiport_1': 10, 'Vertiport_2': 10, 'Vertiport_3': 10, 'Vertiport_4': 11, 'Vertiport_5': 10, 'Vertiport_6': 10, 'Vertiport_7': 10, 'Vertiport_8': 9, 'Vertiport_9': 10, 'Vertiport_10': 10}"
148,689.0,229,9406.886064215985,1439947.9369847742,"{'Vertiport_1': 10, 'Vertiport_2': 10, 'Vertiport_3': 10, 'Vertiport_4': 11, 'Vertiport_5': 10, 'Vertiport_6': 10, 'Vertiport_7': 10, 'Vertiport_8': 9, 'Vertiport_9': 10, 'Vertiport_10': 10}"
149,677.0,225,9172.34190149598,1449120.2788862702,"{'Vertiport_1': 10, 'Vertiport_2': 10, 'Vertiport_3': 11, 'Vertiport_4': 10, 'Vertiport_5': 10, 'Vertiport_6': 10, 'Vertiport_7': 10, 'Vertiport_8': 10, 'Vertiport_9': 10, 'Vertiport_10': 9}"
150,630.0,210,8863.152033759976,1457983.4309200302,"{'Vertiport_1': 10, 'Vertiport_2': 10, 'Vertiport_3': 10, 'Vertiport_4': 10, 'Vertiport_5': 10, 'Vertiport_6': 10, 'Vertiport_7': 10, 'Vertiport_8': 10, 'Vertiport_9': 10, 'Vertiport_10': 10}"
151,683.0,227,9454.808396615981,1467438.2393166462,"{'Vertiport_1': 10, 'Vertiport_2': 10, 'Vertiport_3': 10, 'Vertiport_4': 11, 'Vertiport_5': 10, 'Vertiport_6': 10, 'Vertiport_7': 10, 'Vertiport_8': 9, 'Vertiport_9': 10, 'Vertiport_10': 10}"
152,536.0,178,7969.077887135969,1475407.3172037823,"{'Vertiport_1': 10, 'Vertiport_2': 10, 'Vertiport_3': 10, 'Vertiport_4': 10, 'Vertiport_5': 10, 'Vertiport_6': 11, 'Vertiport_7': 10, 'Vertiport_8': 9, 'Vertiport_9': 10, 'Vertiport_10': 10}"
153,591.0,195,7892.187219531964,1483299.5044233142,"{'Vertiport_1': 10, 'Vertiport_2': 10, 'Vertiport_3': 10, 'Vertiport_4': 11, 'Vertiport_5': 10, 'Vertiport_6': 11, 'Vertiport_7': 10, 'Vertiport_8': 7, 'Vertiport_9': 11, 'Vertiport_10': 10}"
154,631.0,209,9225.21448167197,1492524.7189049863,"{'Vertiport_1': 10, 'Vertiport_2': 10, 'Vertiport_3': 10, 'Vertiport_4': 11, 'Vertiport_5': 10, 'Vertiport_6': 11, 'Vertiport_7': 10, 'Vertiport_8': 8, 'Vertiport_9': 10, 'Vertiport_10': 10}"
155,688.0,228,9910.70555980799,1502435.4244647943,"{'Vertiport_1': 10, 'Vertiport_2': 10, 'Vertiport_3': 10, 'Vertiport_4': 10, 'Vertiport_5': 10, 'Vertiport_6': 12, 'Vertiport_7': 10, 'Vertiport_8': 8, 'Vertiport_9': 10, 'Vertiport_10': 10}"
156,781.0,259,11101.730569351981,1513537.1550341463,"{'Vertiport_1': 10, 'Vertiport_2': 10, 'Vertiport_3': 10, 'Vertiport_4': 11, 'Vertiport_5': 10, 'Vertiport_6': 11, 'Vertiport_7': 10, 'Vertiport_8': 8, 'Vertiport_9': 10, 'Vertiport_10': 10}"
157,745.0,247,10294.771075903986,1523831.9261100502,"{'Vertiport_1': 10, 'Vertiport_2': 10, 'Vertiport_3': 9, 'Vertiport_4': 11, 'Vertiport_5': 10, 'Vertiport_6': 10, 'Vertiport_7': 10, 'Vertiport_8': 9, 'Vertiport_9': 10, 'Vertiport_10': 11}"
158,825.0,273,11763.90085355999,1535595.8269636102,"{'Vertiport_1': 10, 'Vertiport_2': 10, 'Vertiport_3': 8, 'Vertiport_4': 10, 'Vertiport_5': 10, 'Vertiport_6': 11, 'Vertiport_7': 10, 'Vertiport_8': 9, 'Vertiport_9': 10, 'Vertiport_10': 12}"
159,835.0,277,11814.705624155995,1547410.5325877662,"{'Vertiport_1': 10, 'Vertiport_2': 10, 'Vertiport_3': 10, 'Vertiport_4': 11, 'Vertiport_5': 10, 'Vertiport_6': 10, 'Vertiport_7': 10, 'Vertiport_8': 8, 'Vertiport_9': 11, 'Vertiport_10': 10}"
160,860.0,284,12697.449603603996,1560107.98219137,"{'Vertiport_1': 10, 'Vertiport_2': 10, 'Vertiport_3': 12, 'Vertiport_4': 10, 'Vertiport_5': 10, 'Vertiport_6': 11, 'Vertiport_7': 10, 'Vertiport_8': 8, 'Vertiport_9': 11, 'Vertiport_10': 8}"
161,891.0,297,13221.788190536006,1573329.770381906,"{'Vertiport_1': 10, 'Vertiport_2': 10, 'Vertiport_3': 10, 'Vertiport_4': 10, 'Vertiport_5': 10, 'Vertiport_6': 10, 'Vertiport_7': 10, 'Vertiport_8': 10, 'Vertiport_9': 10, 'Vertiport_10': 10}"
162,864.0,286,12085.795829419994,1585415.566211326,"{'Vertiport_1': 10, 'Vertiport_2': 10, 'Vertiport_3': 11, 'Vertiport_4': 10, 'Vertiport_5': 10, 'Vertiport_6': 11, 'Vertiport_7': 10, 'Vertiport_8': 8, 'Vertiport_9': 11, 'Vertiport_10': 9}"
163,781.0,259,11325.232204351982,1596740.798415678,"{'Vertiport_1': 10, 'Vertiport_2': 10, 'Vertiport_3': 10, 'Vertiport_4': 10, 'Vertiport_5': 10, 'Vertiport_6': 12, 'Vertiport_7': 10, 'Vertiport_8': 8, 'Vertiport_9': 10, 'Vertiport_10': 10}"
164,950.0,316,13263.397541484004,1610004.1959571622,"{'Vertiport_1': 10, 'Vertiport_2': 10, 'Vertiport_3': 10, 'Vertiport_4': 10, 'Vertiport_5': 10, 'Vertiport_6': 10, 'Vertiport_7': 10, 'Vertiport_8': 9, 'Vertiport_9': 11, 'Vertiport_10': 10}"
165,859.0,285,11847.59516863599,1621851.7911257981,"{'Vertiport_1': 10, 'Vertiport_2': 10, 'Vertiport_3': 10, 'Vertiport_4': 11, 'Vertiport_5': 10, 'Vertiport_6': 10, 'Vertiport_7': 10, 'Vertiport_8': 8, 'Vertiport_9': 11, 'Vertiport_10': 10}"
166,796.0,262,10807.504805679995,1632659.295931478,"{'Vertiport_1': 10, 'Vertiport_2': 10, 'Vertiport_3': 11, 'Vertiport_4': 13, 'Vertiport_5': 10, 'Vertiport_6': 11, 'Vertiport_7': 10, 'Vertiport_8': 6, 'Vertiport_9': 10, 'Vertiport_10': 9}"
167,794.0,262,11942.291519843993,1644601.587451322,"{'Vertiport_1': 10, 'Vertiport_2': 10, 'Vertiport_3': 9, 'Vertiport_4': 10, 'Vertiport_5': 10, 'Vertiport_6': 10, 'Vertiport_7': 10, 'Vertiport_8': 9, 'Vertiport_9': 11, 'Vertiport_10': 11}"
168,779.0,257,11486.739641767987,1656088.32709309,"{'Vertiport_1': 10, 'Vertiport_2': 10, 'Vertiport_3': 10, 'Vertiport_4': 12, 'Vertiport_5': 10, 'Vertiport_6': 12, 'Vertiport_7': 10, 'Vertiport_8': 6, 'Vertiport_9': 10, 'Vertiport_10': 10}"
169,818.0,270,11987.586336411989,1668075.913429502,"{'Vertiport_1': 10, 'Vertiport_2': 10, 'Vertiport_3': 11, 'Vertiport_4': 10, 'Vertiport_5': 10, 'Vertiport_6': 10, 'Vertiport_7': 10, 'Vertiport_8': 9, 'Vertiport_9': 11, 'Vertiport_10': 9}"
170,786.0,260,11955.225133008014,1680031.13856251,"{'Vertiport_1': 10, 'Vertiport_2': 10, 'Vertiport_3': 8, 'Vertiport_4': 11, 'Vertiport_5': 10, 'Vertiport_6': 10, 'Vertiport_7': 10, 'Vertiport_8': 9, 'Vertiport_9': 10, 'Vertiport_10': 12}"
171,778.0,256,10592.292663355976,1690623.431225866,"{'Vertiport_1': 10, 'Vertiport_2': 10, 'Vertiport_3': 9, 'Vertiport_4': 13, 'Vertiport_5': 10, 'Vertiport_6': 10, 'Vertiport_7': 10, 'Vertiport_8': 6, 'Vertiport_9': 11, 'Vertiport_10': 11}"
172,811.0,265,12144.371664312006,1702767.802890178,"{'Vertiport_1': 10, 'Vertiport_2': 10, 'Vertiport_3': 9, 'Vertiport_4': 12, 'Vertiport_5': 10, 'Vertiport_6': 11, 'Vertiport_7': 10, 'Vertiport_8': 7, 'Vertiport_9': 10, 'Vertiport_10': 11}"
173,721.0,237,10252.804759475988,1713020.6076496542,"{'Vertiport_1': 10, 'Vertiport_2': 10, 'Vertiport_3': 10, 'Vertiport_4': 10, 'Vertiport_5': 10, 'Vertiport_6': 10, 'Vertiport_7': 10, 'Vertiport_8': 9, 'Vertiport_9': 11, 'Vertiport_10': 10}"
174,779.0,257,11010.017083143988,1724030.6247327982,"{'Vertiport_1': 10, 'Vertiport_2': 10, 'Vertiport_3': 8, 'Vertiport_4': 10, 'Vertiport_5': 10, 'Vertiport_6': 12, 'Vertiport_7': 10, 'Vertiport_8': 8, 'Vertiport_9': 10, 'Vertiport_10': 12}"
175,747.0,247,10702.159893983988,1734732.7846267822,"{'Vertiport_1': 10, 'Vertiport_2': 10, 'Vertiport_3': 12, 'Vertiport_4': 10, 'Vertiport_5': 10, 'Vertiport_6': 11, 'Vertiport_7': 10, 'Vertiport_8': 9, 'Vertiport_9': 10, 'Vertiport_10': 8}"
176,716.0,236,10711.001942691983,1745443.7865694743,"{'Vertiport_1': 10, 'Vertiport_2': 10, 'Vertiport_3': 9, 'Vertiport_4': 10, 'Vertiport_5': 10, 'Vertiport_6': 10, 'Vertiport_7': 10, 'Vertiport_8': 9, 'Vertiport_9': 11, 'Vertiport_10': 11}"
177,706.0,232,10112.837553843978,1755556.6241233184,"{'Vertiport_1': 10, 'Vertiport_2': 10, 'Vertiport_3': 9, 'Vertiport_4': 12, 'Vertiport_5': 10, 'Vertiport_6': 11, 'Vertiport_7': 10, 'Vertiport_8': 6, 'Vertiport_9': 11, 'Vertiport_10': 11}"
178,649.0,211,9478.725756751985,1765035.3498800704,"{'Vertiport_1': 10, 'Vertiport_2': 10, 'Vertiport_3': 6, 'Vertiport_4': 13, 'Vertiport_5': 10, 'Vertiport_6': 11, 'Vertiport_7': 10, 'Vertiport_8': 6, 'Vertiport_9': 10, 'Vertiport_10': 14}"
179,522.0,172,7730.079406891969,1772765.4292869624,"{'Vertiport_1': 10, 'Vertiport_2': 10, 'Vertiport_3': 11, 'Vertiport_4': 10, 'Vertiport_5': 10, 'Vertiport_6': 11, 'Vertiport_7': 10, 'Vertiport_8': 8, 'Vertiport_9': 11, 'Vertiport_10': 9}"
180,472.0,154,6482.381764415975,1779247.8110513783,"{'Vertiport_1': 10, 'Vertiport_2': 10, 'Vertiport_3': 10, 'Vertiport_4': 15, 'Vertiport_5': 10, 'Vertiport_6': 10, 'Vertiport_7': 10, 'Vertiport_8': 5, 'Vertiport_9': 10, 'Vertiport_10': 10}"
181,450.0,148,6580.7678805479745,1785828.5789319263,"{'Vertiport_1': 10, 'Vertiport_2': 10, 'Vertiport_3': 10, 'Vertiport_4': 12, 'Vertiport_5': 10, 'Vertiport_6': 10, 'Vertiport_7': 10, 'Vertiport_8': 7, 'Vertiport_9': 11, 'Vertiport_10': 10}"
182,498.0,166,7156.604218151969,1792985.1831500782,"{'Vertiport_1': 10, 'Vertiport_2': 10, 'Vertiport_3': 10, 'Vertiport_4': 10, 'Vertiport_5': 10, 'Vertiport_6': 10, 'Vertiport_7': 10, 'Vertiport_8': 10, 'Vertiport_9': 10, 'Vertiport_10': 10}"
183,500.0,164,7367.156535599974,1800352.3396856782,"{'Vertiport_1': 10, 'Vertiport_2': 10, 'Vertiport_3': 8, 'Vertiport_4': 10, 'Vertiport_5': 10, 'Vertiport_6': 10, 'Vertiport_7': 10, 'Vertiport_8': 8, 'Vertiport_9': 12, 'Vertiport_10': 12}"
184,435.0,143,6666.8678260359775,1807019.2075117142,"{'Vertiport_1': 10, 'Vertiport_2': 10, 'Vertiport_3': 10, 'Vertiport_4': 12, 'Vertiport_5': 10, 'Vertiport_6': 10, 'Vertiport_7': 10, 'Vertiport_8': 7, 'Vertiport_9': 11, 'Vertiport_10': 10}"
185,345.0,113,5021.368074559987,1812040.5755862743,"{'Vertiport_1': 10, 'Vertiport_2': 10, 'Vertiport_3': 10, 'Vertiport_4': 12, 'Vertiport_5': 10, 'Vertiport_6': 11, 'Vertiport_7': 10, 'Vertiport_8': 7, 'Vertiport_9': 10, 'Vertiport_10': 10}"
186,277.0,91,4068.234861407995,1816108.8104476822,"{'Vertiport_1': 10, 'Vertiport_2': 10, 'Vertiport_3': 9, 'Vertiport_4': 11, 'Vertiport_5': 10, 'Vertiport_6': 10, 'Vertiport_7': 10, 'Vertiport_8': 9, 'Vertiport_9': 10, 'Vertiport_10': 11}"
187,316.0,104,4698.494545231993,1820807.3049929142,"{'Vertiport_1': 10, 'Vertiport_2': 10, 'Vertiport_3': 8, 'Vertiport_4': 10, 'Vertiport_5': 10, 'Vertiport_6': 10, 'Vertiport_7': 10, 'Vertiport_8': 10, 'Vertiport_9': 10, 'Vertiport_10': 12}"
188,332.0,110,5150.209189839988,1825957.514182754,"{'Vertiport_1': 10, 'Vertiport_2': 10, 'Vertiport_3': 10, 'Vertiport_4': 11, 'Vertiport_5': 10, 'Vertiport_6': 10, 'Vertiport_7': 10, 'Vertiport_8': 9, 'Vertiport_9': 10, 'Vertiport_10': 10}"
189,296.0,98,3842.834472631996,1829800.3486553861,"{'Vertiport_1': 10, 'Vertiport_2': 10, 'Vertiport_3': 9, 'Vertiport_4': 10, 'Vertiport_5': 10, 'Vertiport_6': 10, 'Vertiport_7': 10, 'Vertiport_8': 10, 'Vertiport_9': 10, 'Vertiport_10': 11}"
190,240.0,80,3886.8408921039972,1833687.18954749,"{'Vertiport_1': 10, 'Vertiport_2': 10, 'Vertiport_3': 10, 'Vertiport_4': 10, 'Vertiport_5': 10, 'Vertiport_6': 10, 'Vertiport_7': 10, 'Vertiport_8': 10, 'Vertiport_9': 10, 'Vertiport_10': 10}"
191,146.0,48,2278.555813532,1835965.7453610222,"{'Vertiport_1': 10, 'Vertiport_2': 10, 'Vertiport_3': 10, 'Vertiport_4': 10, 'Vertiport_5': 10, 'Vertiport_6': 10, 'Vertiport_7': 10, 'Vertiport_8': 9, 'Vertiport_9': 11, 'Vertiport_10': 10}"
192,102.0,32,1529.19192636,1837494.937287382,"{'Vertiport_1': 10, 'Vertiport_2': 10, 'Vertiport_3': 8, 'Vertiport_4': 10, 'Vertiport_5': 10, 'Vertiport_6': 11, 'Vertiport_7': 10, 'Vertiport_8': 9, 'Vertiport_9': 10, 'Vertiport_10': 12}"
193,126.0,42,1767.5563463600004,1839262.493633742,"{'Vertiport_1': 10, 'Vertiport_2': 10, 'Vertiport_3': 10, 'Vertiport_4': 10, 'Vertiport_5': 10, 'Vertiport_6': 10, 'Vertiport_7': 10, 'Vertiport_8': 10, 'Vertiport_9': 10, 'Vertiport_10': 10}"
194,116.0,36,1799.9171848800006,1841062.410818622,"{'Vertiport_1': 10, 'Vertiport_2': 10, 'Vertiport_3': 6, 'Vertiport_4': 10, 'Vertiport_5': 10, 'Vertiport_6': 10, 'Vertiport_7': 10, 'Vertiport_8': 10, 'Vertiport_9': 10, 'Vertiport_10': 14}"
195,132.0,44,1893.079337848,1842955.4901564699,"{'Vertiport_1': 10, 'Vertiport_2': 10, 'Vertiport_3': 10, 'Vertiport_4': 10, 'Vertiport_5': 10, 'Vertiport_6': 10, 'Vertiport_7': 10, 'Vertiport_8': 10, 'Vertiport_9': 10, 'Vertiport_10': 10}"
196,145.0,47,1969.146493692,1844924.6366501618,"{'Vertiport_1': 10, 'Vertiport_2': 10, 'Vertiport_3': 10, 'Vertiport_4': 11, 'Vertiport_5': 10, 'Vertiport_6': 10, 'Vertiport_7': 10, 'Vertiport_8': 8, 'Vertiport_9': 11, 'Vertiport_10': 10}"
197,141.0,47,2288.0061210639997,1847212.642771226,"{'Vertiport_1': 10, 'Vertiport_2': 10, 'Vertiport_3': 10, 'Vertiport_4': 10, 'Vertiport_5': 10, 'Vertiport_6': 10, 'Vertiport_7': 10, 'Vertiport_8': 10, 'Vertiport_9': 10, 'Vertiport_10': 10}"
198,167.0,55,2675.3527338599997,1849887.995505086,"{'Vertiport_1': 10, 'Vertiport_2': 10, 'Vertiport_3': 10, 'Vertiport_4': 10, 'Vertiport_5': 10, 'Vertiport_6': 10, 'Vertiport_7': 10, 'Vertiport_8': 9, 'Vertiport_9': 11, 'Vertiport_10': 10}"
199,210.0,70,3233.3863136239993,1853121.38181871,"{'Vertiport_1': 10, 'Vertiport_2': 10, 'Vertiport_3': 10, 'Vertiport_4': 10, 'Vertiport_5': 10, 'Vertiport_6': 10, 'Vertiport_7': 10, 'Vertiport_8': 10, 'Vertiport_9': 10, 'Vertiport_10': 10}"
200,199.0,65,2913.4233840399984,1856034.8052027498,"{'Vertiport_1': 10, 'Vertiport_2': 10, 'Vertiport_3': 10, 'Vertiport_4': 12, 'Vertiport_5': 10, 'Vertiport_6': 10, 'Vertiport_7': 10, 'Vertiport_8': 8, 'Vertiport_9': 10, 'Vertiport_10': 10}"
201,156.0,52,2748.2592334000005,1858783.0644361498,"{'Vertiport_1': 10, 'Vertiport_2': 10, 'Vertiport_3': 10, 'Vertiport_4': 10, 'Vertiport_5': 10, 'Vertiport_6': 10, 'Vertiport_7': 10, 'Vertiport_8': 10, 'Vertiport_9': 10, 'Vertiport_10': 10}"
202,204.0,68,3056.422662607999,1861839.4870987579,"{'Vertiport_1': 10, 'Vertiport_2': 10, 'Vertiport_3': 10, 'Vertiport_4': 10, 'Vertiport_5': 10, 'Vertiport_6': 10, 'Vertiport_7': 10, 'Vertiport_8': 10, 'Vertiport_9': 10, 'Vertiport_10': 10}"
203,256.0,84,3498.6669204319987,1865338.1540191898,"{'Vertiport_1': 10, 'Vertiport_2': 10, 'Vertiport_3': 10, 'Vertiport_4': 10, 'Vertiport_5': 10, 'Vertiport_6': 12, 'Vertiport_7': 10, 'Vertiport_8': 8, 'Vertiport_9': 10, 'Vertiport_10': 10}"
204,319.0,105,4433.496380167991,1869771.6503993578,"{'Vertiport_1': 10, 'Vertiport_2': 10, 'Vertiport_3': 10, 'Vertiport_4': 12, 'Vertiport_5': 10, 'Vertiport_6': 10, 'Vertiport_7': 10, 'Vertiport_8': 8, 'Vertiport_9': 10, 'Vertiport_10': 10}"
205,324.0,108,4689.488296175993,1874461.1386955339,"{'Vertiport_1': 10, 'Vertiport_2': 10, 'Vertiport_3': 10, 'Vertiport_4': 10, 'Vertiport_5': 10, 'Vertiport_6': 10, 'Vertiport_7': 10, 'Vertiport_8': 10, 'Vertiport_9': 10, 'Vertiport_10': 10}"
206,331.0,109,4599.236365975993,1879060.37506151,"{'Vertiport_1': 10, 'Vertiport_2': 10, 'Vertiport_3': 10, 'Vertiport_4': 11, 'Vertiport_5': 10, 'Vertiport_6': 11, 'Vertiport_7': 10, 'Vertiport_8': 8, 'Vertiport_9': 10, 'Vertiport_10': 10}"
207,382.0,126,6333.202130199977,1885393.5771917098,"{'Vertiport_1': 10, 'Vertiport_2': 10, 'Vertiport_3': 10, 'Vertiport_4': 12, 'Vertiport_5': 10, 'Vertiport_6': 10, 'Vertiport_7': 10, 'Vertiport_8': 8, 'Vertiport_9': 10, 'Vertiport_10': 10}"
208,435.0,143,6460.769862207977,1891854.3470539178,"{'Vertiport_1': 10, 'Vertiport_2': 10, 'Vertiport_3': 10, 'Vertiport_4': 11, 'Vertiport_5': 10, 'Vertiport_6': 12, 'Vertiport_7': 10, 'Vertiport_8': 7, 'Vertiport_9': 10, 'Vertiport_10': 10}"
209,421.0,139,6204.35589287598,1898058.7029467938,"{'Vertiport_1': 10, 'Vertiport_2': 10, 'Vertiport_3': 10, 'Vertiport_4': 10, 'Vertiport_5': 10, 'Vertiport_6': 11, 'Vertiport_7': 10, 'Vertiport_8': 8, 'Vertiport_9': 11, 'Vertiport_10': 10}"
210,454.0,150,6768.107991931976,1904826.8109387257,"{'Vertiport_1': 10, 'Vertiport_2': 10, 'Vertiport_3': 10, 'Vertiport_4': 10, 'Vertiport_5': 10, 'Vertiport_6': 11, 'Vertiport_7': 10, 'Vertiport_8': 8, 'Vertiport_9': 11, 'Vertiport_10': 10}"
211,499.0,163,7151.218085055973,1911978.0290237817,"{'Vertiport_1': 10, 'Vertiport_2': 10, 'Vertiport_3': 10, 'Vertiport_4': 13, 'Vertiport_5': 10, 'Vertiport_6': 12, 'Vertiport_7': 10, 'Vertiport_8': 5, 'Vertiport_9': 10, 'Vertiport_10': 10}"
212,613.0,203,9235.978665803981,1921214.0076895857,"{'Vertiport_1': 10, 'Vertiport_2': 10, 'Vertiport_3': 10, 'Vertiport_4': 10, 'Vertiport_5': 10, 'Vertiport_6': 11, 'Vertiport_7': 10, 'Vertiport_8': 8, 'Vertiport_9': 11, 'Vertiport_10': 10}"
213,575.0,191,8757.233446423981,1929971.2411360096,"{'Vertiport_1': 10, 'Vertiport_2': 10, 'Vertiport_3': 10, 'Vertiport_4': 10, 'Vertiport_5': 10, 'Vertiport_6': 11, 'Vertiport_7': 10, 'Vertiport_8': 9, 'Vertiport_9': 10, 'Vertiport_10': 10}"
214,628.0,208,9472.969040547989,1939444.2101765575,"{'Vertiport_1': 10, 'Vertiport_2': 10, 'Vertiport_3': 10, 'Vertiport_4': 10, 'Vertiport_5': 10, 'Vertiport_6': 11, 'Vertiport_7': 10, 'Vertiport_8': 8, 'Vertiport_9': 11, 'Vertiport_10': 10}"
215,661.0,219,9653.196130919976,1949097.4063074775,"{'Vertiport_1': 10, 'Vertiport_2': 10, 'Vertiport_3': 10, 'Vertiport_4': 11, 'Vertiport_5': 10, 'Vertiport_6': 11, 'Vertiport_7': 10, 'Vertiport_8': 8, 'Vertiport_9': 10, 'Vertiport_10': 10}"
216,739.0,245,10526.594842503982,1959624.0011499815,"{'Vertiport_1': 10, 'Vertiport_2': 10, 'Vertiport_3': 10, 'Vertiport_4': 12, 'Vertiport_5': 10, 'Vertiport_6': 10, 'Vertiport_7': 10, 'Vertiport_8': 8, 'Vertiport_9': 10, 'Vertiport_10': 10}"
217,751.0,249,11033.136095163987,1970657.1372451454,"{'Vertiport_1': 10, 'Vertiport_2': 10, 'Vertiport_3': 10, 'Vertiport_4': 11, 'Vertiport_5': 10, 'Vertiport_6': 10, 'Vertiport_7': 10, 'Vertiport_8': 8, 'Vertiport_9': 11, 'Vertiport_10': 10}"
218,655.0,217,9022.61533551997,1979679.7525806653,"{'Vertiport_1': 10, 'Vertiport_2': 10, 'Vertiport_3': 10, 'Vertiport_4': 11, 'Vertiport_5': 10, 'Vertiport_6': 11, 'Vertiport_7': 10, 'Vertiport_8': 8, 'Vertiport_9': 10, 'Vertiport_10': 10}"
219,655.0,217,9699.850165103975,1989379.6027457693,"{'Vertiport_1': 10, 'Vertiport_2': 10, 'Vertiport_3': 10, 'Vertiport_4': 12, 'Vertiport_5': 10, 'Vertiport_6': 10, 'Vertiport_7': 10, 'Vertiport_8': 8, 'Vertiport_9': 10, 'Vertiport_10': 10}"
220,701.0,233,9847.919925615979,1999227.5226713852,"{'Vertiport_1': 10, 'Vertiport_2': 10, 'Vertiport_3': 10, 'Vertiport_4': 11, 'Vertiport_5': 10, 'Vertiport_6': 10, 'Vertiport_7': 10, 'Vertiport_8': 9, 'Vertiport_9': 10, 'Vertiport_10': 10}"
221,779.0,259,11373.392221955988,2010600.9148933413,"{'Vertiport_1': 10, 'Vertiport_2': 10, 'Vertiport_3': 10, 'Vertiport_4': 10, 'Vertiport_5': 10, 'Vertiport_6': 10, 'Vertiport_7': 10, 'Vertiport_8': 9, 'Vertiport_9': 11, 'Vertiport_10': 10}"
222,627.0,207,9272.514314083975,2019873.4292074253,"{'Vertiport_1': 10, 'Vertiport_2': 10, 'Vertiport_3': 10, 'Vertiport_4': 11, 'Vertiport_5': 10, 'Vertiport_6': 11, 'Vertiport_7': 10, 'Vertiport_8': 7, 'Vertiport_9': 11, 'Vertiport_10': 10}"
223,617.0,205,8046.485112839962,2027919.9143202654,"{'Vertiport_1': 10, 'Vertiport_2': 10, 'Vertiport_3': 10, 'Vertiport_4': 10, 'Vertiport_5': 10, 'Vertiport_6': 11, 'Vertiport_7': 10, 'Vertiport_8': 9, 'Vertiport_9': 10, 'Vertiport_10': 10}"
224,681.0,227,10018.950768327984,2037938.8650885934,"{'Vertiport_1': 10, 'Vertiport_2': 10, 'Vertiport_3': 10, 'Vertiport_4': 10, 'Vertiport_5': 10, 'Vertiport_6': 10, 'Vertiport_7': 10, 'Vertiport_8': 10, 'Vertiport_9': 10, 'Vertiport_10': 10}"
225,648.0,214,9193.76255397997,2047132.6276425733,"{'Vertiport_1': 10, 'Vertiport_2': 10, 'Vertiport_3': 10, 'Vertiport_4': 12, 'Vertiport_5': 10, 'Vertiport_6': 10, 'Vertiport_7': 10, 'Vertiport_8': 7, 'Vertiport_9': 11, 'Vertiport_10': 10}"
226,622.0,206,9108.059844711972,2056240.6874872854,"{'Vertiport_1': 10, 'Vertiport_2': 10, 'Vertiport_3': 10, 'Vertiport_4': 11, 'Vertiport_5': 10, 'Vertiport_6': 11, 'Vertiport_7': 10, 'Vertiport_8': 8, 'Vertiport_9': 10, 'Vertiport_10': 10}"
227,656.0,218,9165.862540775966,2065406.5500280613,"{'Vertiport_1': 10, 'Vertiport_2': 10, 'Vertiport_3': 10, 'Vertiport_4': 11, 'Vertiport_5': 10, 'Vertiport_6': 10, 'Vertiport_7': 10, 'Vertiport_8': 9, 'Vertiport_9': 10, 'Vertiport_10': 10}"
228,696.0,232,9901.554518511984,2075308.1045465732,"{'Vertiport_1': 10, 'Vertiport_2': 10, 'Vertiport_3': 10, 'Vertiport_4': 10, 'Vertiport_5': 10, 'Vertiport_6': 10, 'Vertiport_7': 10, 'Vertiport_8': 10, 'Vertiport_9': 10, 'Vertiport_10': 10}"
229,749.0,249,10696.430189959985,2086004.5347365332,"{'Vertiport_1': 10, 'Vertiport_2': 10, 'Vertiport_3': 10, 'Vertiport_4': 11, 'Vertiport_5': 10, 'Vertiport_6': 10, 'Vertiport_7': 10, 'Vertiport_8': 9, 'Vertiport_9': 10, 'Vertiport_10': 10}"
230,656.0,218,9266.748390983978,2095271.2831275172,"{'Vertiport_1': 10, 'Vertiport_2': 10, 'Vertiport_3': 10, 'Vertiport_4': 10, 'Vertiport_5': 10, 'Vertiport_6': 11, 'Vertiport_7': 10, 'Vertiport_8': 9, 'Vertiport_9': 10, 'Vertiport_10': 10}"
231,674.0,224,9545.94577105597,2104817.228898573,"{'Vertiport_1': 10, 'Vertiport_2': 10, 'Vertiport_3': 10, 'Vertiport_4': 11, 'Vertiport_5': 10, 'Vertiport_6': 10, 'Vertiport_7': 10, 'Vertiport_8': 9, 'Vertiport_9': 10, 'Vertiport_10': 10}"
232,619.0,205,9160.23070185598,2113977.459600429,"{'Vertiport_1': 10, 'Vertiport_2': 10, 'Vertiport_3': 10, 'Vertiport_4': 11, 'Vertiport_5': 10, 'Vertiport_6': 11, 'Vertiport_7': 10, 'Vertiport_8': 8, 'Vertiport_9': 10, 'Vertiport_10': 10}"
233,620.0,206,9080.623222423977,2123058.0828228532,"{'Vertiport_1': 10, 'Vertiport_2': 10, 'Vertiport_3': 10, 'Vertiport_4': 10, 'Vertiport_5': 10, 'Vertiport_6': 11, 'Vertiport_7': 10, 'Vertiport_8': 9, 'Vertiport_9': 10, 'Vertiport_10': 10}"
234,678.0,224,9777.229204679978,2132835.312027533,"{'Vertiport_1': 10, 'Vertiport_2': 10, 'Vertiport_3': 10, 'Vertiport_4': 12, 'Vertiport_5': 10, 'Vertiport_6': 11, 'Vertiport_7': 10, 'Vertiport_8': 7, 'Vertiport_9': 10, 'Vertiport_10': 10}"
235,602.0,200,8087.337757611964,2140922.649785145,"{'Vertiport_1': 10, 'Vertiport_2': 10, 'Vertiport_3': 10, 'Vertiport_4': 10, 'Vertiport_5': 10, 'Vertiport_6': 10, 'Vertiport_7': 10, 'Vertiport_8': 9, 'Vertiport_9': 11, 'Vertiport_10': 10}"
236,636.0,212,8858.523539727974,2149781.173324873,"{'Vertiport_1': 10, 'Vertiport_2': 10, 'Vertiport_3': 10, 'Vertiport_4': 10, 'Vertiport_5': 10, 'Vertiport_6': 10, 'Vertiport_7': 10, 'Vertiport_8': 10, 'Vertiport_9': 10, 'Vertiport_10': 10}"
237,538.0,178,7282.635481815971,2157063.808806689,"{'Vertiport_1': 10, 'Vertiport_2': 10, 'Vertiport_3': 10, 'Vertiport_4': 11, 'Vertiport_5': 10, 'Vertiport_6': 11, 'Vertiport_7': 10, 'Vertiport_8': 8, 'Vertiport_9': 10, 'Vertiport_10': 10}"
238,545.0,181,7548.3461277399665,2164612.154934429,"{'Vertiport_1': 10, 'Vertiport_2': 10, 'Vertiport_3': 10, 'Vertiport_4': 10, 'Vertiport_5': 10, 'Vertiport_6': 10, 'Vertiport_7': 10, 'Vertiport_8': 9, 'Vertiport_9': 11, 'Vertiport_10': 10}"
239,611.0,203,8567.76410971997,2173179.919044149,"{'Vertiport_1': 10, 'Vertiport_2': 10, 'Vertiport_3': 10, 'Vertiport_4': 11, 'Vertiport_5': 10, 'Vertiport_6': 10, 'Vertiport_7': 10, 'Vertiport_8': 9, 'Vertiport_9': 10, 'Vertiport_10': 10}"
240,545.0,181,7915.45343176797,2181095.372475917,"{'Vertiport_1': 10, 'Vertiport_2': 10, 'Vertiport_3': 10, 'Vertiport_4': 11, 'Vertiport_5': 10, 'Vertiport_6': 10, 'Vertiport_7': 10, 'Vertiport_8': 9, 'Vertiport_9': 10, 'Vertiport_10': 10}"
241,499.0,165,7765.398680815975,2188860.771156733,"{'Vertiport_1': 10, 'Vertiport_2': 10, 'Vertiport_3': 10, 'Vertiport_4': 10, 'Vertiport_5': 10, 'Vertiport_6': 10, 'Vertiport_7': 10, 'Vertiport_8': 8, 'Vertiport_9': 12, 'Vertiport_10': 10}"
242,503.0,167,7105.421737043972,2195966.192893777,"{'Vertiport_1': 10, 'Vertiport_2': 10, 'Vertiport_3': 10, 'Vertiport_4': 10, 'Vertiport_5': 10, 'Vertiport_6': 10, 'Vertiport_7': 10, 'Vertiport_8': 9, 'Vertiport_9': 11, 'Vertiport_10': 10}"
243,504.0,168,7249.9414783839775,2203216.1343721612,"{'Vertiport_1': 10, 'Vertiport_2': 10, 'Vertiport_3': 10, 'Vertiport_4': 10, 'Vertiport_5': 10, 'Vertiport_6': 10, 'Vertiport_7': 10, 'Vertiport_8': 10, 'Vertiport_9': 10, 'Vertiport_10': 10}"
244,517.0,171,7336.3861402439725,2210552.5205124053,"{'Vertiport_1': 10, 'Vertiport_2': 10, 'Vertiport_3': 10, 'Vertiport_4': 11, 'Vertiport_5': 10, 'Vertiport_6': 10, 'Vertiport_7': 10, 'Vertiport_8': 8, 'Vertiport_9': 11, 'Vertiport_10': 10}"
245,575.0,191,7856.276574975967,2218408.797087381,"{'Vertiport_1': 10, 'Vertiport_2': 10, 'Vertiport_3': 10, 'Vertiport_4': 10, 'Vertiport_5': 10, 'Vertiport_6': 11, 'Vertiport_7': 10, 'Vertiport_8': 9, 'Vertiport_9': 10, 'Vertiport_10': 10}"
246,531.0,177,7551.068981647971,2225959.866069029,"{'Vertiport_1': 10, 'Vertiport_2': 10, 'Vertiport_3': 10, 'Vertiport_4': 10, 'Vertiport_5': 10, 'Vertiport_6': 10, 'Vertiport_7': 10, 'Vertiport_8': 10, 'Vertiport_9': 10, 'Vertiport_10': 10}"
247,540.0,180,7676.64684578397,2233636.512914813,"{'Vertiport_1': 10, 'Vertiport_2': 10, 'Vertiport_3': 10, 'Vertiport_4': 10, 'Vertiport_5': 10, 'Vertiport_6': 10, 'Vertiport_7': 10, 'Vertiport_8': 10, 'Vertiport_9': 10, 'Vertiport_10': 10}"
248,539.0,179,7703.034468027975,2241339.547382841,"{'Vertiport_1': 10, 'Vertiport_2': 10, 'Vertiport_3': 10, 'Vertiport_4': 10, 'Vertiport_5': 10, 'Vertiport_6': 10, 'Vertiport_7': 10, 'Vertiport_8': 9, 'Vertiport_9': 11, 'Vertiport_10': 10}"
249,573.0,191,8272.530206927968,2249612.077589769,"{'Vertiport_1': 10, 'Vertiport_2': 10, 'Vertiport_3': 10, 'Vertiport_4': 10, 'Vertiport_5': 10, 'Vertiport_6': 10, 'Vertiport_7': 10, 'Vertiport_8': 10, 'Vertiport_9': 10, 'Vertiport_10': 10}"
250,573.0,191,8063.213912999971,2257675.291502769,"{'Vertiport_1': 10, 'Vertiport_2': 10, 'Vertiport_3': 10, 'Vertiport_4': 10, 'Vertiport_5': 10, 'Vertiport_6': 10, 'Vertiport_7': 10, 'Vertiport_8': 10, 'Vertiport_9': 10, 'Vertiport_10': 10}"
251,604.0,200,8539.640292123973,2266214.931794893,"{'Vertiport_1': 10, 'Vertiport_2': 10, 'Vertiport_3': 10, 'Vertiport_4': 11, 'Vertiport_5': 10, 'Vertiport_6': 10, 'Vertiport_7': 10, 'Vertiport_8': 8, 'Vertiport_9': 11, 'Vertiport_10': 10}"
252,701.0,233,10322.195049895996,2276537.126844789,"{'Vertiport_1': 10, 'Vertiport_2': 10, 'Vertiport_3': 10, 'Vertiport_4': 11, 'Vertiport_5': 10, 'Vertiport_6': 10, 'Vertiport_7': 10, 'Vertiport_8': 9, 'Vertiport_9': 10, 'Vertiport_10': 10}"
253,669.0,223,9554.965084607975,2286092.091929397,"{'Vertiport_1': 10, 'Vertiport_2': 10, 'Vertiport_3': 10, 'Vertiport_4': 10, 'Vertiport_5': 10, 'Vertiport_6': 10, 'Vertiport_7': 10, 'Vertiport_8': 10, 'Vertiport_9': 10, 'Vertiport_10': 10}"
254,684.0,228,10270.559091327987,2296362.6510207253,"{'Vertiport_1': 10, 'Vertiport_2': 10, 'Vertiport_3': 10, 'Vertiport_4': 10, 'Vertiport_5': 10, 'Vertiport_6': 10, 'Vertiport_7': 10, 'Vertiport_8': 10, 'Vertiport_9': 10, 'Vertiport_10': 10}"
255,724.0,240,10506.112022163996,2306868.763042889,"{'Vertiport_1': 10, 'Vertiport_2': 10, 'Vertiport_3': 10, 'Vertiport_4': 10, 'Vertiport_5': 10, 'Vertiport_6': 11, 'Vertiport_7': 10, 'Vertiport_8': 8, 'Vertiport_9': 11, 'Vertiport_10': 10}"
256,692.0,230,9852.457717119973,2316721.2207600093,"{'Vertiport_1': 10, 'Vertiport_2': 10, 'Vertiport_3': 10, 'Vertiport_4': 11, 'Vertiport_5': 10, 'Vertiport_6': 10, 'Vertiport_7': 10, 'Vertiport_8': 9, 'Vertiport_9': 10, 'Vertiport_10': 10}"
257,756.0,252,10379.850925199979,2327101.0716852094,"{'Vertiport_1': 10, 'Vertiport_2': 10, 'Vertiport_3': 10, 'Vertiport_4': 10, 'Vertiport_5': 10, 'Vertiport_6': 10, 'Vertiport_7': 10, 'Vertiport_8': 10, 'Vertiport_9': 10, 'Vertiport_10': 10}"
258,762.0,254,10767.685635736001,2337868.7573209456,"{'Vertiport_1': 10, 'Vertiport_2': 10, 'Vertiport_3': 10, 'Vertiport_4': 10, 'Vertiport_5': 10, 'Vertiport_6': 10, 'Vertiport_7': 10, 'Vertiport_8': 10, 'Vertiport_9': 10, 'Vertiport_10': 10}"
259,768.0,256,11250.220756935993,2349118.9780778815,"{'Vertiport_1': 10, 'Vertiport_2': 10, 'Vertiport_3': 10, 'Vertiport_4': 10, 'Vertiport_5': 10, 'Vertiport_6': 10, 'Vertiport_7': 10, 'Vertiport_8': 10, 'Vertiport_9': 10, 'Vertiport_10': 10}"
260,771.0,255,10586.465776311994,2359705.4438541937,"{'Vertiport_1': 10, 'Vertiport_2': 10, 'Vertiport_3': 10, 'Vertiport_4': 10, 'Vertiport_5': 10, 'Vertiport_6': 11, 'Vertiport_7': 10, 'Vertiport_8': 7, 'Vertiport_9': 12, 'Vertiport_10': 10}"
261,818.0,272,11290.345383887989,2370995.789238082,"{'Vertiport_1': 10, 'Vertiport_2': 10, 'Vertiport_3': 10, 'Vertiport_4': 10, 'Vertiport_5': 10, 'Vertiport_6': 11, 'Vertiport_7': 10, 'Vertiport_8': 9, 'Vertiport_9': 10, 'Vertiport_10': 10}"
262,848.0,282,11106.803533663982,2382102.5927717458,"{'Vertiport_1': 10, 'Vertiport_2': 10, 'Vertiport_3': 10, 'Vertiport_4': 11, 'Vertiport_5': 10, 'Vertiport_6': 10, 'Vertiport_7': 10, 'Vertiport_8': 9, 'Vertiport_9': 10, 'Vertiport_10': 10}"
263,818.0,272,11808.03887247199,2393910.6316442178,"{'Vertiport_1': 10, 'Vertiport_2': 10, 'Vertiport_3': 10, 'Vertiport_4': 10, 'Vertiport_5': 10, 'Vertiport_6': 11, 'Vertiport_7': 10, 'Vertiport_8': 9, 'Vertiport_9': 10, 'Vertiport_10': 10}"
264,781.0,259,10950.69779412799,2404861.329438346,"{'Vertiport_1': 10, 'Vertiport_2': 10, 'Vertiport_3': 10, 'Vertiport_4': 10, 'Vertiport_5': 10, 'Vertiport_6': 10, 'Vertiport_7': 10, 'Vertiport_8': 8, 'Vertiport_9': 12, 'Vertiport_10': 10}"
265,700.0,232,10399.134924808002,2415260.464363154,"{'Vertiport_1': 10, 'Vertiport_2': 10, 'Vertiport_3': 10, 'Vertiport_4': 12, 'Vertiport_5': 10, 'Vertiport_6': 10, 'Vertiport_7': 10, 'Vertiport_8': 8, 'Vertiport_9': 10, 'Vertiport_10': 10}"
266,722.0,240,10008.859298831989,2425269.323661986,"{'Vertiport_1': 10, 'Vertiport_2': 10, 'Vertiport_3': 10, 'Vertiport_4': 11, 'Vertiport_5': 10, 'Vertiport_6': 10, 'Vertiport_7': 10, 'Vertiport_8': 9, 'Vertiport_9': 10, 'Vertiport_10': 10}"
267,696.0,230,10376.645195499981,2435645.968857486,"{'Vertiport_1': 10, 'Vertiport_2': 10, 'Vertiport_3': 10, 'Vertiport_4': 12, 'Vertiport_5': 10, 'Vertiport_6': 10, 'Vertiport_7': 10, 'Vertiport_8': 7, 'Vertiport_9': 11, 'Vertiport_10': 10}"
268,696.0,232,10399.835940807987,2446045.804798294,"{'Vertiport_1': 10, 'Vertiport_2': 10, 'Vertiport_3': 10, 'Vertiport_4': 10, 'Vertiport_5': 10, 'Vertiport_6': 10, 'Vertiport_7': 10, 'Vertiport_8': 10, 'Vertiport_9': 10, 'Vertiport_10': 10}"
269,733.0,243,10767.112968207983,2456812.9177665017,"{'Vertiport_1': 10, 'Vertiport_2': 10, 'Vertiport_3': 10, 'Vertiport_4': 11, 'Vertiport_5': 10, 'Vertiport_6': 11, 'Vertiport_7': 10, 'Vertiport_8': 8, 'Vertiport_9': 10, 'Vertiport_10': 10}"
270,655.0,217,9290.36252205998,2466103.2802885617,"{'Vertiport_1': 10, 'Vertiport_2': 10, 'Vertiport_3': 10, 'Vertiport_4': 10, 'Vertiport_5': 10, 'Vertiport_6': 11, 'Vertiport_7': 10, 'Vertiport_8': 8, 'Vertiport_9': 11, 'Vertiport_10': 10}"
271,639.0,213,8547.630394399977,2474650.910682962,"{'Vertiport_1': 10, 'Vertiport_2': 10, 'Vertiport_3': 10, 'Vertiport_4': 10, 'Vertiport_5': 10, 'Vertiport_6': 10, 'Vertiport_7': 10, 'Vertiport_8': 10, 'Vertiport_9': 10, 'Vertiport_10': 10}"
272,579.0,193,8240.309201815966,2482891.219884778,"{'Vertiport_1': 10, 'Vertiport_2': 10, 'Vertiport_3': 10, 'Vertiport_4': 10, 'Vertiport_5': 10, 'Vertiport_6': 10, 'Vertiport_7': 10, 'Vertiport_8': 10, 'Vertiport_9': 10, 'Vertiport_10': 10}"
273,543.0,181,7873.090388903963,2490764.310273682,"{'Vertiport_1': 10, 'Vertiport_2': 10, 'Vertiport_3': 10, 'Vertiport_4': 10, 'Vertiport_5': 10, 'Vertiport_6': 10, 'Vertiport_7': 10, 'Vertiport_8': 10, 'Vertiport_9': 10, 'Vertiport_10': 10}"
274,550.0,182,7851.604396555969,2498615.914670238,"{'Vertiport_1': 10, 'Vertiport_2': 10, 'Vertiport_3': 10, 'Vertiport_4': 11, 'Vertiport_5': 10, 'Vertiport_6': 10, 'Vertiport_7': 10, 'Vertiport_8': 8, 'Vertiport_9': 11, 'Vertiport_10': 10}"
275,470.0,156,6840.449602555973,2505456.3642727938,"{'Vertiport_1': 10, 'Vertiport_2': 10, 'Vertiport_3': 10, 'Vertiport_4': 10, 'Vertiport_5': 10, 'Vertiport_6': 10, 'Vertiport_7': 10, 'Vertiport_8': 9, 'Vertiport_9': 11, 'Vertiport_10': 10}"
276,527.0,175,7156.210894251973,2512612.575167046,"{'Vertiport_1': 10, 'Vertiport_2': 10, 'Vertiport_3': 10, 'Vertiport_4': 10, 'Vertiport_5': 10, 'Vertiport_6': 10, 'Vertiport_7': 10, 'Vertiport_8': 9, 'Vertiport_9': 11, 'Vertiport_10': 10}"
277,422.0,140,6441.846763663982,2519054.42193071,"{'Vertiport_1': 10, 'Vertiport_2': 10, 'Vertiport_3': 10, 'Vertiport_4': 11, 'Vertiport_5': 10, 'Vertiport_6': 10, 'Vertiport_7': 10, 'Vertiport_8': 9, 'Vertiport_9': 10, 'Vertiport_10': 10}"
278,369.0,123,5949.033212199982,2525003.4551429097,"{'Vertiport_1': 10, 'Vertiport_2': 10, 'Vertiport_3': 10, 'Vertiport_4': 10, 'Vertiport_5': 10, 'Vertiport_6': 10, 'Vertiport_7': 10, 'Vertiport_8': 10, 'Vertiport_9': 10, 'Vertiport_10': 10}"
279,321.0,107,4798.959328567988,2529802.4144714777,"{'Vertiport_1': 10, 'Vertiport_2': 10, 'Vertiport_3': 10, 'Vertiport_4': 10, 'Vertiport_5': 10, 'Vertiport_6': 10, 'Vertiport_7': 10, 'Vertiport_8': 10, 'Vertiport_9': 10, 'Vertiport_10': 10}"
280,307.0,101,5003.48299237599,2534805.897463854,"{'Vertiport_1': 10, 'Vertiport_2': 10, 'Vertiport_3': 10, 'Vertiport_4': 11, 'Vertiport_5': 10, 'Vertiport_6': 11, 'Vertiport_7': 10, 'Vertiport_8': 8, 'Vertiport_9': 10, 'Vertiport_10': 10}"
281,227.0,75,3397.0973211559976,2538202.99478501,"{'Vertiport_1': 10, 'Vertiport_2': 10, 'Vertiport_3': 10, 'Vertiport_4': 10, 'Vertiport_5': 10, 'Vertiport_6': 10, 'Vertiport_7': 10, 'Vertiport_8': 9, 'Vertiport_9': 11, 'Vertiport_10': 10}"
282,188.0,62,2749.720685688,2540952.7154706977,"{'Vertiport_1': 10, 'Vertiport_2': 10, 'Vertiport_3': 10, 'Vertiport_4': 11, 'Vertiport_5': 10, 'Vertiport_6': 10, 'Vertiport_7': 10, 'Vertiport_8': 9, 'Vertiport_9': 10, 'Vertiport_10': 10}"
283,228.0,76,3677.6431329039983,2544630.358603602,"{'Vertiport_1': 10, 'Vertiport_2': 10, 'Vertiport_3': 10, 'Vertiport_4': 10, 'Vertiport_5': 10, 'Vertiport_6': 10, 'Vertiport_7': 10, 'Vertiport_8': 10, 'Vertiport_9': 10, 'Vertiport_10': 10}"
284,241.0,79,3391.184298695997,2548021.542902298,"{'Vertiport_1': 10, 'Vertiport_2': 10, 'Vertiport_3': 10, 'Vertiport_4': 12, 'Vertiport_5': 10, 'Vertiport_6': 10, 'Vertiport_7': 10, 'Vertiport_8': 8, 'Vertiport_9': 10, 'Vertiport_10': 10}"
285,219.0,73,3135.4693397679994,2551157.0122420657,"{'Vertiport_1': 10, 'Vertiport_2': 10, 'Vertiport_3': 10, 'Vertiport_4': 10, 'Vertiport_5': 10, 'Vertiport_6': 10, 'Vertiport_7': 10, 'Vertiport_8': 10, 'Vertiport_9': 10, 'Vertiport_10': 10}"
286,153.0,51,1936.216340648,2553093.2285827138,"{'Vertiport_1': 10, 'Vertiport_2': 10, 'Vertiport_3': 10, 'Vertiport_4': 10, 'Vertiport_5': 10, 'Vertiport_6': 10, 'Vertiport_7': 10, 'Vertiport_8': 10, 'Vertiport_9': 10, 'Vertiport_10': 10}"
287,152.0,50,2722.7680016479994,2555815.996584362,"{'Vertiport_1': 10, 'Vertiport_2': 10, 'Vertiport_3': 10, 'Vertiport_4': 10, 'Vertiport_5': 10, 'Vertiport_6': 11, 'Vertiport_7': 10, 'Vertiport_8': 9, 'Vertiport_9': 10, 'Vertiport_10': 10}"
288,90.0,30,1352.873800552,2557168.870384914,"{'Vertiport_1': 10, 'Vertiport_2': 10, 'Vertiport_3': 10, 'Vertiport_4': 10, 'Vertiport_5': 10, 'Vertiport_6': 10, 'Vertiport_7': 10, 'Vertiport_8': 10, 'Vertiport_9': 10, 'Vertiport_10': 10}"
289,78.0,26,1155.5402497759999,2558324.41063469,"{'Vertiport_1': 10, 'Vertiport_2': 10, 'Vertiport_3': 10, 'Vertiport_4': 10, 'Vertiport_5': 10, 'Vertiport_6': 10, 'Vertiport_7': 10, 'Vertiport_8': 10, 'Vertiport_9': 10, 'Vertiport_10': 10}"
290,86.0,28,1290.477403616,2559614.888038306,"{'Vertiport_1': 10, 'Vertiport_2': 10, 'Vertiport_3': 10, 'Vertiport_4': 10, 'Vertiport_5': 10, 'Vertiport_6': 11, 'Vertiport_7': 10, 'Vertiport_8': 9, 'Vertiport_9': 10, 'Vertiport_10': 10}"
291,81.0,27,1148.890698056,2560763.7787363622,"{'Vertiport_1': 10, 'Vertiport_2': 10, 'Vertiport_3': 10, 'Vertiport_4': 10, 'Vertiport_5': 10, 'Vertiport_6': 10, 'Vertiport_7': 10, 'Vertiport_8': 10, 'Vertiport_9': 10, 'Vertiport_10': 10}"
292,81.0,27,1213.2879117200005,2561977.0666480823,"{'Vertiport_1': 10, 'Vertiport_2': 10, 'Vertiport_3': 10, 'Vertiport_4': 10, 'Vertiport_5': 10, 'Vertiport_6': 10, 'Vertiport_7': 10, 'Vertiport_8': 10, 'Vertiport_9': 10, 'Vertiport_10': 10}"
293,57.0,19,1052.4641852240002,2563029.5308333063,"{'Vertiport_1': 10, 'Vertiport_2': 10, 'Vertiport_3': 10, 'Vertiport_4': 10, 'Vertiport_5': 10, 'Vertiport_6': 10, 'Vertiport_7': 10, 'Vertiport_8': 10, 'Vertiport_9': 10, 'Vertiport_10': 10}"
294,120.0,38,1530.2789371280003,2564559.809770434,"{'Vertiport_1': 10, 'Vertiport_2': 10, 'Vertiport_3': 10, 'Vertiport_4': 12, 'Vertiport_5': 10, 'Vertiport_6': 11, 'Vertiport_7': 10, 'Vertiport_8': 7, 'Vertiport_9': 10, 'Vertiport_10': 10}"
295,117.0,39,1634.761963144,2566194.571733578,"{'Vertiport_1': 10, 'Vertiport_2': 10, 'Vertiport_3': 10, 'Vertiport_4': 10, 'Vertiport_5': 10, 'Vertiport_6': 10, 'Vertiport_7': 10, 'Vertiport_8': 10, 'Vertiport_9': 10, 'Vertiport_10': 10}"
296,138.0,46,2102.121145656,2568296.692879234,"{'Vertiport_1': 10, 'Vertiport_2': 10, 'Vertiport_3': 10, 'Vertiport_4': 10, 'Vertiport_5': 10, 'Vertiport_6': 10, 'Vertiport_7': 10, 'Vertiport_8': 10, 'Vertiport_9': 10, 'Vertiport_10': 10}"
297,129.0,43,1802.02441732,2570098.717296554,"{'Vertiport_1': 10, 'Vertiport_2': 10, 'Vertiport_3': 10, 'Vertiport_4': 10, 'Vertiport_5': 10, 'Vertiport_6': 10, 'Vertiport_7': 10, 'Vertiport_8': 10, 'Vertiport_9': 10, 'Vertiport_10': 10}"
298,141.0,47,2215.841106272,2572314.5584028256,"{'Vertiport_1': 10, 'Vertiport_2': 10, 'Vertiport_3': 10, 'Vertiport_4': 10, 'Vertiport_5': 10, 'Vertiport_6': 10, 'Vertiport_7': 10, 'Vertiport_8': 10, 'Vertiport_9': 10, 'Vertiport_10': 10}"
299,179.0,59,2420.2185142719995,2574734.7769170976,"{'Vertiport_1': 10, 'Vertiport_2': 10, 'Vertiport_3': 10, 'Vertiport_4': 10, 'Vertiport_5': 10, 'Vertiport_6': 11, 'Vertiport_7': 10, 'Vertiport_8': 9, 'Vertiport_9': 10, 'Vertiport_10': 10}"
300,203.0,67,3035.942956111999,2577770.7198732095,"{'Vertiport_1': 10, 'Vertiport_2': 10, 'Vertiport_3': 10, 'Vertiport_4': 10, 'Vertiport_5': 10, 'Vertiport_6': 11, 'Vertiport_7': 10, 'Vertiport_8': 9, 'Vertiport_9': 10, 'Vertiport_10': 10}"
301,258.0,86,3745.7998161039986,2581516.5196893136,"{'Vertiport_1': 10, 'Vertiport_2': 10, 'Vertiport_3': 10, 'Vertiport_4': 10, 'Vertiport_5': 10, 'Vertiport_6': 10, 'Vertiport_7': 10, 'Vertiport_8': 10, 'Vertiport_9': 10, 'Vertiport_10': 10}"
302,297.0,97,4684.262744411994,2586200.7824337254,"{'Vertiport_1': 10, 'Vertiport_2': 10, 'Vertiport_3': 10, 'Vertiport_4': 11, 'Vertiport_5': 10, 'Vertiport_6': 11, 'Vertiport_7': 10, 'Vertiport_8': 7, 'Vertiport_9': 11, 'Vertiport_10': 10}"
303,318.0,106,4628.95979383199,2590829.7422275576,"{'Vertiport_1': 10, 'Vertiport_2': 10, 'Vertiport_3': 10, 'Vertiport_4': 10, 'Vertiport_5': 10, 'Vertiport_6': 10, 'Vertiport_7': 10, 'Vertiport_8': 10, 'Vertiport_9': 10, 'Vertiport_10': 10}"
304,343.0,113,4971.516344467993,2595801.2585720257,"{'Vertiport_1': 10, 'Vertiport_2': 10, 'Vertiport_3': 10, 'Vertiport_4': 10, 'Vertiport_5': 10, 'Vertiport_6': 11, 'Vertiport_7': 10, 'Vertiport_8': 8, 'Vertiport_9': 11, 'Vertiport_10': 10}"
305,71.0,23,883.0756068439999,2596684.3341788696,"{'Vertiport_1': 10, 'Vertiport_2': 10, 'Vertiport_3': 10, 'Vertiport_4': 10, 'Vertiport_5': 10, 'Vertiport_6': 10, 'Vertiport_7': 10, 'Vertiport_8': 9, 'Vertiport_9': 11, 'Vertiport_10': 10}"
306,0.0,0,0.0,2596684.3341788696,"{'Vertiport_1': 10, 'Vertiport_2': 10, 'Vertiport_3': 10, 'Vertiport_4': 10, 'Vertiport_5': 10, 'Vertiport_6': 10, 'Vertiport_7': 10, 'Vertiport_8': 10, 'Vertiport_9': 10, 'Vertiport_10': 10}"
307,0.0,0,0.0,2596684.3341788696,"{'Vertiport_1': 10, 'Vertiport_2': 10, 'Vertiport_3': 10, 'Vertiport_4': 10, 'Vertiport_5': 10, 'Vertiport_6': 10, 'Vertiport_7': 10, 'Vertiport_8': 10, 'Vertiport_9': 10, 'Vertiport_10': 10}"
308,0.0,0,0.0,2596684.3341788696,"{'Vertiport_1': 10, 'Vertiport_2': 10, 'Vertiport_3': 10, 'Vertiport_4': 10, 'Vertiport_5': 10, 'Vertiport_6': 10, 'Vertiport_7': 10, 'Vertiport_8': 10, 'Vertiport_9': 10, 'Vertiport_10': 10}"
309,0.0,0,0.0,2596684.3341788696,"{'Vertiport_1': 10, 'Vertiport_2': 10, 'Vertiport_3': 10, 'Vertiport_4': 10, 'Vertiport_5': 10, 'Vertiport_6': 10, 'Vertiport_7': 10, 'Vertiport_8': 10, 'Vertiport_9': 10, 'Vertiport_10': 10}"
310,0.0,0,0.0,2596684.3341788696,"{'Vertiport_1': 10, 'Vertiport_2': 10, 'Vertiport_3': 10, 'Vertiport_4': 10, 'Vertiport_5': 10, 'Vertiport_6': 10, 'Vertiport_7': 10, 'Vertiport_8': 10, 'Vertiport_9': 10, 'Vertiport_10': 10}"
311,197.0,65,2592.634447599999,2599276.96862647,"{'Vertiport_1': 10, 'Vertiport_2': 10, 'Vertiport_3': 10, 'Vertiport_4': 10, 'Vertiport_5': 10, 'Vertiport_6': 11, 'Vertiport_7': 10, 'Vertiport_8': 9, 'Vertiport_9': 10, 'Vertiport_10': 10}"
312,736.0,244,10786.798979083993,2610063.767605554,"{'Vertiport_1': 10, 'Vertiport_2': 10, 'Vertiport_3': 10, 'Vertiport_4': 11, 'Vertiport_5': 10, 'Vertiport_6': 10, 'Vertiport_7': 10, 'Vertiport_8': 8, 'Vertiport_9': 11, 'Vertiport_10': 10}"
313,662.0,220,8972.410109871978,2619036.177715426,"{'Vertiport_1': 10, 'Vertiport_2': 10, 'Vertiport_3': 10, 'Vertiport_4': 10, 'Vertiport_5': 10, 'Vertiport_6': 11, 'Vertiport_7': 10, 'Vertiport_8': 9, 'Vertiport_9': 10, 'Vertiport_10': 10}"
314,658.0,218,9742.533435263978,2628778.71115069,"{'Vertiport_1': 10, 'Vertiport_2': 10, 'Vertiport_3': 10, 'Vertiport_4': 11, 'Vertiport_5': 10, 'Vertiport_6': 11, 'Vertiport_7': 10, 'Vertiport_8': 8, 'Vertiport_9': 10, 'Vertiport_10': 10}"
315,638.0,212,8924.333326399972,2637703.04447709,"{'Vertiport_1': 10, 'Vertiport_2': 10, 'Vertiport_3': 10, 'Vertiport_4': 10, 'Vertiport_5': 10, 'Vertiport_6': 11, 'Vertiport_7': 10, 'Vertiport_8': 9, 'Vertiport_9': 10, 'Vertiport_10': 10}"
316,649.0,215,8742.162203835975,2646445.2066809256,"{'Vertiport_1': 10, 'Vertiport_2': 10, 'Vertiport_3': 10, 'Vertiport_4': 10, 'Vertiport_5': 10, 'Vertiport_6': 11, 'Vertiport_7': 10, 'Vertiport_8': 8, 'Vertiport_9': 11, 'Vertiport_10': 10}"
317,667.0,221,9070.25758166397,2655515.4642625893,"{'Vertiport_1': 10, 'Vertiport_2': 10, 'Vertiport_3': 10, 'Vertiport_4': 10, 'Vertiport_5': 10, 'Vertiport_6': 12, 'Vertiport_7': 10, 'Vertiport_8': 8, 'Vertiport_9': 10, 'Vertiport_10': 10}"
318,559.0,185,7429.049690351968,2662944.513952941,"{'Vertiport_1': 10, 'Vertiport_2': 10, 'Vertiport_3': 10, 'Vertiport_4': 11, 'Vertiport_5': 10, 'Vertiport_6': 11, 'Vertiport_7': 10, 'Vertiport_8': 8, 'Vertiport_9': 10, 'Vertiport_10': 10}"
319,599.0,199,8342.645143887969,2671287.159096829,"{'Vertiport_1': 10, 'Vertiport_2': 10, 'Vertiport_3': 10, 'Vertiport_4': 10, 'Vertiport_5': 10, 'Vertiport_6': 11, 'Vertiport_7': 10, 'Vertiport_8': 9, 'Vertiport_9': 10, 'Vertiport_10': 10}"
320,673.0,223,9421.93300085598,2680709.092097685,"{'Vertiport_1': 10, 'Vertiport_2': 10, 'Vertiport_3': 10, 'Vertiport_4': 11, 'Vertiport_5': 10, 'Vertiport_6': 11, 'Vertiport_7': 10, 'Vertiport_8': 8, 'Vertiport_9': 10, 'Vertiport_10': 10}"
321,611.0,203,9396.122477175975,2690105.2145748613,"{'Vertiport_1': 10, 'Vertiport_2': 10, 'Vertiport_3': 10, 'Vertiport_4': 11, 'Vertiport_5': 10, 'Vertiport_6': 10, 'Vertiport_7': 10, 'Vertiport_8': 9, 'Vertiport_9': 10, 'Vertiport_10': 10}"
322,585.0,195,8802.312725471975,2698907.527300333,"{'Vertiport_1': 10, 'Vertiport_2': 10, 'Vertiport_3': 10, 'Vertiport_4': 10, 'Vertiport_5': 10, 'Vertiport_6': 10, 'Vertiport_7': 10, 'Vertiport_8': 10, 'Vertiport_9': 10, 'Vertiport_10': 10}"
323,608.0,202,8912.76349276798,2707820.2907931013,"{'Vertiport_1': 10, 'Vertiport_2': 10, 'Vertiport_3': 10, 'Vertiport_4': 10, 'Vertiport_5': 10, 'Vertiport_6': 11, 'Vertiport_7': 10, 'Vertiport_8': 9, 'Vertiport_9': 10, 'Vertiport_10': 10}"
324,606.0,202,8439.285987119978,2716259.5767802214,"{'Vertiport_1': 10, 'Vertiport_2': 10, 'Vertiport_3': 10, 'Vertiport_4': 10, 'Vertiport_5': 10, 'Vertiport_6': 10, 'Vertiport_7': 10, 'Vertiport_8': 10, 'Vertiport_9': 10, 'Vertiport_10': 10}"
325,664.0,220,9497.503244947979,2725757.0800251695,"{'Vertiport_1': 10, 'Vertiport_2': 10, 'Vertiport_3': 10, 'Vertiport_4': 11, 'Vertiport_5': 10, 'Vertiport_6': 10, 'Vertiport_7': 10, 'Vertiport_8': 8, 'Vertiport_9': 11, 'Vertiport_10': 10}"
326,570.0,190,8147.656145767973,2733904.7361709373,"{'Vertiport_1': 10, 'Vertiport_2': 10, 'Vertiport_3': 10, 'Vertiport_4': 10, 'Vertiport_5': 10, 'Vertiport_6': 10, 'Vertiport_7': 10, 'Vertiport_8': 10, 'Vertiport_9': 10, 'Vertiport_10': 10}"
327,596.0,198,8635.968336543978,2742540.7045074813,"{'Vertiport_1': 10, 'Vertiport_2': 10, 'Vertiport_3': 10, 'Vertiport_4': 11, 'Vertiport_5': 10, 'Vertiport_6': 10, 'Vertiport_7': 10, 'Vertiport_8': 9, 'Vertiport_9': 10, 'Vertiport_10': 10}"
328,598.0,198,8604.508011491971,2751145.2125189733,"{'Vertiport_1': 10, 'Vertiport_2': 10, 'Vertiport_3': 10, 'Vertiport_4': 11, 'Vertiport_5': 10, 'Vertiport_6': 10, 'Vertiport_7': 10, 'Vertiport_8': 8, 'Vertiport_9': 11, 'Vertiport_10': 10}"
329,592.0,196,8730.191849739978,2759875.404368713,"{'Vertiport_1': 10, 'Vertiport_2': 10, 'Vertiport_3': 10, 'Vertiport_4': 11, 'Vertiport_5': 10, 'Vertiport_6': 10, 'Vertiport_7': 10, 'Vertiport_8': 8, 'Vertiport_9': 11, 'Vertiport_10': 10}"
330,613.0,203,8693.43712443598,2768568.841493149,"{'Vertiport_1': 10, 'Vertiport_2': 10, 'Vertiport_3': 10, 'Vertiport_4': 11, 'Vertiport_5': 10, 'Vertiport_6': 10, 'Vertiport_7': 10, 'Vertiport_8': 8, 'Vertiport_9': 11, 'Vertiport_10': 10}"
331,605.0,201,8584.747644539973,2777153.5891376887,"{'Vertiport_1': 10, 'Vertiport_2': 10, 'Vertiport_3': 10, 'Vertiport_4': 10, 'Vertiport_5': 10, 'Vertiport_6': 10, 'Vertiport_7': 10, 'Vertiport_8': 9, 'Vertiport_9': 11, 'Vertiport_10': 10}"
332,613.0,203,8658.054427619974,2785811.643565309,"{'Vertiport_1': 10, 'Vertiport_2': 10, 'Vertiport_3': 10, 'Vertiport_4': 10, 'Vertiport_5': 10, 'Vertiport_6': 11, 'Vertiport_7': 10, 'Vertiport_8': 8, 'Vertiport_9': 11, 'Vertiport_10': 10}"
333,508.0,168,7389.490025163973,2793201.133590473,"{'Vertiport_1': 10, 'Vertiport_2': 10, 'Vertiport_3': 10, 'Vertiport_4': 10, 'Vertiport_5': 10, 'Vertiport_6': 11, 'Vertiport_7': 10, 'Vertiport_8': 8, 'Vertiport_9': 11, 'Vertiport_10': 10}"
334,546.0,182,8473.30799637598,2801674.441586849,"{'Vertiport_1': 10, 'Vertiport_2': 10, 'Vertiport_3': 10, 'Vertiport_4': 10, 'Vertiport_5': 10, 'Vertiport_6': 10, 'Vertiport_7': 10, 'Vertiport_8': 10, 'Vertiport_9': 10, 'Vertiport_10': 10}"
335,551.0,183,8457.84364907997,2810132.285235929,"{'Vertiport_1': 10, 'Vertiport_2': 10, 'Vertiport_3': 10, 'Vertiport_4': 10, 'Vertiport_5': 10, 'Vertiport_6': 11, 'Vertiport_7': 10, 'Vertiport_8': 9, 'Vertiport_9': 10, 'Vertiport_10': 10}"
336,566.0,188,7651.988756171973,2817784.2739921007,"{'Vertiport_1': 10, 'Vertiport_2': 10, 'Vertiport_3': 10, 'Vertiport_4': 10, 'Vertiport_5': 10, 'Vertiport_6': 10, 'Vertiport_7': 10, 'Vertiport_8': 9, 'Vertiport_9': 11, 'Vertiport_10': 10}"
337,605.0,201,9041.120596951981,2826825.3945890525,"{'Vertiport_1': 10, 'Vertiport_2': 10, 'Vertiport_3': 10, 'Vertiport_4': 10, 'Vertiport_5': 10, 'Vertiport_6': 11, 'Vertiport_7': 10, 'Vertiport_8': 9, 'Vertiport_9': 10, 'Vertiport_10': 10}"
338,534.0,178,7500.297745663967,2834325.6923347167,"{'Vertiport_1': 10, 'Vertiport_2': 10, 'Vertiport_3': 10, 'Vertiport_4': 10, 'Vertiport_5': 10, 'Vertiport_6': 10, 'Vertiport_7': 10, 'Vertiport_8': 10, 'Vertiport_9': 10, 'Vertiport_10': 10}"
339,516.0,172,7045.634238751973,2841371.3265734687,"{'Vertiport_1': 10, 'Vertiport_2': 10, 'Vertiport_3': 10, 'Vertiport_4': 10, 'Vertiport_5': 10, 'Vertiport_6': 10, 'Vertiport_7': 10, 'Vertiport_8': 10, 'Vertiport_9': 10, 'Vertiport_10': 10}"
340,549.0,183,7964.02255084797,2849335.3491243166,"{'Vertiport_1': 10, 'Vertiport_2': 10, 'Vertiport_3': 10, 'Vertiport_4': 10, 'Vertiport_5': 10, 'Vertiport_6': 10, 'Vertiport_7': 10, 'Vertiport_8': 10, 'Vertiport_9': 10, 'Vertiport_10': 10}"
341,583.0,193,8009.304566791971,2857344.6536911083,"{'Vertiport_1': 10, 'Vertiport_2': 10, 'Vertiport_3': 10, 'Vertiport_4': 12, 'Vertiport_5': 10, 'Vertiport_6': 10, 'Vertiport_7': 10, 'Vertiport_8': 8, 'Vertiport_9': 10, 'Vertiport_10': 10}"
342,497.0,165,7132.280910639979,2864476.9346017484,"{'Vertiport_1': 10, 'Vertiport_2': 10, 'Vertiport_3': 10, 'Vertiport_4': 10, 'Vertiport_5': 10, 'Vertiport_6': 11, 'Vertiport_7': 10, 'Vertiport_8': 9, 'Vertiport_9': 10, 'Vertiport_10': 10}"
343,567.0,189,8279.47303659997,2872756.407638348,"{'Vertiport_1': 10, 'Vertiport_2': 10, 'Vertiport_3': 10, 'Vertiport_4': 10, 'Vertiport_5': 10, 'Vertiport_6': 10, 'Vertiport_7': 10, 'Vertiport_8': 10, 'Vertiport_9': 10, 'Vertiport_10': 10}"
344,581.0,193,8129.592749239967,2880886.000387588,"{'Vertiport_1': 10, 'Vertiport_2': 10, 'Vertiport_3': 10, 'Vertiport_4': 11, 'Vertiport_5': 10, 'Vertiport_6': 10, 'Vertiport_7': 10, 'Vertiport_8': 9, 'Vertiport_9': 10, 'Vertiport_10': 10}"
345,624.0,208,9482.801156407984,2890368.801543996,"{'Vertiport_1': 10, 'Vertiport_2': 10, 'Vertiport_3': 10, 'Vertiport_4': 10, 'Vertiport_5': 10, 'Vertiport_6': 10, 'Vertiport_7': 10, 'Vertiport_8': 10, 'Vertiport_9': 10, 'Vertiport_10': 10}"
346,641.0,213,8997.882778231973,2899366.684322228,"{'Vertiport_1': 10, 'Vertiport_2': 10, 'Vertiport_3': 10, 'Vertiport_4': 10, 'Vertiport_5': 10, 'Vertiport_6': 11, 'Vertiport_7': 10, 'Vertiport_8': 9, 'Vertiport_9': 10, 'Vertiport_10': 10}"
347,717.0,239,9944.271413463977,2909310.9557356923,"{'Vertiport_1': 10, 'Vertiport_2': 10, 'Vertiport_3': 10, 'Vertiport_4': 10, 'Vertiport_5': 10, 'Vertiport_6': 10, 'Vertiport_7': 10, 'Vertiport_8': 10, 'Vertiport_9': 10, 'Vertiport_10': 10}"
348,806.0,268,11192.163598679987,2920503.119334372,"{'Vertiport_1': 10, 'Vertiport_2': 10, 'Vertiport_3': 10, 'Vertiport_4': 11, 'Vertiport_5': 10, 'Vertiport_6': 10, 'Vertiport_7': 10, 'Vertiport_8': 9, 'Vertiport_9': 10, 'Vertiport_10': 10}"
349,773.0,257,11187.420633143991,2931690.5399675164,"{'Vertiport_1': 10, 'Vertiport_2': 10, 'Vertiport_3': 10, 'Vertiport_4': 10, 'Vertiport_5': 10, 'Vertiport_6': 11, 'Vertiport_7': 10, 'Vertiport_8': 9, 'Vertiport_9': 10, 'Vertiport_10': 10}"
350,816.0,272,11925.404965391992,2943615.9449329083,"{'Vertiport_1': 10, 'Vertiport_2': 10, 'Vertiport_3': 10, 'Vertiport_4': 10, 'Vertiport_5': 10, 'Vertiport_6': 10, 'Vertiport_7': 10, 'Vertiport_8': 10, 'Vertiport_9': 10, 'Vertiport_10': 10}"
351,802.0,266,10763.23438086398,2954379.1793137724,"{'Vertiport_1': 10, 'Vertiport_2': 10, 'Vertiport_3': 10, 'Vertiport_4': 11, 'Vertiport_5': 10, 'Vertiport_6': 11, 'Vertiport_7': 10, 'Vertiport_8': 8, 'Vertiport_9': 10, 'Vertiport_10': 10}"
352,861.0,287,11875.030277431992,2966254.2095912043,"{'Vertiport_1': 10, 'Vertiport_2': 10, 'Vertiport_3': 10, 'Vertiport_4': 10, 'Vertiport_5': 10, 'Vertiport_6': 10, 'Vertiport_7': 10, 'Vertiport_8': 10, 'Vertiport_9': 10, 'Vertiport_10': 10}"
353,828.0,276,11429.665918071985,2977683.875509276,"{'Vertiport_1': 10, 'Vertiport_2': 10, 'Vertiport_3': 10, 'Vertiport_4': 10, 'Vertiport_5': 10, 'Vertiport_6': 10, 'Vertiport_7': 10, 'Vertiport_8': 10, 'Vertiport_9': 10, 'Vertiport_10': 10}"
354,945.0,315,13392.167578608005,2991076.043087884,"{'Vertiport_1': 10, 'Vertiport_2': 10, 'Vertiport_3': 10, 'Vertiport_4': 10, 'Vertiport_5': 10, 'Vertiport_6': 10, 'Vertiport_7': 10, 'Vertiport_8': 10, 'Vertiport_9': 10, 'Vertiport_10': 10}"
355,825.0,275,11674.30972131198,3002750.352809196,"{'Vertiport_1': 10, 'Vertiport_2': 10, 'Vertiport_3': 10, 'Vertiport_4': 10, 'Vertiport_5': 10, 'Vertiport_6': 10, 'Vertiport_7': 10, 'Vertiport_8': 10, 'Vertiport_9': 10, 'Vertiport_10': 10}"
356,978.0,326,13467.245815120003,3016217.598624316,"{'Vertiport_1': 10, 'Vertiport_2': 10, 'Vertiport_3': 10, 'Vertiport_4': 10, 'Vertiport_5': 10, 'Vertiport_6': 10, 'Vertiport_7': 10, 'Vertiport_8': 10, 'Vertiport_9': 10, 'Vertiport_10': 10}"
357,992.0,330,13754.883936472,3029972.482560788,"{'Vertiport_1': 10, 'Vertiport_2': 10, 'Vertiport_3': 10, 'Vertiport_4': 11, 'Vertiport_5': 10, 'Vertiport_6': 10, 'Vertiport_7': 10, 'Vertiport_8': 9, 'Vertiport_9': 10, 'Vertiport_10': 10}"
358,837.0,279,12056.758361351996,3042029.24092214,"{'Vertiport_1': 10, 'Vertiport_2': 10, 'Vertiport_3': 10, 'Vertiport_4': 10, 'Vertiport_5': 10, 'Vertiport_6': 10, 'Vertiport_7': 10, 'Vertiport_8': 10, 'Vertiport_9': 10, 'Vertiport_10': 10}"
359,852.0,284,11838.700576655985,3053867.941498796,"{'Vertiport_1': 10, 'Vertiport_2': 10, 'Vertiport_3': 10, 'Vertiport_4': 10, 'Vertiport_5': 10, 'Vertiport_6': 10, 'Vertiport_7': 10, 'Vertiport_8': 10, 'Vertiport_9': 10, 'Vertiport_10': 10}"
360,853.0,283,11883.241001839991,3065751.182500636,"{'Vertiport_1': 10, 'Vertiport_2': 10, 'Vertiport_3': 10, 'Vertiport_4': 11, 'Vertiport_5': 10, 'Vertiport_6': 11, 'Vertiport_7': 10, 'Vertiport_8': 8, 'Vertiport_9': 10, 'Vertiport_10': 10}"
361,831.0,277,11310.910943559986,3077062.093444196,"{'Vertiport_1': 10, 'Vertiport_2': 10, 'Vertiport_3': 10, 'Vertiport_4': 10, 'Vertiport_5': 10, 'Vertiport_6': 10, 'Vertiport_7': 10, 'Vertiport_8': 10, 'Vertiport_9': 10, 'Vertiport_10': 10}"
362,808.0,268,11489.139493971985,3088551.232938168,"{'Vertiport_1': 10, 'Vertiport_2': 10, 'Vertiport_3': 10, 'Vertiport_4': 10, 'Vertiport_5': 10, 'Vertiport_6': 11, 'Vertiport_7': 10, 'Vertiport_8': 8, 'Vertiport_9': 11, 'Vertiport_10': 10}"
363,764.0,254,10951.440812359997,3099502.673750528,"{'Vertiport_1': 10, 'Vertiport_2': 10, 'Vertiport_3': 10, 'Vertiport_4': 10, 'Vertiport_5': 10, 'Vertiport_6': 11, 'Vertiport_7': 10, 'Vertiport_8': 9, 'Vertiport_9': 10, 'Vertiport_10': 10}"
364,789.0,263,11289.261352439988,3110791.935102968,"{'Vertiport_1': 10, 'Vertiport_2': 10, 'Vertiport_3': 10, 'Vertiport_4': 10, 'Vertiport_5': 10, 'Vertiport_6': 10, 'Vertiport_7': 10, 'Vertiport_8': 10, 'Vertiport_9': 10, 'Vertiport_10': 10}"
365,847.0,281,12070.036680535999,3122861.971783504,"{'Vertiport_1': 10, 'Vertiport_2': 10, 'Vertiport_3': 10, 'Vertiport_4': 11, 'Vertiport_5': 10, 'Vertiport_6': 11, 'Vertiport_7': 10, 'Vertiport_8': 8, 'Vertiport_9': 10, 'Vertiport_10': 10}"
366,764.0,254,11355.427183559983,3134217.398967064,"{'Vertiport_1': 10, 'Vertiport_2': 10, 'Vertiport_3': 10, 'Vertiport_4': 11, 'Vertiport_5': 10, 'Vertiport_6': 10, 'Vertiport_7': 10, 'Vertiport_8': 9, 'Vertiport_9': 10, 'Vertiport_10': 10}"
367,875.0,291,12974.031704439993,3147191.430671504,"{'Vertiport_1': 10, 'Vertiport_2': 10, 'Vertiport_3': 10, 'Vertiport_4': 11, 'Vertiport_5': 10, 'Vertiport_6': 10, 'Vertiport_7': 10, 'Vertiport_8': 9, 'Vertiport_9': 10, 'Vertiport_10': 10}"
368,695.0,231,10300.860760823987,3157492.2914323276,"{'Vertiport_1': 10, 'Vertiport_2': 10, 'Vertiport_3': 10, 'Vertiport_4': 11, 'Vertiport_5': 10, 'Vertiport_6': 10, 'Vertiport_7': 10, 'Vertiport_8': 9, 'Vertiport_9': 10, 'Vertiport_10': 10}"
369,689.0,229,9445.685113387968,3166937.9765457157,"{'Vertiport_1': 10, 'Vertiport_2': 10, 'Vertiport_3': 10, 'Vertiport_4': 10, 'Vertiport_5': 10, 'Vertiport_6': 10, 'Vertiport_7': 10, 'Vertiport_8': 9, 'Vertiport_9': 11, 'Vertiport_10': 10}"
370,644.0,214,9108.588201911974,3176046.564747628,"{'Vertiport_1': 10, 'Vertiport_2': 10, 'Vertiport_3': 10, 'Vertiport_4': 10, 'Vertiport_5': 10, 'Vertiport_6': 11, 'Vertiport_7': 10, 'Vertiport_8': 9, 'Vertiport_9': 10, 'Vertiport_10': 10}"
371,605.0,201,8425.60402677997,3184472.168774408,"{'Vertiport_1': 10, 'Vertiport_2': 10, 'Vertiport_3': 10, 'Vertiport_4': 10, 'Vertiport_5': 10, 'Vertiport_6': 10, 'Vertiport_7': 10, 'Vertiport_8': 9, 'Vertiport_9': 11, 'Vertiport_10': 10}"
372,533.0,177,7792.678644339966,3192264.847418748,"{'Vertiport_1': 10, 'Vertiport_2': 10, 'Vertiport_3': 10, 'Vertiport_4': 10, 'Vertiport_5': 10, 'Vertiport_6': 10, 'Vertiport_7': 10, 'Vertiport_8': 9, 'Vertiport_9': 11, 'Vertiport_10': 10}"
373,599.0,199,9228.15093518798,3201492.998353936,"{'Vertiport_1': 10, 'Vertiport_2': 10, 'Vertiport_3': 10, 'Vertiport_4': 10, 'Vertiport_5': 10, 'Vertiport_6': 10, 'Vertiport_7': 10, 'Vertiport_8': 9, 'Vertiport_9': 11, 'Vertiport_10': 10}"
374,438.0,146,5890.455733591979,3207383.454087528,"{'Vertiport_1': 10, 'Vertiport_2': 10, 'Vertiport_3': 10, 'Vertiport_4': 10, 'Vertiport_5': 10, 'Vertiport_6': 10, 'Vertiport_7': 10, 'Vertiport_8': 10, 'Vertiport_9': 10, 'Vertiport_10': 10}"
375,482.0,160,6979.293944039971,3214362.748031568,"{'Vertiport_1': 10, 'Vertiport_2': 10, 'Vertiport_3': 10, 'Vertiport_4': 11, 'Vertiport_5': 10, 'Vertiport_6': 10, 'Vertiport_7': 10, 'Vertiport_8': 9, 'Vertiport_9': 10, 'Vertiport_10': 10}"
376,380.0,126,5448.583848855983,3219811.3318804237,"{'Vertiport_1': 10, 'Vertiport_2': 10, 'Vertiport_3': 10, 'Vertiport_4': 10, 'Vertiport_5': 10, 'Vertiport_6': 11, 'Vertiport_7': 10, 'Vertiport_8': 9, 'Vertiport_9': 10, 'Vertiport_10': 10}"
377,332.0,110,4331.698961327993,3224143.0308417515,"{'Vertiport_1': 10, 'Vertiport_2': 10, 'Vertiport_3': 10, 'Vertiport_4': 10, 'Vertiport_5': 10, 'Vertiport_6': 11, 'Vertiport_7': 10, 'Vertiport_8': 9, 'Vertiport_9': 10, 'Vertiport_10': 10}"
378,315.0,105,4458.5985144799915,3228601.6293562315,"{'Vertiport_1': 10, 'Vertiport_2': 10, 'Vertiport_3': 10, 'Vertiport_4': 10, 'Vertiport_5': 10, 'Vertiport_6': 10, 'Vertiport_7': 10, 'Vertiport_8': 10, 'Vertiport_9': 10, 'Vertiport_10': 10}"
379,336.0,112,5372.810493343981,3233974.4398495755,"{'Vertiport_1': 10, 'Vertiport_2': 10, 'Vertiport_3': 10, 'Vertiport_4': 10, 'Vertiport_5': 10, 'Vertiport_6': 10, 'Vertiport_7': 10, 'Vertiport_8': 10, 'Vertiport_9': 10, 'Vertiport_10': 10}"
380,348.0,116,5005.18160190399,3238979.6214514794,"{'Vertiport_1': 10, 'Vertiport_2': 10, 'Vertiport_3': 10, 'Vertiport_4': 10, 'Vertiport_5': 10, 'Vertiport_6': 10, 'Vertiport_7': 10, 'Vertiport_8': 10, 'Vertiport_9': 10, 'Vertiport_10': 10}"
381,288.0,96,4505.329312655994,3243484.9507641355,"{'Vertiport_1': 10, 'Vertiport_2': 10, 'Vertiport_3': 10, 'Vertiport_4': 10, 'Vertiport_5': 10, 'Vertiport_6': 10, 'Vertiport_7': 10, 'Vertiport_8': 10, 'Vertiport_9': 10, 'Vertiport_10': 10}"
382,170.0,56,2379.982413264,3245864.9331773994,"{'Vertiport_1': 10, 'Vertiport_2': 10, 'Vertiport_3': 10, 'Vertiport_4': 10, 'Vertiport_5': 10, 'Vertiport_6': 11, 'Vertiport_7': 10, 'Vertiport_8': 9, 'Vertiport_9': 10, 'Vertiport_10': 10}"
383,147.0,49,1679.0553738959998,3247543.9885512954,"{'Vertiport_1': 10, 'Vertiport_2': 10, 'Vertiport_3': 10, 'Vertiport_4': 10, 'Vertiport_5': 10, 'Vertiport_6': 10, 'Vertiport_7': 10, 'Vertiport_8': 10, 'Vertiport_9': 10, 'Vertiport_10': 10}"
384,101.0,33,1565.0601103480003,3249109.048661643,"{'Vertiport_1': 10, 'Vertiport_2': 10, 'Vertiport_3': 10, 'Vertiport_4': 10, 'Vertiport_5': 10, 'Vertiport_6': 10, 'Vertiport_7': 10, 'Vertiport_8': 9, 'Vertiport_9': 11, 'Vertiport_10': 10}"
385,95.0,31,1599.9319081640006,3250708.9805698073,"{'Vertiport_1': 10, 'Vertiport_2': 10, 'Vertiport_3': 10, 'Vertiport_4': 10, 'Vertiport_5': 10, 'Vertiport_6': 10, 'Vertiport_7': 10, 'Vertiport_8': 9, 'Vertiport_9': 11, 'Vertiport_10': 10}"
386,59.0,19,723.0663090320002,3251432.0468788394,"{'Vertiport_1': 10, 'Vertiport_2': 10, 'Vertiport_3': 10, 'Vertiport_4': 11, 'Vertiport_5': 10, 'Vertiport_6': 10, 'Vertiport_7': 10, 'Vertiport_8': 9, 'Vertiport_9': 10, 'Vertiport_10': 10}"
387,93.0,31,1366.936697896,3252798.9835767355,"{'Vertiport_1': 10, 'Vertiport_2': 10, 'Vertiport_3': 10, 'Vertiport_4': 10, 'Vertiport_5': 10, 'Vertiport_6': 10, 'Vertiport_7': 10, 'Vertiport_8': 10, 'Vertiport_9': 10, 'Vertiport_10': 10}"
388,63.0,21,982.6398132480002,3253781.6233899835,"{'Vertiport_1': 10, 'Vertiport_2': 10, 'Vertiport_3': 10, 'Vertiport_4': 10, 'Vertiport_5': 10, 'Vertiport_6': 10, 'Vertiport_7': 10, 'Vertiport_8': 10, 'Vertiport_9': 10, 'Vertiport_10': 10}"
389,87.0,29,1358.5470567600005,3255140.1704467437,"{'Vertiport_1': 10, 'Vertiport_2': 10, 'Vertiport_3': 10, 'Vertiport_4': 10, 'Vertiport_5': 10, 'Vertiport_6': 10, 'Vertiport_7': 10, 'Vertiport_8': 10, 'Vertiport_9': 10, 'Vertiport_10': 10}"
390,116.0,38,1770.7650668960002,3256910.93551364,"{'Vertiport_1': 10, 'Vertiport_2': 10, 'Vertiport_3': 10, 'Vertiport_4': 11, 'Vertiport_5': 10, 'Vertiport_6': 10, 'Vertiport_7': 10, 'Vertiport_8': 9, 'Vertiport_9': 10, 'Vertiport_10': 10}"
391,129.0,43,1640.5372823040002,3258551.4727959437,"{'Vertiport_1': 10, 'Vertiport_2': 10, 'Vertiport_3': 10, 'Vertiport_4': 10, 'Vertiport_5': 10, 'Vertiport_6': 10, 'Vertiport_7': 10, 'Vertiport_8': 10, 'Vertiport_9': 10, 'Vertiport_10': 10}"
392,135.0,45,1988.7084604880006,3260540.1812564316,"{'Vertiport_1': 10, 'Vertiport_2': 10, 'Vertiport_3': 10, 'Vertiport_4': 10, 'Vertiport_5': 10, 'Vertiport_6': 10, 'Vertiport_7': 10, 'Vertiport_8': 10, 'Vertiport_9': 10, 'Vertiport_10': 10}"
393,104.0,34,1692.824732944,3262233.0059893755,"{'Vertiport_1': 10, 'Vertiport_2': 10, 'Vertiport_3': 10, 'Vertiport_4': 11, 'Vertiport_5': 10, 'Vertiport_6': 10, 'Vertiport_7': 10, 'Vertiport_8': 9, 'Vertiport_9': 10, 'Vertiport_10': 10}"
394,147.0,49,2347.2218708319997,3264580.2278602077,"{'Vertiport_1': 10, 'Vertiport_2': 10, 'Vertiport_3': 10, 'Vertiport_4': 10, 'Vertiport_5': 10, 'Vertiport_6': 10, 'Vertiport_7': 10, 'Vertiport_8': 10, 'Vertiport_9': 10, 'Vertiport_10': 10}"
395,242.0,80,3279.0179936599984,3267859.245853868,"{'Vertiport_1': 10, 'Vertiport_2': 10, 'Vertiport_3': 10, 'Vertiport_4': 10, 'Vertiport_5': 10, 'Vertiport_6': 10, 'Vertiport_7': 10, 'Vertiport_8': 9, 'Vertiport_9': 11, 'Vertiport_10': 10}"
396,218.0,72,2789.3321711199987,3270648.578024988,"{'Vertiport_1': 10, 'Vertiport_2': 10, 'Vertiport_3': 10, 'Vertiport_4': 10, 'Vertiport_5': 10, 'Vertiport_6': 11, 'Vertiport_7': 10, 'Vertiport_8': 9, 'Vertiport_9': 10, 'Vertiport_10': 10}"
397,222.0,74,3366.3771199039993,3274014.955144892,"{'Vertiport_1': 10, 'Vertiport_2': 10, 'Vertiport_3': 10, 'Vertiport_4': 10, 'Vertiport_5': 10, 'Vertiport_6': 10, 'Vertiport_7': 10, 'Vertiport_8': 10, 'Vertiport_9': 10, 'Vertiport_10': 10}"
398,281.0,93,4111.161355127998,3278126.11650002,"{'Vertiport_1': 10, 'Vertiport_2': 10, 'Vertiport_3': 10, 'Vertiport_4': 11, 'Vertiport_5': 10, 'Vertiport_6': 10, 'Vertiport_7': 10, 'Vertiport_8': 9, 'Vertiport_9': 10, 'Vertiport_10': 10}"
399,329.0,109,4446.2414783439945,3282572.357978364,"{'Vertiport_1': 10, 'Vertiport_2': 10, 'Vertiport_3': 10, 'Vertiport_4': 10, 'Vertiport_5': 10, 'Vertiport_6': 11, 'Vertiport_7': 10, 'Vertiport_8': 9, 'Vertiport_9': 10, 'Vertiport_10': 10}"
400,342.0,114,5287.03096014399,3287859.388938508,"{'Vertiport_1': 10, 'Vertiport_2': 10, 'Vertiport_3': 10, 'Vertiport_4': 10, 'Vertiport_5': 10, 'Vertiport_6': 10, 'Vertiport_7': 10, 'Vertiport_8': 10, 'Vertiport_9': 10, 'Vertiport_10': 10}"
401,362.0,120,4709.998419911993,3292569.38735842,"{'Vertiport_1': 10, 'Vertiport_2': 10, 'Vertiport_3': 10, 'Vertiport_4': 11, 'Vertiport_5': 10, 'Vertiport_6': 10, 'Vertiport_7': 10, 'Vertiport_8': 9, 'Vertiport_9': 10, 'Vertiport_10': 10}"
402,437.0,145,6363.893639335976,3298933.280997756,"{'Vertiport_1': 10, 'Vertiport_2': 10, 'Vertiport_3': 10, 'Vertiport_4': 11, 'Vertiport_5': 10, 'Vertiport_6': 10, 'Vertiport_7': 10, 'Vertiport_8': 9, 'Vertiport_9': 10, 'Vertiport_10': 10}"
403,566.0,188,7317.49776965597,3306250.778767412,"{'Vertiport_1': 10, 'Vertiport_2': 10, 'Vertiport_3': 10, 'Vertiport_4': 10, 'Vertiport_5': 10, 'Vertiport_6': 11, 'Vertiport_7': 10, 'Vertiport_8': 9, 'Vertiport_9': 10, 'Vertiport_10': 10}"
404,575.0,191,7711.842401391972,3313962.621168804,"{'Vertiport_1': 10, 'Vertiport_2': 10, 'Vertiport_3': 10, 'Vertiport_4': 10, 'Vertiport_5': 10, 'Vertiport_6': 11, 'Vertiport_7': 10, 'Vertiport_8': 9, 'Vertiport_9': 10, 'Vertiport_10': 10}"
405,638.0,212,8902.82021947198,3322865.441388276,"{'Vertiport_1': 10, 'Vertiport_2': 10, 'Vertiport_3': 10, 'Vertiport_4': 10, 'Vertiport_5': 10, 'Vertiport_6': 11, 'Vertiport_7': 10, 'Vertiport_8': 9, 'Vertiport_9': 10, 'Vertiport_10': 10}"
406,666.0,222,9934.396156511986,3332799.837544788,"{'Vertiport_1': 10, 'Vertiport_2': 10, 'Vertiport_3': 10, 'Vertiport_4': 10, 'Vertiport_5': 10, 'Vertiport_6': 10, 'Vertiport_7': 10, 'Vertiport_8': 10, 'Vertiport_9': 10, 'Vertiport_10': 10}"
407,650.0,216,9361.523271927972,3342161.360816716,"{'Vertiport_1': 10, 'Vertiport_2': 10, 'Vertiport_3': 10, 'Vertiport_4': 11, 'Vertiport_5': 10, 'Vertiport_6': 10, 'Vertiport_7': 10, 'Vertiport_8': 9, 'Vertiport_9': 10, 'Vertiport_10': 10}"
408,681.0,227,9407.964965975982,3351569.325782692,"{'Vertiport_1': 10, 'Vertiport_2': 10, 'Vertiport_3': 10, 'Vertiport_4': 10, 'Vertiport_5': 10, 'Vertiport_6': 10, 'Vertiport_7': 10, 'Vertiport_8': 10, 'Vertiport_9': 10, 'Vertiport_10': 10}"
409,660.0,220,9034.140361183978,3360603.466143876,"{'Vertiport_1': 10, 'Vertiport_2': 10, 'Vertiport_3': 10, 'Vertiport_4': 10, 'Vertiport_5': 10, 'Vertiport_6': 10, 'Vertiport_7': 10, 'Vertiport_8': 10, 'Vertiport_9': 10, 'Vertiport_10': 10}"
410,726.0,242,9873.933569335992,3370477.3997132117,"{'Vertiport_1': 10, 'Vertiport_2': 10, 'Vertiport_3': 10, 'Vertiport_4': 10, 'Vertiport_5': 10, 'Vertiport_6': 10, 'Vertiport_7': 10, 'Vertiport_8': 10, 'Vertiport_9': 10, 'Vertiport_10': 10}"
411,615.0,205,8606.396323847976,3379083.7960370597,"{'Vertiport_1': 10, 'Vertiport_2': 10, 'Vertiport_3': 10, 'Vertiport_4': 10, 'Vertiport_5': 10, 'Vertiport_6': 10, 'Vertiport_7': 10, 'Vertiport_8': 10, 'Vertiport_9': 10, 'Vertiport_10': 10}"
412,666.0,222,9401.030522255982,3388484.826559316,"{'Vertiport_1': 10, 'Vertiport_2': 10, 'Vertiport_3': 10, 'Vertiport_4': 10, 'Vertiport_5': 10, 'Vertiport_6': 10, 'Vertiport_7': 10, 'Vertiport_8': 10, 'Vertiport_9': 10, 'Vertiport_10': 10}"
413,501.0,167,6771.6771177919745,3395256.503677108,"{'Vertiport_1': 10, 'Vertiport_2': 10, 'Vertiport_3': 10, 'Vertiport_4': 10, 'Vertiport_5': 10, 'Vertiport_6': 10, 'Vertiport_7': 10, 'Vertiport_8': 10, 'Vertiport_9': 10, 'Vertiport_10': 10}"
414,552.0,184,7379.22513627997,3402635.728813388,"{'Vertiport_1': 10, 'Vertiport_2': 10, 'Vertiport_3': 10, 'Vertiport_4': 10, 'Vertiport_5': 10, 'Vertiport_6': 10, 'Vertiport_7': 10, 'Vertiport_8': 10, 'Vertiport_9': 10, 'Vertiport_10': 10}"
415,591.0,197,8506.148279751971,3411141.87709314,"{'Vertiport_1': 10, 'Vertiport_2': 10, 'Vertiport_3': 10, 'Vertiport_4': 10, 'Vertiport_5': 10, 'Vertiport_6': 10, 'Vertiport_7': 10, 'Vertiport_8': 10, 'Vertiport_9': 10, 'Vertiport_10': 10}"
416,630.0,210,9483.358197583977,3420625.235290724,"{'Vertiport_1': 10, 'Vertiport_2': 10, 'Vertiport_3': 10, 'Vertiport_4': 10, 'Vertiport_5': 10, 'Vertiport_6': 10, 'Vertiport_7': 10, 'Vertiport_8': 10, 'Vertiport_9': 10, 'Vertiport_10': 10}"
417,600.0,200,8232.080720135966,3428857.31601086,"{'Vertiport_1': 10, 'Vertiport_2': 10, 'Vertiport_3': 10, 'Vertiport_4': 10, 'Vertiport_5': 10, 'Vertiport_6': 10, 'Vertiport_7': 10, 'Vertiport_8': 10, 'Vertiport_9': 10, 'Vertiport_10': 10}"
418,504.0,168,6833.297562367979,3435690.6135732275,"{'Vertiport_1': 10, 'Vertiport_2': 10, 'Vertiport_3': 10, 'Vertiport_4': 10, 'Vertiport_5': 10, 'Vertiport_6': 10, 'Vertiport_7': 10, 'Vertiport_8': 10, 'Vertiport_9': 10, 'Vertiport_10': 10}"
419,0.0,0,0.0,3435690.6135732275,"{'Vertiport_1': 10, 'Vertiport_2': 10, 'Vertiport_3': 10, 'Vertiport_4': 10, 'Vertiport_5': 10, 'Vertiport_6': 10, 'Vertiport_7': 10, 'Vertiport_8': 10, 'Vertiport_9': 10, 'Vertiport_10': 10}"
420,0.0,0,0.0,3435690.6135732275,"{'Vertiport_1': 10, 'Vertiport_2': 10, 'Vertiport_3': 10, 'Vertiport_4': 10, 'Vertiport_5': 10, 'Vertiport_6': 10, 'Vertiport_7': 10, 'Vertiport_8': 10, 'Vertiport_9': 10, 'Vertiport_10': 10}"
421,0.0,0,0.0,3435690.6135732275,"{'Vertiport_1': 10, 'Vertiport_2': 10, 'Vertiport_3': 10, 'Vertiport_4': 10, 'Vertiport_5': 10, 'Vertiport_6': 10, 'Vertiport_7': 10, 'Vertiport_8': 10, 'Vertiport_9': 10, 'Vertiport_10': 10}"
422,450.0,150,6809.8119153359785,3442500.4254885637,"{'Vertiport_1': 10, 'Vertiport_2': 10, 'Vertiport_3': 10, 'Vertiport_4': 10, 'Vertiport_5': 10, 'Vertiport_6': 10, 'Vertiport_7': 10, 'Vertiport_8': 10, 'Vertiport_9': 10, 'Vertiport_10': 10}"
423,606.0,202,9692.813648183983,3452193.2391367476,"{'Vertiport_1': 10, 'Vertiport_2': 10, 'Vertiport_3': 10, 'Vertiport_4': 10, 'Vertiport_5': 10, 'Vertiport_6': 10, 'Vertiport_7': 10, 'Vertiport_8': 10, 'Vertiport_9': 10, 'Vertiport_10': 10}"
424,546.0,182,7864.4266651279695,3460057.6658018753,"{'Vertiport_1': 10, 'Vertiport_2': 10, 'Vertiport_3': 10, 'Vertiport_4': 10, 'Vertiport_5': 10, 'Vertiport_6': 10, 'Vertiport_7': 10, 'Vertiport_8': 10, 'Vertiport_9': 10, 'Vertiport_10': 10}"
425,555.0,185,7671.06508549597,3467728.730887371,"{'Vertiport_1': 10, 'Vertiport_2': 10, 'Vertiport_3': 10, 'Vertiport_4': 10, 'Vertiport_5': 10, 'Vertiport_6': 10, 'Vertiport_7': 10, 'Vertiport_8': 10, 'Vertiport_9': 10, 'Vertiport_10': 10}"
426,573.0,191,8162.246725423965,3475890.9776127953,"{'Vertiport_1': 10, 'Vertiport_2': 10, 'Vertiport_3': 10, 'Vertiport_4': 10, 'Vertiport_5': 10, 'Vertiport_6': 10, 'Vertiport_7': 10, 'Vertiport_8': 10, 'Vertiport_9': 10, 'Vertiport_10': 10}"
427,561.0,187,7816.150280703967,3483707.127893499,"{'Vertiport_1': 10, 'Vertiport_2': 10, 'Vertiport_3': 10, 'Vertiport_4': 10, 'Vertiport_5': 10, 'Vertiport_6': 10, 'Vertiport_7': 10, 'Vertiport_8': 10, 'Vertiport_9': 10, 'Vertiport_10': 10}"
428,519.0,173,7526.989529511967,3491234.117423011,"{'Vertiport_1': 10, 'Vertiport_2': 10, 'Vertiport_3': 10, 'Vertiport_4': 10, 'Vertiport_5': 10, 'Vertiport_6': 10, 'Vertiport_7': 10, 'Vertiport_8': 10, 'Vertiport_9': 10, 'Vertiport_10': 10}"
429,567.0,189,8635.522464815976,3499869.639887827,"{'Vertiport_1': 10, 'Vertiport_2': 10, 'Vertiport_3': 10, 'Vertiport_4': 10, 'Vertiport_5': 10, 'Vertiport_6': 10, 'Vertiport_7': 10, 'Vertiport_8': 10, 'Vertiport_9': 10, 'Vertiport_10': 10}"
430,543.0,181,8037.228316623971,3507906.868204451,"{'Vertiport_1': 10, 'Vertiport_2': 10, 'Vertiport_3': 10, 'Vertiport_4': 10, 'Vertiport_5': 10, 'Vertiport_6': 10, 'Vertiport_7': 10, 'Vertiport_8': 10, 'Vertiport_9': 10, 'Vertiport_10': 10}"
431,495.0,165,7121.944921943973,3515028.813126395,"{'Vertiport_1': 10, 'Vertiport_2': 10, 'Vertiport_3': 10, 'Vertiport_4': 10, 'Vertiport_5': 10, 'Vertiport_6': 10, 'Vertiport_7': 10, 'Vertiport_8': 10, 'Vertiport_9': 10, 'Vertiport_10': 10}"
432,492.0,164,7162.57075231197,3522191.383878707,"{'Vertiport_1': 10, 'Vertiport_2': 10, 'Vertiport_3': 10, 'Vertiport_4': 10, 'Vertiport_5': 10, 'Vertiport_6': 10, 'Vertiport_7': 10, 'Vertiport_8': 10, 'Vertiport_9': 10, 'Vertiport_10': 10}"
433,537.0,179,8244.869306399974,3530436.253185107,"{'Vertiport_1': 10, 'Vertiport_2': 10, 'Vertiport_3': 10, 'Vertiport_4': 10, 'Vertiport_5': 10, 'Vertiport_6': 10, 'Vertiport_7': 10, 'Vertiport_8': 10, 'Vertiport_9': 10, 'Vertiport_10': 10}"
434,429.0,143,6381.428227047976,3536817.681412155,"{'Vertiport_1': 10, 'Vertiport_2': 10, 'Vertiport_3': 10, 'Vertiport_4': 10, 'Vertiport_5': 10, 'Vertiport_6': 10, 'Vertiport_7': 10, 'Vertiport_8': 10, 'Vertiport_9': 10, 'Vertiport_10': 10}"
435,495.0,165,7126.15737943997,3543943.838791595,"{'Vertiport_1': 10, 'Vertiport_2': 10, 'Vertiport_3': 10, 'Vertiport_4': 10, 'Vertiport_5': 10, 'Vertiport_6': 10, 'Vertiport_7': 10, 'Vertiport_8': 10, 'Vertiport_9': 10, 'Vertiport_10': 10}"
436,474.0,158,6642.224718127982,3550586.0635097227,"{'Vertiport_1': 10, 'Vertiport_2': 10, 'Vertiport_3': 10, 'Vertiport_4': 10, 'Vertiport_5': 10, 'Vertiport_6': 10, 'Vertiport_7': 10, 'Vertiport_8': 10, 'Vertiport_9': 10, 'Vertiport_10': 10}"
437,516.0,172,7358.464790983976,3557944.5283007068,"{'Vertiport_1': 10, 'Vertiport_2': 10, 'Vertiport_3': 10, 'Vertiport_4': 10, 'Vertiport_5': 10, 'Vertiport_6': 10, 'Vertiport_7': 10, 'Vertiport_8': 10, 'Vertiport_9': 10, 'Vertiport_10': 10}"
438,531.0,177,7822.027552535969,3565766.5558532425,"{'Vertiport_1': 10, 'Vertiport_2': 10, 'Vertiport_3': 10, 'Vertiport_4': 10, 'Vertiport_5': 10, 'Vertiport_6': 10, 'Vertiport_7': 10, 'Vertiport_8': 10, 'Vertiport_9': 10, 'Vertiport_10': 10}"
439,558.0,186,7823.28105770397,3573589.8369109463,"{'Vertiport_1': 10, 'Vertiport_2': 10, 'Vertiport_3': 10, 'Vertiport_4': 10, 'Vertiport_5': 10, 'Vertiport_6': 10, 'Vertiport_7': 10, 'Vertiport_8': 10, 'Vertiport_9': 10, 'Vertiport_10': 10}"
440,573.0,191,8070.1251502159685,3581659.962061162,"{'Vertiport_1': 10, 'Vertiport_2': 10, 'Vertiport_3': 10, 'Vertiport_4': 10, 'Vertiport_5': 10, 'Vertiport_6': 10, 'Vertiport_7': 10, 'Vertiport_8': 10, 'Vertiport_9': 10, 'Vertiport_10': 10}"
441,615.0,205,8588.803986567975,3590248.76604773,"{'Vertiport_1': 10, 'Vertiport_2': 10, 'Vertiport_3': 10, 'Vertiport_4': 10, 'Vertiport_5': 10, 'Vertiport_6': 10, 'Vertiport_7': 10, 'Vertiport_8': 10, 'Vertiport_9': 10, 'Vertiport_10': 10}"
442,600.0,200,7984.420545631965,3598233.186593362,"{'Vertiport_1': 10, 'Vertiport_2': 10, 'Vertiport_3': 10, 'Vertiport_4': 10, 'Vertiport_5': 10, 'Vertiport_6': 10, 'Vertiport_7': 10, 'Vertiport_8': 10, 'Vertiport_9': 10, 'Vertiport_10': 10}"
443,672.0,224,10052.733498351983,3608285.9200917142,"{'Vertiport_1': 10, 'Vertiport_2': 10, 'Vertiport_3': 10, 'Vertiport_4': 10, 'Vertiport_5': 10, 'Vertiport_6': 10, 'Vertiport_7': 10, 'Vertiport_8': 10, 'Vertiport_9': 10, 'Vertiport_10': 10}"
444,747.0,249,10244.14836132797,3618530.0684530423,"{'Vertiport_1': 10, 'Vertiport_2': 10, 'Vertiport_3': 10, 'Vertiport_4': 10, 'Vertiport_5': 10, 'Vertiport_6': 10, 'Vertiport_7': 10, 'Vertiport_8': 10, 'Vertiport_9': 10, 'Vertiport_10': 10}"
445,795.0,265,10978.10411077598,3629508.1725638183,"{'Vertiport_1': 10, 'Vertiport_2': 10, 'Vertiport_3': 10, 'Vertiport_4': 10, 'Vertiport_5': 10, 'Vertiport_6': 10, 'Vertiport_7': 10, 'Vertiport_8': 10, 'Vertiport_9': 10, 'Vertiport_10': 10}"
446,786.0,262,10715.33265547199,3640223.5052192905,"{'Vertiport_1': 10, 'Vertiport_2': 10, 'Vertiport_3': 10, 'Vertiport_4': 10, 'Vertiport_5': 10, 'Vertiport_6': 10, 'Vertiport_7': 10, 'Vertiport_8': 10, 'Vertiport_9': 10, 'Vertiport_10': 10}"
447,819.0,273,12265.931101032,3652489.4363203226,"{'Vertiport_1': 10, 'Vertiport_2': 10, 'Vertiport_3': 10, 'Vertiport_4': 10, 'Vertiport_5': 10, 'Vertiport_6': 10, 'Vertiport_7': 10, 'Vertiport_8': 10, 'Vertiport_9': 10, 'Vertiport_10': 10}"
448,888.0,296,12362.834534751983,3664852.2708550747,"{'Vertiport_1': 10, 'Vertiport_2': 10, 'Vertiport_3': 10, 'Vertiport_4': 10, 'Vertiport_5': 10, 'Vertiport_6': 10, 'Vertiport_7': 10, 'Vertiport_8': 10, 'Vertiport_9': 10, 'Vertiport_10': 10}"
449,861.0,287,11879.416684759988,3676731.6875398345,"{'Vertiport_1': 10, 'Vertiport_2': 10, 'Vertiport_3': 10, 'Vertiport_4': 10, 'Vertiport_5': 10, 'Vertiport_6': 10, 'Vertiport_7': 10, 'Vertiport_8': 10, 'Vertiport_9': 10, 'Vertiport_10': 10}"
450,867.0,289,12238.463869655989,3688970.1514094905,"{'Vertiport_1': 10, 'Vertiport_2': 10, 'Vertiport_3': 10, 'Vertiport_4': 10, 'Vertiport_5': 10, 'Vertiport_6': 10, 'Vertiport_7': 10, 'Vertiport_8': 10, 'Vertiport_9': 10, 'Vertiport_10': 10}"
451,947.0,315,13355.790967399998,3702325.9423768907,"{'Vertiport_1': 10, 'Vertiport_2': 10, 'Vertiport_3': 9, 'Vertiport_4': 10, 'Vertiport_5': 10, 'Vertiport_6': 10, 'Vertiport_7': 10, 'Vertiport_8': 10, 'Vertiport_9': 10, 'Vertiport_10': 11}"
452,887.0,295,12602.753293575985,3714928.695670467,"{'Vertiport_1': 10, 'Vertiport_2': 10, 'Vertiport_3': 9, 'Vertiport_4': 10, 'Vertiport_5': 10, 'Vertiport_6': 10, 'Vertiport_7': 10, 'Vertiport_8': 10, 'Vertiport_9': 10, 'Vertiport_10': 11}"
453,893.0,297,12737.008475503997,3727665.7041459708,"{'Vertiport_1': 10, 'Vertiport_2': 10, 'Vertiport_3': 11, 'Vertiport_4': 10, 'Vertiport_5': 10, 'Vertiport_6': 10, 'Vertiport_7': 10, 'Vertiport_8': 10, 'Vertiport_9': 10, 'Vertiport_10': 9}"
454,889.0,295,11880.122565255992,3739545.8267112267,"{'Vertiport_1': 10, 'Vertiport_2': 10, 'Vertiport_3': 8, 'Vertiport_4': 10, 'Vertiport_5': 10, 'Vertiport_6': 10, 'Vertiport_7': 10, 'Vertiport_8': 10, 'Vertiport_9': 10, 'Vertiport_10': 12}"
455,936.0,312,13643.030722288018,3753188.8574335147,"{'Vertiport_1': 10, 'Vertiport_2': 10, 'Vertiport_3': 10, 'Vertiport_4': 10, 'Vertiport_5': 10, 'Vertiport_6': 10, 'Vertiport_7': 10, 'Vertiport_8': 10, 'Vertiport_9': 10, 'Vertiport_10': 10}"
456,818.0,272,12046.410606167998,3765235.268039683,"{'Vertiport_1': 10, 'Vertiport_2': 10, 'Vertiport_3': 11, 'Vertiport_4': 10, 'Vertiport_5': 10, 'Vertiport_6': 10, 'Vertiport_7': 10, 'Vertiport_8': 10, 'Vertiport_9': 10, 'Vertiport_10': 9}"
457,921.0,305,12456.248634879994,3777691.516674563,"{'Vertiport_1': 10, 'Vertiport_2': 10, 'Vertiport_3': 7, 'Vertiport_4': 10, 'Vertiport_5': 10, 'Vertiport_6': 10, 'Vertiport_7': 10, 'Vertiport_8': 10, 'Vertiport_9': 10, 'Vertiport_10': 13}"
458,879.0,293,12880.856787808007,3790572.3734623706,"{'Vertiport_1': 10, 'Vertiport_2': 10, 'Vertiport_3': 10, 'Vertiport_4': 10, 'Vertiport_5': 10, 'Vertiport_6': 10, 'Vertiport_7': 10, 'Vertiport_8': 10, 'Vertiport_9': 10, 'Vertiport_10': 10}"
459,847.0,281,11938.670441671995,3802511.043904043,"{'Vertiport_1': 10, 'Vertiport_2': 10, 'Vertiport_3': 10, 'Vertiport_4': 10, 'Vertiport_5': 10, 'Vertiport_6': 10, 'Vertiport_7': 10, 'Vertiport_8': 10, 'Vertiport_9': 10, 'Vertiport_10': 10}"
460,876.0,292,12493.867138464002,3815004.911042507,"{'Vertiport_1': 10, 'Vertiport_2': 10, 'Vertiport_3': 10, 'Vertiport_4': 10, 'Vertiport_5': 10, 'Vertiport_6': 10, 'Vertiport_7': 10, 'Vertiport_8': 10, 'Vertiport_9': 10, 'Vertiport_10': 10}"
461,910.0,302,12802.430662791998,3827807.341705299,"{'Vertiport_1': 10, 'Vertiport_2': 10, 'Vertiport_3': 10, 'Vertiport_4': 10, 'Vertiport_5': 10, 'Vertiport_6': 10, 'Vertiport_7': 10, 'Vertiport_8': 10, 'Vertiport_9': 10, 'Vertiport_10': 10}"
462,887.0,295,12320.748196607994,3840128.089901907,"{'Vertiport_1': 10, 'Vertiport_2': 10, 'Vertiport_3': 11, 'Vertiport_4': 10, 'Vertiport_5': 10, 'Vertiport_6': 10, 'Vertiport_7': 10, 'Vertiport_8': 10, 'Vertiport_9': 10, 'Vertiport_10': 9}"
463,765.0,255,10754.098335031977,3850882.188236939,"{'Vertiport_1': 10, 'Vertiport_2': 10, 'Vertiport_3': 10, 'Vertiport_4': 10, 'Vertiport_5': 10, 'Vertiport_6': 10, 'Vertiport_7': 10, 'Vertiport_8': 10, 'Vertiport_9': 10, 'Vertiport_10': 10}"
464,755.0,251,10947.688913127991,3861829.8771500667,"{'Vertiport_1': 10, 'Vertiport_2': 10, 'Vertiport_3': 11, 'Vertiport_4': 10, 'Vertiport_5': 10, 'Vertiport_6': 10, 'Vertiport_7': 10, 'Vertiport_8': 10, 'Vertiport_9': 10, 'Vertiport_10': 9}"
465,779.0,259,10805.021716863985,3872634.8988669305,"{'Vertiport_1': 10, 'Vertiport_2': 10, 'Vertiport_3': 9, 'Vertiport_4': 10, 'Vertiport_5': 10, 'Vertiport_6': 10, 'Vertiport_7': 10, 'Vertiport_8': 10, 'Vertiport_9': 10, 'Vertiport_10': 11}"
466,797.0,265,11594.499944663987,3884229.3988115946,"{'Vertiport_1': 10, 'Vertiport_2': 10, 'Vertiport_3': 9, 'Vertiport_4': 10, 'Vertiport_5': 10, 'Vertiport_6': 10, 'Vertiport_7': 10, 'Vertiport_8': 10, 'Vertiport_9': 10, 'Vertiport_10': 11}"
467,689.0,229,9845.587416391983,3894074.9862279864,"{'Vertiport_1': 10, 'Vertiport_2': 10, 'Vertiport_3': 9, 'Vertiport_4': 10, 'Vertiport_5': 10, 'Vertiport_6': 10, 'Vertiport_7': 10, 'Vertiport_8': 10, 'Vertiport_9': 10, 'Vertiport_10': 11}"
468,684.0,228,9524.530162343977,3903599.51639033,"{'Vertiport_1': 10, 'Vertiport_2': 10, 'Vertiport_3': 10, 'Vertiport_4': 10, 'Vertiport_5': 10, 'Vertiport_6': 10, 'Vertiport_7': 10, 'Vertiport_8': 10, 'Vertiport_9': 10, 'Vertiport_10': 10}"
469,671.0,223,9389.782139871983,3912989.2985302024,"{'Vertiport_1': 10, 'Vertiport_2': 10, 'Vertiport_3': 9, 'Vertiport_4': 10, 'Vertiport_5': 10, 'Vertiport_6': 10, 'Vertiport_7': 10, 'Vertiport_8': 10, 'Vertiport_9': 10, 'Vertiport_10': 11}"
470,622.0,206,8800.737463135973,3921790.0359933386,"{'Vertiport_1': 10, 'Vertiport_2': 10, 'Vertiport_3': 8, 'Vertiport_4': 10, 'Vertiport_5': 10, 'Vertiport_6': 10, 'Vertiport_7': 10, 'Vertiport_8': 10, 'Vertiport_9': 10, 'Vertiport_10': 12}"
471,523.0,173,7151.5645418319755,3928941.6005351706,"{'Vertiport_1': 10, 'Vertiport_2': 10, 'Vertiport_3': 10, 'Vertiport_4': 10, 'Vertiport_5': 10, 'Vertiport_6': 10, 'Vertiport_7': 10, 'Vertiport_8': 10, 'Vertiport_9': 10, 'Vertiport_10': 10}"
472,446.0,148,6786.08219931997,3935727.682734491,"{'Vertiport_1': 10, 'Vertiport_2': 10, 'Vertiport_3': 9, 'Vertiport_4': 10, 'Vertiport_5': 10, 'Vertiport_6': 10, 'Vertiport_7': 10, 'Vertiport_8': 10, 'Vertiport_9': 10, 'Vertiport_10': 11}"
473,418.0,138,5894.809878631979,3941622.492613123,"{'Vertiport_1': 10, 'Vertiport_2': 10, 'Vertiport_3': 10, 'Vertiport_4': 10, 'Vertiport_5': 10, 'Vertiport_6': 10, 'Vertiport_7': 10, 'Vertiport_8': 10, 'Vertiport_9': 10, 'Vertiport_10': 10}"
474,383.0,127,5741.699182911984,3947364.1917960346,"{'Vertiport_1': 10, 'Vertiport_2': 10, 'Vertiport_3': 11, 'Vertiport_4': 10, 'Vertiport_5': 10, 'Vertiport_6': 10, 'Vertiport_7': 10, 'Vertiport_8': 10, 'Vertiport_9': 10, 'Vertiport_10': 9}"
475,353.0,117,5206.828827311989,3952571.020623347,"{'Vertiport_1': 10, 'Vertiport_2': 10, 'Vertiport_3': 9, 'Vertiport_4': 10, 'Vertiport_5': 10, 'Vertiport_6': 10, 'Vertiport_7': 10, 'Vertiport_8': 10, 'Vertiport_9': 10, 'Vertiport_10': 11}"
476,465.0,155,6710.581002279977,3959281.601625627,"{'Vertiport_1': 10, 'Vertiport_2': 10, 'Vertiport_3': 10, 'Vertiport_4': 10, 'Vertiport_5': 10, 'Vertiport_6': 10, 'Vertiport_7': 10, 'Vertiport_8': 10, 'Vertiport_9': 10, 'Vertiport_10': 10}"
477,365.0,121,5476.289735527985,3964757.891361155,"{'Vertiport_1': 10, 'Vertiport_2': 10, 'Vertiport_3': 9, 'Vertiport_4': 10, 'Vertiport_5': 10, 'Vertiport_6': 10, 'Vertiport_7': 10, 'Vertiport_8': 10, 'Vertiport_9': 10, 'Vertiport_10': 11}"
478,280.0,92,3828.795233879997,3968586.6865950353,"{'Vertiport_1': 10, 'Vertiport_2': 10, 'Vertiport_3': 8, 'Vertiport_4': 10, 'Vertiport_5': 10, 'Vertiport_6': 10, 'Vertiport_7': 10, 'Vertiport_8': 10, 'Vertiport_9': 10, 'Vertiport_10': 12}"
479,237.0,79,3798.469163695998,3972385.155758731,"{'Vertiport_1': 10, 'Vertiport_2': 10, 'Vertiport_3': 10, 'Vertiport_4': 10, 'Vertiport_5': 10, 'Vertiport_6': 10, 'Vertiport_7': 10, 'Vertiport_8': 10, 'Vertiport_9': 10, 'Vertiport_10': 10}"
480,141.0,47,1779.5226177360003,3974164.678376467,"{'Vertiport_1': 10, 'Vertiport_2': 10, 'Vertiport_3': 10, 'Vertiport_4': 10, 'Vertiport_5': 10, 'Vertiport_6': 10, 'Vertiport_7': 10, 'Vertiport_8': 10, 'Vertiport_9': 10, 'Vertiport_10': 10}"
481,99.0,33,1577.5693521120004,3975742.2477285787,"{'Vertiport_1': 10, 'Vertiport_2': 10, 'Vertiport_3': 10, 'Vertiport_4': 10, 'Vertiport_5': 10, 'Vertiport_6': 10, 'Vertiport_7': 10, 'Vertiport_8': 10, 'Vertiport_9': 10, 'Vertiport_10': 10}"
482,113.0,37,1744.9694340320007,3977487.217162611,"{'Vertiport_1': 10, 'Vertiport_2': 10, 'Vertiport_3': 9, 'Vertiport_4': 10, 'Vertiport_5': 10, 'Vertiport_6': 10, 'Vertiport_7': 10, 'Vertiport_8': 10, 'Vertiport_9': 10, 'Vertiport_10': 11}"
483,102.0,34,1546.663913896,3979033.881076507,"{'Vertiport_1': 10, 'Vertiport_2': 10, 'Vertiport_3': 10, 'Vertiport_4': 10, 'Vertiport_5': 10, 'Vertiport_6': 10, 'Vertiport_7': 10, 'Vertiport_8': 10, 'Vertiport_9': 10, 'Vertiport_10': 10}"
484,96.0,32,1163.2328861040005,3980197.1139626107,"{'Vertiport_1': 10, 'Vertiport_2': 10, 'Vertiport_3': 10, 'Vertiport_4': 10, 'Vertiport_5': 10, 'Vertiport_6': 10, 'Vertiport_7': 10, 'Vertiport_8': 10, 'Vertiport_9': 10, 'Vertiport_10': 10}"
485,98.0,32,1436.48306456,3981633.597027171,"{'Vertiport_1': 10, 'Vertiport_2': 10, 'Vertiport_3': 11, 'Vertiport_4': 10, 'Vertiport_5': 10, 'Vertiport_6': 10, 'Vertiport_7': 10, 'Vertiport_8': 10, 'Vertiport_9': 10, 'Vertiport_10': 9}"
486,126.0,42,2264.1892352799996,3983897.7862624507,"{'Vertiport_1': 10, 'Vertiport_2': 10, 'Vertiport_3': 10, 'Vertiport_4': 10, 'Vertiport_5': 10, 'Vertiport_6': 10, 'Vertiport_7': 10, 'Vertiport_8': 10, 'Vertiport_9': 10, 'Vertiport_10': 10}"
487,120.0,40,2072.7397647520006,3985970.5260272026,"{'Vertiport_1': 10, 'Vertiport_2': 10, 'Vertiport_3': 10, 'Vertiport_4': 10, 'Vertiport_5': 10, 'Vertiport_6': 10, 'Vertiport_7': 10, 'Vertiport_8': 10, 'Vertiport_9': 10, 'Vertiport_10': 10}"
488,160.0,52,2375.5174378399997,3988346.0434650425,"{'Vertiport_1': 10, 'Vertiport_2': 10, 'Vertiport_3': 8, 'Vertiport_4': 10, 'Vertiport_5': 10, 'Vertiport_6': 10, 'Vertiport_7': 10, 'Vertiport_8': 10, 'Vertiport_9': 10, 'Vertiport_10': 12}"
489,158.0,52,2951.3088942879976,3991297.3523593303,"{'Vertiport_1': 10, 'Vertiport_2': 10, 'Vertiport_3': 11, 'Vertiport_4': 10, 'Vertiport_5': 10, 'Vertiport_6': 10, 'Vertiport_7': 10, 'Vertiport_8': 10, 'Vertiport_9': 10, 'Vertiport_10': 9}"
490,174.0,58,2523.1275658159993,3993820.4799251463,"{'Vertiport_1': 10, 'Vertiport_2': 10, 'Vertiport_3': 10, 'Vertiport_4': 10, 'Vertiport_5': 10, 'Vertiport_6': 10, 'Vertiport_7': 10, 'Vertiport_8': 10, 'Vertiport_9': 10, 'Vertiport_10': 10}"
491,270.0,90,3872.7007489119947,3997693.1806740584,"{'Vertiport_1': 10, 'Vertiport_2': 10, 'Vertiport_3': 10, 'Vertiport_4': 10, 'Vertiport_5': 10, 'Vertiport_6': 10, 'Vertiport_7': 10, 'Vertiport_8': 10, 'Vertiport_9': 10, 'Vertiport_10': 10}"
492,216.0,72,2863.552875288,4000556.733549346,"{'Vertiport_1': 10, 'Vertiport_2': 10, 'Vertiport_3': 10, 'Vertiport_4': 10, 'Vertiport_5': 10, 'Vertiport_6': 10, 'Vertiport_7': 10, 'Vertiport_8': 10, 'Vertiport_9': 10, 'Vertiport_10': 10}"
493,231.0,77,3074.164253143999,4003630.8978024903,"{'Vertiport_1': 10, 'Vertiport_2': 10, 'Vertiport_3': 10, 'Vertiport_4': 10, 'Vertiport_5': 10, 'Vertiport_6': 10, 'Vertiport_7': 10, 'Vertiport_8': 10, 'Vertiport_9': 10, 'Vertiport_10': 10}"
494,295.0,97,4137.643347967996,4007768.541150458,"{'Vertiport_1': 10, 'Vertiport_2': 10, 'Vertiport_3': 8, 'Vertiport_4': 10, 'Vertiport_5': 10, 'Vertiport_6': 10, 'Vertiport_7': 10, 'Vertiport_8': 10, 'Vertiport_9': 10, 'Vertiport_10': 12}"
495,327.0,109,4639.15397985599,4012407.695130314,"{'Vertiport_1': 10, 'Vertiport_2': 10, 'Vertiport_3': 10, 'Vertiport_4': 10, 'Vertiport_5': 10, 'Vertiport_6': 10, 'Vertiport_7': 10, 'Vertiport_8': 10, 'Vertiport_9': 10, 'Vertiport_10': 10}"
496,339.0,113,4764.684260455991,4017172.37939077,"{'Vertiport_1': 10, 'Vertiport_2': 10, 'Vertiport_3': 10, 'Vertiport_4': 10, 'Vertiport_5': 10, 'Vertiport_6': 10, 'Vertiport_7': 10, 'Vertiport_8': 10, 'Vertiport_9': 10, 'Vertiport_10': 10}"
497,342.0,114,5304.698472471985,4022477.077863242,"{'Vertiport_1': 10, 'Vertiport_2': 10, 'Vertiport_3': 10, 'Vertiport_4': 10, 'Vertiport_5': 10, 'Vertiport_6': 10, 'Vertiport_7': 10, 'Vertiport_8': 10, 'Vertiport_9': 10, 'Vertiport_10': 10}"
498,401.0,133,5936.780156327982,4028413.85801957,"{'Vertiport_1': 10, 'Vertiport_2': 10, 'Vertiport_3': 9, 'Vertiport_4': 10, 'Vertiport_5': 10, 'Vertiport_6': 10, 'Vertiport_7': 10, 'Vertiport_8': 10, 'Vertiport_9': 10, 'Vertiport_10': 11}"
499,558.0,184,8075.502859343967,4036489.3608789137,"{'Vertiport_1': 10, 'Vertiport_2': 10, 'Vertiport_3': 11, 'Vertiport_4': 10, 'Vertiport_5': 10, 'Vertiport_6': 10, 'Vertiport_7': 10, 'Vertiport_8': 10, 'Vertiport_9': 10, 'Vertiport_10': 9}"
500,547.0,181,7493.964825775973,4043983.3257046896,"{'Vertiport_1': 10, 'Vertiport_2': 10, 'Vertiport_3': 10, 'Vertiport_4': 10, 'Vertiport_5': 10, 'Vertiport_6': 10, 'Vertiport_7': 10, 'Vertiport_8': 10, 'Vertiport_9': 10, 'Vertiport_10': 10}"
