time_step,met_demand,unmet_demand,iteration_cost,cumulative_cost,vertiport_counts
1,733.0,197,9155.173746603976,9155.173746603976,"{'Vertiport_1': 20, 'Vertiport_2': 13, 'Vertiport_3': 20, 'Vertiport_4': 19, 'Vertiport_5': 20, 'Vertiport_6': 3, 'Vertiport_7': 31, 'Vertiport_8': 27, 'Vertiport_9': 27, 'Vertiport_10': 20}"
2,360.0,72,4682.02508588799,13837.198832491966,"{'Vertiport_1': 20, 'Vertiport_2': 18, 'Vertiport_3': 20, 'Vertiport_4': 21, 'Vertiport_5': 20, 'Vertiport_6': 0, 'Vertiport_7': 35, 'Vertiport_8': 25, 'Vertiport_9': 21, 'Vertiport_10': 20}"
3,281.0,51,3304.467488643998,17141.666321135963,"{'Vertiport_1': 20, 'Vertiport_2': 21, 'Vertiport_3': 20, 'Vertiport_4': 21, 'Vertiport_5': 20, 'Vertiport_6': 0, 'Vertiport_7': 31, 'Vertiport_8': 28, 'Vertiport_9': 19, 'Vertiport_10': 20}"
4,241.0,35,3072.5917886999987,20214.258109835962,"{'Vertiport_1': 20, 'Vertiport_2': 15, 'Vertiport_3': 20, 'Vertiport_4': 21, 'Vertiport_5': 20, 'Vertiport_6': 0, 'Vertiport_7': 31, 'Vertiport_8': 28, 'Vertiport_9': 25, 'Vertiport_10': 20}"
5,192.0,26,2081.039806628001,22295.297916463962,"{'Vertiport_1': 20, 'Vertiport_2': 20, 'Vertiport_3': 20, 'Vertiport_4': 12, 'Vertiport_5': 20, 'Vertiport_6': 2, 'Vertiport_7': 36, 'Vertiport_8': 29, 'Vertiport_9': 21, 'Vertiport_10': 20}"
6,178.0,22,2106.89888782,24402.19680428396,"{'Vertiport_1': 20, 'Vertiport_2': 20, 'Vertiport_3': 20, 'Vertiport_4': 21, 'Vertiport_5': 20, 'Vertiport_6': 9, 'Vertiport_7': 21, 'Vertiport_8': 29, 'Vertiport_9': 20, 'Vertiport_10': 20}"
7,190.0,26,2105.909198372,26508.10600265596,"{'Vertiport_1': 20, 'Vertiport_2': 18, 'Vertiport_3': 20, 'Vertiport_4': 16, 'Vertiport_5': 20, 'Vertiport_6': 11, 'Vertiport_7': 24, 'Vertiport_8': 30, 'Vertiport_9': 21, 'Vertiport_10': 20}"
8,210.0,32,2078.7202374879994,28586.82624014396,"{'Vertiport_1': 20, 'Vertiport_2': 18, 'Vertiport_3': 20, 'Vertiport_4': 17, 'Vertiport_5': 20, 'Vertiport_6': 3, 'Vertiport_7': 33, 'Vertiport_8': 28, 'Vertiport_9': 21, 'Vertiport_10': 20}"
9,147.0,11,1840.778110104,30427.60435024796,"{'Vertiport_1': 20, 'Vertiport_2': 18, 'Vertiport_3': 20, 'Vertiport_4': 20, 'Vertiport_5': 20, 'Vertiport_6': 12, 'Vertiport_7': 23, 'Vertiport_8': 24, 'Vertiport_9': 23, 'Vertiport_10': 20}"
10,132.0,12,1294.5511422240004,31722.15549247196,"{'Vertiport_1': 20, 'Vertiport_2': 17, 'Vertiport_3': 20, 'Vertiport_4': 13, 'Vertiport_5': 20, 'Vertiport_6': 8, 'Vertiport_7': 26, 'Vertiport_8': 33, 'Vertiport_9': 23, 'Vertiport_10': 20}"
11,134.0,4,1526.5464618280007,33248.70195429996,"{'Vertiport_1': 20, 'Vertiport_2': 18, 'Vertiport_3': 20, 'Vertiport_4': 17, 'Vertiport_5': 20, 'Vertiport_6': 3, 'Vertiport_7': 26, 'Vertiport_8': 33, 'Vertiport_9': 23, 'Vertiport_10': 20}"
12,185.0,21,2096.5592596919996,35345.261213991966,"{'Vertiport_1': 20, 'Vertiport_2': 18, 'Vertiport_3': 20, 'Vertiport_4': 20, 'Vertiport_5': 20, 'Vertiport_6': 7, 'Vertiport_7': 27, 'Vertiport_8': 26, 'Vertiport_9': 22, 'Vertiport_10': 20}"
13,147.0,15,1349.5261593880007,36694.787373379964,"{'Vertiport_1': 20, 'Vertiport_2': 20, 'Vertiport_3': 20, 'Vertiport_4': 15, 'Vertiport_5': 20, 'Vertiport_6': 8, 'Vertiport_7': 21, 'Vertiport_8': 36, 'Vertiport_9': 20, 'Vertiport_10': 20}"
14,151.0,15,1367.3859823800008,38062.173355759965,"{'Vertiport_1': 20, 'Vertiport_2': 20, 'Vertiport_3': 20, 'Vertiport_4': 21, 'Vertiport_5': 20, 'Vertiport_6': 9, 'Vertiport_7': 18, 'Vertiport_8': 33, 'Vertiport_9': 19, 'Vertiport_10': 20}"
15,256.0,48,2777.1515188279977,40839.32487458796,"{'Vertiport_1': 20, 'Vertiport_2': 21, 'Vertiport_3': 20, 'Vertiport_4': 11, 'Vertiport_5': 20, 'Vertiport_6': 0, 'Vertiport_7': 41, 'Vertiport_8': 28, 'Vertiport_9': 19, 'Vertiport_10': 20}"
16,220.0,38,2469.077307056,43308.40218164396,"{'Vertiport_1': 20, 'Vertiport_2': 17, 'Vertiport_3': 20, 'Vertiport_4': 8, 'Vertiport_5': 20, 'Vertiport_6': 3, 'Vertiport_7': 39, 'Vertiport_8': 29, 'Vertiport_9': 24, 'Vertiport_10': 20}"
17,264.0,56,3166.8019808079985,46475.20416245196,"{'Vertiport_1': 20, 'Vertiport_2': 19, 'Vertiport_3': 20, 'Vertiport_4': 5, 'Vertiport_5': 20, 'Vertiport_6': 6, 'Vertiport_7': 40, 'Vertiport_8': 29, 'Vertiport_9': 21, 'Vertiport_10': 20}"
18,242.0,46,3061.3232519799976,49536.52741443196,"{'Vertiport_1': 20, 'Vertiport_2': 18, 'Vertiport_3': 20, 'Vertiport_4': 4, 'Vertiport_5': 20, 'Vertiport_6': 0, 'Vertiport_7': 49, 'Vertiport_8': 27, 'Vertiport_9': 22, 'Vertiport_10': 20}"
19,340.0,82,4523.012235923994,54059.53965035596,"{'Vertiport_1': 20, 'Vertiport_2': 18, 'Vertiport_3': 20, 'Vertiport_4': 3, 'Vertiport_5': 20, 'Vertiport_6': 0, 'Vertiport_7': 49, 'Vertiport_8': 28, 'Vertiport_9': 22, 'Vertiport_10': 20}"
20,356.0,88,4475.383666351993,58534.92331670795,"{'Vertiport_1': 20, 'Vertiport_2': 17, 'Vertiport_3': 20, 'Vertiport_4': 2, 'Vertiport_5': 20, 'Vertiport_6': 1, 'Vertiport_7': 48, 'Vertiport_8': 29, 'Vertiport_9': 23, 'Vertiport_10': 20}"
21,319.0,77,3980.2954296119974,62515.21874631995,"{'Vertiport_1': 20, 'Vertiport_2': 21, 'Vertiport_3': 20, 'Vertiport_4': 1, 'Vertiport_5': 20, 'Vertiport_6': 0, 'Vertiport_7': 49, 'Vertiport_8': 30, 'Vertiport_9': 19, 'Vertiport_10': 20}"
22,393.0,99,5445.008857575991,67960.22760389594,"{'Vertiport_1': 20, 'Vertiport_2': 16, 'Vertiport_3': 20, 'Vertiport_4': 3, 'Vertiport_5': 20, 'Vertiport_6': 0, 'Vertiport_7': 49, 'Vertiport_8': 29, 'Vertiport_9': 23, 'Vertiport_10': 20}"
23,499.0,145,6138.22265518398,74098.45025907992,"{'Vertiport_1': 20, 'Vertiport_2': 19, 'Vertiport_3': 20, 'Vertiport_4': 11, 'Vertiport_5': 20, 'Vertiport_6': 0, 'Vertiport_7': 46, 'Vertiport_8': 23, 'Vertiport_9': 21, 'Vertiport_10': 20}"
24,554.0,164,7195.416319203973,81293.8665782839,"{'Vertiport_1': 20, 'Vertiport_2': 18, 'Vertiport_3': 20, 'Vertiport_4': 13, 'Vertiport_5': 20, 'Vertiport_6': 9, 'Vertiport_7': 34, 'Vertiport_8': 23, 'Vertiport_9': 23, 'Vertiport_10': 20}"
25,446.0,130,5887.301942019982,87181.16852030388,"{'Vertiport_1': 20, 'Vertiport_2': 20, 'Vertiport_3': 20, 'Vertiport_4': 12, 'Vertiport_5': 20, 'Vertiport_6': 14, 'Vertiport_7': 27, 'Vertiport_8': 27, 'Vertiport_9': 20, 'Vertiport_10': 20}"
26,435.0,135,6191.414497923986,93372.58301822786,"{'Vertiport_1': 20, 'Vertiport_2': 19, 'Vertiport_3': 20, 'Vertiport_4': 20, 'Vertiport_5': 20, 'Vertiport_6': 12, 'Vertiport_7': 29, 'Vertiport_8': 19, 'Vertiport_9': 21, 'Vertiport_10': 20}"
27,642.0,204,8361.075353279975,101733.65837150783,"{'Vertiport_1': 20, 'Vertiport_2': 18, 'Vertiport_3': 20, 'Vertiport_4': 20, 'Vertiport_5': 20, 'Vertiport_6': 13, 'Vertiport_7': 28, 'Vertiport_8': 19, 'Vertiport_9': 22, 'Vertiport_10': 20}"
28,590.0,186,7928.635224091959,109662.2935955998,"{'Vertiport_1': 20, 'Vertiport_2': 18, 'Vertiport_3': 20, 'Vertiport_4': 21, 'Vertiport_5': 20, 'Vertiport_6': 12, 'Vertiport_7': 28, 'Vertiport_8': 18, 'Vertiport_9': 23, 'Vertiport_10': 20}"
29,658.0,210,8776.273463211975,118438.56705881178,"{'Vertiport_1': 20, 'Vertiport_2': 19, 'Vertiport_3': 20, 'Vertiport_4': 21, 'Vertiport_5': 20, 'Vertiport_6': 14, 'Vertiport_7': 27, 'Vertiport_8': 18, 'Vertiport_9': 21, 'Vertiport_10': 20}"
30,613.0,197,7805.865768091974,126244.43282690375,"{'Vertiport_1': 20, 'Vertiport_2': 19, 'Vertiport_3': 20, 'Vertiport_4': 20, 'Vertiport_5': 20, 'Vertiport_6': 16, 'Vertiport_7': 25, 'Vertiport_8': 19, 'Vertiport_9': 21, 'Vertiport_10': 20}"
31,676.0,216,8940.477859603978,135184.91068650773,"{'Vertiport_1': 20, 'Vertiport_2': 19, 'Vertiport_3': 20, 'Vertiport_4': 20, 'Vertiport_5': 20, 'Vertiport_6': 18, 'Vertiport_7': 24, 'Vertiport_8': 17, 'Vertiport_9': 22, 'Vertiport_10': 20}"
32,657.0,211,9342.630521811981,144527.54120831972,"{'Vertiport_1': 20, 'Vertiport_2': 17, 'Vertiport_3': 20, 'Vertiport_4': 20, 'Vertiport_5': 20, 'Vertiport_6': 18, 'Vertiport_7': 22, 'Vertiport_8': 21, 'Vertiport_9': 22, 'Vertiport_10': 20}"
33,690.0,218,9176.227925999983,153703.7691343197,"{'Vertiport_1': 20, 'Vertiport_2': 19, 'Vertiport_3': 20, 'Vertiport_4': 22, 'Vertiport_5': 20, 'Vertiport_6': 18, 'Vertiport_7': 23, 'Vertiport_8': 16, 'Vertiport_9': 22, 'Vertiport_10': 20}"
34,657.0,213,8642.389231983976,162346.1583663037,"{'Vertiport_1': 20, 'Vertiport_2': 19, 'Vertiport_3': 20, 'Vertiport_4': 21, 'Vertiport_5': 20, 'Vertiport_6': 18, 'Vertiport_7': 21, 'Vertiport_8': 21, 'Vertiport_9': 20, 'Vertiport_10': 20}"
35,601.0,197,8222.174065827965,170568.33243213166,"{'Vertiport_1': 20, 'Vertiport_2': 18, 'Vertiport_3': 20, 'Vertiport_4': 20, 'Vertiport_5': 20, 'Vertiport_6': 21, 'Vertiport_7': 19, 'Vertiport_8': 20, 'Vertiport_9': 22, 'Vertiport_10': 20}"
36,694.0,226,9579.873917747998,180148.20634987965,"{'Vertiport_1': 20, 'Vertiport_2': 18, 'Vertiport_3': 20, 'Vertiport_4': 23, 'Vertiport_5': 20, 'Vertiport_6': 21, 'Vertiport_7': 19, 'Vertiport_8': 17, 'Vertiport_9': 22, 'Vertiport_10': 20}"
37,733.0,237,9985.11710227599,190133.32345215563,"{'Vertiport_1': 20, 'Vertiport_2': 22, 'Vertiport_3': 20, 'Vertiport_4': 20, 'Vertiport_5': 20, 'Vertiport_6': 23, 'Vertiport_7': 19, 'Vertiport_8': 18, 'Vertiport_9': 18, 'Vertiport_10': 20}"
38,662.0,216,9599.655119471992,199732.9785716276,"{'Vertiport_1': 20, 'Vertiport_2': 23, 'Vertiport_3': 20, 'Vertiport_4': 20, 'Vertiport_5': 20, 'Vertiport_6': 20, 'Vertiport_7': 20, 'Vertiport_8': 20, 'Vertiport_9': 17, 'Vertiport_10': 20}"
39,700.0,228,9119.319896791983,208852.29846841958,"{'Vertiport_1': 20, 'Vertiport_2': 21, 'Vertiport_3': 20, 'Vertiport_4': 23, 'Vertiport_5': 20, 'Vertiport_6': 22, 'Vertiport_7': 20, 'Vertiport_8': 15, 'Vertiport_9': 19, 'Vertiport_10': 20}"
40,682.0,224,9783.455922855983,218635.75439127558,"{'Vertiport_1': 20, 'Vertiport_2': 24, 'Vertiport_3': 20, 'Vertiport_4': 21, 'Vertiport_5': 20, 'Vertiport_6': 20, 'Vertiport_7': 20, 'Vertiport_8': 19, 'Vertiport_9': 16, 'Vertiport_10': 20}"
41,721.0,239,10009.58969818798,228645.34408946356,"{'Vertiport_1': 20, 'Vertiport_2': 21, 'Vertiport_3': 20, 'Vertiport_4': 20, 'Vertiport_5': 20, 'Vertiport_6': 21, 'Vertiport_7': 19, 'Vertiport_8': 20, 'Vertiport_9': 19, 'Vertiport_10': 20}"
42,673.0,221,9583.341365123988,238228.68545458754,"{'Vertiport_1': 20, 'Vertiport_2': 22, 'Vertiport_3': 20, 'Vertiport_4': 20, 'Vertiport_5': 20, 'Vertiport_6': 22, 'Vertiport_7': 20, 'Vertiport_8': 19, 'Vertiport_9': 17, 'Vertiport_10': 20}"
43,701.0,231,9560.03535968798,247788.72081427553,"{'Vertiport_1': 20, 'Vertiport_2': 23, 'Vertiport_3': 20, 'Vertiport_4': 21, 'Vertiport_5': 20, 'Vertiport_6': 20, 'Vertiport_7': 20, 'Vertiport_8': 19, 'Vertiport_9': 17, 'Vertiport_10': 20}"
44,698.0,230,9530.551175919984,257319.2719901955,"{'Vertiport_1': 20, 'Vertiport_2': 22, 'Vertiport_3': 20, 'Vertiport_4': 22, 'Vertiport_5': 20, 'Vertiport_6': 20, 'Vertiport_7': 20, 'Vertiport_8': 18, 'Vertiport_9': 18, 'Vertiport_10': 20}"
45,702.0,232,9821.165275239977,267140.43726543547,"{'Vertiport_1': 20, 'Vertiport_2': 22, 'Vertiport_3': 20, 'Vertiport_4': 20, 'Vertiport_5': 20, 'Vertiport_6': 21, 'Vertiport_7': 20, 'Vertiport_8': 19, 'Vertiport_9': 18, 'Vertiport_10': 20}"
46,716.0,238,9939.192555815982,277079.62982125144,"{'Vertiport_1': 20, 'Vertiport_2': 20, 'Vertiport_3': 20, 'Vertiport_4': 21, 'Vertiport_5': 20, 'Vertiport_6': 20, 'Vertiport_7': 20, 'Vertiport_8': 19, 'Vertiport_9': 20, 'Vertiport_10': 20}"
47,789.0,261,10862.500222415996,287942.13004366745,"{'Vertiport_1': 20, 'Vertiport_2': 23, 'Vertiport_3': 20, 'Vertiport_4': 20, 'Vertiport_5': 20, 'Vertiport_6': 20, 'Vertiport_7': 20, 'Vertiport_8': 20, 'Vertiport_9': 17, 'Vertiport_10': 20}"
48,704.0,232,10347.986356607986,298290.11640027544,"{'Vertiport_1': 20, 'Vertiport_2': 24, 'Vertiport_3': 20, 'Vertiport_4': 20, 'Vertiport_5': 20, 'Vertiport_6': 20, 'Vertiport_7': 20, 'Vertiport_8': 20, 'Vertiport_9': 16, 'Vertiport_10': 20}"
49,674.0,220,9388.671533963978,307678.78793423943,"{'Vertiport_1': 20, 'Vertiport_2': 25, 'Vertiport_3': 20, 'Vertiport_4': 20, 'Vertiport_5': 20, 'Vertiport_6': 22, 'Vertiport_7': 19, 'Vertiport_8': 19, 'Vertiport_9': 15, 'Vertiport_10': 20}"
50,654.0,216,9113.67733829598,316792.4652725354,"{'Vertiport_1': 20, 'Vertiport_2': 21, 'Vertiport_3': 20, 'Vertiport_4': 21, 'Vertiport_5': 20, 'Vertiport_6': 21, 'Vertiport_7': 20, 'Vertiport_8': 18, 'Vertiport_9': 19, 'Vertiport_10': 20}"
51,695.0,227,9557.584794903978,326350.0500674394,"{'Vertiport_1': 20, 'Vertiport_2': 23, 'Vertiport_3': 19, 'Vertiport_4': 20, 'Vertiport_5': 20, 'Vertiport_6': 21, 'Vertiport_7': 20, 'Vertiport_8': 19, 'Vertiport_9': 17, 'Vertiport_10': 21}"
52,591.0,193,7641.533122631964,333991.58319007134,"{'Vertiport_1': 20, 'Vertiport_2': 22, 'Vertiport_3': 21, 'Vertiport_4': 21, 'Vertiport_5': 20, 'Vertiport_6': 22, 'Vertiport_7': 20, 'Vertiport_8': 17, 'Vertiport_9': 18, 'Vertiport_10': 19}"
53,606.0,198,8061.597085679965,342053.1802757513,"{'Vertiport_1': 20, 'Vertiport_2': 20, 'Vertiport_3': 20, 'Vertiport_4': 22, 'Vertiport_5': 20, 'Vertiport_6': 22, 'Vertiport_7': 18, 'Vertiport_8': 16, 'Vertiport_9': 22, 'Vertiport_10': 20}"
54,601.0,199,8792.132895031982,350845.3131707833,"{'Vertiport_1': 20, 'Vertiport_2': 21, 'Vertiport_3': 20, 'Vertiport_4': 20, 'Vertiport_5': 20, 'Vertiport_6': 21, 'Vertiport_7': 20, 'Vertiport_8': 19, 'Vertiport_9': 19, 'Vertiport_10': 20}"
55,589.0,195,8260.110947591967,359105.42411837523,"{'Vertiport_1': 20, 'Vertiport_2': 20, 'Vertiport_3': 20, 'Vertiport_4': 22, 'Vertiport_5': 20, 'Vertiport_6': 20, 'Vertiport_7': 20, 'Vertiport_8': 18, 'Vertiport_9': 20, 'Vertiport_10': 20}"
56,530.0,176,7636.824549039973,366742.24866741523,"{'Vertiport_1': 20, 'Vertiport_2': 20, 'Vertiport_3': 20, 'Vertiport_4': 20, 'Vertiport_5': 20, 'Vertiport_6': 21, 'Vertiport_7': 20, 'Vertiport_8': 19, 'Vertiport_9': 20, 'Vertiport_10': 20}"
57,630.0,208,8737.435584751973,375479.6842521672,"{'Vertiport_1': 20, 'Vertiport_2': 22, 'Vertiport_3': 20, 'Vertiport_4': 20, 'Vertiport_5': 20, 'Vertiport_6': 21, 'Vertiport_7': 20, 'Vertiport_8': 19, 'Vertiport_9': 18, 'Vertiport_10': 20}"
58,836.0,278,11303.007469483982,386782.6917216512,"{'Vertiport_1': 20, 'Vertiport_2': 20, 'Vertiport_3': 20, 'Vertiport_4': 20, 'Vertiport_5': 20, 'Vertiport_6': 21, 'Vertiport_7': 19, 'Vertiport_8': 20, 'Vertiport_9': 20, 'Vertiport_10': 20}"
59,783.0,261,11198.943741391995,397981.6354630432,"{'Vertiport_1': 20, 'Vertiport_2': 20, 'Vertiport_3': 20, 'Vertiport_4': 20, 'Vertiport_5': 20, 'Vertiport_6': 20, 'Vertiport_7': 20, 'Vertiport_8': 20, 'Vertiport_9': 20, 'Vertiport_10': 20}"
60,908.0,298,12902.23547614,410883.87093918317,"{'Vertiport_1': 20, 'Vertiport_2': 22, 'Vertiport_3': 19, 'Vertiport_4': 21, 'Vertiport_5': 20, 'Vertiport_6': 23, 'Vertiport_7': 19, 'Vertiport_8': 17, 'Vertiport_9': 18, 'Vertiport_10': 21}"
61,985.0,325,13476.671415828005,424360.54235501116,"{'Vertiport_1': 20, 'Vertiport_2': 22, 'Vertiport_3': 20, 'Vertiport_4': 22, 'Vertiport_5': 20, 'Vertiport_6': 20, 'Vertiport_7': 20, 'Vertiport_8': 17, 'Vertiport_9': 19, 'Vertiport_10': 20}"
62,962.0,318,13547.761671820004,437908.3040268312,"{'Vertiport_1': 20, 'Vertiport_2': 22, 'Vertiport_3': 20, 'Vertiport_4': 21, 'Vertiport_5': 20, 'Vertiport_6': 21, 'Vertiport_7': 19, 'Vertiport_8': 19, 'Vertiport_9': 18, 'Vertiport_10': 20}"
63,917.0,301,12603.878842343991,450512.18286917516,"{'Vertiport_1': 20, 'Vertiport_2': 22, 'Vertiport_3': 19, 'Vertiport_4': 22, 'Vertiport_5': 20, 'Vertiport_6': 22, 'Vertiport_7': 20, 'Vertiport_8': 16, 'Vertiport_9': 18, 'Vertiport_10': 21}"
64,975.0,323,13885.089277892002,464397.2721470672,"{'Vertiport_1': 20, 'Vertiport_2': 21, 'Vertiport_3': 20, 'Vertiport_4': 21, 'Vertiport_5': 20, 'Vertiport_6': 20, 'Vertiport_7': 20, 'Vertiport_8': 18, 'Vertiport_9': 20, 'Vertiport_10': 20}"
65,1147.0,379,16209.624434156012,480606.8965812232,"{'Vertiport_1': 20, 'Vertiport_2': 21, 'Vertiport_3': 20, 'Vertiport_4': 21, 'Vertiport_5': 20, 'Vertiport_6': 21, 'Vertiport_7': 19, 'Vertiport_8': 19, 'Vertiport_9': 19, 'Vertiport_10': 20}"
66,1128.0,374,15676.484756592012,496283.3813378152,"{'Vertiport_1': 20, 'Vertiport_2': 21, 'Vertiport_3': 20, 'Vertiport_4': 22, 'Vertiport_5': 20, 'Vertiport_6': 20, 'Vertiport_7': 20, 'Vertiport_8': 18, 'Vertiport_9': 19, 'Vertiport_10': 20}"
67,1173.0,387,16010.606239272016,512293.9875770872,"{'Vertiport_1': 20, 'Vertiport_2': 21, 'Vertiport_3': 19, 'Vertiport_4': 20, 'Vertiport_5': 20, 'Vertiport_6': 24, 'Vertiport_7': 18, 'Vertiport_8': 18, 'Vertiport_9': 19, 'Vertiport_10': 21}"
68,1250.0,414,17652.562313808015,529946.5498908953,"{'Vertiport_1': 20, 'Vertiport_2': 21, 'Vertiport_3': 20, 'Vertiport_4': 21, 'Vertiport_5': 20, 'Vertiport_6': 20, 'Vertiport_7': 20, 'Vertiport_8': 19, 'Vertiport_9': 19, 'Vertiport_10': 20}"
69,1158.0,382,16129.312749428016,546075.8626403232,"{'Vertiport_1': 20, 'Vertiport_2': 21, 'Vertiport_3': 22, 'Vertiport_4': 21, 'Vertiport_5': 20, 'Vertiport_6': 22, 'Vertiport_7': 19, 'Vertiport_8': 18, 'Vertiport_9': 19, 'Vertiport_10': 18}"
70,1191.0,395,16334.515029440023,562410.3776697633,"{'Vertiport_1': 20, 'Vertiport_2': 20, 'Vertiport_3': 19, 'Vertiport_4': 22, 'Vertiport_5': 20, 'Vertiport_6': 20, 'Vertiport_7': 20, 'Vertiport_8': 18, 'Vertiport_9': 20, 'Vertiport_10': 21}"
71,1199.0,397,17229.59369013603,579639.9713598993,"{'Vertiport_1': 20, 'Vertiport_2': 21, 'Vertiport_3': 18, 'Vertiport_4': 21, 'Vertiport_5': 20, 'Vertiport_6': 20, 'Vertiport_7': 20, 'Vertiport_8': 19, 'Vertiport_9': 19, 'Vertiport_10': 22}"
72,1262.0,418,17659.903653972025,597299.8750138714,"{'Vertiport_1': 20, 'Vertiport_2': 20, 'Vertiport_3': 19, 'Vertiport_4': 20, 'Vertiport_5': 20, 'Vertiport_6': 22, 'Vertiport_7': 20, 'Vertiport_8': 17, 'Vertiport_9': 21, 'Vertiport_10': 21}"
73,1196.0,398,16784.97440302801,614084.8494168994,"{'Vertiport_1': 20, 'Vertiport_2': 20, 'Vertiport_3': 20, 'Vertiport_4': 20, 'Vertiport_5': 20, 'Vertiport_6': 20, 'Vertiport_7': 20, 'Vertiport_8': 21, 'Vertiport_9': 19, 'Vertiport_10': 20}"
74,1215.0,403,17298.462241372028,631383.3116582714,"{'Vertiport_1': 20, 'Vertiport_2': 20, 'Vertiport_3': 20, 'Vertiport_4': 21, 'Vertiport_5': 20, 'Vertiport_6': 21, 'Vertiport_7': 20, 'Vertiport_8': 19, 'Vertiport_9': 19, 'Vertiport_10': 20}"
75,1236.0,410,16834.845869360015,648218.1575276314,"{'Vertiport_1': 20, 'Vertiport_2': 20, 'Vertiport_3': 20, 'Vertiport_4': 20, 'Vertiport_5': 20, 'Vertiport_6': 21, 'Vertiport_7': 20, 'Vertiport_8': 19, 'Vertiport_9': 20, 'Vertiport_10': 20}"
76,1254.0,414,17169.928450364012,665388.0859779954,"{'Vertiport_1': 20, 'Vertiport_2': 20, 'Vertiport_3': 22, 'Vertiport_4': 21, 'Vertiport_5': 20, 'Vertiport_6': 22, 'Vertiport_7': 20, 'Vertiport_8': 18, 'Vertiport_9': 19, 'Vertiport_10': 18}"
77,1300.0,428,18013.738166272036,683401.8241442675,"{'Vertiport_1': 20, 'Vertiport_2': 20, 'Vertiport_3': 21, 'Vertiport_4': 24, 'Vertiport_5': 20, 'Vertiport_6': 23, 'Vertiport_7': 20, 'Vertiport_8': 13, 'Vertiport_9': 20, 'Vertiport_10': 19}"
78,1232.0,408,16972.133035940034,700373.9571802075,"{'Vertiport_1': 20, 'Vertiport_2': 20, 'Vertiport_3': 20, 'Vertiport_4': 21, 'Vertiport_5': 20, 'Vertiport_6': 22, 'Vertiport_7': 20, 'Vertiport_8': 16, 'Vertiport_9': 21, 'Vertiport_10': 20}"
79,1261.0,419,17982.278153304025,718356.2353335115,"{'Vertiport_1': 20, 'Vertiport_2': 20, 'Vertiport_3': 21, 'Vertiport_4': 21, 'Vertiport_5': 20, 'Vertiport_6': 20, 'Vertiport_7': 20, 'Vertiport_8': 19, 'Vertiport_9': 20, 'Vertiport_10': 19}"
80,1320.0,438,18048.262000088034,736404.4973335995,"{'Vertiport_1': 20, 'Vertiport_2': 20, 'Vertiport_3': 19, 'Vertiport_4': 21, 'Vertiport_5': 20, 'Vertiport_6': 21, 'Vertiport_7': 20, 'Vertiport_8': 18, 'Vertiport_9': 20, 'Vertiport_10': 21}"
81,1360.0,452,18602.071534040017,755006.5688676395,"{'Vertiport_1': 20, 'Vertiport_2': 20, 'Vertiport_3': 20, 'Vertiport_4': 21, 'Vertiport_5': 20, 'Vertiport_6': 21, 'Vertiport_7': 20, 'Vertiport_8': 18, 'Vertiport_9': 20, 'Vertiport_10': 20}"
82,1400.0,464,20416.50092353202,775423.0697911716,"{'Vertiport_1': 20, 'Vertiport_2': 20, 'Vertiport_3': 19, 'Vertiport_4': 20, 'Vertiport_5': 20, 'Vertiport_6': 20, 'Vertiport_7': 20, 'Vertiport_8': 19, 'Vertiport_9': 21, 'Vertiport_10': 21}"
83,1445.0,481,20936.584744208005,796359.6545353796,"{'Vertiport_1': 20, 'Vertiport_2': 20, 'Vertiport_3': 20, 'Vertiport_4': 21, 'Vertiport_5': 20, 'Vertiport_6': 20, 'Vertiport_7': 20, 'Vertiport_8': 19, 'Vertiport_9': 20, 'Vertiport_10': 20}"
84,1259.0,417,17275.17832163204,813634.8328570117,"{'Vertiport_1': 20, 'Vertiport_2': 20, 'Vertiport_3': 21, 'Vertiport_4': 21, 'Vertiport_5': 20, 'Vertiport_6': 20, 'Vertiport_7': 20, 'Vertiport_8': 19, 'Vertiport_9': 20, 'Vertiport_10': 19}"
85,1243.0,411,17860.316974664027,831495.1498316757,"{'Vertiport_1': 20, 'Vertiport_2': 20, 'Vertiport_3': 19, 'Vertiport_4': 22, 'Vertiport_5': 20, 'Vertiport_6': 20, 'Vertiport_7': 20, 'Vertiport_8': 18, 'Vertiport_9': 20, 'Vertiport_10': 21}"
86,1262.0,418,17305.54077910803,848800.6906107838,"{'Vertiport_1': 20, 'Vertiport_2': 20, 'Vertiport_3': 20, 'Vertiport_4': 20, 'Vertiport_5': 20, 'Vertiport_6': 21, 'Vertiport_7': 20, 'Vertiport_8': 20, 'Vertiport_9': 19, 'Vertiport_10': 20}"
87,1293.0,431,17871.101132720025,866671.7917435038,"{'Vertiport_1': 20, 'Vertiport_2': 20, 'Vertiport_3': 20, 'Vertiport_4': 20, 'Vertiport_5': 20, 'Vertiport_6': 20, 'Vertiport_7': 20, 'Vertiport_8': 20, 'Vertiport_9': 20, 'Vertiport_10': 20}"
88,1221.0,405,16943.133060120024,883614.9248036238,"{'Vertiport_1': 20, 'Vertiport_2': 20, 'Vertiport_3': 20, 'Vertiport_4': 20, 'Vertiport_5': 20, 'Vertiport_6': 21, 'Vertiport_7': 20, 'Vertiport_8': 19, 'Vertiport_9': 20, 'Vertiport_10': 20}"
89,1105.0,367,15030.32846354401,898645.2532671678,"{'Vertiport_1': 20, 'Vertiport_2': 20, 'Vertiport_3': 20, 'Vertiport_4': 20, 'Vertiport_5': 20, 'Vertiport_6': 20, 'Vertiport_7': 20, 'Vertiport_8': 18, 'Vertiport_9': 22, 'Vertiport_10': 20}"
90,1079.0,357,15550.394789788004,914195.6480569559,"{'Vertiport_1': 20, 'Vertiport_2': 20, 'Vertiport_3': 19, 'Vertiport_4': 20, 'Vertiport_5': 20, 'Vertiport_6': 20, 'Vertiport_7': 20, 'Vertiport_8': 19, 'Vertiport_9': 21, 'Vertiport_10': 21}"
91,1089.0,363,15986.187364400013,930181.8354213559,"{'Vertiport_1': 20, 'Vertiport_2': 20, 'Vertiport_3': 20, 'Vertiport_4': 20, 'Vertiport_5': 20, 'Vertiport_6': 20, 'Vertiport_7': 20, 'Vertiport_8': 20, 'Vertiport_9': 20, 'Vertiport_10': 20}"
92,1219.0,403,17679.84361939602,947861.6790407519,"{'Vertiport_1': 20, 'Vertiport_2': 20, 'Vertiport_3': 17, 'Vertiport_4': 21, 'Vertiport_5': 20, 'Vertiport_6': 20, 'Vertiport_7': 20, 'Vertiport_8': 18, 'Vertiport_9': 21, 'Vertiport_10': 23}"
93,1067.0,353,15701.39420541201,963563.0732461639,"{'Vertiport_1': 20, 'Vertiport_2': 20, 'Vertiport_3': 19, 'Vertiport_4': 21, 'Vertiport_5': 20, 'Vertiport_6': 21, 'Vertiport_7': 20, 'Vertiport_8': 19, 'Vertiport_9': 19, 'Vertiport_10': 21}"
94,947.0,311,13635.40554458001,977198.4787907439,"{'Vertiport_1': 20, 'Vertiport_2': 20, 'Vertiport_3': 19, 'Vertiport_4': 22, 'Vertiport_5': 20, 'Vertiport_6': 21, 'Vertiport_7': 20, 'Vertiport_8': 16, 'Vertiport_9': 21, 'Vertiport_10': 21}"
95,698.0,230,9705.340000871987,986903.8187916159,"{'Vertiport_1': 20, 'Vertiport_2': 20, 'Vertiport_3': 19, 'Vertiport_4': 20, 'Vertiport_5': 20, 'Vertiport_6': 21, 'Vertiport_7': 20, 'Vertiport_8': 19, 'Vertiport_9': 20, 'Vertiport_10': 21}"
96,547.0,181,7408.064747591973,994311.8835392079,"{'Vertiport_1': 20, 'Vertiport_2': 20, 'Vertiport_3': 20, 'Vertiport_4': 22, 'Vertiport_5': 20, 'Vertiport_6': 20, 'Vertiport_7': 20, 'Vertiport_8': 18, 'Vertiport_9': 20, 'Vertiport_10': 20}"
97,433.0,143,5749.064552823982,1000060.9480920319,"{'Vertiport_1': 20, 'Vertiport_2': 20, 'Vertiport_3': 20, 'Vertiport_4': 20, 'Vertiport_5': 20, 'Vertiport_6': 20, 'Vertiport_7': 20, 'Vertiport_8': 20, 'Vertiport_9': 20, 'Vertiport_10': 20}"
98,359.0,119,4939.792971207991,1005000.7410632399,"{'Vertiport_1': 20, 'Vertiport_2': 20, 'Vertiport_3': 20, 'Vertiport_4': 21, 'Vertiport_5': 20, 'Vertiport_6': 20, 'Vertiport_7': 20, 'Vertiport_8': 19, 'Vertiport_9': 20, 'Vertiport_10': 20}"
99,361.0,119,5869.941183671984,1010870.6822469118,"{'Vertiport_1': 20, 'Vertiport_2': 20, 'Vertiport_3': 19, 'Vertiport_4': 21, 'Vertiport_5': 20, 'Vertiport_6': 20, 'Vertiport_7': 20, 'Vertiport_8': 19, 'Vertiport_9': 20, 'Vertiport_10': 21}"
100,264.0,88,3889.4136455679986,1014760.0958924798,"{'Vertiport_1': 20, 'Vertiport_2': 20, 'Vertiport_3': 20, 'Vertiport_4': 20, 'Vertiport_5': 20, 'Vertiport_6': 20, 'Vertiport_7': 20, 'Vertiport_8': 20, 'Vertiport_9': 20, 'Vertiport_10': 20}"
101,255.0,85,3998.887552399997,1018758.9834448798,"{'Vertiport_1': 20, 'Vertiport_2': 20, 'Vertiport_3': 20, 'Vertiport_4': 20, 'Vertiport_5': 20, 'Vertiport_6': 20, 'Vertiport_7': 20, 'Vertiport_8': 20, 'Vertiport_9': 20, 'Vertiport_10': 20}"
102,216.0,72,3332.393552143999,1022091.3769970237,"{'Vertiport_1': 20, 'Vertiport_2': 20, 'Vertiport_3': 20, 'Vertiport_4': 20, 'Vertiport_5': 20, 'Vertiport_6': 20, 'Vertiport_7': 20, 'Vertiport_8': 20, 'Vertiport_9': 20, 'Vertiport_10': 20}"
103,214.0,70,3064.830539107999,1025156.2075361317,"{'Vertiport_1': 20, 'Vertiport_2': 20, 'Vertiport_3': 20, 'Vertiport_4': 21, 'Vertiport_5': 20, 'Vertiport_6': 20, 'Vertiport_7': 20, 'Vertiport_8': 18, 'Vertiport_9': 21, 'Vertiport_10': 20}"
104,238.0,78,3659.728310371997,1028815.9358465037,"{'Vertiport_1': 20, 'Vertiport_2': 20, 'Vertiport_3': 19, 'Vertiport_4': 20, 'Vertiport_5': 20, 'Vertiport_6': 20, 'Vertiport_7': 20, 'Vertiport_8': 19, 'Vertiport_9': 21, 'Vertiport_10': 21}"
105,153.0,51,2231.964962496,1031047.9008089997,"{'Vertiport_1': 20, 'Vertiport_2': 20, 'Vertiport_3': 20, 'Vertiport_4': 20, 'Vertiport_5': 20, 'Vertiport_6': 20, 'Vertiport_7': 20, 'Vertiport_8': 20, 'Vertiport_9': 20, 'Vertiport_10': 20}"
106,185.0,61,2542.5053437759993,1033590.4061527756,"{'Vertiport_1': 20, 'Vertiport_2': 20, 'Vertiport_3': 20, 'Vertiport_4': 20, 'Vertiport_5': 20, 'Vertiport_6': 21, 'Vertiport_7': 20, 'Vertiport_8': 19, 'Vertiport_9': 20, 'Vertiport_10': 20}"
107,179.0,59,2738.4359826399996,1036328.8421354156,"{'Vertiport_1': 20, 'Vertiport_2': 20, 'Vertiport_3': 19, 'Vertiport_4': 20, 'Vertiport_5': 20, 'Vertiport_6': 20, 'Vertiport_7': 20, 'Vertiport_8': 20, 'Vertiport_9': 20, 'Vertiport_10': 21}"
108,214.0,70,3064.211750343999,1039393.0538857597,"{'Vertiport_1': 20, 'Vertiport_2': 20, 'Vertiport_3': 20, 'Vertiport_4': 20, 'Vertiport_5': 20, 'Vertiport_6': 22, 'Vertiport_7': 20, 'Vertiport_8': 18, 'Vertiport_9': 20, 'Vertiport_10': 20}"
109,247.0,81,3288.9215391439984,1042681.9754249037,"{'Vertiport_1': 20, 'Vertiport_2': 20, 'Vertiport_3': 21, 'Vertiport_4': 20, 'Vertiport_5': 20, 'Vertiport_6': 21, 'Vertiport_7': 20, 'Vertiport_8': 19, 'Vertiport_9': 20, 'Vertiport_10': 19}"
110,328.0,108,4579.019454987992,1047260.9948798916,"{'Vertiport_1': 20, 'Vertiport_2': 20, 'Vertiport_3': 20, 'Vertiport_4': 21, 'Vertiport_5': 20, 'Vertiport_6': 20, 'Vertiport_7': 20, 'Vertiport_8': 18, 'Vertiport_9': 21, 'Vertiport_10': 20}"
111,424.0,140,6305.412665931979,1053566.4075458236,"{'Vertiport_1': 20, 'Vertiport_2': 20, 'Vertiport_3': 20, 'Vertiport_4': 21, 'Vertiport_5': 20, 'Vertiport_6': 20, 'Vertiport_7': 20, 'Vertiport_8': 18, 'Vertiport_9': 21, 'Vertiport_10': 20}"
112,476.0,158,6824.318644715978,1060390.7261905395,"{'Vertiport_1': 20, 'Vertiport_2': 20, 'Vertiport_3': 20, 'Vertiport_4': 20, 'Vertiport_5': 20, 'Vertiport_6': 20, 'Vertiport_7': 20, 'Vertiport_8': 19, 'Vertiport_9': 21, 'Vertiport_10': 20}"
113,529.0,175,7445.891814911973,1067836.6180054515,"{'Vertiport_1': 20, 'Vertiport_2': 20, 'Vertiport_3': 19, 'Vertiport_4': 21, 'Vertiport_5': 20, 'Vertiport_6': 20, 'Vertiport_7': 20, 'Vertiport_8': 19, 'Vertiport_9': 20, 'Vertiport_10': 21}"
114,641.0,213,8856.800816831974,1076693.4188222834,"{'Vertiport_1': 20, 'Vertiport_2': 20, 'Vertiport_3': 20, 'Vertiport_4': 20, 'Vertiport_5': 20, 'Vertiport_6': 21, 'Vertiport_7': 20, 'Vertiport_8': 19, 'Vertiport_9': 20, 'Vertiport_10': 20}"
115,755.0,249,10088.76518590398,1086782.1840081874,"{'Vertiport_1': 20, 'Vertiport_2': 20, 'Vertiport_3': 20, 'Vertiport_4': 21, 'Vertiport_5': 20, 'Vertiport_6': 23, 'Vertiport_7': 20, 'Vertiport_8': 16, 'Vertiport_9': 20, 'Vertiport_10': 20}"
116,741.0,247,10006.443553815989,1096788.6275620034,"{'Vertiport_1': 20, 'Vertiport_2': 20, 'Vertiport_3': 20, 'Vertiport_4': 20, 'Vertiport_5': 20, 'Vertiport_6': 20, 'Vertiport_7': 20, 'Vertiport_8': 20, 'Vertiport_9': 20, 'Vertiport_10': 20}"
117,761.0,251,10337.545841983985,1107126.1734039874,"{'Vertiport_1': 20, 'Vertiport_2': 20, 'Vertiport_3': 21, 'Vertiport_4': 22, 'Vertiport_5': 20, 'Vertiport_6': 21, 'Vertiport_7': 20, 'Vertiport_8': 17, 'Vertiport_9': 20, 'Vertiport_10': 19}"
118,737.0,245,9955.542823679982,1117081.7162276674,"{'Vertiport_1': 20, 'Vertiport_2': 20, 'Vertiport_3': 20, 'Vertiport_4': 21, 'Vertiport_5': 20, 'Vertiport_6': 20, 'Vertiport_7': 20, 'Vertiport_8': 19, 'Vertiport_9': 20, 'Vertiport_10': 20}"
119,765.0,253,10376.180465291984,1127457.8966929594,"{'Vertiport_1': 20, 'Vertiport_2': 20, 'Vertiport_3': 20, 'Vertiport_4': 21, 'Vertiport_5': 20, 'Vertiport_6': 21, 'Vertiport_7': 20, 'Vertiport_8': 17, 'Vertiport_9': 21, 'Vertiport_10': 20}"
120,723.0,239,9935.340453379984,1137393.2371463394,"{'Vertiport_1': 20, 'Vertiport_2': 20, 'Vertiport_3': 19, 'Vertiport_4': 21, 'Vertiport_5': 20, 'Vertiport_6': 20, 'Vertiport_7': 20, 'Vertiport_8': 18, 'Vertiport_9': 21, 'Vertiport_10': 21}"
121,623.0,207,8871.186313455986,1146264.4234597953,"{'Vertiport_1': 20, 'Vertiport_2': 20, 'Vertiport_3': 19, 'Vertiport_4': 20, 'Vertiport_5': 20, 'Vertiport_6': 20, 'Vertiport_7': 20, 'Vertiport_8': 20, 'Vertiport_9': 20, 'Vertiport_10': 21}"
122,616.0,204,8925.241937127983,1155189.6653969232,"{'Vertiport_1': 20, 'Vertiport_2': 20, 'Vertiport_3': 21, 'Vertiport_4': 20, 'Vertiport_5': 20, 'Vertiport_6': 21, 'Vertiport_7': 20, 'Vertiport_8': 19, 'Vertiport_9': 20, 'Vertiport_10': 19}"
123,637.0,211,8837.760859363974,1164027.4262562871,"{'Vertiport_1': 20, 'Vertiport_2': 20, 'Vertiport_3': 20, 'Vertiport_4': 21, 'Vertiport_5': 20, 'Vertiport_6': 20, 'Vertiport_7': 20, 'Vertiport_8': 18, 'Vertiport_9': 21, 'Vertiport_10': 20}"
124,633.0,209,9000.981603407978,1173028.4078596951,"{'Vertiport_1': 20, 'Vertiport_2': 20, 'Vertiport_3': 20, 'Vertiport_4': 22, 'Vertiport_5': 20, 'Vertiport_6': 21, 'Vertiport_7': 20, 'Vertiport_8': 17, 'Vertiport_9': 20, 'Vertiport_10': 20}"
125,543.0,179,7305.521183843973,1180333.929043539,"{'Vertiport_1': 20, 'Vertiport_2': 20, 'Vertiport_3': 21, 'Vertiport_4': 20, 'Vertiport_5': 20, 'Vertiport_6': 21, 'Vertiport_7': 20, 'Vertiport_8': 18, 'Vertiport_9': 21, 'Vertiport_10': 19}"
126,599.0,197,8552.897326359971,1188886.826369899,"{'Vertiport_1': 20, 'Vertiport_2': 20, 'Vertiport_3': 19, 'Vertiport_4': 22, 'Vertiport_5': 20, 'Vertiport_6': 21, 'Vertiport_7': 20, 'Vertiport_8': 17, 'Vertiport_9': 20, 'Vertiport_10': 21}"
127,693.0,229,10098.425562547985,1198985.251932447,"{'Vertiport_1': 20, 'Vertiport_2': 20, 'Vertiport_3': 20, 'Vertiport_4': 22, 'Vertiport_5': 20, 'Vertiport_6': 20, 'Vertiport_7': 20, 'Vertiport_8': 17, 'Vertiport_9': 21, 'Vertiport_10': 20}"
128,678.0,224,9736.966544135985,1208722.218476583,"{'Vertiport_1': 20, 'Vertiport_2': 20, 'Vertiport_3': 19, 'Vertiport_4': 21, 'Vertiport_5': 20, 'Vertiport_6': 21, 'Vertiport_7': 20, 'Vertiport_8': 18, 'Vertiport_9': 20, 'Vertiport_10': 21}"
129,751.0,249,10604.109441627976,1219326.327918211,"{'Vertiport_1': 20, 'Vertiport_2': 20, 'Vertiport_3': 21, 'Vertiport_4': 20, 'Vertiport_5': 20, 'Vertiport_6': 20, 'Vertiport_7': 20, 'Vertiport_8': 19, 'Vertiport_9': 21, 'Vertiport_10': 19}"
130,737.0,243,10292.186163879993,1229618.514082091,"{'Vertiport_1': 20, 'Vertiport_2': 20, 'Vertiport_3': 20, 'Vertiport_4': 20, 'Vertiport_5': 20, 'Vertiport_6': 22, 'Vertiport_7': 20, 'Vertiport_8': 18, 'Vertiport_9': 20, 'Vertiport_10': 20}"
131,783.0,261,11417.072195143983,1241035.5862772348,"{'Vertiport_1': 20, 'Vertiport_2': 20, 'Vertiport_3': 20, 'Vertiport_4': 20, 'Vertiport_5': 20, 'Vertiport_6': 20, 'Vertiport_7': 20, 'Vertiport_8': 20, 'Vertiport_9': 20, 'Vertiport_10': 20}"
132,783.0,259,11435.19892345999,1252470.7852006948,"{'Vertiport_1': 20, 'Vertiport_2': 20, 'Vertiport_3': 19, 'Vertiport_4': 20, 'Vertiport_5': 20, 'Vertiport_6': 21, 'Vertiport_7': 20, 'Vertiport_8': 18, 'Vertiport_9': 21, 'Vertiport_10': 21}"
133,766.0,252,10880.99022762399,1263351.775428319,"{'Vertiport_1': 20, 'Vertiport_2': 20, 'Vertiport_3': 16, 'Vertiport_4': 20, 'Vertiport_5': 20, 'Vertiport_6': 21, 'Vertiport_7': 20, 'Vertiport_8': 19, 'Vertiport_9': 20, 'Vertiport_10': 24}"
134,730.0,242,9742.614966535984,1273094.3903948548,"{'Vertiport_1': 20, 'Vertiport_2': 20, 'Vertiport_3': 20, 'Vertiport_4': 20, 'Vertiport_5': 20, 'Vertiport_6': 22, 'Vertiport_7': 20, 'Vertiport_8': 18, 'Vertiport_9': 20, 'Vertiport_10': 20}"
135,708.0,234,10095.044873751987,1283189.4352686068,"{'Vertiport_1': 20, 'Vertiport_2': 20, 'Vertiport_3': 22, 'Vertiport_4': 20, 'Vertiport_5': 20, 'Vertiport_6': 21, 'Vertiport_7': 20, 'Vertiport_8': 19, 'Vertiport_9': 20, 'Vertiport_10': 18}"
136,743.0,245,10328.547713687989,1293517.9829822946,"{'Vertiport_1': 20, 'Vertiport_2': 20, 'Vertiport_3': 19, 'Vertiport_4': 21, 'Vertiport_5': 20, 'Vertiport_6': 22, 'Vertiport_7': 20, 'Vertiport_8': 17, 'Vertiport_9': 20, 'Vertiport_10': 21}"
137,802.0,264,11721.112211439991,1305239.0951937346,"{'Vertiport_1': 20, 'Vertiport_2': 20, 'Vertiport_3': 19, 'Vertiport_4': 22, 'Vertiport_5': 20, 'Vertiport_6': 20, 'Vertiport_7': 20, 'Vertiport_8': 18, 'Vertiport_9': 20, 'Vertiport_10': 21}"
138,751.0,247,10087.565088819985,1315326.6602825546,"{'Vertiport_1': 20, 'Vertiport_2': 20, 'Vertiport_3': 19, 'Vertiport_4': 21, 'Vertiport_5': 20, 'Vertiport_6': 22, 'Vertiport_7': 20, 'Vertiport_8': 16, 'Vertiport_9': 21, 'Vertiport_10': 21}"
139,672.0,222,9712.13704064798,1325038.7973232025,"{'Vertiport_1': 20, 'Vertiport_2': 20, 'Vertiport_3': 19, 'Vertiport_4': 20, 'Vertiport_5': 20, 'Vertiport_6': 20, 'Vertiport_7': 20, 'Vertiport_8': 20, 'Vertiport_9': 20, 'Vertiport_10': 21}"
140,798.0,264,11893.31443603999,1336932.1117592424,"{'Vertiport_1': 20, 'Vertiport_2': 20, 'Vertiport_3': 21, 'Vertiport_4': 20, 'Vertiport_5': 20, 'Vertiport_6': 20, 'Vertiport_7': 20, 'Vertiport_8': 20, 'Vertiport_9': 20, 'Vertiport_10': 19}"
141,763.0,251,11169.899283151997,1348102.0110423944,"{'Vertiport_1': 20, 'Vertiport_2': 20, 'Vertiport_3': 22, 'Vertiport_4': 20, 'Vertiport_5': 20, 'Vertiport_6': 21, 'Vertiport_7': 20, 'Vertiport_8': 17, 'Vertiport_9': 22, 'Vertiport_10': 18}"
142,748.0,248,10933.706930519997,1359035.7179729145,"{'Vertiport_1': 20, 'Vertiport_2': 20, 'Vertiport_3': 22, 'Vertiport_4': 20, 'Vertiport_5': 20, 'Vertiport_6': 20, 'Vertiport_7': 20, 'Vertiport_8': 20, 'Vertiport_9': 20, 'Vertiport_10': 18}"
143,804.0,266,10622.388995975993,1369658.1069688904,"{'Vertiport_1': 20, 'Vertiport_2': 20, 'Vertiport_3': 20, 'Vertiport_4': 21, 'Vertiport_5': 20, 'Vertiport_6': 22, 'Vertiport_7': 20, 'Vertiport_8': 17, 'Vertiport_9': 20, 'Vertiport_10': 20}"
144,824.0,272,11573.188227591989,1381231.2951964824,"{'Vertiport_1': 20, 'Vertiport_2': 20, 'Vertiport_3': 20, 'Vertiport_4': 22, 'Vertiport_5': 20, 'Vertiport_6': 20, 'Vertiport_7': 20, 'Vertiport_8': 18, 'Vertiport_9': 20, 'Vertiport_10': 20}"
145,674.0,222,9564.903563067981,1390796.1987595505,"{'Vertiport_1': 20, 'Vertiport_2': 20, 'Vertiport_3': 21, 'Vertiport_4': 21, 'Vertiport_5': 20, 'Vertiport_6': 21, 'Vertiport_7': 20, 'Vertiport_8': 17, 'Vertiport_9': 21, 'Vertiport_10': 19}"
146,667.0,221,9546.95542345198,1400343.1541830024,"{'Vertiport_1': 20, 'Vertiport_2': 20, 'Vertiport_3': 20, 'Vertiport_4': 21, 'Vertiport_5': 20, 'Vertiport_6': 20, 'Vertiport_7': 20, 'Vertiport_8': 18, 'Vertiport_9': 21, 'Vertiport_10': 20}"
147,734.0,244,10241.789156279987,1410584.9433392824,"{'Vertiport_1': 20, 'Vertiport_2': 20, 'Vertiport_3': 20, 'Vertiport_4': 21, 'Vertiport_5': 20, 'Vertiport_6': 20, 'Vertiport_7': 20, 'Vertiport_8': 19, 'Vertiport_9': 20, 'Vertiport_10': 20}"
148,689.0,229,9406.886064215985,1419991.8294034984,"{'Vertiport_1': 20, 'Vertiport_2': 20, 'Vertiport_3': 20, 'Vertiport_4': 21, 'Vertiport_5': 20, 'Vertiport_6': 20, 'Vertiport_7': 20, 'Vertiport_8': 19, 'Vertiport_9': 20, 'Vertiport_10': 20}"
149,677.0,225,9172.34190149598,1429164.1713049945,"{'Vertiport_1': 20, 'Vertiport_2': 20, 'Vertiport_3': 21, 'Vertiport_4': 20, 'Vertiport_5': 20, 'Vertiport_6': 20, 'Vertiport_7': 20, 'Vertiport_8': 20, 'Vertiport_9': 20, 'Vertiport_10': 19}"
150,630.0,210,8863.152033759976,1438027.3233387545,"{'Vertiport_1': 20, 'Vertiport_2': 20, 'Vertiport_3': 20, 'Vertiport_4': 20, 'Vertiport_5': 20, 'Vertiport_6': 20, 'Vertiport_7': 20, 'Vertiport_8': 20, 'Vertiport_9': 20, 'Vertiport_10': 20}"
151,683.0,227,9454.808396615981,1447482.1317353705,"{'Vertiport_1': 20, 'Vertiport_2': 20, 'Vertiport_3': 20, 'Vertiport_4': 21, 'Vertiport_5': 20, 'Vertiport_6': 20, 'Vertiport_7': 20, 'Vertiport_8': 19, 'Vertiport_9': 20, 'Vertiport_10': 20}"
152,536.0,178,7969.077887135969,1455451.2096225065,"{'Vertiport_1': 20, 'Vertiport_2': 20, 'Vertiport_3': 20, 'Vertiport_4': 20, 'Vertiport_5': 20, 'Vertiport_6': 21, 'Vertiport_7': 20, 'Vertiport_8': 19, 'Vertiport_9': 20, 'Vertiport_10': 20}"
153,591.0,195,7892.187219531964,1463343.3968420385,"{'Vertiport_1': 20, 'Vertiport_2': 20, 'Vertiport_3': 20, 'Vertiport_4': 21, 'Vertiport_5': 20, 'Vertiport_6': 21, 'Vertiport_7': 20, 'Vertiport_8': 17, 'Vertiport_9': 21, 'Vertiport_10': 20}"
154,631.0,209,9225.21448167197,1472568.6113237105,"{'Vertiport_1': 20, 'Vertiport_2': 20, 'Vertiport_3': 20, 'Vertiport_4': 21, 'Vertiport_5': 20, 'Vertiport_6': 21, 'Vertiport_7': 20, 'Vertiport_8': 18, 'Vertiport_9': 20, 'Vertiport_10': 20}"
155,688.0,228,9910.70555980799,1482479.3168835186,"{'Vertiport_1': 20, 'Vertiport_2': 20, 'Vertiport_3': 20, 'Vertiport_4': 20, 'Vertiport_5': 20, 'Vertiport_6': 22, 'Vertiport_7': 20, 'Vertiport_8': 18, 'Vertiport_9': 20, 'Vertiport_10': 20}"
156,781.0,259,11101.730569351981,1493581.0474528705,"{'Vertiport_1': 20, 'Vertiport_2': 20, 'Vertiport_3': 20, 'Vertiport_4': 21, 'Vertiport_5': 20, 'Vertiport_6': 21, 'Vertiport_7': 20, 'Vertiport_8': 18, 'Vertiport_9': 20, 'Vertiport_10': 20}"
157,745.0,247,10294.771075903986,1503875.8185287744,"{'Vertiport_1': 20, 'Vertiport_2': 20, 'Vertiport_3': 19, 'Vertiport_4': 21, 'Vertiport_5': 20, 'Vertiport_6': 20, 'Vertiport_7': 20, 'Vertiport_8': 19, 'Vertiport_9': 20, 'Vertiport_10': 21}"
158,825.0,273,11763.90085355999,1515639.7193823345,"{'Vertiport_1': 20, 'Vertiport_2': 20, 'Vertiport_3': 18, 'Vertiport_4': 20, 'Vertiport_5': 20, 'Vertiport_6': 21, 'Vertiport_7': 20, 'Vertiport_8': 19, 'Vertiport_9': 20, 'Vertiport_10': 22}"
159,835.0,277,11814.705624155995,1527454.4250064904,"{'Vertiport_1': 20, 'Vertiport_2': 20, 'Vertiport_3': 20, 'Vertiport_4': 21, 'Vertiport_5': 20, 'Vertiport_6': 20, 'Vertiport_7': 20, 'Vertiport_8': 18, 'Vertiport_9': 21, 'Vertiport_10': 20}"
160,860.0,284,12697.449603603996,1540151.8746100944,"{'Vertiport_1': 20, 'Vertiport_2': 20, 'Vertiport_3': 22, 'Vertiport_4': 20, 'Vertiport_5': 20, 'Vertiport_6': 21, 'Vertiport_7': 20, 'Vertiport_8': 18, 'Vertiport_9': 21, 'Vertiport_10': 18}"
161,891.0,297,13221.788190536006,1553373.6628006303,"{'Vertiport_1': 20, 'Vertiport_2': 20, 'Vertiport_3': 20, 'Vertiport_4': 20, 'Vertiport_5': 20, 'Vertiport_6': 20, 'Vertiport_7': 20, 'Vertiport_8': 20, 'Vertiport_9': 20, 'Vertiport_10': 20}"
162,864.0,286,12085.795829419994,1565459.4586300503,"{'Vertiport_1': 20, 'Vertiport_2': 20, 'Vertiport_3': 21, 'Vertiport_4': 20, 'Vertiport_5': 20, 'Vertiport_6': 21, 'Vertiport_7': 20, 'Vertiport_8': 18, 'Vertiport_9': 21, 'Vertiport_10': 19}"
163,781.0,259,11325.232204351982,1576784.6908344023,"{'Vertiport_1': 20, 'Vertiport_2': 20, 'Vertiport_3': 20, 'Vertiport_4': 20, 'Vertiport_5': 20, 'Vertiport_6': 22, 'Vertiport_7': 20, 'Vertiport_8': 18, 'Vertiport_9': 20, 'Vertiport_10': 20}"
164,950.0,316,13263.397541484004,1590048.0883758864,"{'Vertiport_1': 20, 'Vertiport_2': 20, 'Vertiport_3': 20, 'Vertiport_4': 20, 'Vertiport_5': 20, 'Vertiport_6': 20, 'Vertiport_7': 20, 'Vertiport_8': 19, 'Vertiport_9': 21, 'Vertiport_10': 20}"
165,859.0,285,11847.59516863599,1601895.6835445224,"{'Vertiport_1': 20, 'Vertiport_2': 20, 'Vertiport_3': 20, 'Vertiport_4': 21, 'Vertiport_5': 20, 'Vertiport_6': 20, 'Vertiport_7': 20, 'Vertiport_8': 18, 'Vertiport_9': 21, 'Vertiport_10': 20}"
166,796.0,262,10807.504805679995,1612703.1883502023,"{'Vertiport_1': 20, 'Vertiport_2': 20, 'Vertiport_3': 21, 'Vertiport_4': 23, 'Vertiport_5': 20, 'Vertiport_6': 21, 'Vertiport_7': 20, 'Vertiport_8': 16, 'Vertiport_9': 20, 'Vertiport_10': 19}"
167,794.0,262,11942.291519843993,1624645.4798700463,"{'Vertiport_1': 20, 'Vertiport_2': 20, 'Vertiport_3': 19, 'Vertiport_4': 20, 'Vertiport_5': 20, 'Vertiport_6': 20, 'Vertiport_7': 20, 'Vertiport_8': 19, 'Vertiport_9': 21, 'Vertiport_10': 21}"
168,779.0,257,11486.739641767987,1636132.2195118142,"{'Vertiport_1': 20, 'Vertiport_2': 20, 'Vertiport_3': 20, 'Vertiport_4': 22, 'Vertiport_5': 20, 'Vertiport_6': 22, 'Vertiport_7': 20, 'Vertiport_8': 16, 'Vertiport_9': 20, 'Vertiport_10': 20}"
169,818.0,270,11987.586336411989,1648119.8058482262,"{'Vertiport_1': 20, 'Vertiport_2': 20, 'Vertiport_3': 21, 'Vertiport_4': 20, 'Vertiport_5': 20, 'Vertiport_6': 20, 'Vertiport_7': 20, 'Vertiport_8': 19, 'Vertiport_9': 21, 'Vertiport_10': 19}"
170,786.0,260,11955.225133008014,1660075.0309812343,"{'Vertiport_1': 20, 'Vertiport_2': 20, 'Vertiport_3': 18, 'Vertiport_4': 21, 'Vertiport_5': 20, 'Vertiport_6': 20, 'Vertiport_7': 20, 'Vertiport_8': 19, 'Vertiport_9': 20, 'Vertiport_10': 22}"
171,778.0,256,10592.292663355976,1670667.3236445903,"{'Vertiport_1': 20, 'Vertiport_2': 20, 'Vertiport_3': 19, 'Vertiport_4': 23, 'Vertiport_5': 20, 'Vertiport_6': 20, 'Vertiport_7': 20, 'Vertiport_8': 16, 'Vertiport_9': 21, 'Vertiport_10': 21}"
172,811.0,265,12144.371664312006,1682811.6953089023,"{'Vertiport_1': 20, 'Vertiport_2': 20, 'Vertiport_3': 19, 'Vertiport_4': 22, 'Vertiport_5': 20, 'Vertiport_6': 21, 'Vertiport_7': 20, 'Vertiport_8': 17, 'Vertiport_9': 20, 'Vertiport_10': 21}"
173,721.0,237,10252.804759475988,1693064.5000683784,"{'Vertiport_1': 20, 'Vertiport_2': 20, 'Vertiport_3': 20, 'Vertiport_4': 20, 'Vertiport_5': 20, 'Vertiport_6': 20, 'Vertiport_7': 20, 'Vertiport_8': 19, 'Vertiport_9': 21, 'Vertiport_10': 20}"
174,779.0,257,11010.017083143988,1704074.5171515225,"{'Vertiport_1': 20, 'Vertiport_2': 20, 'Vertiport_3': 18, 'Vertiport_4': 20, 'Vertiport_5': 20, 'Vertiport_6': 22, 'Vertiport_7': 20, 'Vertiport_8': 18, 'Vertiport_9': 20, 'Vertiport_10': 22}"
175,747.0,247,10702.159893983988,1714776.6770455064,"{'Vertiport_1': 20, 'Vertiport_2': 20, 'Vertiport_3': 22, 'Vertiport_4': 20, 'Vertiport_5': 20, 'Vertiport_6': 21, 'Vertiport_7': 20, 'Vertiport_8': 19, 'Vertiport_9': 20, 'Vertiport_10': 18}"
176,716.0,236,10711.001942691983,1725487.6789881985,"{'Vertiport_1': 20, 'Vertiport_2': 20, 'Vertiport_3': 19, 'Vertiport_4': 20, 'Vertiport_5': 20, 'Vertiport_6': 20, 'Vertiport_7': 20, 'Vertiport_8': 19, 'Vertiport_9': 21, 'Vertiport_10': 21}"
177,706.0,232,10112.837553843978,1735600.5165420426,"{'Vertiport_1': 20, 'Vertiport_2': 20, 'Vertiport_3': 19, 'Vertiport_4': 22, 'Vertiport_5': 20, 'Vertiport_6': 21, 'Vertiport_7': 20, 'Vertiport_8': 16, 'Vertiport_9': 21, 'Vertiport_10': 21}"
178,649.0,211,9478.725756751985,1745079.2422987947,"{'Vertiport_1': 20, 'Vertiport_2': 20, 'Vertiport_3': 16, 'Vertiport_4': 23, 'Vertiport_5': 20, 'Vertiport_6': 21, 'Vertiport_7': 20, 'Vertiport_8': 16, 'Vertiport_9': 20, 'Vertiport_10': 24}"
179,522.0,172,7730.079406891969,1752809.3217056866,"{'Vertiport_1': 20, 'Vertiport_2': 20, 'Vertiport_3': 21, 'Vertiport_4': 20, 'Vertiport_5': 20, 'Vertiport_6': 21, 'Vertiport_7': 20, 'Vertiport_8': 18, 'Vertiport_9': 21, 'Vertiport_10': 19}"
180,472.0,154,6482.381764415975,1759291.7034701025,"{'Vertiport_1': 20, 'Vertiport_2': 20, 'Vertiport_3': 20, 'Vertiport_4': 25, 'Vertiport_5': 20, 'Vertiport_6': 20, 'Vertiport_7': 20, 'Vertiport_8': 15, 'Vertiport_9': 20, 'Vertiport_10': 20}"
181,450.0,148,6580.7678805479745,1765872.4713506505,"{'Vertiport_1': 20, 'Vertiport_2': 20, 'Vertiport_3': 20, 'Vertiport_4': 22, 'Vertiport_5': 20, 'Vertiport_6': 20, 'Vertiport_7': 20, 'Vertiport_8': 17, 'Vertiport_9': 21, 'Vertiport_10': 20}"
182,498.0,166,7156.604218151969,1773029.0755688024,"{'Vertiport_1': 20, 'Vertiport_2': 20, 'Vertiport_3': 20, 'Vertiport_4': 20, 'Vertiport_5': 20, 'Vertiport_6': 20, 'Vertiport_7': 20, 'Vertiport_8': 20, 'Vertiport_9': 20, 'Vertiport_10': 20}"
183,500.0,164,7367.156535599974,1780396.2321044025,"{'Vertiport_1': 20, 'Vertiport_2': 20, 'Vertiport_3': 18, 'Vertiport_4': 20, 'Vertiport_5': 20, 'Vertiport_6': 20, 'Vertiport_7': 20, 'Vertiport_8': 18, 'Vertiport_9': 22, 'Vertiport_10': 22}"
184,435.0,143,6666.8678260359775,1787063.0999304384,"{'Vertiport_1': 20, 'Vertiport_2': 20, 'Vertiport_3': 20, 'Vertiport_4': 22, 'Vertiport_5': 20, 'Vertiport_6': 20, 'Vertiport_7': 20, 'Vertiport_8': 17, 'Vertiport_9': 21, 'Vertiport_10': 20}"
185,345.0,113,5021.368074559987,1792084.4680049985,"{'Vertiport_1': 20, 'Vertiport_2': 20, 'Vertiport_3': 20, 'Vertiport_4': 22, 'Vertiport_5': 20, 'Vertiport_6': 21, 'Vertiport_7': 20, 'Vertiport_8': 17, 'Vertiport_9': 20, 'Vertiport_10': 20}"
186,277.0,91,4068.234861407995,1796152.7028664064,"{'Vertiport_1': 20, 'Vertiport_2': 20, 'Vertiport_3': 19, 'Vertiport_4': 21, 'Vertiport_5': 20, 'Vertiport_6': 20, 'Vertiport_7': 20, 'Vertiport_8': 19, 'Vertiport_9': 20, 'Vertiport_10': 21}"
187,316.0,104,4698.494545231993,1800851.1974116385,"{'Vertiport_1': 20, 'Vertiport_2': 20, 'Vertiport_3': 18, 'Vertiport_4': 20, 'Vertiport_5': 20, 'Vertiport_6': 20, 'Vertiport_7': 20, 'Vertiport_8': 20, 'Vertiport_9': 20, 'Vertiport_10': 22}"
188,332.0,110,5150.209189839988,1806001.4066014783,"{'Vertiport_1': 20, 'Vertiport_2': 20, 'Vertiport_3': 20, 'Vertiport_4': 21, 'Vertiport_5': 20, 'Vertiport_6': 20, 'Vertiport_7': 20, 'Vertiport_8': 19, 'Vertiport_9': 20, 'Vertiport_10': 20}"
189,296.0,98,3842.834472631996,1809844.2410741104,"{'Vertiport_1': 20, 'Vertiport_2': 20, 'Vertiport_3': 19, 'Vertiport_4': 20, 'Vertiport_5': 20, 'Vertiport_6': 20, 'Vertiport_7': 20, 'Vertiport_8': 20, 'Vertiport_9': 20, 'Vertiport_10': 21}"
190,240.0,80,3886.8408921039972,1813731.0819662143,"{'Vertiport_1': 20, 'Vertiport_2': 20, 'Vertiport_3': 20, 'Vertiport_4': 20, 'Vertiport_5': 20, 'Vertiport_6': 20, 'Vertiport_7': 20, 'Vertiport_8': 20, 'Vertiport_9': 20, 'Vertiport_10': 20}"
191,146.0,48,2278.555813532,1816009.6377797464,"{'Vertiport_1': 20, 'Vertiport_2': 20, 'Vertiport_3': 20, 'Vertiport_4': 20, 'Vertiport_5': 20, 'Vertiport_6': 20, 'Vertiport_7': 20, 'Vertiport_8': 19, 'Vertiport_9': 21, 'Vertiport_10': 20}"
192,102.0,32,1529.19192636,1817538.8297061063,"{'Vertiport_1': 20, 'Vertiport_2': 20, 'Vertiport_3': 18, 'Vertiport_4': 20, 'Vertiport_5': 20, 'Vertiport_6': 21, 'Vertiport_7': 20, 'Vertiport_8': 19, 'Vertiport_9': 20, 'Vertiport_10': 22}"
193,126.0,42,1767.5563463600004,1819306.3860524662,"{'Vertiport_1': 20, 'Vertiport_2': 20, 'Vertiport_3': 20, 'Vertiport_4': 20, 'Vertiport_5': 20, 'Vertiport_6': 20, 'Vertiport_7': 20, 'Vertiport_8': 20, 'Vertiport_9': 20, 'Vertiport_10': 20}"
194,116.0,36,1799.9171848800006,1821106.3032373462,"{'Vertiport_1': 20, 'Vertiport_2': 20, 'Vertiport_3': 16, 'Vertiport_4': 20, 'Vertiport_5': 20, 'Vertiport_6': 20, 'Vertiport_7': 20, 'Vertiport_8': 20, 'Vertiport_9': 20, 'Vertiport_10': 24}"
195,132.0,44,1893.079337848,1822999.3825751941,"{'Vertiport_1': 20, 'Vertiport_2': 20, 'Vertiport_3': 20, 'Vertiport_4': 20, 'Vertiport_5': 20, 'Vertiport_6': 20, 'Vertiport_7': 20, 'Vertiport_8': 20, 'Vertiport_9': 20, 'Vertiport_10': 20}"
196,145.0,47,1969.146493692,1824968.529068886,"{'Vertiport_1': 20, 'Vertiport_2': 20, 'Vertiport_3': 20, 'Vertiport_4': 21, 'Vertiport_5': 20, 'Vertiport_6': 20, 'Vertiport_7': 20, 'Vertiport_8': 18, 'Vertiport_9': 21, 'Vertiport_10': 20}"
197,141.0,47,2288.0061210639997,1827256.5351899501,"{'Vertiport_1': 20, 'Vertiport_2': 20, 'Vertiport_3': 20, 'Vertiport_4': 20, 'Vertiport_5': 20, 'Vertiport_6': 20, 'Vertiport_7': 20, 'Vertiport_8': 20, 'Vertiport_9': 20, 'Vertiport_10': 20}"
198,167.0,55,2675.3527338599997,1829931.8879238102,"{'Vertiport_1': 20, 'Vertiport_2': 20, 'Vertiport_3': 20, 'Vertiport_4': 20, 'Vertiport_5': 20, 'Vertiport_6': 20, 'Vertiport_7': 20, 'Vertiport_8': 19, 'Vertiport_9': 21, 'Vertiport_10': 20}"
199,210.0,70,3233.3863136239993,1833165.2742374341,"{'Vertiport_1': 20, 'Vertiport_2': 20, 'Vertiport_3': 20, 'Vertiport_4': 20, 'Vertiport_5': 20, 'Vertiport_6': 20, 'Vertiport_7': 20, 'Vertiport_8': 20, 'Vertiport_9': 20, 'Vertiport_10': 20}"
200,199.0,65,2913.4233840399984,1836078.697621474,"{'Vertiport_1': 20, 'Vertiport_2': 20, 'Vertiport_3': 20, 'Vertiport_4': 22, 'Vertiport_5': 20, 'Vertiport_6': 20, 'Vertiport_7': 20, 'Vertiport_8': 18, 'Vertiport_9': 20, 'Vertiport_10': 20}"
201,156.0,52,2748.2592334000005,1838826.956854874,"{'Vertiport_1': 20, 'Vertiport_2': 20, 'Vertiport_3': 20, 'Vertiport_4': 20, 'Vertiport_5': 20, 'Vertiport_6': 20, 'Vertiport_7': 20, 'Vertiport_8': 20, 'Vertiport_9': 20, 'Vertiport_10': 20}"
202,204.0,68,3056.422662607999,1841883.3795174821,"{'Vertiport_1': 20, 'Vertiport_2': 20, 'Vertiport_3': 20, 'Vertiport_4': 20, 'Vertiport_5': 20, 'Vertiport_6': 20, 'Vertiport_7': 20, 'Vertiport_8': 20, 'Vertiport_9': 20, 'Vertiport_10': 20}"
203,256.0,84,3498.6669204319987,1845382.046437914,"{'Vertiport_1': 20, 'Vertiport_2': 20, 'Vertiport_3': 20, 'Vertiport_4': 20, 'Vertiport_5': 20, 'Vertiport_6': 22, 'Vertiport_7': 20, 'Vertiport_8': 18, 'Vertiport_9': 20, 'Vertiport_10': 20}"
204,319.0,105,4433.496380167991,1849815.542818082,"{'Vertiport_1': 20, 'Vertiport_2': 20, 'Vertiport_3': 20, 'Vertiport_4': 22, 'Vertiport_5': 20, 'Vertiport_6': 20, 'Vertiport_7': 20, 'Vertiport_8': 18, 'Vertiport_9': 20, 'Vertiport_10': 20}"
205,324.0,108,4689.488296175993,1854505.031114258,"{'Vertiport_1': 20, 'Vertiport_2': 20, 'Vertiport_3': 20, 'Vertiport_4': 20, 'Vertiport_5': 20, 'Vertiport_6': 20, 'Vertiport_7': 20, 'Vertiport_8': 20, 'Vertiport_9': 20, 'Vertiport_10': 20}"
206,331.0,109,4599.236365975993,1859104.2674802341,"{'Vertiport_1': 20, 'Vertiport_2': 20, 'Vertiport_3': 20, 'Vertiport_4': 21, 'Vertiport_5': 20, 'Vertiport_6': 21, 'Vertiport_7': 20, 'Vertiport_8': 18, 'Vertiport_9': 20, 'Vertiport_10': 20}"
207,382.0,126,6333.202130199977,1865437.469610434,"{'Vertiport_1': 20, 'Vertiport_2': 20, 'Vertiport_3': 20, 'Vertiport_4': 22, 'Vertiport_5': 20, 'Vertiport_6': 20, 'Vertiport_7': 20, 'Vertiport_8': 18, 'Vertiport_9': 20, 'Vertiport_10': 20}"
208,435.0,143,6460.769862207977,1871898.239472642,"{'Vertiport_1': 20, 'Vertiport_2': 20, 'Vertiport_3': 20, 'Vertiport_4': 21, 'Vertiport_5': 20, 'Vertiport_6': 22, 'Vertiport_7': 20, 'Vertiport_8': 17, 'Vertiport_9': 20, 'Vertiport_10': 20}"
209,421.0,139,6204.35589287598,1878102.595365518,"{'Vertiport_1': 20, 'Vertiport_2': 20, 'Vertiport_3': 20, 'Vertiport_4': 20, 'Vertiport_5': 20, 'Vertiport_6': 21, 'Vertiport_7': 20, 'Vertiport_8': 18, 'Vertiport_9': 21, 'Vertiport_10': 20}"
210,454.0,150,6768.107991931976,1884870.70335745,"{'Vertiport_1': 20, 'Vertiport_2': 20, 'Vertiport_3': 20, 'Vertiport_4': 20, 'Vertiport_5': 20, 'Vertiport_6': 21, 'Vertiport_7': 20, 'Vertiport_8': 18, 'Vertiport_9': 21, 'Vertiport_10': 20}"
211,498.0,162,7144.186636383973,1892014.8899938338,"{'Vertiport_1': 20, 'Vertiport_2': 20, 'Vertiport_3': 20, 'Vertiport_4': 24, 'Vertiport_5': 20, 'Vertiport_6': 22, 'Vertiport_7': 20, 'Vertiport_8': 14, 'Vertiport_9': 20, 'Vertiport_10': 20}"
212,613.0,203,9235.978665803981,1901250.8686596379,"{'Vertiport_1': 20, 'Vertiport_2': 20, 'Vertiport_3': 20, 'Vertiport_4': 20, 'Vertiport_5': 20, 'Vertiport_6': 21, 'Vertiport_7': 20, 'Vertiport_8': 18, 'Vertiport_9': 21, 'Vertiport_10': 20}"
213,575.0,191,8757.233446423981,1910008.1021060618,"{'Vertiport_1': 20, 'Vertiport_2': 20, 'Vertiport_3': 20, 'Vertiport_4': 20, 'Vertiport_5': 20, 'Vertiport_6': 21, 'Vertiport_7': 20, 'Vertiport_8': 19, 'Vertiport_9': 20, 'Vertiport_10': 20}"
214,628.0,208,9472.969040547989,1919481.0711466097,"{'Vertiport_1': 20, 'Vertiport_2': 20, 'Vertiport_3': 20, 'Vertiport_4': 20, 'Vertiport_5': 20, 'Vertiport_6': 21, 'Vertiport_7': 20, 'Vertiport_8': 18, 'Vertiport_9': 21, 'Vertiport_10': 20}"
215,661.0,219,9653.196130919976,1929134.2672775297,"{'Vertiport_1': 20, 'Vertiport_2': 20, 'Vertiport_3': 20, 'Vertiport_4': 21, 'Vertiport_5': 20, 'Vertiport_6': 21, 'Vertiport_7': 20, 'Vertiport_8': 18, 'Vertiport_9': 20, 'Vertiport_10': 20}"
216,739.0,245,10526.594842503982,1939660.8621200337,"{'Vertiport_1': 20, 'Vertiport_2': 20, 'Vertiport_3': 20, 'Vertiport_4': 22, 'Vertiport_5': 20, 'Vertiport_6': 20, 'Vertiport_7': 20, 'Vertiport_8': 18, 'Vertiport_9': 20, 'Vertiport_10': 20}"
217,751.0,249,11033.136095163987,1950693.9982151976,"{'Vertiport_1': 20, 'Vertiport_2': 20, 'Vertiport_3': 20, 'Vertiport_4': 21, 'Vertiport_5': 20, 'Vertiport_6': 20, 'Vertiport_7': 20, 'Vertiport_8': 18, 'Vertiport_9': 21, 'Vertiport_10': 20}"
218,655.0,217,9022.61533551997,1959716.6135507175,"{'Vertiport_1': 20, 'Vertiport_2': 20, 'Vertiport_3': 20, 'Vertiport_4': 21, 'Vertiport_5': 20, 'Vertiport_6': 21, 'Vertiport_7': 20, 'Vertiport_8': 18, 'Vertiport_9': 20, 'Vertiport_10': 20}"
219,655.0,217,9699.850165103975,1969416.4637158215,"{'Vertiport_1': 20, 'Vertiport_2': 20, 'Vertiport_3': 20, 'Vertiport_4': 22, 'Vertiport_5': 20, 'Vertiport_6': 20, 'Vertiport_7': 20, 'Vertiport_8': 18, 'Vertiport_9': 20, 'Vertiport_10': 20}"
220,701.0,233,9847.919925615979,1979264.3836414374,"{'Vertiport_1': 20, 'Vertiport_2': 20, 'Vertiport_3': 20, 'Vertiport_4': 21, 'Vertiport_5': 20, 'Vertiport_6': 20, 'Vertiport_7': 20, 'Vertiport_8': 19, 'Vertiport_9': 20, 'Vertiport_10': 20}"
221,779.0,259,11373.392221955988,1990637.7758633934,"{'Vertiport_1': 20, 'Vertiport_2': 20, 'Vertiport_3': 20, 'Vertiport_4': 20, 'Vertiport_5': 20, 'Vertiport_6': 20, 'Vertiport_7': 20, 'Vertiport_8': 19, 'Vertiport_9': 21, 'Vertiport_10': 20}"
222,627.0,207,9272.514314083975,1999910.2901774775,"{'Vertiport_1': 20, 'Vertiport_2': 20, 'Vertiport_3': 20, 'Vertiport_4': 21, 'Vertiport_5': 20, 'Vertiport_6': 21, 'Vertiport_7': 20, 'Vertiport_8': 17, 'Vertiport_9': 21, 'Vertiport_10': 20}"
223,617.0,205,8046.485112839962,2007956.7752903176,"{'Vertiport_1': 20, 'Vertiport_2': 20, 'Vertiport_3': 20, 'Vertiport_4': 20, 'Vertiport_5': 20, 'Vertiport_6': 21, 'Vertiport_7': 20, 'Vertiport_8': 19, 'Vertiport_9': 20, 'Vertiport_10': 20}"
224,681.0,227,10018.950768327984,2017975.7260586456,"{'Vertiport_1': 20, 'Vertiport_2': 20, 'Vertiport_3': 20, 'Vertiport_4': 20, 'Vertiport_5': 20, 'Vertiport_6': 20, 'Vertiport_7': 20, 'Vertiport_8': 20, 'Vertiport_9': 20, 'Vertiport_10': 20}"
225,648.0,214,9193.76255397997,2027169.4886126255,"{'Vertiport_1': 20, 'Vertiport_2': 20, 'Vertiport_3': 20, 'Vertiport_4': 22, 'Vertiport_5': 20, 'Vertiport_6': 20, 'Vertiport_7': 20, 'Vertiport_8': 17, 'Vertiport_9': 21, 'Vertiport_10': 20}"
226,622.0,206,9108.059844711972,2036277.5484573375,"{'Vertiport_1': 20, 'Vertiport_2': 20, 'Vertiport_3': 20, 'Vertiport_4': 21, 'Vertiport_5': 20, 'Vertiport_6': 21, 'Vertiport_7': 20, 'Vertiport_8': 18, 'Vertiport_9': 20, 'Vertiport_10': 20}"
227,656.0,218,9165.862540775966,2045443.4109981135,"{'Vertiport_1': 20, 'Vertiport_2': 20, 'Vertiport_3': 20, 'Vertiport_4': 21, 'Vertiport_5': 20, 'Vertiport_6': 20, 'Vertiport_7': 20, 'Vertiport_8': 19, 'Vertiport_9': 20, 'Vertiport_10': 20}"
228,696.0,232,9901.554518511984,2055344.9655166254,"{'Vertiport_1': 20, 'Vertiport_2': 20, 'Vertiport_3': 20, 'Vertiport_4': 20, 'Vertiport_5': 20, 'Vertiport_6': 20, 'Vertiport_7': 20, 'Vertiport_8': 20, 'Vertiport_9': 20, 'Vertiport_10': 20}"
229,749.0,249,10696.430189959985,2066041.3957065854,"{'Vertiport_1': 20, 'Vertiport_2': 20, 'Vertiport_3': 20, 'Vertiport_4': 21, 'Vertiport_5': 20, 'Vertiport_6': 20, 'Vertiport_7': 20, 'Vertiport_8': 19, 'Vertiport_9': 20, 'Vertiport_10': 20}"
230,656.0,218,9266.748390983978,2075308.1440975694,"{'Vertiport_1': 20, 'Vertiport_2': 20, 'Vertiport_3': 20, 'Vertiport_4': 20, 'Vertiport_5': 20, 'Vertiport_6': 21, 'Vertiport_7': 20, 'Vertiport_8': 19, 'Vertiport_9': 20, 'Vertiport_10': 20}"
231,674.0,224,9545.94577105597,2084854.0898686254,"{'Vertiport_1': 20, 'Vertiport_2': 20, 'Vertiport_3': 20, 'Vertiport_4': 21, 'Vertiport_5': 20, 'Vertiport_6': 20, 'Vertiport_7': 20, 'Vertiport_8': 19, 'Vertiport_9': 20, 'Vertiport_10': 20}"
232,619.0,205,9160.23070185598,2094014.3205704815,"{'Vertiport_1': 20, 'Vertiport_2': 20, 'Vertiport_3': 20, 'Vertiport_4': 21, 'Vertiport_5': 20, 'Vertiport_6': 21, 'Vertiport_7': 20, 'Vertiport_8': 18, 'Vertiport_9': 20, 'Vertiport_10': 20}"
233,620.0,206,9080.623222423977,2103094.9437929057,"{'Vertiport_1': 20, 'Vertiport_2': 20, 'Vertiport_3': 20, 'Vertiport_4': 20, 'Vertiport_5': 20, 'Vertiport_6': 21, 'Vertiport_7': 20, 'Vertiport_8': 19, 'Vertiport_9': 20, 'Vertiport_10': 20}"
234,678.0,224,9777.229204679978,2112872.1729975855,"{'Vertiport_1': 20, 'Vertiport_2': 20, 'Vertiport_3': 20, 'Vertiport_4': 22, 'Vertiport_5': 20, 'Vertiport_6': 21, 'Vertiport_7': 20, 'Vertiport_8': 17, 'Vertiport_9': 20, 'Vertiport_10': 20}"
235,602.0,200,8087.337757611964,2120959.5107551976,"{'Vertiport_1': 20, 'Vertiport_2': 20, 'Vertiport_3': 20, 'Vertiport_4': 20, 'Vertiport_5': 20, 'Vertiport_6': 20, 'Vertiport_7': 20, 'Vertiport_8': 19, 'Vertiport_9': 21, 'Vertiport_10': 20}"
236,636.0,212,8858.523539727974,2129818.0342949256,"{'Vertiport_1': 20, 'Vertiport_2': 20, 'Vertiport_3': 20, 'Vertiport_4': 20, 'Vertiport_5': 20, 'Vertiport_6': 20, 'Vertiport_7': 20, 'Vertiport_8': 20, 'Vertiport_9': 20, 'Vertiport_10': 20}"
237,538.0,178,7282.635481815971,2137100.6697767414,"{'Vertiport_1': 20, 'Vertiport_2': 20, 'Vertiport_3': 20, 'Vertiport_4': 21, 'Vertiport_5': 20, 'Vertiport_6': 21, 'Vertiport_7': 20, 'Vertiport_8': 18, 'Vertiport_9': 20, 'Vertiport_10': 20}"
238,545.0,181,7548.3461277399665,2144649.0159044815,"{'Vertiport_1': 20, 'Vertiport_2': 20, 'Vertiport_3': 20, 'Vertiport_4': 20, 'Vertiport_5': 20, 'Vertiport_6': 20, 'Vertiport_7': 20, 'Vertiport_8': 19, 'Vertiport_9': 21, 'Vertiport_10': 20}"
239,611.0,203,8567.76410971997,2153216.7800142015,"{'Vertiport_1': 20, 'Vertiport_2': 20, 'Vertiport_3': 20, 'Vertiport_4': 21, 'Vertiport_5': 20, 'Vertiport_6': 20, 'Vertiport_7': 20, 'Vertiport_8': 19, 'Vertiport_9': 20, 'Vertiport_10': 20}"
240,545.0,181,7915.45343176797,2161132.2334459694,"{'Vertiport_1': 20, 'Vertiport_2': 20, 'Vertiport_3': 20, 'Vertiport_4': 21, 'Vertiport_5': 20, 'Vertiport_6': 20, 'Vertiport_7': 20, 'Vertiport_8': 19, 'Vertiport_9': 20, 'Vertiport_10': 20}"
241,499.0,165,7765.398680815975,2168897.6321267853,"{'Vertiport_1': 20, 'Vertiport_2': 20, 'Vertiport_3': 20, 'Vertiport_4': 20, 'Vertiport_5': 20, 'Vertiport_6': 20, 'Vertiport_7': 20, 'Vertiport_8': 18, 'Vertiport_9': 22, 'Vertiport_10': 20}"
242,503.0,167,7105.421737043972,2176003.0538638295,"{'Vertiport_1': 20, 'Vertiport_2': 20, 'Vertiport_3': 20, 'Vertiport_4': 20, 'Vertiport_5': 20, 'Vertiport_6': 20, 'Vertiport_7': 20, 'Vertiport_8': 19, 'Vertiport_9': 21, 'Vertiport_10': 20}"
243,504.0,168,7249.9414783839775,2183252.9953422137,"{'Vertiport_1': 20, 'Vertiport_2': 20, 'Vertiport_3': 20, 'Vertiport_4': 20, 'Vertiport_5': 20, 'Vertiport_6': 20, 'Vertiport_7': 20, 'Vertiport_8': 20, 'Vertiport_9': 20, 'Vertiport_10': 20}"
244,517.0,171,7336.3861402439725,2190589.3814824577,"{'Vertiport_1': 20, 'Vertiport_2': 20, 'Vertiport_3': 20, 'Vertiport_4': 21, 'Vertiport_5': 20, 'Vertiport_6': 20, 'Vertiport_7': 20, 'Vertiport_8': 18, 'Vertiport_9': 21, 'Vertiport_10': 20}"
245,575.0,191,7856.276574975967,2198445.6580574336,"{'Vertiport_1': 20, 'Vertiport_2': 20, 'Vertiport_3': 20, 'Vertiport_4': 20, 'Vertiport_5': 20, 'Vertiport_6': 21, 'Vertiport_7': 20, 'Vertiport_8': 19, 'Vertiport_9': 20, 'Vertiport_10': 20}"
246,531.0,177,7551.068981647971,2205996.7270390815,"{'Vertiport_1': 20, 'Vertiport_2': 20, 'Vertiport_3': 20, 'Vertiport_4': 20, 'Vertiport_5': 20, 'Vertiport_6': 20, 'Vertiport_7': 20, 'Vertiport_8': 20, 'Vertiport_9': 20, 'Vertiport_10': 20}"
247,540.0,180,7676.64684578397,2213673.3738848655,"{'Vertiport_1': 20, 'Vertiport_2': 20, 'Vertiport_3': 20, 'Vertiport_4': 20, 'Vertiport_5': 20, 'Vertiport_6': 20, 'Vertiport_7': 20, 'Vertiport_8': 20, 'Vertiport_9': 20, 'Vertiport_10': 20}"
248,539.0,179,7703.034468027975,2221376.4083528933,"{'Vertiport_1': 20, 'Vertiport_2': 20, 'Vertiport_3': 20, 'Vertiport_4': 20, 'Vertiport_5': 20, 'Vertiport_6': 20, 'Vertiport_7': 20, 'Vertiport_8': 19, 'Vertiport_9': 21, 'Vertiport_10': 20}"
249,573.0,191,8272.530206927968,2229648.9385598213,"{'Vertiport_1': 20, 'Vertiport_2': 20, 'Vertiport_3': 20, 'Vertiport_4': 20, 'Vertiport_5': 20, 'Vertiport_6': 20, 'Vertiport_7': 20, 'Vertiport_8': 20, 'Vertiport_9': 20, 'Vertiport_10': 20}"
250,573.0,191,8063.213912999971,2237712.1524728215,"{'Vertiport_1': 20, 'Vertiport_2': 20, 'Vertiport_3': 20, 'Vertiport_4': 20, 'Vertiport_5': 20, 'Vertiport_6': 20, 'Vertiport_7': 20, 'Vertiport_8': 20, 'Vertiport_9': 20, 'Vertiport_10': 20}"
251,604.0,200,8539.640292123973,2246251.7927649454,"{'Vertiport_1': 20, 'Vertiport_2': 20, 'Vertiport_3': 20, 'Vertiport_4': 21, 'Vertiport_5': 20, 'Vertiport_6': 20, 'Vertiport_7': 20, 'Vertiport_8': 18, 'Vertiport_9': 21, 'Vertiport_10': 20}"
252,701.0,233,10322.195049895996,2256573.9878148413,"{'Vertiport_1': 20, 'Vertiport_2': 20, 'Vertiport_3': 20, 'Vertiport_4': 21, 'Vertiport_5': 20, 'Vertiport_6': 20, 'Vertiport_7': 20, 'Vertiport_8': 19, 'Vertiport_9': 20, 'Vertiport_10': 20}"
253,669.0,223,9554.965084607975,2266128.9528994495,"{'Vertiport_1': 20, 'Vertiport_2': 20, 'Vertiport_3': 20, 'Vertiport_4': 20, 'Vertiport_5': 20, 'Vertiport_6': 20, 'Vertiport_7': 20, 'Vertiport_8': 20, 'Vertiport_9': 20, 'Vertiport_10': 20}"
254,684.0,228,10270.559091327987,2276399.5119907777,"{'Vertiport_1': 20, 'Vertiport_2': 20, 'Vertiport_3': 20, 'Vertiport_4': 20, 'Vertiport_5': 20, 'Vertiport_6': 20, 'Vertiport_7': 20, 'Vertiport_8': 20, 'Vertiport_9': 20, 'Vertiport_10': 20}"
255,724.0,240,10506.112022163996,2286905.6240129415,"{'Vertiport_1': 20, 'Vertiport_2': 20, 'Vertiport_3': 20, 'Vertiport_4': 20, 'Vertiport_5': 20, 'Vertiport_6': 21, 'Vertiport_7': 20, 'Vertiport_8': 18, 'Vertiport_9': 21, 'Vertiport_10': 20}"
256,692.0,230,9852.457717119973,2296758.0817300617,"{'Vertiport_1': 20, 'Vertiport_2': 20, 'Vertiport_3': 20, 'Vertiport_4': 21, 'Vertiport_5': 20, 'Vertiport_6': 20, 'Vertiport_7': 20, 'Vertiport_8': 19, 'Vertiport_9': 20, 'Vertiport_10': 20}"
257,756.0,252,10379.850925199979,2307137.932655262,"{'Vertiport_1': 20, 'Vertiport_2': 20, 'Vertiport_3': 20, 'Vertiport_4': 20, 'Vertiport_5': 20, 'Vertiport_6': 20, 'Vertiport_7': 20, 'Vertiport_8': 20, 'Vertiport_9': 20, 'Vertiport_10': 20}"
258,762.0,254,10767.685635736001,2317905.618290998,"{'Vertiport_1': 20, 'Vertiport_2': 20, 'Vertiport_3': 20, 'Vertiport_4': 20, 'Vertiport_5': 20, 'Vertiport_6': 20, 'Vertiport_7': 20, 'Vertiport_8': 20, 'Vertiport_9': 20, 'Vertiport_10': 20}"
259,768.0,256,11250.220756935993,2329155.839047934,"{'Vertiport_1': 20, 'Vertiport_2': 20, 'Vertiport_3': 20, 'Vertiport_4': 20, 'Vertiport_5': 20, 'Vertiport_6': 20, 'Vertiport_7': 20, 'Vertiport_8': 20, 'Vertiport_9': 20, 'Vertiport_10': 20}"
260,770.0,254,10579.434327639994,2339735.273375574,"{'Vertiport_1': 20, 'Vertiport_2': 20, 'Vertiport_3': 20, 'Vertiport_4': 21, 'Vertiport_5': 20, 'Vertiport_6': 21, 'Vertiport_7': 20, 'Vertiport_8': 16, 'Vertiport_9': 22, 'Vertiport_10': 20}"
261,818.0,272,11290.345383887989,2351025.618759462,"{'Vertiport_1': 20, 'Vertiport_2': 20, 'Vertiport_3': 20, 'Vertiport_4': 20, 'Vertiport_5': 20, 'Vertiport_6': 21, 'Vertiport_7': 20, 'Vertiport_8': 19, 'Vertiport_9': 20, 'Vertiport_10': 20}"
262,848.0,282,11106.803533663982,2362132.422293126,"{'Vertiport_1': 20, 'Vertiport_2': 20, 'Vertiport_3': 20, 'Vertiport_4': 21, 'Vertiport_5': 20, 'Vertiport_6': 20, 'Vertiport_7': 20, 'Vertiport_8': 19, 'Vertiport_9': 20, 'Vertiport_10': 20}"
263,818.0,272,11808.03887247199,2373940.461165598,"{'Vertiport_1': 20, 'Vertiport_2': 20, 'Vertiport_3': 20, 'Vertiport_4': 20, 'Vertiport_5': 20, 'Vertiport_6': 21, 'Vertiport_7': 20, 'Vertiport_8': 19, 'Vertiport_9': 20, 'Vertiport_10': 20}"
264,781.0,259,10950.69779412799,2384891.1589597263,"{'Vertiport_1': 20, 'Vertiport_2': 20, 'Vertiport_3': 20, 'Vertiport_4': 20, 'Vertiport_5': 20, 'Vertiport_6': 20, 'Vertiport_7': 20, 'Vertiport_8': 18, 'Vertiport_9': 22, 'Vertiport_10': 20}"
265,700.0,232,10399.134924808002,2395290.2938845344,"{'Vertiport_1': 20, 'Vertiport_2': 20, 'Vertiport_3': 20, 'Vertiport_4': 22, 'Vertiport_5': 20, 'Vertiport_6': 20, 'Vertiport_7': 20, 'Vertiport_8': 18, 'Vertiport_9': 20, 'Vertiport_10': 20}"
266,722.0,240,10008.859298831989,2405299.153183366,"{'Vertiport_1': 20, 'Vertiport_2': 20, 'Vertiport_3': 20, 'Vertiport_4': 21, 'Vertiport_5': 20, 'Vertiport_6': 20, 'Vertiport_7': 20, 'Vertiport_8': 19, 'Vertiport_9': 20, 'Vertiport_10': 20}"
267,695.0,229,10369.613746827981,2415668.766930194,"{'Vertiport_1': 20, 'Vertiport_2': 20, 'Vertiport_3': 20, 'Vertiport_4': 23, 'Vertiport_5': 20, 'Vertiport_6': 20, 'Vertiport_7': 20, 'Vertiport_8': 16, 'Vertiport_9': 21, 'Vertiport_10': 20}"
268,696.0,232,10399.835940807987,2426068.602871002,"{'Vertiport_1': 20, 'Vertiport_2': 20, 'Vertiport_3': 20, 'Vertiport_4': 20, 'Vertiport_5': 20, 'Vertiport_6': 20, 'Vertiport_7': 20, 'Vertiport_8': 20, 'Vertiport_9': 20, 'Vertiport_10': 20}"
269,733.0,243,10767.112968207983,2436835.71583921,"{'Vertiport_1': 20, 'Vertiport_2': 20, 'Vertiport_3': 20, 'Vertiport_4': 21, 'Vertiport_5': 20, 'Vertiport_6': 21, 'Vertiport_7': 20, 'Vertiport_8': 18, 'Vertiport_9': 20, 'Vertiport_10': 20}"
270,655.0,217,9290.36252205998,2446126.07836127,"{'Vertiport_1': 20, 'Vertiport_2': 20, 'Vertiport_3': 20, 'Vertiport_4': 20, 'Vertiport_5': 20, 'Vertiport_6': 21, 'Vertiport_7': 20, 'Vertiport_8': 18, 'Vertiport_9': 21, 'Vertiport_10': 20}"
271,639.0,213,8547.630394399977,2454673.70875567,"{'Vertiport_1': 20, 'Vertiport_2': 20, 'Vertiport_3': 20, 'Vertiport_4': 20, 'Vertiport_5': 20, 'Vertiport_6': 20, 'Vertiport_7': 20, 'Vertiport_8': 20, 'Vertiport_9': 20, 'Vertiport_10': 20}"
272,579.0,193,8240.309201815966,2462914.017957486,"{'Vertiport_1': 20, 'Vertiport_2': 20, 'Vertiport_3': 20, 'Vertiport_4': 20, 'Vertiport_5': 20, 'Vertiport_6': 20, 'Vertiport_7': 20, 'Vertiport_8': 20, 'Vertiport_9': 20, 'Vertiport_10': 20}"
273,543.0,181,7873.090388903963,2470787.10834639,"{'Vertiport_1': 20, 'Vertiport_2': 20, 'Vertiport_3': 20, 'Vertiport_4': 20, 'Vertiport_5': 20, 'Vertiport_6': 20, 'Vertiport_7': 20, 'Vertiport_8': 20, 'Vertiport_9': 20, 'Vertiport_10': 20}"
274,550.0,182,7851.604396555969,2478638.712742946,"{'Vertiport_1': 20, 'Vertiport_2': 20, 'Vertiport_3': 20, 'Vertiport_4': 21, 'Vertiport_5': 20, 'Vertiport_6': 20, 'Vertiport_7': 20, 'Vertiport_8': 18, 'Vertiport_9': 21, 'Vertiport_10': 20}"
275,470.0,156,6840.449602555973,2485479.162345502,"{'Vertiport_1': 20, 'Vertiport_2': 20, 'Vertiport_3': 20, 'Vertiport_4': 20, 'Vertiport_5': 20, 'Vertiport_6': 20, 'Vertiport_7': 20, 'Vertiport_8': 19, 'Vertiport_9': 21, 'Vertiport_10': 20}"
276,527.0,175,7156.210894251973,2492635.3732397542,"{'Vertiport_1': 20, 'Vertiport_2': 20, 'Vertiport_3': 20, 'Vertiport_4': 20, 'Vertiport_5': 20, 'Vertiport_6': 20, 'Vertiport_7': 20, 'Vertiport_8': 19, 'Vertiport_9': 21, 'Vertiport_10': 20}"
277,422.0,140,6441.846763663982,2499077.220003418,"{'Vertiport_1': 20, 'Vertiport_2': 20, 'Vertiport_3': 20, 'Vertiport_4': 21, 'Vertiport_5': 20, 'Vertiport_6': 20, 'Vertiport_7': 20, 'Vertiport_8': 19, 'Vertiport_9': 20, 'Vertiport_10': 20}"
278,369.0,123,5949.033212199982,2505026.253215618,"{'Vertiport_1': 20, 'Vertiport_2': 20, 'Vertiport_3': 20, 'Vertiport_4': 20, 'Vertiport_5': 20, 'Vertiport_6': 20, 'Vertiport_7': 20, 'Vertiport_8': 20, 'Vertiport_9': 20, 'Vertiport_10': 20}"
279,321.0,107,4798.959328567988,2509825.212544186,"{'Vertiport_1': 20, 'Vertiport_2': 20, 'Vertiport_3': 20, 'Vertiport_4': 20, 'Vertiport_5': 20, 'Vertiport_6': 20, 'Vertiport_7': 20, 'Vertiport_8': 20, 'Vertiport_9': 20, 'Vertiport_10': 20}"
280,307.0,101,5003.48299237599,2514828.6955365622,"{'Vertiport_1': 20, 'Vertiport_2': 20, 'Vertiport_3': 20, 'Vertiport_4': 21, 'Vertiport_5': 20, 'Vertiport_6': 21, 'Vertiport_7': 20, 'Vertiport_8': 18, 'Vertiport_9': 20, 'Vertiport_10': 20}"
281,227.0,75,3397.0973211559976,2518225.792857718,"{'Vertiport_1': 20, 'Vertiport_2': 20, 'Vertiport_3': 20, 'Vertiport_4': 20, 'Vertiport_5': 20, 'Vertiport_6': 20, 'Vertiport_7': 20, 'Vertiport_8': 19, 'Vertiport_9': 21, 'Vertiport_10': 20}"
282,188.0,62,2749.720685688,2520975.513543406,"{'Vertiport_1': 20, 'Vertiport_2': 20, 'Vertiport_3': 20, 'Vertiport_4': 21, 'Vertiport_5': 20, 'Vertiport_6': 20, 'Vertiport_7': 20, 'Vertiport_8': 19, 'Vertiport_9': 20, 'Vertiport_10': 20}"
283,228.0,76,3677.6431329039983,2524653.15667631,"{'Vertiport_1': 20, 'Vertiport_2': 20, 'Vertiport_3': 20, 'Vertiport_4': 20, 'Vertiport_5': 20, 'Vertiport_6': 20, 'Vertiport_7': 20, 'Vertiport_8': 20, 'Vertiport_9': 20, 'Vertiport_10': 20}"
284,241.0,79,3391.184298695997,2528044.340975006,"{'Vertiport_1': 20, 'Vertiport_2': 20, 'Vertiport_3': 20, 'Vertiport_4': 22, 'Vertiport_5': 20, 'Vertiport_6': 20, 'Vertiport_7': 20, 'Vertiport_8': 18, 'Vertiport_9': 20, 'Vertiport_10': 20}"
285,219.0,73,3135.4693397679994,2531179.810314774,"{'Vertiport_1': 20, 'Vertiport_2': 20, 'Vertiport_3': 20, 'Vertiport_4': 20, 'Vertiport_5': 20, 'Vertiport_6': 20, 'Vertiport_7': 20, 'Vertiport_8': 20, 'Vertiport_9': 20, 'Vertiport_10': 20}"
286,153.0,51,1936.216340648,2533116.026655422,"{'Vertiport_1': 20, 'Vertiport_2': 20, 'Vertiport_3': 20, 'Vertiport_4': 20, 'Vertiport_5': 20, 'Vertiport_6': 20, 'Vertiport_7': 20, 'Vertiport_8': 20, 'Vertiport_9': 20, 'Vertiport_10': 20}"
287,152.0,50,2722.7680016479994,2535838.79465707,"{'Vertiport_1': 20, 'Vertiport_2': 20, 'Vertiport_3': 20, 'Vertiport_4': 20, 'Vertiport_5': 20, 'Vertiport_6': 21, 'Vertiport_7': 20, 'Vertiport_8': 19, 'Vertiport_9': 20, 'Vertiport_10': 20}"
288,90.0,30,1352.873800552,2537191.668457622,"{'Vertiport_1': 20, 'Vertiport_2': 20, 'Vertiport_3': 20, 'Vertiport_4': 20, 'Vertiport_5': 20, 'Vertiport_6': 20, 'Vertiport_7': 20, 'Vertiport_8': 20, 'Vertiport_9': 20, 'Vertiport_10': 20}"
289,78.0,26,1155.5402497759999,2538347.2087073983,"{'Vertiport_1': 20, 'Vertiport_2': 20, 'Vertiport_3': 20, 'Vertiport_4': 20, 'Vertiport_5': 20, 'Vertiport_6': 20, 'Vertiport_7': 20, 'Vertiport_8': 20, 'Vertiport_9': 20, 'Vertiport_10': 20}"
290,86.0,28,1290.477403616,2539637.6861110143,"{'Vertiport_1': 20, 'Vertiport_2': 20, 'Vertiport_3': 20, 'Vertiport_4': 20, 'Vertiport_5': 20, 'Vertiport_6': 21, 'Vertiport_7': 20, 'Vertiport_8': 19, 'Vertiport_9': 20, 'Vertiport_10': 20}"
291,81.0,27,1148.890698056,2540786.5768090705,"{'Vertiport_1': 20, 'Vertiport_2': 20, 'Vertiport_3': 20, 'Vertiport_4': 20, 'Vertiport_5': 20, 'Vertiport_6': 20, 'Vertiport_7': 20, 'Vertiport_8': 20, 'Vertiport_9': 20, 'Vertiport_10': 20}"
292,81.0,27,1213.2879117200005,2541999.8647207906,"{'Vertiport_1': 20, 'Vertiport_2': 20, 'Vertiport_3': 20, 'Vertiport_4': 20, 'Vertiport_5': 20, 'Vertiport_6': 20, 'Vertiport_7': 20, 'Vertiport_8': 20, 'Vertiport_9': 20, 'Vertiport_10': 20}"
293,57.0,19,1052.4641852240002,2543052.3289060146,"{'Vertiport_1': 20, 'Vertiport_2': 20, 'Vertiport_3': 20, 'Vertiport_4': 20, 'Vertiport_5': 20, 'Vertiport_6': 20, 'Vertiport_7': 20, 'Vertiport_8': 20, 'Vertiport_9': 20, 'Vertiport_10': 20}"
294,120.0,38,1530.2789371280003,2544582.6078431425,"{'Vertiport_1': 20, 'Vertiport_2': 20, 'Vertiport_3': 20, 'Vertiport_4': 22, 'Vertiport_5': 20, 'Vertiport_6': 21, 'Vertiport_7': 20, 'Vertiport_8': 17, 'Vertiport_9': 20, 'Vertiport_10': 20}"
295,117.0,39,1634.761963144,2546217.3698062864,"{'Vertiport_1': 20, 'Vertiport_2': 20, 'Vertiport_3': 20, 'Vertiport_4': 20, 'Vertiport_5': 20, 'Vertiport_6': 20, 'Vertiport_7': 20, 'Vertiport_8': 20, 'Vertiport_9': 20, 'Vertiport_10': 20}"
296,138.0,46,2102.121145656,2548319.4909519423,"{'Vertiport_1': 20, 'Vertiport_2': 20, 'Vertiport_3': 20, 'Vertiport_4': 20, 'Vertiport_5': 20, 'Vertiport_6': 20, 'Vertiport_7': 20, 'Vertiport_8': 20, 'Vertiport_9': 20, 'Vertiport_10': 20}"
297,129.0,43,1802.02441732,2550121.515369262,"{'Vertiport_1': 20, 'Vertiport_2': 20, 'Vertiport_3': 20, 'Vertiport_4': 20, 'Vertiport_5': 20, 'Vertiport_6': 20, 'Vertiport_7': 20, 'Vertiport_8': 20, 'Vertiport_9': 20, 'Vertiport_10': 20}"
298,141.0,47,2215.841106272,2552337.356475534,"{'Vertiport_1': 20, 'Vertiport_2': 20, 'Vertiport_3': 20, 'Vertiport_4': 20, 'Vertiport_5': 20, 'Vertiport_6': 20, 'Vertiport_7': 20, 'Vertiport_8': 20, 'Vertiport_9': 20, 'Vertiport_10': 20}"
299,179.0,59,2420.2185142719995,2554757.574989806,"{'Vertiport_1': 20, 'Vertiport_2': 20, 'Vertiport_3': 20, 'Vertiport_4': 20, 'Vertiport_5': 20, 'Vertiport_6': 21, 'Vertiport_7': 20, 'Vertiport_8': 19, 'Vertiport_9': 20, 'Vertiport_10': 20}"
300,203.0,67,3035.942956111999,2557793.517945918,"{'Vertiport_1': 20, 'Vertiport_2': 20, 'Vertiport_3': 20, 'Vertiport_4': 20, 'Vertiport_5': 20, 'Vertiport_6': 21, 'Vertiport_7': 20, 'Vertiport_8': 19, 'Vertiport_9': 20, 'Vertiport_10': 20}"
301,258.0,86,3745.7998161039986,2561539.317762022,"{'Vertiport_1': 20, 'Vertiport_2': 20, 'Vertiport_3': 20, 'Vertiport_4': 20, 'Vertiport_5': 20, 'Vertiport_6': 20, 'Vertiport_7': 20, 'Vertiport_8': 20, 'Vertiport_9': 20, 'Vertiport_10': 20}"
302,297.0,97,4684.262744411994,2566223.5805064337,"{'Vertiport_1': 20, 'Vertiport_2': 20, 'Vertiport_3': 20, 'Vertiport_4': 21, 'Vertiport_5': 20, 'Vertiport_6': 21, 'Vertiport_7': 20, 'Vertiport_8': 17, 'Vertiport_9': 21, 'Vertiport_10': 20}"
303,318.0,106,4628.95979383199,2570852.540300266,"{'Vertiport_1': 20, 'Vertiport_2': 20, 'Vertiport_3': 20, 'Vertiport_4': 20, 'Vertiport_5': 20, 'Vertiport_6': 20, 'Vertiport_7': 20, 'Vertiport_8': 20, 'Vertiport_9': 20, 'Vertiport_10': 20}"
304,343.0,113,4971.516344467993,2575824.056644734,"{'Vertiport_1': 20, 'Vertiport_2': 20, 'Vertiport_3': 20, 'Vertiport_4': 20, 'Vertiport_5': 20, 'Vertiport_6': 21, 'Vertiport_7': 20, 'Vertiport_8': 18, 'Vertiport_9': 21, 'Vertiport_10': 20}"
305,71.0,23,883.0756068439999,2576707.132251578,"{'Vertiport_1': 20, 'Vertiport_2': 20, 'Vertiport_3': 20, 'Vertiport_4': 20, 'Vertiport_5': 20, 'Vertiport_6': 20, 'Vertiport_7': 20, 'Vertiport_8': 19, 'Vertiport_9': 21, 'Vertiport_10': 20}"
306,0.0,0,0.0,2576707.132251578,"{'Vertiport_1': 20, 'Vertiport_2': 20, 'Vertiport_3': 20, 'Vertiport_4': 20, 'Vertiport_5': 20, 'Vertiport_6': 20, 'Vertiport_7': 20, 'Vertiport_8': 20, 'Vertiport_9': 20, 'Vertiport_10': 20}"
307,0.0,0,0.0,2576707.132251578,"{'Vertiport_1': 20, 'Vertiport_2': 20, 'Vertiport_3': 20, 'Vertiport_4': 20, 'Vertiport_5': 20, 'Vertiport_6': 20, 'Vertiport_7': 20, 'Vertiport_8': 20, 'Vertiport_9': 20, 'Vertiport_10': 20}"
308,0.0,0,0.0,2576707.132251578,"{'Vertiport_1': 20, 'Vertiport_2': 20, 'Vertiport_3': 20, 'Vertiport_4': 20, 'Vertiport_5': 20, 'Vertiport_6': 20, 'Vertiport_7': 20, 'Vertiport_8': 20, 'Vertiport_9': 20, 'Vertiport_10': 20}"
309,0.0,0,0.0,2576707.132251578,"{'Vertiport_1': 20, 'Vertiport_2': 20, 'Vertiport_3': 20, 'Vertiport_4': 20, 'Vertiport_5': 20, 'Vertiport_6': 20, 'Vertiport_7': 20, 'Vertiport_8': 20, 'Vertiport_9': 20, 'Vertiport_10': 20}"
310,0.0,0,0.0,2576707.132251578,"{'Vertiport_1': 20, 'Vertiport_2': 20, 'Vertiport_3': 20, 'Vertiport_4': 20, 'Vertiport_5': 20, 'Vertiport_6': 20, 'Vertiport_7': 20, 'Vertiport_8': 20, 'Vertiport_9': 20, 'Vertiport_10': 20}"
311,197.0,65,2592.634447599999,2579299.766699178,"{'Vertiport_1': 20, 'Vertiport_2': 20, 'Vertiport_3': 20, 'Vertiport_4': 20, 'Vertiport_5': 20, 'Vertiport_6': 21, 'Vertiport_7': 20, 'Vertiport_8': 19, 'Vertiport_9': 20, 'Vertiport_10': 20}"
312,736.0,244,10786.798979083993,2590086.565678262,"{'Vertiport_1': 20, 'Vertiport_2': 20, 'Vertiport_3': 20, 'Vertiport_4': 21, 'Vertiport_5': 20, 'Vertiport_6': 20, 'Vertiport_7': 20, 'Vertiport_8': 18, 'Vertiport_9': 21, 'Vertiport_10': 20}"
313,662.0,220,8972.410109871978,2599058.975788134,"{'Vertiport_1': 20, 'Vertiport_2': 20, 'Vertiport_3': 20, 'Vertiport_4': 20, 'Vertiport_5': 20, 'Vertiport_6': 21, 'Vertiport_7': 20, 'Vertiport_8': 19, 'Vertiport_9': 20, 'Vertiport_10': 20}"
314,657.0,217,9733.046657003979,2608792.022445138,"{'Vertiport_1': 20, 'Vertiport_2': 20, 'Vertiport_3': 20, 'Vertiport_4': 21, 'Vertiport_5': 20, 'Vertiport_6': 21, 'Vertiport_7': 20, 'Vertiport_8': 17, 'Vertiport_9': 21, 'Vertiport_10': 20}"
315,638.0,212,8924.333326399972,2617716.355771538,"{'Vertiport_1': 20, 'Vertiport_2': 20, 'Vertiport_3': 20, 'Vertiport_4': 20, 'Vertiport_5': 20, 'Vertiport_6': 21, 'Vertiport_7': 20, 'Vertiport_8': 19, 'Vertiport_9': 20, 'Vertiport_10': 20}"
316,647.0,213,8723.188647315976,2626439.5444188537,"{'Vertiport_1': 20, 'Vertiport_2': 20, 'Vertiport_3': 20, 'Vertiport_4': 20, 'Vertiport_5': 20, 'Vertiport_6': 21, 'Vertiport_7': 20, 'Vertiport_8': 16, 'Vertiport_9': 23, 'Vertiport_10': 20}"
317,666.0,220,9063.22613299197,2635502.770551846,"{'Vertiport_1': 20, 'Vertiport_2': 20, 'Vertiport_3': 20, 'Vertiport_4': 21, 'Vertiport_5': 20, 'Vertiport_6': 22, 'Vertiport_7': 20, 'Vertiport_8': 17, 'Vertiport_9': 20, 'Vertiport_10': 20}"
318,559.0,185,7429.049690351968,2642931.8202421977,"{'Vertiport_1': 20, 'Vertiport_2': 20, 'Vertiport_3': 20, 'Vertiport_4': 21, 'Vertiport_5': 20, 'Vertiport_6': 21, 'Vertiport_7': 20, 'Vertiport_8': 18, 'Vertiport_9': 20, 'Vertiport_10': 20}"
319,599.0,199,8342.645143887969,2651274.4653860857,"{'Vertiport_1': 20, 'Vertiport_2': 20, 'Vertiport_3': 20, 'Vertiport_4': 20, 'Vertiport_5': 20, 'Vertiport_6': 21, 'Vertiport_7': 20, 'Vertiport_8': 19, 'Vertiport_9': 20, 'Vertiport_10': 20}"
320,673.0,223,9421.93300085598,2660696.3983869418,"{'Vertiport_1': 20, 'Vertiport_2': 20, 'Vertiport_3': 20, 'Vertiport_4': 21, 'Vertiport_5': 20, 'Vertiport_6': 21, 'Vertiport_7': 20, 'Vertiport_8': 18, 'Vertiport_9': 20, 'Vertiport_10': 20}"
321,611.0,203,9396.122477175975,2670092.520864118,"{'Vertiport_1': 20, 'Vertiport_2': 20, 'Vertiport_3': 20, 'Vertiport_4': 21, 'Vertiport_5': 20, 'Vertiport_6': 20, 'Vertiport_7': 20, 'Vertiport_8': 19, 'Vertiport_9': 20, 'Vertiport_10': 20}"
322,585.0,195,8802.312725471975,2678894.8335895897,"{'Vertiport_1': 20, 'Vertiport_2': 20, 'Vertiport_3': 20, 'Vertiport_4': 20, 'Vertiport_5': 20, 'Vertiport_6': 20, 'Vertiport_7': 20, 'Vertiport_8': 20, 'Vertiport_9': 20, 'Vertiport_10': 20}"
323,608.0,202,8912.76349276798,2687807.597082358,"{'Vertiport_1': 20, 'Vertiport_2': 20, 'Vertiport_3': 20, 'Vertiport_4': 20, 'Vertiport_5': 20, 'Vertiport_6': 21, 'Vertiport_7': 20, 'Vertiport_8': 19, 'Vertiport_9': 20, 'Vertiport_10': 20}"
324,606.0,202,8439.285987119978,2696246.883069478,"{'Vertiport_1': 20, 'Vertiport_2': 20, 'Vertiport_3': 20, 'Vertiport_4': 20, 'Vertiport_5': 20, 'Vertiport_6': 20, 'Vertiport_7': 20, 'Vertiport_8': 20, 'Vertiport_9': 20, 'Vertiport_10': 20}"
325,663.0,219,9490.041673619979,2705736.9247430977,"{'Vertiport_1': 20, 'Vertiport_2': 20, 'Vertiport_3': 20, 'Vertiport_4': 21, 'Vertiport_5': 20, 'Vertiport_6': 21, 'Vertiport_7': 20, 'Vertiport_8': 17, 'Vertiport_9': 21, 'Vertiport_10': 20}"
326,570.0,190,8147.656145767973,2713884.5808888655,"{'Vertiport_1': 20, 'Vertiport_2': 20, 'Vertiport_3': 20, 'Vertiport_4': 20, 'Vertiport_5': 20, 'Vertiport_6': 20, 'Vertiport_7': 20, 'Vertiport_8': 20, 'Vertiport_9': 20, 'Vertiport_10': 20}"
327,596.0,198,8635.968336543978,2722520.5492254095,"{'Vertiport_1': 20, 'Vertiport_2': 20, 'Vertiport_3': 20, 'Vertiport_4': 21, 'Vertiport_5': 20, 'Vertiport_6': 20, 'Vertiport_7': 20, 'Vertiport_8': 19, 'Vertiport_9': 20, 'Vertiport_10': 20}"
328,597.0,197,8595.02123323197,2731115.5704586413,"{'Vertiport_1': 20, 'Vertiport_2': 20, 'Vertiport_3': 20, 'Vertiport_4': 21, 'Vertiport_5': 20, 'Vertiport_6': 20, 'Vertiport_7': 20, 'Vertiport_8': 17, 'Vertiport_9': 22, 'Vertiport_10': 20}"
329,592.0,196,8730.191849739978,2739845.762308381,"{'Vertiport_1': 20, 'Vertiport_2': 20, 'Vertiport_3': 20, 'Vertiport_4': 21, 'Vertiport_5': 20, 'Vertiport_6': 20, 'Vertiport_7': 20, 'Vertiport_8': 18, 'Vertiport_9': 21, 'Vertiport_10': 20}"
330,612.0,202,8685.97555310798,2748531.737861489,"{'Vertiport_1': 20, 'Vertiport_2': 20, 'Vertiport_3': 20, 'Vertiport_4': 21, 'Vertiport_5': 20, 'Vertiport_6': 21, 'Vertiport_7': 20, 'Vertiport_8': 17, 'Vertiport_9': 21, 'Vertiport_10': 20}"
331,605.0,201,8584.747644539973,2757116.485506029,"{'Vertiport_1': 20, 'Vertiport_2': 20, 'Vertiport_3': 20, 'Vertiport_4': 20, 'Vertiport_5': 20, 'Vertiport_6': 20, 'Vertiport_7': 20, 'Vertiport_8': 19, 'Vertiport_9': 21, 'Vertiport_10': 20}"
332,613.0,203,8658.054427619974,2765774.539933649,"{'Vertiport_1': 20, 'Vertiport_2': 20, 'Vertiport_3': 20, 'Vertiport_4': 20, 'Vertiport_5': 20, 'Vertiport_6': 21, 'Vertiport_7': 20, 'Vertiport_8': 18, 'Vertiport_9': 21, 'Vertiport_10': 20}"
333,508.0,168,7389.490025163973,2773164.029958813,"{'Vertiport_1': 20, 'Vertiport_2': 20, 'Vertiport_3': 20, 'Vertiport_4': 20, 'Vertiport_5': 20, 'Vertiport_6': 21, 'Vertiport_7': 20, 'Vertiport_8': 18, 'Vertiport_9': 21, 'Vertiport_10': 20}"
334,546.0,182,8473.30799637598,2781637.337955189,"{'Vertiport_1': 20, 'Vertiport_2': 20, 'Vertiport_3': 20, 'Vertiport_4': 20, 'Vertiport_5': 20, 'Vertiport_6': 20, 'Vertiport_7': 20, 'Vertiport_8': 20, 'Vertiport_9': 20, 'Vertiport_10': 20}"
335,551.0,183,8457.84364907997,2790095.181604269,"{'Vertiport_1': 20, 'Vertiport_2': 20, 'Vertiport_3': 20, 'Vertiport_4': 20, 'Vertiport_5': 20, 'Vertiport_6': 21, 'Vertiport_7': 20, 'Vertiport_8': 19, 'Vertiport_9': 20, 'Vertiport_10': 20}"
336,566.0,188,7651.988756171973,2797747.170360441,"{'Vertiport_1': 20, 'Vertiport_2': 20, 'Vertiport_3': 20, 'Vertiport_4': 20, 'Vertiport_5': 20, 'Vertiport_6': 20, 'Vertiport_7': 20, 'Vertiport_8': 19, 'Vertiport_9': 21, 'Vertiport_10': 20}"
337,605.0,201,9041.120596951981,2806788.2909573927,"{'Vertiport_1': 20, 'Vertiport_2': 20, 'Vertiport_3': 20, 'Vertiport_4': 20, 'Vertiport_5': 20, 'Vertiport_6': 21, 'Vertiport_7': 20, 'Vertiport_8': 19, 'Vertiport_9': 20, 'Vertiport_10': 20}"
338,534.0,178,7500.297745663967,2814288.588703057,"{'Vertiport_1': 20, 'Vertiport_2': 20, 'Vertiport_3': 20, 'Vertiport_4': 20, 'Vertiport_5': 20, 'Vertiport_6': 20, 'Vertiport_7': 20, 'Vertiport_8': 20, 'Vertiport_9': 20, 'Vertiport_10': 20}"
339,516.0,172,7045.634238751973,2821334.222941809,"{'Vertiport_1': 20, 'Vertiport_2': 20, 'Vertiport_3': 20, 'Vertiport_4': 20, 'Vertiport_5': 20, 'Vertiport_6': 20, 'Vertiport_7': 20, 'Vertiport_8': 20, 'Vertiport_9': 20, 'Vertiport_10': 20}"
340,549.0,183,7964.02255084797,2829298.2454926567,"{'Vertiport_1': 20, 'Vertiport_2': 20, 'Vertiport_3': 20, 'Vertiport_4': 20, 'Vertiport_5': 20, 'Vertiport_6': 20, 'Vertiport_7': 20, 'Vertiport_8': 20, 'Vertiport_9': 20, 'Vertiport_10': 20}"
341,582.0,192,8001.842995463971,2837300.0884881206,"{'Vertiport_1': 20, 'Vertiport_2': 20, 'Vertiport_3': 20, 'Vertiport_4': 22, 'Vertiport_5': 20, 'Vertiport_6': 21, 'Vertiport_7': 20, 'Vertiport_8': 17, 'Vertiport_9': 20, 'Vertiport_10': 20}"
342,497.0,165,7132.280910639979,2844432.3693987606,"{'Vertiport_1': 20, 'Vertiport_2': 20, 'Vertiport_3': 20, 'Vertiport_4': 20, 'Vertiport_5': 20, 'Vertiport_6': 21, 'Vertiport_7': 20, 'Vertiport_8': 19, 'Vertiport_9': 20, 'Vertiport_10': 20}"
343,567.0,189,8279.47303659997,2852711.8424353604,"{'Vertiport_1': 20, 'Vertiport_2': 20, 'Vertiport_3': 20, 'Vertiport_4': 20, 'Vertiport_5': 20, 'Vertiport_6': 20, 'Vertiport_7': 20, 'Vertiport_8': 20, 'Vertiport_9': 20, 'Vertiport_10': 20}"
344,581.0,193,8129.592749239967,2860841.4351846003,"{'Vertiport_1': 20, 'Vertiport_2': 20, 'Vertiport_3': 20, 'Vertiport_4': 21, 'Vertiport_5': 20, 'Vertiport_6': 20, 'Vertiport_7': 20, 'Vertiport_8': 19, 'Vertiport_9': 20, 'Vertiport_10': 20}"
345,624.0,208,9482.801156407984,2870324.2363410085,"{'Vertiport_1': 20, 'Vertiport_2': 20, 'Vertiport_3': 20, 'Vertiport_4': 20, 'Vertiport_5': 20, 'Vertiport_6': 20, 'Vertiport_7': 20, 'Vertiport_8': 20, 'Vertiport_9': 20, 'Vertiport_10': 20}"
346,641.0,213,8997.882778231973,2879322.1191192404,"{'Vertiport_1': 20, 'Vertiport_2': 20, 'Vertiport_3': 20, 'Vertiport_4': 20, 'Vertiport_5': 20, 'Vertiport_6': 21, 'Vertiport_7': 20, 'Vertiport_8': 19, 'Vertiport_9': 20, 'Vertiport_10': 20}"
347,717.0,239,9944.271413463977,2889266.3905327045,"{'Vertiport_1': 20, 'Vertiport_2': 20, 'Vertiport_3': 20, 'Vertiport_4': 20, 'Vertiport_5': 20, 'Vertiport_6': 20, 'Vertiport_7': 20, 'Vertiport_8': 20, 'Vertiport_9': 20, 'Vertiport_10': 20}"
348,806.0,268,11192.163598679987,2900458.5541313845,"{'Vertiport_1': 20, 'Vertiport_2': 20, 'Vertiport_3': 20, 'Vertiport_4': 21, 'Vertiport_5': 20, 'Vertiport_6': 20, 'Vertiport_7': 20, 'Vertiport_8': 19, 'Vertiport_9': 20, 'Vertiport_10': 20}"
349,773.0,257,11187.420633143991,2911645.9747645287,"{'Vertiport_1': 20, 'Vertiport_2': 20, 'Vertiport_3': 20, 'Vertiport_4': 20, 'Vertiport_5': 20, 'Vertiport_6': 21, 'Vertiport_7': 20, 'Vertiport_8': 19, 'Vertiport_9': 20, 'Vertiport_10': 20}"
350,816.0,272,11925.404965391992,2923571.3797299205,"{'Vertiport_1': 20, 'Vertiport_2': 20, 'Vertiport_3': 20, 'Vertiport_4': 20, 'Vertiport_5': 20, 'Vertiport_6': 20, 'Vertiport_7': 20, 'Vertiport_8': 20, 'Vertiport_9': 20, 'Vertiport_10': 20}"
351,802.0,266,10763.23438086398,2934334.6141107846,"{'Vertiport_1': 20, 'Vertiport_2': 20, 'Vertiport_3': 20, 'Vertiport_4': 21, 'Vertiport_5': 20, 'Vertiport_6': 21, 'Vertiport_7': 20, 'Vertiport_8': 18, 'Vertiport_9': 20, 'Vertiport_10': 20}"
352,861.0,287,11875.030277431992,2946209.6443882165,"{'Vertiport_1': 20, 'Vertiport_2': 20, 'Vertiport_3': 20, 'Vertiport_4': 20, 'Vertiport_5': 20, 'Vertiport_6': 20, 'Vertiport_7': 20, 'Vertiport_8': 20, 'Vertiport_9': 20, 'Vertiport_10': 20}"
353,828.0,276,11429.665918071985,2957639.3103062883,"{'Vertiport_1': 20, 'Vertiport_2': 20, 'Vertiport_3': 20, 'Vertiport_4': 20, 'Vertiport_5': 20, 'Vertiport_6': 20, 'Vertiport_7': 20, 'Vertiport_8': 20, 'Vertiport_9': 20, 'Vertiport_10': 20}"
354,945.0,315,13392.167578608005,2971031.477884896,"{'Vertiport_1': 20, 'Vertiport_2': 20, 'Vertiport_3': 20, 'Vertiport_4': 20, 'Vertiport_5': 20, 'Vertiport_6': 20, 'Vertiport_7': 20, 'Vertiport_8': 20, 'Vertiport_9': 20, 'Vertiport_10': 20}"
355,825.0,275,11674.30972131198,2982705.787606208,"{'Vertiport_1': 20, 'Vertiport_2': 20, 'Vertiport_3': 20, 'Vertiport_4': 20, 'Vertiport_5': 20, 'Vertiport_6': 20, 'Vertiport_7': 20, 'Vertiport_8': 20, 'Vertiport_9': 20, 'Vertiport_10': 20}"
356,978.0,326,13467.245815120003,2996173.0334213283,"{'Vertiport_1': 20, 'Vertiport_2': 20, 'Vertiport_3': 20, 'Vertiport_4': 20, 'Vertiport_5': 20, 'Vertiport_6': 20, 'Vertiport_7': 20, 'Vertiport_8': 20, 'Vertiport_9': 20, 'Vertiport_10': 20}"
357,992.0,330,13754.883936472,3009927.9173578,"{'Vertiport_1': 20, 'Vertiport_2': 20, 'Vertiport_3': 20, 'Vertiport_4': 21, 'Vertiport_5': 20, 'Vertiport_6': 20, 'Vertiport_7': 20, 'Vertiport_8': 19, 'Vertiport_9': 20, 'Vertiport_10': 20}"
358,837.0,279,12056.758361351996,3021984.675719152,"{'Vertiport_1': 20, 'Vertiport_2': 20, 'Vertiport_3': 20, 'Vertiport_4': 20, 'Vertiport_5': 20, 'Vertiport_6': 20, 'Vertiport_7': 20, 'Vertiport_8': 20, 'Vertiport_9': 20, 'Vertiport_10': 20}"
359,852.0,284,11838.700576655985,3033823.3762958082,"{'Vertiport_1': 20, 'Vertiport_2': 20, 'Vertiport_3': 20, 'Vertiport_4': 20, 'Vertiport_5': 20, 'Vertiport_6': 20, 'Vertiport_7': 20, 'Vertiport_8': 20, 'Vertiport_9': 20, 'Vertiport_10': 20}"
360,852.0,282,11876.209553167992,3045699.5858489764,"{'Vertiport_1': 20, 'Vertiport_2': 20, 'Vertiport_3': 20, 'Vertiport_4': 22, 'Vertiport_5': 20, 'Vertiport_6': 21, 'Vertiport_7': 20, 'Vertiport_8': 17, 'Vertiport_9': 20, 'Vertiport_10': 20}"
361,831.0,277,11310.910943559986,3057010.496792536,"{'Vertiport_1': 20, 'Vertiport_2': 20, 'Vertiport_3': 20, 'Vertiport_4': 20, 'Vertiport_5': 20, 'Vertiport_6': 20, 'Vertiport_7': 20, 'Vertiport_8': 20, 'Vertiport_9': 20, 'Vertiport_10': 20}"
362,808.0,268,11489.139493971985,3068499.6362865083,"{'Vertiport_1': 20, 'Vertiport_2': 20, 'Vertiport_3': 20, 'Vertiport_4': 20, 'Vertiport_5': 20, 'Vertiport_6': 21, 'Vertiport_7': 20, 'Vertiport_8': 18, 'Vertiport_9': 21, 'Vertiport_10': 20}"
363,763.0,253,10941.954034099997,3079441.590320608,"{'Vertiport_1': 20, 'Vertiport_2': 20, 'Vertiport_3': 20, 'Vertiport_4': 20, 'Vertiport_5': 20, 'Vertiport_6': 21, 'Vertiport_7': 20, 'Vertiport_8': 18, 'Vertiport_9': 21, 'Vertiport_10': 20}"
364,789.0,263,11289.261352439988,3090730.851673048,"{'Vertiport_1': 20, 'Vertiport_2': 20, 'Vertiport_3': 20, 'Vertiport_4': 20, 'Vertiport_5': 20, 'Vertiport_6': 20, 'Vertiport_7': 20, 'Vertiport_8': 20, 'Vertiport_9': 20, 'Vertiport_10': 20}"
365,847.0,281,12070.036680535999,3102800.888353584,"{'Vertiport_1': 20, 'Vertiport_2': 20, 'Vertiport_3': 20, 'Vertiport_4': 21, 'Vertiport_5': 20, 'Vertiport_6': 21, 'Vertiport_7': 20, 'Vertiport_8': 18, 'Vertiport_9': 20, 'Vertiport_10': 20}"
366,764.0,254,11355.427183559983,3114156.315537144,"{'Vertiport_1': 20, 'Vertiport_2': 20, 'Vertiport_3': 20, 'Vertiport_4': 21, 'Vertiport_5': 20, 'Vertiport_6': 20, 'Vertiport_7': 20, 'Vertiport_8': 19, 'Vertiport_9': 20, 'Vertiport_10': 20}"
367,875.0,291,12974.031704439993,3127130.3472415837,"{'Vertiport_1': 20, 'Vertiport_2': 20, 'Vertiport_3': 20, 'Vertiport_4': 21, 'Vertiport_5': 20, 'Vertiport_6': 20, 'Vertiport_7': 20, 'Vertiport_8': 19, 'Vertiport_9': 20, 'Vertiport_10': 20}"
368,695.0,231,10300.860760823987,3137431.2080024076,"{'Vertiport_1': 20, 'Vertiport_2': 20, 'Vertiport_3': 20, 'Vertiport_4': 21, 'Vertiport_5': 20, 'Vertiport_6': 20, 'Vertiport_7': 20, 'Vertiport_8': 19, 'Vertiport_9': 20, 'Vertiport_10': 20}"
369,689.0,229,9445.685113387968,3146876.8931157957,"{'Vertiport_1': 20, 'Vertiport_2': 20, 'Vertiport_3': 20, 'Vertiport_4': 20, 'Vertiport_5': 20, 'Vertiport_6': 20, 'Vertiport_7': 20, 'Vertiport_8': 19, 'Vertiport_9': 21, 'Vertiport_10': 20}"
370,644.0,214,9108.588201911974,3155985.481317708,"{'Vertiport_1': 20, 'Vertiport_2': 20, 'Vertiport_3': 20, 'Vertiport_4': 20, 'Vertiport_5': 20, 'Vertiport_6': 21, 'Vertiport_7': 20, 'Vertiport_8': 19, 'Vertiport_9': 20, 'Vertiport_10': 20}"
371,604.0,200,8418.14245545197,3164403.62377316,"{'Vertiport_1': 20, 'Vertiport_2': 20, 'Vertiport_3': 20, 'Vertiport_4': 20, 'Vertiport_5': 20, 'Vertiport_6': 21, 'Vertiport_7': 20, 'Vertiport_8': 18, 'Vertiport_9': 21, 'Vertiport_10': 20}"
372,530.0,174,7769.128968735967,3172172.752741896,"{'Vertiport_1': 20, 'Vertiport_2': 20, 'Vertiport_3': 20, 'Vertiport_4': 22, 'Vertiport_5': 20, 'Vertiport_6': 20, 'Vertiport_7': 20, 'Vertiport_8': 16, 'Vertiport_9': 22, 'Vertiport_10': 20}"
373,598.0,198,9221.11948651598,3181393.872228412,"{'Vertiport_1': 20, 'Vertiport_2': 20, 'Vertiport_3': 20, 'Vertiport_4': 21, 'Vertiport_5': 20, 'Vertiport_6': 20, 'Vertiport_7': 20, 'Vertiport_8': 18, 'Vertiport_9': 21, 'Vertiport_10': 20}"
374,438.0,146,5890.455733591979,3187284.327962004,"{'Vertiport_1': 20, 'Vertiport_2': 20, 'Vertiport_3': 20, 'Vertiport_4': 20, 'Vertiport_5': 20, 'Vertiport_6': 20, 'Vertiport_7': 20, 'Vertiport_8': 20, 'Vertiport_9': 20, 'Vertiport_10': 20}"
375,482.0,160,6979.293944039971,3194263.621906044,"{'Vertiport_1': 20, 'Vertiport_2': 20, 'Vertiport_3': 20, 'Vertiport_4': 21, 'Vertiport_5': 20, 'Vertiport_6': 20, 'Vertiport_7': 20, 'Vertiport_8': 19, 'Vertiport_9': 20, 'Vertiport_10': 20}"
376,379.0,125,5441.552400183983,3199705.174306228,"{'Vertiport_1': 20, 'Vertiport_2': 20, 'Vertiport_3': 20, 'Vertiport_4': 21, 'Vertiport_5': 20, 'Vertiport_6': 21, 'Vertiport_7': 20, 'Vertiport_8': 18, 'Vertiport_9': 20, 'Vertiport_10': 20}"
377,332.0,110,4331.698961327993,3204036.8732675556,"{'Vertiport_1': 20, 'Vertiport_2': 20, 'Vertiport_3': 20, 'Vertiport_4': 20, 'Vertiport_5': 20, 'Vertiport_6': 21, 'Vertiport_7': 20, 'Vertiport_8': 19, 'Vertiport_9': 20, 'Vertiport_10': 20}"
378,315.0,105,4458.5985144799915,3208495.4717820357,"{'Vertiport_1': 20, 'Vertiport_2': 20, 'Vertiport_3': 20, 'Vertiport_4': 20, 'Vertiport_5': 20, 'Vertiport_6': 20, 'Vertiport_7': 20, 'Vertiport_8': 20, 'Vertiport_9': 20, 'Vertiport_10': 20}"
379,336.0,112,5372.810493343981,3213868.2822753796,"{'Vertiport_1': 20, 'Vertiport_2': 20, 'Vertiport_3': 20, 'Vertiport_4': 20, 'Vertiport_5': 20, 'Vertiport_6': 20, 'Vertiport_7': 20, 'Vertiport_8': 20, 'Vertiport_9': 20, 'Vertiport_10': 20}"
380,348.0,116,5005.18160190399,3218873.4638772835,"{'Vertiport_1': 20, 'Vertiport_2': 20, 'Vertiport_3': 20, 'Vertiport_4': 20, 'Vertiport_5': 20, 'Vertiport_6': 20, 'Vertiport_7': 20, 'Vertiport_8': 20, 'Vertiport_9': 20, 'Vertiport_10': 20}"
381,288.0,96,4505.329312655994,3223378.7931899396,"{'Vertiport_1': 20, 'Vertiport_2': 20, 'Vertiport_3': 20, 'Vertiport_4': 20, 'Vertiport_5': 20, 'Vertiport_6': 20, 'Vertiport_7': 20, 'Vertiport_8': 20, 'Vertiport_9': 20, 'Vertiport_10': 20}"
382,169.0,55,2372.950964592,3225751.7441545315,"{'Vertiport_1': 20, 'Vertiport_2': 20, 'Vertiport_3': 20, 'Vertiport_4': 21, 'Vertiport_5': 20, 'Vertiport_6': 21, 'Vertiport_7': 20, 'Vertiport_8': 18, 'Vertiport_9': 20, 'Vertiport_10': 20}"
383,147.0,49,1679.0553738959998,3227430.7995284274,"{'Vertiport_1': 20, 'Vertiport_2': 20, 'Vertiport_3': 20, 'Vertiport_4': 20, 'Vertiport_5': 20, 'Vertiport_6': 20, 'Vertiport_7': 20, 'Vertiport_8': 20, 'Vertiport_9': 20, 'Vertiport_10': 20}"
384,101.0,33,1565.0601103480003,3228995.8596387752,"{'Vertiport_1': 20, 'Vertiport_2': 20, 'Vertiport_3': 20, 'Vertiport_4': 20, 'Vertiport_5': 20, 'Vertiport_6': 20, 'Vertiport_7': 20, 'Vertiport_8': 19, 'Vertiport_9': 21, 'Vertiport_10': 20}"
385,95.0,31,1599.9319081640006,3230595.7915469394,"{'Vertiport_1': 20, 'Vertiport_2': 20, 'Vertiport_3': 20, 'Vertiport_4': 20, 'Vertiport_5': 20, 'Vertiport_6': 20, 'Vertiport_7': 20, 'Vertiport_8': 19, 'Vertiport_9': 21, 'Vertiport_10': 20}"
386,59.0,19,723.0663090320002,3231318.8578559714,"{'Vertiport_1': 20, 'Vertiport_2': 20, 'Vertiport_3': 20, 'Vertiport_4': 21, 'Vertiport_5': 20, 'Vertiport_6': 20, 'Vertiport_7': 20, 'Vertiport_8': 19, 'Vertiport_9': 20, 'Vertiport_10': 20}"
387,93.0,31,1366.936697896,3232685.7945538675,"{'Vertiport_1': 20, 'Vertiport_2': 20, 'Vertiport_3': 20, 'Vertiport_4': 20, 'Vertiport_5': 20, 'Vertiport_6': 20, 'Vertiport_7': 20, 'Vertiport_8': 20, 'Vertiport_9': 20, 'Vertiport_10': 20}"
388,63.0,21,982.6398132480002,3233668.4343671156,"{'Vertiport_1': 20, 'Vertiport_2': 20, 'Vertiport_3': 20, 'Vertiport_4': 20, 'Vertiport_5': 20, 'Vertiport_6': 20, 'Vertiport_7': 20, 'Vertiport_8': 20, 'Vertiport_9': 20, 'Vertiport_10': 20}"
389,87.0,29,1358.5470567600005,3235026.981423876,"{'Vertiport_1': 20, 'Vertiport_2': 20, 'Vertiport_3': 20, 'Vertiport_4': 20, 'Vertiport_5': 20, 'Vertiport_6': 20, 'Vertiport_7': 20, 'Vertiport_8': 20, 'Vertiport_9': 20, 'Vertiport_10': 20}"
390,116.0,38,1770.7650668960002,3236797.746490772,"{'Vertiport_1': 20, 'Vertiport_2': 20, 'Vertiport_3': 20, 'Vertiport_4': 21, 'Vertiport_5': 20, 'Vertiport_6': 20, 'Vertiport_7': 20, 'Vertiport_8': 19, 'Vertiport_9': 20, 'Vertiport_10': 20}"
391,129.0,43,1640.5372823040002,3238438.283773076,"{'Vertiport_1': 20, 'Vertiport_2': 20, 'Vertiport_3': 20, 'Vertiport_4': 20, 'Vertiport_5': 20, 'Vertiport_6': 20, 'Vertiport_7': 20, 'Vertiport_8': 20, 'Vertiport_9': 20, 'Vertiport_10': 20}"
392,135.0,45,1988.7084604880006,3240426.9922335637,"{'Vertiport_1': 20, 'Vertiport_2': 20, 'Vertiport_3': 20, 'Vertiport_4': 20, 'Vertiport_5': 20, 'Vertiport_6': 20, 'Vertiport_7': 20, 'Vertiport_8': 20, 'Vertiport_9': 20, 'Vertiport_10': 20}"
393,104.0,34,1692.824732944,3242119.8169665076,"{'Vertiport_1': 20, 'Vertiport_2': 20, 'Vertiport_3': 20, 'Vertiport_4': 21, 'Vertiport_5': 20, 'Vertiport_6': 20, 'Vertiport_7': 20, 'Vertiport_8': 19, 'Vertiport_9': 20, 'Vertiport_10': 20}"
394,147.0,49,2347.2218708319997,3244467.0388373397,"{'Vertiport_1': 20, 'Vertiport_2': 20, 'Vertiport_3': 20, 'Vertiport_4': 20, 'Vertiport_5': 20, 'Vertiport_6': 20, 'Vertiport_7': 20, 'Vertiport_8': 20, 'Vertiport_9': 20, 'Vertiport_10': 20}"
395,242.0,80,3279.0179936599984,3247746.056831,"{'Vertiport_1': 20, 'Vertiport_2': 20, 'Vertiport_3': 20, 'Vertiport_4': 20, 'Vertiport_5': 20, 'Vertiport_6': 20, 'Vertiport_7': 20, 'Vertiport_8': 19, 'Vertiport_9': 21, 'Vertiport_10': 20}"
396,217.0,71,2781.8705997919988,3250527.927430792,"{'Vertiport_1': 20, 'Vertiport_2': 20, 'Vertiport_3': 20, 'Vertiport_4': 20, 'Vertiport_5': 20, 'Vertiport_6': 22, 'Vertiport_7': 20, 'Vertiport_8': 18, 'Vertiport_9': 20, 'Vertiport_10': 20}"
397,222.0,74,3366.3771199039993,3253894.3045506957,"{'Vertiport_1': 20, 'Vertiport_2': 20, 'Vertiport_3': 20, 'Vertiport_4': 20, 'Vertiport_5': 20, 'Vertiport_6': 20, 'Vertiport_7': 20, 'Vertiport_8': 20, 'Vertiport_9': 20, 'Vertiport_10': 20}"
398,280.0,92,4101.674576867998,3257995.9791275635,"{'Vertiport_1': 20, 'Vertiport_2': 20, 'Vertiport_3': 20, 'Vertiport_4': 21, 'Vertiport_5': 20, 'Vertiport_6': 20, 'Vertiport_7': 20, 'Vertiport_8': 18, 'Vertiport_9': 21, 'Vertiport_10': 20}"
399,328.0,108,4439.210029671995,3262435.1891572354,"{'Vertiport_1': 20, 'Vertiport_2': 20, 'Vertiport_3': 20, 'Vertiport_4': 21, 'Vertiport_5': 20, 'Vertiport_6': 21, 'Vertiport_7': 20, 'Vertiport_8': 18, 'Vertiport_9': 20, 'Vertiport_10': 20}"
400,342.0,114,5287.03096014399,3267722.2201173794,"{'Vertiport_1': 20, 'Vertiport_2': 20, 'Vertiport_3': 20, 'Vertiport_4': 20, 'Vertiport_5': 20, 'Vertiport_6': 20, 'Vertiport_7': 20, 'Vertiport_8': 20, 'Vertiport_9': 20, 'Vertiport_10': 20}"
401,360.0,118,4695.075277255994,3272417.2953946353,"{'Vertiport_1': 20, 'Vertiport_2': 20, 'Vertiport_3': 20, 'Vertiport_4': 21, 'Vertiport_5': 20, 'Vertiport_6': 22, 'Vertiport_7': 20, 'Vertiport_8': 17, 'Vertiport_9': 20, 'Vertiport_10': 20}"
402,435.0,143,6347.375412403976,3278764.6708070394,"{'Vertiport_1': 20, 'Vertiport_2': 20, 'Vertiport_3': 20, 'Vertiport_4': 22, 'Vertiport_5': 20, 'Vertiport_6': 20, 'Vertiport_7': 20, 'Vertiport_8': 17, 'Vertiport_9': 21, 'Vertiport_10': 20}"
403,562.0,184,7288.511729655971,3286053.182536695,"{'Vertiport_1': 20, 'Vertiport_2': 20, 'Vertiport_3': 20, 'Vertiport_4': 22, 'Vertiport_5': 20, 'Vertiport_6': 23, 'Vertiport_7': 20, 'Vertiport_8': 15, 'Vertiport_9': 20, 'Vertiport_10': 20}"
404,573.0,189,7694.894051803973,3293748.076588499,"{'Vertiport_1': 20, 'Vertiport_2': 20, 'Vertiport_3': 20, 'Vertiport_4': 20, 'Vertiport_5': 20, 'Vertiport_6': 22, 'Vertiport_7': 20, 'Vertiport_8': 17, 'Vertiport_9': 21, 'Vertiport_10': 20}"
405,636.0,210,8887.89707681598,3302635.9736653147,"{'Vertiport_1': 20, 'Vertiport_2': 20, 'Vertiport_3': 20, 'Vertiport_4': 20, 'Vertiport_5': 20, 'Vertiport_6': 23, 'Vertiport_7': 20, 'Vertiport_8': 17, 'Vertiport_9': 20, 'Vertiport_10': 20}"
406,666.0,222,9934.396156511986,3312570.369821827,"{'Vertiport_1': 20, 'Vertiport_2': 20, 'Vertiport_3': 20, 'Vertiport_4': 20, 'Vertiport_5': 20, 'Vertiport_6': 20, 'Vertiport_7': 20, 'Vertiport_8': 20, 'Vertiport_9': 20, 'Vertiport_10': 20}"
407,648.0,214,9347.030251927974,3321917.400073755,"{'Vertiport_1': 20, 'Vertiport_2': 20, 'Vertiport_3': 20, 'Vertiport_4': 22, 'Vertiport_5': 20, 'Vertiport_6': 21, 'Vertiport_7': 20, 'Vertiport_8': 17, 'Vertiport_9': 20, 'Vertiport_10': 20}"
408,680.0,226,9400.503394647982,3331317.903468403,"{'Vertiport_1': 20, 'Vertiport_2': 20, 'Vertiport_3': 20, 'Vertiport_4': 20, 'Vertiport_5': 20, 'Vertiport_6': 21, 'Vertiport_7': 20, 'Vertiport_8': 19, 'Vertiport_9': 20, 'Vertiport_10': 20}"
409,657.0,217,9010.590685579979,3340328.494153983,"{'Vertiport_1': 20, 'Vertiport_2': 20, 'Vertiport_3': 20, 'Vertiport_4': 22, 'Vertiport_5': 20, 'Vertiport_6': 20, 'Vertiport_7': 20, 'Vertiport_8': 17, 'Vertiport_9': 21, 'Vertiport_10': 20}"
410,723.0,239,9851.548855351992,3350180.043009335,"{'Vertiport_1': 20, 'Vertiport_2': 20, 'Vertiport_3': 20, 'Vertiport_4': 20, 'Vertiport_5': 20, 'Vertiport_6': 23, 'Vertiport_7': 20, 'Vertiport_8': 17, 'Vertiport_9': 20, 'Vertiport_10': 20}"
411,615.0,205,8606.396323847976,3358786.439333183,"{'Vertiport_1': 20, 'Vertiport_2': 20, 'Vertiport_3': 20, 'Vertiport_4': 20, 'Vertiport_5': 20, 'Vertiport_6': 20, 'Vertiport_7': 20, 'Vertiport_8': 20, 'Vertiport_9': 20, 'Vertiport_10': 20}"
412,663.0,219,9379.07593092798,3368165.515264111,"{'Vertiport_1': 20, 'Vertiport_2': 20, 'Vertiport_3': 20, 'Vertiport_4': 21, 'Vertiport_5': 20, 'Vertiport_6': 22, 'Vertiport_7': 20, 'Vertiport_8': 17, 'Vertiport_9': 20, 'Vertiport_10': 20}"
413,501.0,167,6771.6771177919745,3374937.192381903,"{'Vertiport_1': 20, 'Vertiport_2': 20, 'Vertiport_3': 20, 'Vertiport_4': 20, 'Vertiport_5': 20, 'Vertiport_6': 20, 'Vertiport_7': 20, 'Vertiport_8': 20, 'Vertiport_9': 20, 'Vertiport_10': 20}"
414,551.0,183,7372.19368760797,3382309.386069511,"{'Vertiport_1': 20, 'Vertiport_2': 20, 'Vertiport_3': 20, 'Vertiport_4': 21, 'Vertiport_5': 20, 'Vertiport_6': 20, 'Vertiport_7': 20, 'Vertiport_8': 19, 'Vertiport_9': 20, 'Vertiport_10': 20}"
415,589.0,195,8491.655259751971,3390801.0413292632,"{'Vertiport_1': 20, 'Vertiport_2': 20, 'Vertiport_3': 20, 'Vertiport_4': 21, 'Vertiport_5': 20, 'Vertiport_6': 21, 'Vertiport_7': 20, 'Vertiport_8': 18, 'Vertiport_9': 20, 'Vertiport_10': 20}"
416,624.0,204,9435.398601063978,3400236.4399303272,"{'Vertiport_1': 20, 'Vertiport_2': 20, 'Vertiport_3': 20, 'Vertiport_4': 22, 'Vertiport_5': 20, 'Vertiport_6': 22, 'Vertiport_7': 20, 'Vertiport_8': 14, 'Vertiport_9': 22, 'Vertiport_10': 20}"
417,596.0,196,8203.094680135964,3408439.5346104633,"{'Vertiport_1': 20, 'Vertiport_2': 20, 'Vertiport_3': 20, 'Vertiport_4': 22, 'Vertiport_5': 20, 'Vertiport_6': 22, 'Vertiport_7': 20, 'Vertiport_8': 16, 'Vertiport_9': 20, 'Vertiport_10': 20}"
418,503.0,167,6825.835991039979,3415265.370601503,"{'Vertiport_1': 20, 'Vertiport_2': 20, 'Vertiport_3': 20, 'Vertiport_4': 20, 'Vertiport_5': 20, 'Vertiport_6': 21, 'Vertiport_7': 20, 'Vertiport_8': 19, 'Vertiport_9': 20, 'Vertiport_10': 20}"
419,0.0,0,0.0,3415265.370601503,"{'Vertiport_1': 20, 'Vertiport_2': 20, 'Vertiport_3': 20, 'Vertiport_4': 20, 'Vertiport_5': 20, 'Vertiport_6': 20, 'Vertiport_7': 20, 'Vertiport_8': 20, 'Vertiport_9': 20, 'Vertiport_10': 20}"
420,0.0,0,0.0,3415265.370601503,"{'Vertiport_1': 20, 'Vertiport_2': 20, 'Vertiport_3': 20, 'Vertiport_4': 20, 'Vertiport_5': 20, 'Vertiport_6': 20, 'Vertiport_7': 20, 'Vertiport_8': 20, 'Vertiport_9': 20, 'Vertiport_10': 20}"
421,0.0,0,0.0,3415265.370601503,"{'Vertiport_1': 20, 'Vertiport_2': 20, 'Vertiport_3': 20, 'Vertiport_4': 20, 'Vertiport_5': 20, 'Vertiport_6': 20, 'Vertiport_7': 20, 'Vertiport_8': 20, 'Vertiport_9': 20, 'Vertiport_10': 20}"
422,449.0,149,6802.780466663979,3422068.1510681673,"{'Vertiport_1': 20, 'Vertiport_2': 20, 'Vertiport_3': 20, 'Vertiport_4': 21, 'Vertiport_5': 20, 'Vertiport_6': 20, 'Vertiport_7': 20, 'Vertiport_8': 19, 'Vertiport_9': 20, 'Vertiport_10': 20}"
423,606.0,202,9692.813648183983,3431760.964716351,"{'Vertiport_1': 20, 'Vertiport_2': 20, 'Vertiport_3': 20, 'Vertiport_4': 20, 'Vertiport_5': 20, 'Vertiport_6': 20, 'Vertiport_7': 20, 'Vertiport_8': 20, 'Vertiport_9': 20, 'Vertiport_10': 20}"
424,544.0,180,7849.933645127969,3439610.898361479,"{'Vertiport_1': 20, 'Vertiport_2': 20, 'Vertiport_3': 20, 'Vertiport_4': 21, 'Vertiport_5': 20, 'Vertiport_6': 21, 'Vertiport_7': 20, 'Vertiport_8': 18, 'Vertiport_9': 20, 'Vertiport_10': 20}"
425,552.0,182,7649.5406168239715,3447260.4389783028,"{'Vertiport_1': 20, 'Vertiport_2': 20, 'Vertiport_3': 20, 'Vertiport_4': 22, 'Vertiport_5': 20, 'Vertiport_6': 21, 'Vertiport_7': 20, 'Vertiport_8': 17, 'Vertiport_9': 20, 'Vertiport_10': 20}"
426,569.0,187,8128.780148903964,3455389.2191272066,"{'Vertiport_1': 20, 'Vertiport_2': 20, 'Vertiport_3': 20, 'Vertiport_4': 21, 'Vertiport_5': 20, 'Vertiport_6': 21, 'Vertiport_7': 20, 'Vertiport_8': 16, 'Vertiport_9': 22, 'Vertiport_10': 20}"
427,560.0,186,7806.663502443967,3463195.8826296506,"{'Vertiport_1': 20, 'Vertiport_2': 20, 'Vertiport_3': 20, 'Vertiport_4': 20, 'Vertiport_5': 20, 'Vertiport_6': 20, 'Vertiport_7': 20, 'Vertiport_8': 19, 'Vertiport_9': 21, 'Vertiport_10': 20}"
428,518.0,172,7519.958080839967,3470715.8407104905,"{'Vertiport_1': 20, 'Vertiport_2': 20, 'Vertiport_3': 20, 'Vertiport_4': 21, 'Vertiport_5': 20, 'Vertiport_6': 20, 'Vertiport_7': 20, 'Vertiport_8': 19, 'Vertiport_9': 20, 'Vertiport_10': 20}"
429,566.0,188,8628.060893487977,3479343.9016039786,"{'Vertiport_1': 20, 'Vertiport_2': 20, 'Vertiport_3': 20, 'Vertiport_4': 20, 'Vertiport_5': 20, 'Vertiport_6': 21, 'Vertiport_7': 20, 'Vertiport_8': 19, 'Vertiport_9': 20, 'Vertiport_10': 20}"
430,543.0,181,8037.228316623971,3487381.129920603,"{'Vertiport_1': 20, 'Vertiport_2': 20, 'Vertiport_3': 20, 'Vertiport_4': 20, 'Vertiport_5': 20, 'Vertiport_6': 20, 'Vertiport_7': 20, 'Vertiport_8': 20, 'Vertiport_9': 20, 'Vertiport_10': 20}"
431,495.0,165,7121.944921943973,3494503.0748425466,"{'Vertiport_1': 20, 'Vertiport_2': 20, 'Vertiport_3': 20, 'Vertiport_4': 20, 'Vertiport_5': 20, 'Vertiport_6': 20, 'Vertiport_7': 20, 'Vertiport_8': 20, 'Vertiport_9': 20, 'Vertiport_10': 20}"
432,491.0,163,7155.53930363997,3501658.6141461865,"{'Vertiport_1': 20, 'Vertiport_2': 20, 'Vertiport_3': 20, 'Vertiport_4': 21, 'Vertiport_5': 20, 'Vertiport_6': 20, 'Vertiport_7': 20, 'Vertiport_8': 19, 'Vertiport_9': 20, 'Vertiport_10': 20}"
433,536.0,178,8237.837857727975,3509896.4520039144,"{'Vertiport_1': 20, 'Vertiport_2': 20, 'Vertiport_3': 20, 'Vertiport_4': 21, 'Vertiport_5': 20, 'Vertiport_6': 20, 'Vertiport_7': 20, 'Vertiport_8': 19, 'Vertiport_9': 20, 'Vertiport_10': 20}"
434,428.0,142,6371.941448787977,3516268.3934527026,"{'Vertiport_1': 20, 'Vertiport_2': 20, 'Vertiport_3': 20, 'Vertiport_4': 20, 'Vertiport_5': 20, 'Vertiport_6': 20, 'Vertiport_7': 20, 'Vertiport_8': 19, 'Vertiport_9': 21, 'Vertiport_10': 20}"
435,495.0,165,7126.15737943997,3523394.5508321426,"{'Vertiport_1': 20, 'Vertiport_2': 20, 'Vertiport_3': 20, 'Vertiport_4': 20, 'Vertiport_5': 20, 'Vertiport_6': 20, 'Vertiport_7': 20, 'Vertiport_8': 20, 'Vertiport_9': 20, 'Vertiport_10': 20}"
436,474.0,158,6642.224718127982,3530036.7755502705,"{'Vertiport_1': 20, 'Vertiport_2': 20, 'Vertiport_3': 20, 'Vertiport_4': 20, 'Vertiport_5': 20, 'Vertiport_6': 20, 'Vertiport_7': 20, 'Vertiport_8': 20, 'Vertiport_9': 20, 'Vertiport_10': 20}"
437,515.0,171,7351.433342311976,3537388.2088925825,"{'Vertiport_1': 20, 'Vertiport_2': 20, 'Vertiport_3': 20, 'Vertiport_4': 21, 'Vertiport_5': 20, 'Vertiport_6': 20, 'Vertiport_7': 20, 'Vertiport_8': 19, 'Vertiport_9': 20, 'Vertiport_10': 20}"
438,531.0,177,7822.027552535969,3545210.236445118,"{'Vertiport_1': 20, 'Vertiport_2': 20, 'Vertiport_3': 20, 'Vertiport_4': 20, 'Vertiport_5': 20, 'Vertiport_6': 20, 'Vertiport_7': 20, 'Vertiport_8': 20, 'Vertiport_9': 20, 'Vertiport_10': 20}"
439,557.0,185,7816.24960903197,3553026.4860541504,"{'Vertiport_1': 20, 'Vertiport_2': 20, 'Vertiport_3': 20, 'Vertiport_4': 21, 'Vertiport_5': 20, 'Vertiport_6': 20, 'Vertiport_7': 20, 'Vertiport_8': 19, 'Vertiport_9': 20, 'Vertiport_10': 20}"
440,572.0,190,8063.093701543969,3561089.579755694,"{'Vertiport_1': 20, 'Vertiport_2': 20, 'Vertiport_3': 20, 'Vertiport_4': 21, 'Vertiport_5': 20, 'Vertiport_6': 20, 'Vertiport_7': 20, 'Vertiport_8': 19, 'Vertiport_9': 20, 'Vertiport_10': 20}"
441,615.0,205,8588.803986567975,3569678.383742262,"{'Vertiport_1': 20, 'Vertiport_2': 20, 'Vertiport_3': 20, 'Vertiport_4': 20, 'Vertiport_5': 20, 'Vertiport_6': 20, 'Vertiport_7': 20, 'Vertiport_8': 20, 'Vertiport_9': 20, 'Vertiport_10': 20}"
442,598.0,198,7967.902318699966,3577646.286060962,"{'Vertiport_1': 20, 'Vertiport_2': 20, 'Vertiport_3': 20, 'Vertiport_4': 21, 'Vertiport_5': 20, 'Vertiport_6': 20, 'Vertiport_7': 20, 'Vertiport_8': 18, 'Vertiport_9': 21, 'Vertiport_10': 20}"
443,669.0,221,10028.753700091984,3587675.039761054,"{'Vertiport_1': 20, 'Vertiport_2': 20, 'Vertiport_3': 20, 'Vertiport_4': 21, 'Vertiport_5': 20, 'Vertiport_6': 21, 'Vertiport_7': 20, 'Vertiport_8': 17, 'Vertiport_9': 21, 'Vertiport_10': 20}"
444,746.0,248,10237.11691265597,3597912.15667371,"{'Vertiport_1': 20, 'Vertiport_2': 20, 'Vertiport_3': 20, 'Vertiport_4': 21, 'Vertiport_5': 20, 'Vertiport_6': 20, 'Vertiport_7': 20, 'Vertiport_8': 19, 'Vertiport_9': 20, 'Vertiport_10': 20}"
445,794.0,264,10970.64253944798,3608882.799213158,"{'Vertiport_1': 20, 'Vertiport_2': 20, 'Vertiport_3': 20, 'Vertiport_4': 20, 'Vertiport_5': 20, 'Vertiport_6': 21, 'Vertiport_7': 20, 'Vertiport_8': 19, 'Vertiport_9': 20, 'Vertiport_10': 20}"
446,785.0,261,10705.845877211992,3619588.64509037,"{'Vertiport_1': 20, 'Vertiport_2': 20, 'Vertiport_3': 20, 'Vertiport_4': 20, 'Vertiport_5': 20, 'Vertiport_6': 20, 'Vertiport_7': 20, 'Vertiport_8': 19, 'Vertiport_9': 21, 'Vertiport_10': 20}"
447,818.0,272,12258.89965236,3631847.54474273,"{'Vertiport_1': 20, 'Vertiport_2': 20, 'Vertiport_3': 20, 'Vertiport_4': 21, 'Vertiport_5': 20, 'Vertiport_6': 20, 'Vertiport_7': 20, 'Vertiport_8': 19, 'Vertiport_9': 20, 'Vertiport_10': 20}"
448,887.0,295,12355.803086079983,3644203.34782881,"{'Vertiport_1': 20, 'Vertiport_2': 20, 'Vertiport_3': 20, 'Vertiport_4': 21, 'Vertiport_5': 20, 'Vertiport_6': 20, 'Vertiport_7': 20, 'Vertiport_8': 19, 'Vertiport_9': 20, 'Vertiport_10': 20}"
449,861.0,287,11879.416684759988,3656082.76451357,"{'Vertiport_1': 20, 'Vertiport_2': 20, 'Vertiport_3': 20, 'Vertiport_4': 20, 'Vertiport_5': 20, 'Vertiport_6': 20, 'Vertiport_7': 20, 'Vertiport_8': 20, 'Vertiport_9': 20, 'Vertiport_10': 20}"
450,866.0,288,12231.002298327989,3668313.766811898,"{'Vertiport_1': 20, 'Vertiport_2': 20, 'Vertiport_3': 20, 'Vertiport_4': 20, 'Vertiport_5': 20, 'Vertiport_6': 21, 'Vertiport_7': 20, 'Vertiport_8': 19, 'Vertiport_9': 20, 'Vertiport_10': 20}"
451,946.0,314,13348.759518727999,3681662.526330626,"{'Vertiport_1': 20, 'Vertiport_2': 20, 'Vertiport_3': 19, 'Vertiport_4': 21, 'Vertiport_5': 20, 'Vertiport_6': 20, 'Vertiport_7': 20, 'Vertiport_8': 19, 'Vertiport_9': 20, 'Vertiport_10': 21}"
452,887.0,295,12602.753293575985,3694265.2796242023,"{'Vertiport_1': 20, 'Vertiport_2': 20, 'Vertiport_3': 19, 'Vertiport_4': 20, 'Vertiport_5': 20, 'Vertiport_6': 20, 'Vertiport_7': 20, 'Vertiport_8': 20, 'Vertiport_9': 20, 'Vertiport_10': 21}"
453,891.0,295,12722.945578159997,3706988.225202362,"{'Vertiport_1': 20, 'Vertiport_2': 20, 'Vertiport_3': 21, 'Vertiport_4': 22, 'Vertiport_5': 20, 'Vertiport_6': 20, 'Vertiport_7': 20, 'Vertiport_8': 18, 'Vertiport_9': 20, 'Vertiport_10': 19}"
454,888.0,294,11872.660993927992,3718860.88619629,"{'Vertiport_1': 20, 'Vertiport_2': 20, 'Vertiport_3': 18, 'Vertiport_4': 20, 'Vertiport_5': 20, 'Vertiport_6': 21, 'Vertiport_7': 20, 'Vertiport_8': 19, 'Vertiport_9': 20, 'Vertiport_10': 22}"
455,935.0,311,13635.569150960018,3732496.45534725,"{'Vertiport_1': 20, 'Vertiport_2': 20, 'Vertiport_3': 20, 'Vertiport_4': 20, 'Vertiport_5': 20, 'Vertiport_6': 21, 'Vertiport_7': 20, 'Vertiport_8': 19, 'Vertiport_9': 20, 'Vertiport_10': 20}"
456,817.0,271,12038.949034839998,3744535.40438209,"{'Vertiport_1': 20, 'Vertiport_2': 20, 'Vertiport_3': 21, 'Vertiport_4': 20, 'Vertiport_5': 20, 'Vertiport_6': 21, 'Vertiport_7': 20, 'Vertiport_8': 19, 'Vertiport_9': 20, 'Vertiport_10': 19}"
457,917.0,301,12425.667510603993,3756961.071892694,"{'Vertiport_1': 20, 'Vertiport_2': 20, 'Vertiport_3': 17, 'Vertiport_4': 23, 'Vertiport_5': 20, 'Vertiport_6': 20, 'Vertiport_7': 20, 'Vertiport_8': 16, 'Vertiport_9': 21, 'Vertiport_10': 23}"
458,876.0,290,12856.876989548007,3769817.948882242,"{'Vertiport_1': 20, 'Vertiport_2': 20, 'Vertiport_3': 20, 'Vertiport_4': 21, 'Vertiport_5': 20, 'Vertiport_6': 21, 'Vertiport_7': 20, 'Vertiport_8': 17, 'Vertiport_9': 21, 'Vertiport_10': 20}"
459,845.0,279,11921.722092083994,3781739.6709743263,"{'Vertiport_1': 20, 'Vertiport_2': 20, 'Vertiport_3': 20, 'Vertiport_4': 20, 'Vertiport_5': 20, 'Vertiport_6': 21, 'Vertiport_7': 20, 'Vertiport_8': 18, 'Vertiport_9': 21, 'Vertiport_10': 20}"
460,875.0,291,12486.405567136002,3794226.0765414624,"{'Vertiport_1': 20, 'Vertiport_2': 20, 'Vertiport_3': 20, 'Vertiport_4': 20, 'Vertiport_5': 20, 'Vertiport_6': 21, 'Vertiport_7': 20, 'Vertiport_8': 19, 'Vertiport_9': 20, 'Vertiport_10': 20}"
461,907.0,299,12778.450864531997,3807004.5274059945,"{'Vertiport_1': 20, 'Vertiport_2': 20, 'Vertiport_3': 20, 'Vertiport_4': 21, 'Vertiport_5': 20, 'Vertiport_6': 21, 'Vertiport_7': 20, 'Vertiport_8': 17, 'Vertiport_9': 21, 'Vertiport_10': 20}"
462,884.0,292,12296.768398347995,3819301.2958043423,"{'Vertiport_1': 20, 'Vertiport_2': 20, 'Vertiport_3': 21, 'Vertiport_4': 21, 'Vertiport_5': 20, 'Vertiport_6': 21, 'Vertiport_7': 20, 'Vertiport_8': 17, 'Vertiport_9': 21, 'Vertiport_10': 19}"
463,763.0,253,10735.124778511976,3830036.420582854,"{'Vertiport_1': 20, 'Vertiport_2': 20, 'Vertiport_3': 20, 'Vertiport_4': 20, 'Vertiport_5': 20, 'Vertiport_6': 20, 'Vertiport_7': 20, 'Vertiport_8': 18, 'Vertiport_9': 22, 'Vertiport_10': 20}"
464,754.0,250,10940.227341799991,3840976.647924654,"{'Vertiport_1': 20, 'Vertiport_2': 20, 'Vertiport_3': 21, 'Vertiport_4': 20, 'Vertiport_5': 20, 'Vertiport_6': 21, 'Vertiport_7': 20, 'Vertiport_8': 19, 'Vertiport_9': 20, 'Vertiport_10': 19}"
465,777.0,257,10790.528696863985,3851767.176621518,"{'Vertiport_1': 20, 'Vertiport_2': 20, 'Vertiport_3': 19, 'Vertiport_4': 21, 'Vertiport_5': 20, 'Vertiport_6': 21, 'Vertiport_7': 20, 'Vertiport_8': 18, 'Vertiport_9': 20, 'Vertiport_10': 21}"
466,796.0,264,11587.468495991987,3863354.64511751,"{'Vertiport_1': 20, 'Vertiport_2': 20, 'Vertiport_3': 19, 'Vertiport_4': 21, 'Vertiport_5': 20, 'Vertiport_6': 20, 'Vertiport_7': 20, 'Vertiport_8': 19, 'Vertiport_9': 20, 'Vertiport_10': 21}"
467,687.0,227,9831.094396391984,3873185.739513902,"{'Vertiport_1': 20, 'Vertiport_2': 20, 'Vertiport_3': 19, 'Vertiport_4': 21, 'Vertiport_5': 20, 'Vertiport_6': 21, 'Vertiport_7': 20, 'Vertiport_8': 18, 'Vertiport_9': 20, 'Vertiport_10': 21}"
468,684.0,228,9524.530162343977,3882710.2696762457,"{'Vertiport_1': 20, 'Vertiport_2': 20, 'Vertiport_3': 20, 'Vertiport_4': 20, 'Vertiport_5': 20, 'Vertiport_6': 20, 'Vertiport_7': 20, 'Vertiport_8': 20, 'Vertiport_9': 20, 'Vertiport_10': 20}"
469,669.0,221,9373.263912939983,3892083.5335891857,"{'Vertiport_1': 20, 'Vertiport_2': 20, 'Vertiport_3': 19, 'Vertiport_4': 21, 'Vertiport_5': 20, 'Vertiport_6': 20, 'Vertiport_7': 20, 'Vertiport_8': 18, 'Vertiport_9': 21, 'Vertiport_10': 21}"
470,620.0,204,8786.24444313597,3900869.7780323215,"{'Vertiport_1': 20, 'Vertiport_2': 20, 'Vertiport_3': 18, 'Vertiport_4': 21, 'Vertiport_5': 20, 'Vertiport_6': 21, 'Vertiport_7': 20, 'Vertiport_8': 18, 'Vertiport_9': 20, 'Vertiport_10': 22}"
471,520.0,170,7127.584743571975,3907997.3627758934,"{'Vertiport_1': 20, 'Vertiport_2': 20, 'Vertiport_3': 20, 'Vertiport_4': 21, 'Vertiport_5': 20, 'Vertiport_6': 21, 'Vertiport_7': 20, 'Vertiport_8': 17, 'Vertiport_9': 21, 'Vertiport_10': 20}"
472,444.0,146,6772.01930197597,3914769.3820778695,"{'Vertiport_1': 20, 'Vertiport_2': 20, 'Vertiport_3': 19, 'Vertiport_4': 22, 'Vertiport_5': 20, 'Vertiport_6': 20, 'Vertiport_7': 20, 'Vertiport_8': 18, 'Vertiport_9': 20, 'Vertiport_10': 21}"
473,418.0,138,5894.809878631979,3920664.1919565015,"{'Vertiport_1': 20, 'Vertiport_2': 20, 'Vertiport_3': 20, 'Vertiport_4': 20, 'Vertiport_5': 20, 'Vertiport_6': 20, 'Vertiport_7': 20, 'Vertiport_8': 20, 'Vertiport_9': 20, 'Vertiport_10': 20}"
474,381.0,125,5727.6362855679845,3926391.8282420696,"{'Vertiport_1': 20, 'Vertiport_2': 20, 'Vertiport_3': 21, 'Vertiport_4': 22, 'Vertiport_5': 20, 'Vertiport_6': 20, 'Vertiport_7': 20, 'Vertiport_8': 18, 'Vertiport_9': 20, 'Vertiport_10': 19}"
475,351.0,115,5187.85527079199,3931579.6835128614,"{'Vertiport_1': 20, 'Vertiport_2': 20, 'Vertiport_3': 19, 'Vertiport_4': 20, 'Vertiport_5': 20, 'Vertiport_6': 20, 'Vertiport_7': 20, 'Vertiport_8': 18, 'Vertiport_9': 22, 'Vertiport_10': 21}"
476,464.0,154,6703.549553607977,3938283.2330664694,"{'Vertiport_1': 20, 'Vertiport_2': 20, 'Vertiport_3': 20, 'Vertiport_4': 21, 'Vertiport_5': 20, 'Vertiport_6': 20, 'Vertiport_7': 20, 'Vertiport_8': 19, 'Vertiport_9': 20, 'Vertiport_10': 20}"
477,363.0,119,5461.366592871985,3943744.5996593414,"{'Vertiport_1': 20, 'Vertiport_2': 20, 'Vertiport_3': 19, 'Vertiport_4': 20, 'Vertiport_5': 20, 'Vertiport_6': 22, 'Vertiport_7': 20, 'Vertiport_8': 18, 'Vertiport_9': 20, 'Vertiport_10': 21}"
478,280.0,92,3828.795233879997,3947573.3948932216,"{'Vertiport_1': 20, 'Vertiport_2': 20, 'Vertiport_3': 18, 'Vertiport_4': 20, 'Vertiport_5': 20, 'Vertiport_6': 20, 'Vertiport_7': 20, 'Vertiport_8': 20, 'Vertiport_9': 20, 'Vertiport_10': 22}"
479,236.0,78,3791.437715023998,3951364.832608246,"{'Vertiport_1': 20, 'Vertiport_2': 20, 'Vertiport_3': 20, 'Vertiport_4': 21, 'Vertiport_5': 20, 'Vertiport_6': 20, 'Vertiport_7': 20, 'Vertiport_8': 19, 'Vertiport_9': 20, 'Vertiport_10': 20}"
480,141.0,47,1779.5226177360003,3953144.3552259817,"{'Vertiport_1': 20, 'Vertiport_2': 20, 'Vertiport_3': 20, 'Vertiport_4': 20, 'Vertiport_5': 20, 'Vertiport_6': 20, 'Vertiport_7': 20, 'Vertiport_8': 20, 'Vertiport_9': 20, 'Vertiport_10': 20}"
481,99.0,33,1577.5693521120004,3954721.9245780935,"{'Vertiport_1': 20, 'Vertiport_2': 20, 'Vertiport_3': 20, 'Vertiport_4': 20, 'Vertiport_5': 20, 'Vertiport_6': 20, 'Vertiport_7': 20, 'Vertiport_8': 20, 'Vertiport_9': 20, 'Vertiport_10': 20}"
482,113.0,37,1744.9694340320007,3956466.8940121257,"{'Vertiport_1': 20, 'Vertiport_2': 20, 'Vertiport_3': 19, 'Vertiport_4': 20, 'Vertiport_5': 20, 'Vertiport_6': 20, 'Vertiport_7': 20, 'Vertiport_8': 20, 'Vertiport_9': 20, 'Vertiport_10': 21}"
483,102.0,34,1546.663913896,3958013.5579260215,"{'Vertiport_1': 20, 'Vertiport_2': 20, 'Vertiport_3': 20, 'Vertiport_4': 20, 'Vertiport_5': 20, 'Vertiport_6': 20, 'Vertiport_7': 20, 'Vertiport_8': 20, 'Vertiport_9': 20, 'Vertiport_10': 20}"
484,95.0,31,1156.2014374320006,3959169.7593634534,"{'Vertiport_1': 20, 'Vertiport_2': 20, 'Vertiport_3': 20, 'Vertiport_4': 21, 'Vertiport_5': 20, 'Vertiport_6': 20, 'Vertiport_7': 20, 'Vertiport_8': 19, 'Vertiport_9': 20, 'Vertiport_10': 20}"
485,98.0,32,1436.48306456,3960606.2424280136,"{'Vertiport_1': 20, 'Vertiport_2': 20, 'Vertiport_3': 21, 'Vertiport_4': 20, 'Vertiport_5': 20, 'Vertiport_6': 20, 'Vertiport_7': 20, 'Vertiport_8': 20, 'Vertiport_9': 20, 'Vertiport_10': 19}"
486,124.0,40,2249.6962152799997,3962855.9386432935,"{'Vertiport_1': 20, 'Vertiport_2': 20, 'Vertiport_3': 20, 'Vertiport_4': 21, 'Vertiport_5': 20, 'Vertiport_6': 21, 'Vertiport_7': 20, 'Vertiport_8': 18, 'Vertiport_9': 20, 'Vertiport_10': 20}"
487,120.0,40,2072.7397647520006,3964928.6784080453,"{'Vertiport_1': 20, 'Vertiport_2': 20, 'Vertiport_3': 20, 'Vertiport_4': 20, 'Vertiport_5': 20, 'Vertiport_6': 20, 'Vertiport_7': 20, 'Vertiport_8': 20, 'Vertiport_9': 20, 'Vertiport_10': 20}"
488,159.0,51,2366.03065958,3967294.7090676255,"{'Vertiport_1': 20, 'Vertiport_2': 20, 'Vertiport_3': 18, 'Vertiport_4': 20, 'Vertiport_5': 20, 'Vertiport_6': 20, 'Vertiport_7': 20, 'Vertiport_8': 19, 'Vertiport_9': 21, 'Vertiport_10': 22}"
489,156.0,50,2937.245996943998,3970231.9550645696,"{'Vertiport_1': 20, 'Vertiport_2': 20, 'Vertiport_3': 21, 'Vertiport_4': 22, 'Vertiport_5': 20, 'Vertiport_6': 20, 'Vertiport_7': 20, 'Vertiport_8': 18, 'Vertiport_9': 20, 'Vertiport_10': 19}"
490,173.0,57,2513.6407875559994,3972745.5958521254,"{'Vertiport_1': 20, 'Vertiport_2': 20, 'Vertiport_3': 20, 'Vertiport_4': 20, 'Vertiport_5': 20, 'Vertiport_6': 20, 'Vertiport_7': 20, 'Vertiport_8': 19, 'Vertiport_9': 21, 'Vertiport_10': 20}"
491,267.0,87,3850.7461575839952,3976596.342009709,"{'Vertiport_1': 20, 'Vertiport_2': 20, 'Vertiport_3': 20, 'Vertiport_4': 21, 'Vertiport_5': 20, 'Vertiport_6': 22, 'Vertiport_7': 20, 'Vertiport_8': 17, 'Vertiport_9': 20, 'Vertiport_10': 20}"
492,216.0,72,2863.552875288,3979459.894884997,"{'Vertiport_1': 20, 'Vertiport_2': 20, 'Vertiport_3': 20, 'Vertiport_4': 20, 'Vertiport_5': 20, 'Vertiport_6': 20, 'Vertiport_7': 20, 'Vertiport_8': 20, 'Vertiport_9': 20, 'Vertiport_10': 20}"
493,230.0,76,3066.702681815999,3982526.597566813,"{'Vertiport_1': 20, 'Vertiport_2': 20, 'Vertiport_3': 20, 'Vertiport_4': 20, 'Vertiport_5': 20, 'Vertiport_6': 21, 'Vertiport_7': 20, 'Vertiport_8': 19, 'Vertiport_9': 20, 'Vertiport_10': 20}"
494,293.0,95,4123.5804506239965,3986650.1780174375,"{'Vertiport_1': 20, 'Vertiport_2': 20, 'Vertiport_3': 18, 'Vertiport_4': 22, 'Vertiport_5': 20, 'Vertiport_6': 20, 'Vertiport_7': 20, 'Vertiport_8': 18, 'Vertiport_9': 20, 'Vertiport_10': 22}"
495,326.0,108,4629.667201595989,3991279.8452190333,"{'Vertiport_1': 20, 'Vertiport_2': 20, 'Vertiport_3': 20, 'Vertiport_4': 20, 'Vertiport_5': 20, 'Vertiport_6': 20, 'Vertiport_7': 20, 'Vertiport_8': 19, 'Vertiport_9': 21, 'Vertiport_10': 20}"
496,338.0,112,4755.197482195991,3996035.0427012295,"{'Vertiport_1': 20, 'Vertiport_2': 20, 'Vertiport_3': 20, 'Vertiport_4': 20, 'Vertiport_5': 20, 'Vertiport_6': 20, 'Vertiport_7': 20, 'Vertiport_8': 19, 'Vertiport_9': 21, 'Vertiport_10': 20}"
497,341.0,113,5297.236901143985,4001332.2796023735,"{'Vertiport_1': 20, 'Vertiport_2': 20, 'Vertiport_3': 20, 'Vertiport_4': 20, 'Vertiport_5': 20, 'Vertiport_6': 21, 'Vertiport_7': 20, 'Vertiport_8': 19, 'Vertiport_9': 20, 'Vertiport_10': 20}"
498,399.0,131,5922.287136327982,4007254.5667387014,"{'Vertiport_1': 20, 'Vertiport_2': 20, 'Vertiport_3': 19, 'Vertiport_4': 21, 'Vertiport_5': 20, 'Vertiport_6': 21, 'Vertiport_7': 20, 'Vertiport_8': 18, 'Vertiport_9': 20, 'Vertiport_10': 21}"
499,558.0,184,8075.502859343967,4015330.069598045,"{'Vertiport_1': 20, 'Vertiport_2': 20, 'Vertiport_3': 21, 'Vertiport_4': 20, 'Vertiport_5': 20, 'Vertiport_6': 20, 'Vertiport_7': 20, 'Vertiport_8': 20, 'Vertiport_9': 20, 'Vertiport_10': 19}"
500,545.0,179,7479.471805775973,4022809.541403821,"{'Vertiport_1': 20, 'Vertiport_2': 20, 'Vertiport_3': 20, 'Vertiport_4': 21, 'Vertiport_5': 20, 'Vertiport_6': 21, 'Vertiport_7': 20, 'Vertiport_8': 18, 'Vertiport_9': 20, 'Vertiport_10': 20}"
