time_step,met_demand,unmet_demand,iteration_cost,cumulative_cost,vertiport_counts
1,763.0,227,9793.268273011989,9793.268273011989,"{'Vertiport_1': 10, 'Vertiport_2': 3, 'Vertiport_3': 10, 'Vertiport_4': 9, 'Vertiport_5': 10, 'Vertiport_6': 3, 'Vertiport_7': 15, 'Vertiport_8': 13, 'Vertiport_9': 17, 'Vertiport_10': 10}"
2,394.0,106,5606.641591043983,15399.909864055971,"{'Vertiport_1': 10, 'Vertiport_2': 12, 'Vertiport_3': 10, 'Vertiport_4': 11, 'Vertiport_5': 10, 'Vertiport_6': 0, 'Vertiport_7': 18, 'Vertiport_8': 12, 'Vertiport_9': 7, 'Vertiport_10': 10}"
3,321.0,91,4234.213882923995,19634.123746979967,"{'Vertiport_1': 10, 'Vertiport_2': 12, 'Vertiport_3': 10, 'Vertiport_4': 2, 'Vertiport_5': 10, 'Vertiport_6': 0, 'Vertiport_7': 25, 'Vertiport_8': 13, 'Vertiport_9': 8, 'Vertiport_10': 10}"
4,287.0,81,4463.5875362999905,24097.711283279958,"{'Vertiport_1': 10, 'Vertiport_2': 11, 'Vertiport_3': 10, 'Vertiport_4': 1, 'Vertiport_5': 10, 'Vertiport_6': 0, 'Vertiport_7': 21, 'Vertiport_8': 18, 'Vertiport_9': 9, 'Vertiport_10': 10}"
5,235.0,69,3074.769888319998,27172.481171599957,"{'Vertiport_1': 10, 'Vertiport_2': 11, 'Vertiport_3': 10, 'Vertiport_4': 0, 'Vertiport_5': 10, 'Vertiport_6': 12, 'Vertiport_7': 9, 'Vertiport_8': 18, 'Vertiport_9': 10, 'Vertiport_10': 10}"
6,232.0,76,3385.873537263998,30558.354708863953,"{'Vertiport_1': 10, 'Vertiport_2': 11, 'Vertiport_3': 10, 'Vertiport_4': 11, 'Vertiport_5': 10, 'Vertiport_6': 10, 'Vertiport_7': 10, 'Vertiport_8': 9, 'Vertiport_9': 9, 'Vertiport_10': 10}"
7,242.0,78,3380.0472417679985,33938.40195063195,"{'Vertiport_1': 10, 'Vertiport_2': 10, 'Vertiport_3': 10, 'Vertiport_4': 10, 'Vertiport_5': 10, 'Vertiport_6': 13, 'Vertiport_7': 7, 'Vertiport_8': 11, 'Vertiport_9': 9, 'Vertiport_10': 10}"
8,266.0,88,3374.352160779998,37312.75411141195,"{'Vertiport_1': 10, 'Vertiport_2': 10, 'Vertiport_3': 10, 'Vertiport_4': 10, 'Vertiport_5': 10, 'Vertiport_6': 10, 'Vertiport_7': 10, 'Vertiport_8': 11, 'Vertiport_9': 9, 'Vertiport_10': 10}"
9,200.0,64,3202.356659648,40515.11077105995,"{'Vertiport_1': 10, 'Vertiport_2': 10, 'Vertiport_3': 10, 'Vertiport_4': 11, 'Vertiport_5': 10, 'Vertiport_6': 12, 'Vertiport_7': 9, 'Vertiport_8': 7, 'Vertiport_9': 11, 'Vertiport_10': 10}"
10,179.0,59,2291.9702597999994,42807.081030859954,"{'Vertiport_1': 10, 'Vertiport_2': 10, 'Vertiport_3': 10, 'Vertiport_4': 11, 'Vertiport_5': 10, 'Vertiport_6': 10, 'Vertiport_7': 10, 'Vertiport_8': 9, 'Vertiport_9': 10, 'Vertiport_10': 10}"
11,194.0,64,2946.905953403998,45753.98698426395,"{'Vertiport_1': 10, 'Vertiport_2': 10, 'Vertiport_3': 10, 'Vertiport_4': 10, 'Vertiport_5': 10, 'Vertiport_6': 10, 'Vertiport_7': 10, 'Vertiport_8': 9, 'Vertiport_9': 11, 'Vertiport_10': 10}"
12,245.0,81,3688.0930907519974,49442.08007501595,"{'Vertiport_1': 10, 'Vertiport_2': 10, 'Vertiport_3': 10, 'Vertiport_4': 10, 'Vertiport_5': 10, 'Vertiport_6': 11, 'Vertiport_7': 10, 'Vertiport_8': 9, 'Vertiport_9': 10, 'Vertiport_10': 10}"
13,196.0,64,2341.9138062359984,51783.99388125195,"{'Vertiport_1': 10, 'Vertiport_2': 10, 'Vertiport_3': 10, 'Vertiport_4': 10, 'Vertiport_5': 10, 'Vertiport_6': 10, 'Vertiport_7': 9, 'Vertiport_8': 11, 'Vertiport_9': 10, 'Vertiport_10': 10}"
14,202.0,66,2385.964469819999,54169.958351071946,"{'Vertiport_1': 10, 'Vertiport_2': 10, 'Vertiport_3': 10, 'Vertiport_4': 11, 'Vertiport_5': 10, 'Vertiport_6': 10, 'Vertiport_7': 10, 'Vertiport_8': 10, 'Vertiport_9': 9, 'Vertiport_10': 10}"
15,311.0,103,4143.747546727995,58313.70589779994,"{'Vertiport_1': 10, 'Vertiport_2': 10, 'Vertiport_3': 10, 'Vertiport_4': 10, 'Vertiport_5': 10, 'Vertiport_6': 9, 'Vertiport_7': 10, 'Vertiport_8': 11, 'Vertiport_9': 10, 'Vertiport_10': 10}"
16,268.0,86,3474.9923165719965,61788.698214371936,"{'Vertiport_1': 10, 'Vertiport_2': 10, 'Vertiport_3': 10, 'Vertiport_4': 11, 'Vertiport_5': 10, 'Vertiport_6': 11, 'Vertiport_7': 10, 'Vertiport_8': 7, 'Vertiport_9': 11, 'Vertiport_10': 10}"
17,309.0,101,4189.323232695997,65978.02144706793,"{'Vertiport_1': 10, 'Vertiport_2': 10, 'Vertiport_3': 10, 'Vertiport_4': 11, 'Vertiport_5': 10, 'Vertiport_6': 12, 'Vertiport_7': 10, 'Vertiport_8': 7, 'Vertiport_9': 10, 'Vertiport_10': 10}"
18,292.0,96,4409.596538119991,70387.61798518793,"{'Vertiport_1': 10, 'Vertiport_2': 10, 'Vertiport_3': 10, 'Vertiport_4': 11, 'Vertiport_5': 10, 'Vertiport_6': 9, 'Vertiport_7': 10, 'Vertiport_8': 10, 'Vertiport_9': 10, 'Vertiport_10': 10}"
19,387.0,129,5602.151216519986,75989.76920170791,"{'Vertiport_1': 10, 'Vertiport_2': 10, 'Vertiport_3': 10, 'Vertiport_4': 10, 'Vertiport_5': 10, 'Vertiport_6': 10, 'Vertiport_7': 10, 'Vertiport_8': 10, 'Vertiport_9': 10, 'Vertiport_10': 10}"
20,401.0,133,5498.881213751981,81488.6504154599,"{'Vertiport_1': 10, 'Vertiport_2': 10, 'Vertiport_3': 10, 'Vertiport_4': 10, 'Vertiport_5': 10, 'Vertiport_6': 11, 'Vertiport_7': 10, 'Vertiport_8': 9, 'Vertiport_9': 10, 'Vertiport_10': 10}"
21,361.0,119,4843.38838831199,86332.03880377188,"{'Vertiport_1': 10, 'Vertiport_2': 10, 'Vertiport_3': 10, 'Vertiport_4': 10, 'Vertiport_5': 10, 'Vertiport_6': 10, 'Vertiport_7': 10, 'Vertiport_8': 10, 'Vertiport_9': 10, 'Vertiport_10': 10}"
22,438.0,144,6507.825074355978,92839.86387812786,"{'Vertiport_1': 10, 'Vertiport_2': 10, 'Vertiport_3': 10, 'Vertiport_4': 12, 'Vertiport_5': 10, 'Vertiport_6': 10, 'Vertiport_7': 10, 'Vertiport_8': 9, 'Vertiport_9': 9, 'Vertiport_10': 10}"
23,531.0,177,6870.328223239971,99710.19210136782,"{'Vertiport_1': 10, 'Vertiport_2': 10, 'Vertiport_3': 10, 'Vertiport_4': 10, 'Vertiport_5': 10, 'Vertiport_6': 10, 'Vertiport_7': 10, 'Vertiport_8': 10, 'Vertiport_9': 10, 'Vertiport_10': 10}"
24,580.0,190,7930.307483887971,107640.49958525579,"{'Vertiport_1': 10, 'Vertiport_2': 10, 'Vertiport_3': 10, 'Vertiport_4': 12, 'Vertiport_5': 10, 'Vertiport_6': 10, 'Vertiport_7': 9, 'Vertiport_8': 8, 'Vertiport_9': 11, 'Vertiport_10': 10}"
25,470.0,154,6506.520555063972,114147.02014031976,"{'Vertiport_1': 10, 'Vertiport_2': 10, 'Vertiport_3': 10, 'Vertiport_4': 11, 'Vertiport_5': 10, 'Vertiport_6': 13, 'Vertiport_7': 8, 'Vertiport_8': 8, 'Vertiport_9': 10, 'Vertiport_10': 10}"
26,449.0,149,6680.77565355998,120827.79579387973,"{'Vertiport_1': 10, 'Vertiport_2': 10, 'Vertiport_3': 10, 'Vertiport_4': 10, 'Vertiport_5': 10, 'Vertiport_6': 11, 'Vertiport_7': 10, 'Vertiport_8': 9, 'Vertiport_9': 10, 'Vertiport_10': 10}"
27,656.0,218,8899.623255071978,129727.4190489517,"{'Vertiport_1': 10, 'Vertiport_2': 10, 'Vertiport_3': 10, 'Vertiport_4': 10, 'Vertiport_5': 10, 'Vertiport_6': 11, 'Vertiport_7': 10, 'Vertiport_8': 9, 'Vertiport_9': 10, 'Vertiport_10': 10}"
28,604.0,200,8467.183125883967,138194.6021748357,"{'Vertiport_1': 10, 'Vertiport_2': 10, 'Vertiport_3': 10, 'Vertiport_4': 11, 'Vertiport_5': 10, 'Vertiport_6': 10, 'Vertiport_7': 10, 'Vertiport_8': 8, 'Vertiport_9': 11, 'Vertiport_10': 10}"
29,668.0,220,9097.710433719976,147292.31260855566,"{'Vertiport_1': 10, 'Vertiport_2': 10, 'Vertiport_3': 10, 'Vertiport_4': 11, 'Vertiport_5': 10, 'Vertiport_6': 11, 'Vertiport_7': 10, 'Vertiport_8': 8, 'Vertiport_9': 10, 'Vertiport_10': 10}"
30,619.0,203,7979.2307572239715,155271.54336577962,"{'Vertiport_1': 10, 'Vertiport_2': 10, 'Vertiport_3': 10, 'Vertiport_4': 10, 'Vertiport_5': 10, 'Vertiport_6': 9, 'Vertiport_7': 10, 'Vertiport_8': 11, 'Vertiport_9': 10, 'Vertiport_10': 10}"
31,687.0,227,9476.049487939983,164747.5928537196,"{'Vertiport_1': 10, 'Vertiport_2': 10, 'Vertiport_3': 10, 'Vertiport_4': 10, 'Vertiport_5': 10, 'Vertiport_6': 12, 'Vertiport_7': 10, 'Vertiport_8': 7, 'Vertiport_9': 11, 'Vertiport_10': 10}"
32,668.0,222,9878.202150147987,174625.7950038676,"{'Vertiport_1': 10, 'Vertiport_2': 10, 'Vertiport_3': 10, 'Vertiport_4': 10, 'Vertiport_5': 10, 'Vertiport_6': 10, 'Vertiport_7': 10, 'Vertiport_8': 11, 'Vertiport_9': 9, 'Vertiport_10': 10}"
33,701.0,229,9820.099148523992,184445.8941523916,"{'Vertiport_1': 10, 'Vertiport_2': 10, 'Vertiport_3': 10, 'Vertiport_4': 12, 'Vertiport_5': 10, 'Vertiport_6': 10, 'Vertiport_7': 10, 'Vertiport_8': 7, 'Vertiport_9': 11, 'Vertiport_10': 10}"
34,664.0,220,9002.135780247985,193448.02993263956,"{'Vertiport_1': 10, 'Vertiport_2': 10, 'Vertiport_3': 10, 'Vertiport_4': 11, 'Vertiport_5': 10, 'Vertiport_6': 9, 'Vertiport_7': 10, 'Vertiport_8': 10, 'Vertiport_9': 10, 'Vertiport_10': 10}"
35,605.0,201,8498.397845143967,201946.42777778354,"{'Vertiport_1': 10, 'Vertiport_2': 10, 'Vertiport_3': 10, 'Vertiport_4': 10, 'Vertiport_5': 10, 'Vertiport_6': 9, 'Vertiport_7': 10, 'Vertiport_8': 11, 'Vertiport_9': 10, 'Vertiport_10': 10}"
36,699.0,231,9863.559268391999,211809.98704617555,"{'Vertiport_1': 10, 'Vertiport_2': 10, 'Vertiport_3': 10, 'Vertiport_4': 13, 'Vertiport_5': 10, 'Vertiport_6': 10, 'Vertiport_7': 10, 'Vertiport_8': 7, 'Vertiport_9': 10, 'Vertiport_10': 10}"
37,741.0,245,10411.438069899996,222221.42511607555,"{'Vertiport_1': 10, 'Vertiport_2': 10, 'Vertiport_3': 10, 'Vertiport_4': 10, 'Vertiport_5': 10, 'Vertiport_6': 12, 'Vertiport_7': 10, 'Vertiport_8': 7, 'Vertiport_9': 11, 'Vertiport_10': 10}"
38,668.0,222,9942.013994531997,232163.43911060755,"{'Vertiport_1': 10, 'Vertiport_2': 10, 'Vertiport_3': 10, 'Vertiport_4': 10, 'Vertiport_5': 10, 'Vertiport_6': 10, 'Vertiport_7': 10, 'Vertiport_8': 9, 'Vertiport_9': 11, 'Vertiport_10': 10}"
39,703.0,231,9319.043154871983,241482.48226547954,"{'Vertiport_1': 10, 'Vertiport_2': 10, 'Vertiport_3': 10, 'Vertiport_4': 13, 'Vertiport_5': 10, 'Vertiport_6': 12, 'Vertiport_7': 10, 'Vertiport_8': 5, 'Vertiport_9': 10, 'Vertiport_10': 10}"
40,686.0,228,10049.753600295988,251532.23586577552,"{'Vertiport_1': 10, 'Vertiport_2': 10, 'Vertiport_3': 10, 'Vertiport_4': 11, 'Vertiport_5': 10, 'Vertiport_6': 10, 'Vertiport_7': 10, 'Vertiport_8': 9, 'Vertiport_9': 10, 'Vertiport_10': 10}"
41,723.0,241,10093.55179075198,261625.7876565275,"{'Vertiport_1': 10, 'Vertiport_2': 10, 'Vertiport_3': 10, 'Vertiport_4': 10, 'Vertiport_5': 10, 'Vertiport_6': 10, 'Vertiport_7': 10, 'Vertiport_8': 10, 'Vertiport_9': 10, 'Vertiport_10': 10}"
42,676.0,224,9725.976982103988,271351.7646386315,"{'Vertiport_1': 10, 'Vertiport_2': 10, 'Vertiport_3': 10, 'Vertiport_4': 10, 'Vertiport_5': 10, 'Vertiport_6': 12, 'Vertiport_7': 10, 'Vertiport_8': 8, 'Vertiport_9': 10, 'Vertiport_10': 10}"
43,704.0,234,9759.758617767979,281111.5232563995,"{'Vertiport_1': 10, 'Vertiport_2': 10, 'Vertiport_3': 10, 'Vertiport_4': 11, 'Vertiport_5': 10, 'Vertiport_6': 10, 'Vertiport_7': 10, 'Vertiport_8': 9, 'Vertiport_9': 10, 'Vertiport_10': 10}"
44,700.0,232,9663.700014639986,290775.2232710395,"{'Vertiport_1': 10, 'Vertiport_2': 10, 'Vertiport_3': 10, 'Vertiport_4': 12, 'Vertiport_5': 10, 'Vertiport_6': 10, 'Vertiport_7': 10, 'Vertiport_8': 8, 'Vertiport_9': 10, 'Vertiport_10': 10}"
45,704.0,234,9954.314113959983,300729.53738499945,"{'Vertiport_1': 10, 'Vertiport_2': 10, 'Vertiport_3': 10, 'Vertiport_4': 10, 'Vertiport_5': 10, 'Vertiport_6': 11, 'Vertiport_7': 10, 'Vertiport_8': 9, 'Vertiport_9': 10, 'Vertiport_10': 10}"
46,716.0,238,9939.192555815982,310668.7299408154,"{'Vertiport_1': 10, 'Vertiport_2': 10, 'Vertiport_3': 10, 'Vertiport_4': 11, 'Vertiport_5': 10, 'Vertiport_6': 10, 'Vertiport_7': 10, 'Vertiport_8': 9, 'Vertiport_9': 10, 'Vertiport_10': 10}"
47,792.0,264,11062.223480495993,321730.9534213114,"{'Vertiport_1': 10, 'Vertiport_2': 10, 'Vertiport_3': 10, 'Vertiport_4': 10, 'Vertiport_5': 10, 'Vertiport_6': 10, 'Vertiport_7': 10, 'Vertiport_8': 10, 'Vertiport_9': 10, 'Vertiport_10': 10}"
48,708.0,236,10614.284034047985,332345.23745535937,"{'Vertiport_1': 10, 'Vertiport_2': 10, 'Vertiport_3': 10, 'Vertiport_4': 10, 'Vertiport_5': 10, 'Vertiport_6': 10, 'Vertiport_7': 10, 'Vertiport_8': 10, 'Vertiport_9': 10, 'Vertiport_10': 10}"
49,680.0,226,9738.931303967987,342084.1687593274,"{'Vertiport_1': 10, 'Vertiport_2': 10, 'Vertiport_3': 10, 'Vertiport_4': 10, 'Vertiport_5': 10, 'Vertiport_6': 11, 'Vertiport_7': 10, 'Vertiport_8': 9, 'Vertiport_9': 10, 'Vertiport_10': 10}"
50,655.0,217,9180.25175765598,351264.4205169834,"{'Vertiport_1': 10, 'Vertiport_2': 10, 'Vertiport_3': 10, 'Vertiport_4': 11, 'Vertiport_5': 10, 'Vertiport_6': 11, 'Vertiport_7': 10, 'Vertiport_8': 8, 'Vertiport_9': 10, 'Vertiport_10': 10}"
51,698.0,230,9757.30805298398,361021.7285699674,"{'Vertiport_1': 10, 'Vertiport_2': 10, 'Vertiport_3': 9, 'Vertiport_4': 10, 'Vertiport_5': 10, 'Vertiport_6': 11, 'Vertiport_7': 10, 'Vertiport_8': 9, 'Vertiport_9': 10, 'Vertiport_10': 11}"
52,593.0,195,7774.681961351963,368796.4105313193,"{'Vertiport_1': 10, 'Vertiport_2': 10, 'Vertiport_3': 11, 'Vertiport_4': 11, 'Vertiport_5': 10, 'Vertiport_6': 12, 'Vertiport_7': 10, 'Vertiport_8': 7, 'Vertiport_9': 10, 'Vertiport_10': 9}"
53,609.0,201,8105.859210347964,376902.2697416673,"{'Vertiport_1': 10, 'Vertiport_2': 10, 'Vertiport_3': 10, 'Vertiport_4': 12, 'Vertiport_5': 10, 'Vertiport_6': 10, 'Vertiport_7': 10, 'Vertiport_8': 7, 'Vertiport_9': 11, 'Vertiport_10': 10}"
54,602.0,200,8858.707314391982,385760.9770560593,"{'Vertiport_1': 10, 'Vertiport_2': 10, 'Vertiport_3': 10, 'Vertiport_4': 10, 'Vertiport_5': 10, 'Vertiport_6': 11, 'Vertiport_7': 10, 'Vertiport_8': 9, 'Vertiport_9': 10, 'Vertiport_10': 10}"
55,589.0,195,8260.110947591967,394021.08800365124,"{'Vertiport_1': 10, 'Vertiport_2': 10, 'Vertiport_3': 10, 'Vertiport_4': 12, 'Vertiport_5': 10, 'Vertiport_6': 10, 'Vertiport_7': 10, 'Vertiport_8': 8, 'Vertiport_9': 10, 'Vertiport_10': 10}"
56,530.0,176,7636.824549039973,401657.91255269124,"{'Vertiport_1': 10, 'Vertiport_2': 10, 'Vertiport_3': 10, 'Vertiport_4': 10, 'Vertiport_5': 10, 'Vertiport_6': 11, 'Vertiport_7': 10, 'Vertiport_8': 9, 'Vertiport_9': 10, 'Vertiport_10': 10}"
57,632.0,210,8870.584423471973,410528.49697616324,"{'Vertiport_1': 10, 'Vertiport_2': 10, 'Vertiport_3': 10, 'Vertiport_4': 10, 'Vertiport_5': 10, 'Vertiport_6': 11, 'Vertiport_7': 10, 'Vertiport_8': 9, 'Vertiport_9': 10, 'Vertiport_10': 10}"
58,837.0,279,11320.395142687981,421848.89211885125,"{'Vertiport_1': 10, 'Vertiport_2': 10, 'Vertiport_3': 10, 'Vertiport_4': 10, 'Vertiport_5': 10, 'Vertiport_6': 10, 'Vertiport_7': 10, 'Vertiport_8': 10, 'Vertiport_9': 10, 'Vertiport_10': 10}"
59,783.0,261,11198.943741391995,433047.83586024324,"{'Vertiport_1': 10, 'Vertiport_2': 10, 'Vertiport_3': 10, 'Vertiport_4': 10, 'Vertiport_5': 10, 'Vertiport_6': 10, 'Vertiport_7': 10, 'Vertiport_8': 10, 'Vertiport_9': 10, 'Vertiport_10': 10}"
60,911.0,301,13052.771988064002,446100.60784830723,"{'Vertiport_1': 10, 'Vertiport_2': 10, 'Vertiport_3': 9, 'Vertiport_4': 11, 'Vertiport_5': 10, 'Vertiport_6': 12, 'Vertiport_7': 10, 'Vertiport_8': 7, 'Vertiport_9': 10, 'Vertiport_10': 11}"
61,988.0,328,13616.851703220005,459717.4595515272,"{'Vertiport_1': 10, 'Vertiport_2': 10, 'Vertiport_3': 10, 'Vertiport_4': 11, 'Vertiport_5': 10, 'Vertiport_6': 10, 'Vertiport_7': 10, 'Vertiport_8': 8, 'Vertiport_9': 11, 'Vertiport_10': 10}"
62,965.0,321,13698.298183744007,473415.75773527124,"{'Vertiport_1': 10, 'Vertiport_2': 10, 'Vertiport_3': 10, 'Vertiport_4': 11, 'Vertiport_5': 10, 'Vertiport_6': 10, 'Vertiport_7': 10, 'Vertiport_8': 9, 'Vertiport_9': 10, 'Vertiport_10': 10}"
63,921.0,305,12751.52070106399,486167.2784363352,"{'Vertiport_1': 10, 'Vertiport_2': 10, 'Vertiport_3': 9, 'Vertiport_4': 11, 'Vertiport_5': 10, 'Vertiport_6': 11, 'Vertiport_7': 10, 'Vertiport_8': 8, 'Vertiport_9': 10, 'Vertiport_10': 11}"
64,976.0,324,13951.663697252005,500118.9421335872,"{'Vertiport_1': 10, 'Vertiport_2': 10, 'Vertiport_3': 10, 'Vertiport_4': 11, 'Vertiport_5': 10, 'Vertiport_6': 10, 'Vertiport_7': 10, 'Vertiport_8': 8, 'Vertiport_9': 11, 'Vertiport_10': 10}"
65,1149.0,381,16293.586526720012,516412.52866030723,"{'Vertiport_1': 10, 'Vertiport_2': 10, 'Vertiport_3': 10, 'Vertiport_4': 11, 'Vertiport_5': 10, 'Vertiport_6': 10, 'Vertiport_7': 10, 'Vertiport_8': 9, 'Vertiport_9': 10, 'Vertiport_10': 10}"
66,1130.0,376,15750.090624624014,532162.6192849312,"{'Vertiport_1': 10, 'Vertiport_2': 10, 'Vertiport_3': 10, 'Vertiport_4': 11, 'Vertiport_5': 10, 'Vertiport_6': 10, 'Vertiport_7': 10, 'Vertiport_8': 9, 'Vertiport_9': 10, 'Vertiport_10': 10}"
67,1177.0,391,16119.417576368016,548282.0368612992,"{'Vertiport_1': 10, 'Vertiport_2': 10, 'Vertiport_3': 9, 'Vertiport_4': 10, 'Vertiport_5': 10, 'Vertiport_6': 11, 'Vertiport_7': 10, 'Vertiport_8': 9, 'Vertiport_9': 10, 'Vertiport_10': 11}"
68,1251.0,415,17719.13673316802,566001.1735944672,"{'Vertiport_1': 10, 'Vertiport_2': 10, 'Vertiport_3': 10, 'Vertiport_4': 11, 'Vertiport_5': 10, 'Vertiport_6': 10, 'Vertiport_7': 10, 'Vertiport_8': 9, 'Vertiport_9': 10, 'Vertiport_10': 10}"
69,1161.0,385,16220.736413320015,582221.9100077873,"{'Vertiport_1': 10, 'Vertiport_2': 10, 'Vertiport_3': 12, 'Vertiport_4': 11, 'Vertiport_5': 10, 'Vertiport_6': 10, 'Vertiport_7': 10, 'Vertiport_8': 9, 'Vertiport_9': 10, 'Vertiport_10': 8}"
70,1193.0,397,16348.577926784023,598570.4879345713,"{'Vertiport_1': 10, 'Vertiport_2': 10, 'Vertiport_3': 9, 'Vertiport_4': 10, 'Vertiport_5': 10, 'Vertiport_6': 10, 'Vertiport_7': 10, 'Vertiport_8': 10, 'Vertiport_9': 10, 'Vertiport_10': 11}"
71,1201.0,399,17303.199558168028,615873.6874927394,"{'Vertiport_1': 10, 'Vertiport_2': 10, 'Vertiport_3': 8, 'Vertiport_4': 10, 'Vertiport_5': 10, 'Vertiport_6': 10, 'Vertiport_7': 10, 'Vertiport_8': 10, 'Vertiport_9': 10, 'Vertiport_10': 12}"
72,1265.0,421,17684.313574888023,633558.0010676275,"{'Vertiport_1': 10, 'Vertiport_2': 10, 'Vertiport_3': 9, 'Vertiport_4': 10, 'Vertiport_5': 10, 'Vertiport_6': 10, 'Vertiport_7': 10, 'Vertiport_8': 10, 'Vertiport_9': 10, 'Vertiport_10': 11}"
73,1197.0,399,16794.46118128801,650352.4622489155,"{'Vertiport_1': 10, 'Vertiport_2': 10, 'Vertiport_3': 10, 'Vertiport_4': 10, 'Vertiport_5': 10, 'Vertiport_6': 10, 'Vertiport_7': 10, 'Vertiport_8': 10, 'Vertiport_9': 10, 'Vertiport_10': 10}"
74,1218.0,406,17322.442039632027,667674.9042885475,"{'Vertiport_1': 10, 'Vertiport_2': 10, 'Vertiport_3': 10, 'Vertiport_4': 10, 'Vertiport_5': 10, 'Vertiport_6': 10, 'Vertiport_7': 10, 'Vertiport_8': 10, 'Vertiport_9': 10, 'Vertiport_10': 10}"
75,1237.0,411,16842.307440688015,684517.2117292355,"{'Vertiport_1': 10, 'Vertiport_2': 10, 'Vertiport_3': 10, 'Vertiport_4': 10, 'Vertiport_5': 10, 'Vertiport_6': 10, 'Vertiport_7': 10, 'Vertiport_8': 10, 'Vertiport_9': 10, 'Vertiport_10': 10}"
76,1258.0,418,17201.36981995201,701718.5815491875,"{'Vertiport_1': 10, 'Vertiport_2': 10, 'Vertiport_3': 12, 'Vertiport_4': 10, 'Vertiport_5': 10, 'Vertiport_6': 10, 'Vertiport_7': 10, 'Vertiport_8': 10, 'Vertiport_9': 10, 'Vertiport_10': 8}"
77,1307.0,435,18064.248674944036,719782.8302241316,"{'Vertiport_1': 10, 'Vertiport_2': 10, 'Vertiport_3': 11, 'Vertiport_4': 10, 'Vertiport_5': 10, 'Vertiport_6': 10, 'Vertiport_7': 10, 'Vertiport_8': 10, 'Vertiport_9': 10, 'Vertiport_10': 9}"
78,1236.0,412,17003.574405528037,736786.4046296596,"{'Vertiport_1': 10, 'Vertiport_2': 10, 'Vertiport_3': 10, 'Vertiport_4': 10, 'Vertiport_5': 10, 'Vertiport_6': 10, 'Vertiport_7': 10, 'Vertiport_8': 10, 'Vertiport_9': 10, 'Vertiport_10': 10}"
79,1262.0,420,17989.309601976027,754775.7142316357,"{'Vertiport_1': 10, 'Vertiport_2': 10, 'Vertiport_3': 11, 'Vertiport_4': 10, 'Vertiport_5': 10, 'Vertiport_6': 10, 'Vertiport_7': 10, 'Vertiport_8': 10, 'Vertiport_9': 10, 'Vertiport_10': 9}"
80,1322.0,440,18062.755020088036,772838.4692517237,"{'Vertiport_1': 10, 'Vertiport_2': 10, 'Vertiport_3': 9, 'Vertiport_4': 10, 'Vertiport_5': 10, 'Vertiport_6': 10, 'Vertiport_7': 10, 'Vertiport_8': 10, 'Vertiport_9': 10, 'Vertiport_10': 11}"
81,1362.0,454,18616.56455404002,791455.0338057637,"{'Vertiport_1': 10, 'Vertiport_2': 10, 'Vertiport_3': 10, 'Vertiport_4': 10, 'Vertiport_5': 10, 'Vertiport_6': 10, 'Vertiport_7': 10, 'Vertiport_8': 10, 'Vertiport_9': 10, 'Vertiport_10': 10}"
82,1403.0,467,20444.961258312018,811899.9950640757,"{'Vertiport_1': 10, 'Vertiport_2': 10, 'Vertiport_3': 9, 'Vertiport_4': 10, 'Vertiport_5': 10, 'Vertiport_6': 10, 'Vertiport_7': 10, 'Vertiport_8': 10, 'Vertiport_9': 10, 'Vertiport_10': 11}"
83,1446.0,482,20943.616192880007,832843.6112569557,"{'Vertiport_1': 10, 'Vertiport_2': 10, 'Vertiport_3': 10, 'Vertiport_4': 10, 'Vertiport_5': 10, 'Vertiport_6': 10, 'Vertiport_7': 10, 'Vertiport_8': 10, 'Vertiport_9': 10, 'Vertiport_10': 10}"
84,1262.0,420,17301.183326824037,850144.7945837796,"{'Vertiport_1': 10, 'Vertiport_2': 10, 'Vertiport_3': 11, 'Vertiport_4': 10, 'Vertiport_5': 10, 'Vertiport_6': 10, 'Vertiport_7': 10, 'Vertiport_8': 10, 'Vertiport_9': 10, 'Vertiport_10': 9}"
85,1245.0,413,17874.379872008027,868019.1744557876,"{'Vertiport_1': 10, 'Vertiport_2': 10, 'Vertiport_3': 9, 'Vertiport_4': 10, 'Vertiport_5': 10, 'Vertiport_6': 10, 'Vertiport_7': 10, 'Vertiport_8': 10, 'Vertiport_9': 10, 'Vertiport_10': 11}"
86,1264.0,420,17322.489128696026,885341.6635844837,"{'Vertiport_1': 10, 'Vertiport_2': 10, 'Vertiport_3': 10, 'Vertiport_4': 10, 'Vertiport_5': 10, 'Vertiport_6': 10, 'Vertiport_7': 10, 'Vertiport_8': 10, 'Vertiport_9': 10, 'Vertiport_10': 10}"
87,1293.0,431,17871.101132720025,903212.7647172037,"{'Vertiport_1': 10, 'Vertiport_2': 10, 'Vertiport_3': 10, 'Vertiport_4': 10, 'Vertiport_5': 10, 'Vertiport_6': 10, 'Vertiport_7': 10, 'Vertiport_8': 10, 'Vertiport_9': 10, 'Vertiport_10': 10}"
88,1222.0,406,16950.594631448028,920163.3593486517,"{'Vertiport_1': 10, 'Vertiport_2': 10, 'Vertiport_3': 10, 'Vertiport_4': 10, 'Vertiport_5': 10, 'Vertiport_6': 10, 'Vertiport_7': 10, 'Vertiport_8': 10, 'Vertiport_9': 10, 'Vertiport_10': 10}"
89,1107.0,369,15049.302020064011,935212.6613687157,"{'Vertiport_1': 10, 'Vertiport_2': 10, 'Vertiport_3': 10, 'Vertiport_4': 10, 'Vertiport_5': 10, 'Vertiport_6': 10, 'Vertiport_7': 10, 'Vertiport_8': 10, 'Vertiport_9': 10, 'Vertiport_10': 10}"
90,1081.0,359,15590.440130808005,950803.1014995237,"{'Vertiport_1': 10, 'Vertiport_2': 10, 'Vertiport_3': 10, 'Vertiport_4': 10, 'Vertiport_5': 10, 'Vertiport_6': 10, 'Vertiport_7': 10, 'Vertiport_8': 10, 'Vertiport_9': 10, 'Vertiport_10': 10}"
91,1089.0,363,15986.187364400013,966789.2888639237,"{'Vertiport_1': 10, 'Vertiport_2': 10, 'Vertiport_3': 10, 'Vertiport_4': 10, 'Vertiport_5': 10, 'Vertiport_6': 10, 'Vertiport_7': 10, 'Vertiport_8': 10, 'Vertiport_9': 10, 'Vertiport_10': 10}"
92,1223.0,407,17757.478971848013,984546.7678357718,"{'Vertiport_1': 10, 'Vertiport_2': 10, 'Vertiport_3': 9, 'Vertiport_4': 10, 'Vertiport_5': 10, 'Vertiport_6': 10, 'Vertiport_7': 10, 'Vertiport_8': 10, 'Vertiport_9': 10, 'Vertiport_10': 11}"
93,1071.0,357,15755.932566432013,1000302.7004022038,"{'Vertiport_1': 10, 'Vertiport_2': 10, 'Vertiport_3': 10, 'Vertiport_4': 10, 'Vertiport_5': 10, 'Vertiport_6': 10, 'Vertiport_7': 10, 'Vertiport_8': 10, 'Vertiport_9': 10, 'Vertiport_10': 10}"
94,953.0,317,13727.53391703201,1014030.2343192359,"{'Vertiport_1': 10, 'Vertiport_2': 10, 'Vertiport_3': 11, 'Vertiport_4': 10, 'Vertiport_5': 10, 'Vertiport_6': 10, 'Vertiport_7': 10, 'Vertiport_8': 10, 'Vertiport_9': 10, 'Vertiport_10': 9}"
95,701.0,233,9773.918697719986,1023804.1530169558,"{'Vertiport_1': 10, 'Vertiport_2': 10, 'Vertiport_3': 11, 'Vertiport_4': 10, 'Vertiport_5': 10, 'Vertiport_6': 10, 'Vertiport_7': 10, 'Vertiport_8': 10, 'Vertiport_9': 10, 'Vertiport_10': 9}"
96,549.0,183,7422.127644935973,1031226.2806618918,"{'Vertiport_1': 10, 'Vertiport_2': 10, 'Vertiport_3': 10, 'Vertiport_4': 10, 'Vertiport_5': 10, 'Vertiport_6': 10, 'Vertiport_7': 10, 'Vertiport_8': 10, 'Vertiport_9': 10, 'Vertiport_10': 10}"
97,434.0,144,5779.623115583982,1037005.9037774758,"{'Vertiport_1': 10, 'Vertiport_2': 10, 'Vertiport_3': 11, 'Vertiport_4': 10, 'Vertiport_5': 10, 'Vertiport_6': 10, 'Vertiport_7': 10, 'Vertiport_8': 10, 'Vertiport_9': 10, 'Vertiport_10': 9}"
98,360.0,120,4946.824419879991,1041952.7281973558,"{'Vertiport_1': 10, 'Vertiport_2': 10, 'Vertiport_3': 10, 'Vertiport_4': 10, 'Vertiport_5': 10, 'Vertiport_6': 10, 'Vertiport_7': 10, 'Vertiport_8': 10, 'Vertiport_9': 10, 'Vertiport_10': 10}"
99,363.0,121,5907.531195103984,1047860.2593924598,"{'Vertiport_1': 10, 'Vertiport_2': 10, 'Vertiport_3': 10, 'Vertiport_4': 10, 'Vertiport_5': 10, 'Vertiport_6': 10, 'Vertiport_7': 10, 'Vertiport_8': 10, 'Vertiport_9': 10, 'Vertiport_10': 10}"
100,264.0,88,3889.4136455679986,1051749.6730380277,"{'Vertiport_1': 10, 'Vertiport_2': 10, 'Vertiport_3': 10, 'Vertiport_4': 10, 'Vertiport_5': 10, 'Vertiport_6': 10, 'Vertiport_7': 10, 'Vertiport_8': 10, 'Vertiport_9': 10, 'Vertiport_10': 10}"
101,255.0,85,3998.887552399997,1055748.5605904276,"{'Vertiport_1': 10, 'Vertiport_2': 10, 'Vertiport_3': 10, 'Vertiport_4': 10, 'Vertiport_5': 10, 'Vertiport_6': 10, 'Vertiport_7': 10, 'Vertiport_8': 10, 'Vertiport_9': 10, 'Vertiport_10': 10}"
102,216.0,72,3332.393552143999,1059080.9541425717,"{'Vertiport_1': 10, 'Vertiport_2': 10, 'Vertiport_3': 10, 'Vertiport_4': 10, 'Vertiport_5': 10, 'Vertiport_6': 10, 'Vertiport_7': 10, 'Vertiport_8': 10, 'Vertiport_9': 10, 'Vertiport_10': 10}"
103,216.0,72,3081.3487660399987,1062162.3029086117,"{'Vertiport_1': 10, 'Vertiport_2': 10, 'Vertiport_3': 10, 'Vertiport_4': 10, 'Vertiport_5': 10, 'Vertiport_6': 10, 'Vertiport_7': 10, 'Vertiport_8': 10, 'Vertiport_9': 10, 'Vertiport_10': 10}"
104,240.0,80,3699.7736513919967,1065862.0765600037,"{'Vertiport_1': 10, 'Vertiport_2': 10, 'Vertiport_3': 10, 'Vertiport_4': 10, 'Vertiport_5': 10, 'Vertiport_6': 10, 'Vertiport_7': 10, 'Vertiport_8': 10, 'Vertiport_9': 10, 'Vertiport_10': 10}"
105,153.0,51,2231.964962496,1068094.0415224996,"{'Vertiport_1': 10, 'Vertiport_2': 10, 'Vertiport_3': 10, 'Vertiport_4': 10, 'Vertiport_5': 10, 'Vertiport_6': 10, 'Vertiport_7': 10, 'Vertiport_8': 10, 'Vertiport_9': 10, 'Vertiport_10': 10}"
106,186.0,62,2549.9669151039993,1070644.0084376037,"{'Vertiport_1': 10, 'Vertiport_2': 10, 'Vertiport_3': 10, 'Vertiport_4': 10, 'Vertiport_5': 10, 'Vertiport_6': 10, 'Vertiport_7': 10, 'Vertiport_8': 10, 'Vertiport_9': 10, 'Vertiport_10': 10}"
107,180.0,60,2768.994545399999,1073413.0029830036,"{'Vertiport_1': 10, 'Vertiport_2': 10, 'Vertiport_3': 10, 'Vertiport_4': 10, 'Vertiport_5': 10, 'Vertiport_6': 10, 'Vertiport_7': 10, 'Vertiport_8': 10, 'Vertiport_9': 10, 'Vertiport_10': 10}"
108,216.0,72,3079.134892999999,1076492.1378760035,"{'Vertiport_1': 10, 'Vertiport_2': 10, 'Vertiport_3': 10, 'Vertiport_4': 10, 'Vertiport_5': 10, 'Vertiport_6': 10, 'Vertiport_7': 10, 'Vertiport_8': 10, 'Vertiport_9': 10, 'Vertiport_10': 10}"
109,248.0,82,3296.3831104719984,1079788.5209864755,"{'Vertiport_1': 10, 'Vertiport_2': 10, 'Vertiport_3': 11, 'Vertiport_4': 10, 'Vertiport_5': 10, 'Vertiport_6': 10, 'Vertiport_7': 10, 'Vertiport_8': 10, 'Vertiport_9': 10, 'Vertiport_10': 9}"
110,330.0,110,4595.537681919992,1084384.0586683955,"{'Vertiport_1': 10, 'Vertiport_2': 10, 'Vertiport_3': 10, 'Vertiport_4': 10, 'Vertiport_5': 10, 'Vertiport_6': 10, 'Vertiport_7': 10, 'Vertiport_8': 10, 'Vertiport_9': 10, 'Vertiport_10': 10}"
111,426.0,142,6321.930892863978,1090705.9895612595,"{'Vertiport_1': 10, 'Vertiport_2': 10, 'Vertiport_3': 10, 'Vertiport_4': 10, 'Vertiport_5': 10, 'Vertiport_6': 10, 'Vertiport_7': 10, 'Vertiport_8': 10, 'Vertiport_9': 10, 'Vertiport_10': 10}"
112,477.0,159,6833.805422975977,1097539.7949842354,"{'Vertiport_1': 10, 'Vertiport_2': 10, 'Vertiport_3': 10, 'Vertiport_4': 10, 'Vertiport_5': 10, 'Vertiport_6': 10, 'Vertiport_7': 10, 'Vertiport_8': 10, 'Vertiport_9': 10, 'Vertiport_10': 10}"
113,531.0,177,7483.481826343973,1105023.2768105795,"{'Vertiport_1': 10, 'Vertiport_2': 10, 'Vertiport_3': 10, 'Vertiport_4': 10, 'Vertiport_5': 10, 'Vertiport_6': 10, 'Vertiport_7': 10, 'Vertiport_8': 10, 'Vertiport_9': 10, 'Vertiport_10': 10}"
114,642.0,214,8864.262388159974,1113887.5391987395,"{'Vertiport_1': 10, 'Vertiport_2': 10, 'Vertiport_3': 10, 'Vertiport_4': 10, 'Vertiport_5': 10, 'Vertiport_6': 10, 'Vertiport_7': 10, 'Vertiport_8': 10, 'Vertiport_9': 10, 'Vertiport_10': 10}"
115,759.0,253,10118.18134855998,1124005.7205472994,"{'Vertiport_1': 10, 'Vertiport_2': 10, 'Vertiport_3': 10, 'Vertiport_4': 10, 'Vertiport_5': 10, 'Vertiport_6': 10, 'Vertiport_7': 10, 'Vertiport_8': 10, 'Vertiport_9': 10, 'Vertiport_10': 10}"
116,741.0,247,10006.443553815989,1134012.1641011154,"{'Vertiport_1': 10, 'Vertiport_2': 10, 'Vertiport_3': 10, 'Vertiport_4': 10, 'Vertiport_5': 10, 'Vertiport_6': 10, 'Vertiport_7': 10, 'Vertiport_8': 10, 'Vertiport_9': 10, 'Vertiport_10': 10}"
117,765.0,255,10389.628873415986,1144401.7929745314,"{'Vertiport_1': 10, 'Vertiport_2': 10, 'Vertiport_3': 10, 'Vertiport_4': 10, 'Vertiport_5': 10, 'Vertiport_6': 10, 'Vertiport_7': 10, 'Vertiport_8': 10, 'Vertiport_9': 10, 'Vertiport_10': 10}"
118,738.0,246,9962.574272351982,1154364.3672468835,"{'Vertiport_1': 10, 'Vertiport_2': 10, 'Vertiport_3': 10, 'Vertiport_4': 10, 'Vertiport_5': 10, 'Vertiport_6': 10, 'Vertiport_7': 10, 'Vertiport_8': 10, 'Vertiport_9': 10, 'Vertiport_10': 10}"
119,768.0,256,10400.160263551985,1164764.5275104356,"{'Vertiport_1': 10, 'Vertiport_2': 10, 'Vertiport_3': 10, 'Vertiport_4': 10, 'Vertiport_5': 10, 'Vertiport_6': 10, 'Vertiport_7': 10, 'Vertiport_8': 10, 'Vertiport_9': 10, 'Vertiport_10': 10}"
120,726.0,242,9982.417243071985,1174746.9447535076,"{'Vertiport_1': 10, 'Vertiport_2': 10, 'Vertiport_3': 10, 'Vertiport_4': 10, 'Vertiport_5': 10, 'Vertiport_6': 10, 'Vertiport_7': 10, 'Vertiport_8': 10, 'Vertiport_9': 10, 'Vertiport_10': 10}"
121,624.0,208,8901.744876215986,1183648.6896297236,"{'Vertiport_1': 10, 'Vertiport_2': 10, 'Vertiport_3': 10, 'Vertiport_4': 10, 'Vertiport_5': 10, 'Vertiport_6': 10, 'Vertiport_7': 10, 'Vertiport_8': 10, 'Vertiport_9': 10, 'Vertiport_10': 10}"
122,618.0,206,8963.262071215982,1192611.9517009396,"{'Vertiport_1': 10, 'Vertiport_2': 10, 'Vertiport_3': 10, 'Vertiport_4': 10, 'Vertiport_5': 10, 'Vertiport_6': 10, 'Vertiport_7': 10, 'Vertiport_8': 10, 'Vertiport_9': 10, 'Vertiport_10': 10}"
123,639.0,213,8854.279086295976,1201466.2307872355,"{'Vertiport_1': 10, 'Vertiport_2': 10, 'Vertiport_3': 10, 'Vertiport_4': 10, 'Vertiport_5': 10, 'Vertiport_6': 10, 'Vertiport_7': 10, 'Vertiport_8': 10, 'Vertiport_9': 10, 'Vertiport_10': 10}"
124,636.0,212,9022.506072079977,1210488.7368593155,"{'Vertiport_1': 10, 'Vertiport_2': 10, 'Vertiport_3': 10, 'Vertiport_4': 10, 'Vertiport_5': 10, 'Vertiport_6': 10, 'Vertiport_7': 10, 'Vertiport_8': 10, 'Vertiport_9': 10, 'Vertiport_10': 10}"
125,546.0,182,7353.028096191972,1217841.7649555076,"{'Vertiport_1': 10, 'Vertiport_2': 10, 'Vertiport_3': 10, 'Vertiport_4': 10, 'Vertiport_5': 10, 'Vertiport_6': 10, 'Vertiport_7': 10, 'Vertiport_8': 10, 'Vertiport_9': 10, 'Vertiport_10': 10}"
126,603.0,201,8604.980357791972,1226446.7453132996,"{'Vertiport_1': 10, 'Vertiport_2': 10, 'Vertiport_3': 10, 'Vertiport_4': 10, 'Vertiport_5': 10, 'Vertiport_6': 10, 'Vertiport_7': 10, 'Vertiport_8': 10, 'Vertiport_9': 10, 'Vertiport_10': 10}"
127,696.0,232,10121.975238151985,1236568.7205514517,"{'Vertiport_1': 10, 'Vertiport_2': 10, 'Vertiport_3': 10, 'Vertiport_4': 10, 'Vertiport_5': 10, 'Vertiport_6': 10, 'Vertiport_7': 10, 'Vertiport_8': 10, 'Vertiport_9': 10, 'Vertiport_10': 10}"
128,681.0,227,9782.018126895984,1246350.7386783476,"{'Vertiport_1': 10, 'Vertiport_2': 10, 'Vertiport_3': 10, 'Vertiport_4': 10, 'Vertiport_5': 10, 'Vertiport_6': 10, 'Vertiport_7': 10, 'Vertiport_8': 10, 'Vertiport_9': 10, 'Vertiport_10': 10}"
129,753.0,251,10644.154782647975,1256994.8934609955,"{'Vertiport_1': 10, 'Vertiport_2': 10, 'Vertiport_3': 10, 'Vertiport_4': 10, 'Vertiport_5': 10, 'Vertiport_6': 10, 'Vertiport_7': 10, 'Vertiport_8': 10, 'Vertiport_9': 10, 'Vertiport_10': 10}"
130,741.0,247,10368.226432055992,1267363.1198930515,"{'Vertiport_1': 10, 'Vertiport_2': 10, 'Vertiport_3': 10, 'Vertiport_4': 10, 'Vertiport_5': 10, 'Vertiport_6': 10, 'Vertiport_7': 10, 'Vertiport_8': 10, 'Vertiport_9': 10, 'Vertiport_10': 10}"
131,783.0,261,11417.072195143983,1278780.1920881954,"{'Vertiport_1': 10, 'Vertiport_2': 10, 'Vertiport_3': 10, 'Vertiport_4': 10, 'Vertiport_5': 10, 'Vertiport_6': 10, 'Vertiport_7': 10, 'Vertiport_8': 10, 'Vertiport_9': 10, 'Vertiport_10': 10}"
132,786.0,262,11482.705835807992,1290262.8979240034,"{'Vertiport_1': 10, 'Vertiport_2': 10, 'Vertiport_3': 10, 'Vertiport_4': 10, 'Vertiport_5': 10, 'Vertiport_6': 10, 'Vertiport_7': 10, 'Vertiport_8': 10, 'Vertiport_9': 10, 'Vertiport_10': 10}"
133,771.0,257,11010.68604999199,1301273.5839739954,"{'Vertiport_1': 10, 'Vertiport_2': 10, 'Vertiport_3': 10, 'Vertiport_4': 10, 'Vertiport_5': 10, 'Vertiport_6': 10, 'Vertiport_7': 10, 'Vertiport_8': 10, 'Vertiport_9': 10, 'Vertiport_10': 10}"
134,732.0,244,9757.538109191986,1311031.1220831873,"{'Vertiport_1': 10, 'Vertiport_2': 10, 'Vertiport_3': 10, 'Vertiport_4': 10, 'Vertiport_5': 10, 'Vertiport_6': 10, 'Vertiport_7': 10, 'Vertiport_8': 10, 'Vertiport_9': 10, 'Vertiport_10': 10}"
135,711.0,237,10163.62357059999,1321194.7456537874,"{'Vertiport_1': 10, 'Vertiport_2': 10, 'Vertiport_3': 10, 'Vertiport_4': 10, 'Vertiport_5': 10, 'Vertiport_6': 10, 'Vertiport_7': 10, 'Vertiport_8': 10, 'Vertiport_9': 10, 'Vertiport_10': 10}"
136,747.0,249,10381.06086777599,1331575.8065215633,"{'Vertiport_1': 10, 'Vertiport_2': 10, 'Vertiport_3': 10, 'Vertiport_4': 10, 'Vertiport_5': 10, 'Vertiport_6': 10, 'Vertiport_7': 10, 'Vertiport_8': 10, 'Vertiport_9': 10, 'Vertiport_10': 10}"
137,807.0,269,11826.850797063993,1343402.6573186272,"{'Vertiport_1': 10, 'Vertiport_2': 10, 'Vertiport_3': 10, 'Vertiport_4': 10, 'Vertiport_5': 10, 'Vertiport_6': 10, 'Vertiport_7': 10, 'Vertiport_8': 10, 'Vertiport_9': 10, 'Vertiport_10': 10}"
138,756.0,252,10149.565021167986,1353552.2223397952,"{'Vertiport_1': 10, 'Vertiport_2': 10, 'Vertiport_3': 10, 'Vertiport_4': 10, 'Vertiport_5': 10, 'Vertiport_6': 10, 'Vertiport_7': 10, 'Vertiport_8': 10, 'Vertiport_9': 10, 'Vertiport_10': 10}"
139,675.0,225,9803.81272892798,1363356.0350687231,"{'Vertiport_1': 10, 'Vertiport_2': 10, 'Vertiport_3': 10, 'Vertiport_4': 10, 'Vertiport_5': 10, 'Vertiport_6': 10, 'Vertiport_7': 10, 'Vertiport_8': 10, 'Vertiport_9': 10, 'Vertiport_10': 10}"
140,801.0,267,11984.99012431999,1375341.025193043,"{'Vertiport_1': 10, 'Vertiport_2': 10, 'Vertiport_3': 10, 'Vertiport_4': 10, 'Vertiport_5': 10, 'Vertiport_6': 10, 'Vertiport_7': 10, 'Vertiport_8': 10, 'Vertiport_9': 10, 'Vertiport_10': 10}"
141,768.0,256,11257.451536519997,1386598.476729563,"{'Vertiport_1': 10, 'Vertiport_2': 10, 'Vertiport_3': 10, 'Vertiport_4': 10, 'Vertiport_5': 10, 'Vertiport_6': 10, 'Vertiport_7': 10, 'Vertiport_8': 10, 'Vertiport_9': 10, 'Vertiport_10': 10}"
142,750.0,250,10994.824056039997,1397593.300785603,"{'Vertiport_1': 10, 'Vertiport_2': 10, 'Vertiport_3': 10, 'Vertiport_4': 10, 'Vertiport_5': 10, 'Vertiport_6': 10, 'Vertiport_7': 10, 'Vertiport_8': 10, 'Vertiport_9': 10, 'Vertiport_10': 10}"
143,807.0,269,10644.343587303993,1408237.644372907,"{'Vertiport_1': 10, 'Vertiport_2': 10, 'Vertiport_3': 10, 'Vertiport_4': 10, 'Vertiport_5': 10, 'Vertiport_6': 10, 'Vertiport_7': 10, 'Vertiport_8': 10, 'Vertiport_9': 10, 'Vertiport_10': 10}"
144,828.0,276,11648.368250455987,1419886.012623363,"{'Vertiport_1': 10, 'Vertiport_2': 10, 'Vertiport_3': 10, 'Vertiport_4': 10, 'Vertiport_5': 10, 'Vertiport_6': 10, 'Vertiport_7': 10, 'Vertiport_8': 10, 'Vertiport_9': 10, 'Vertiport_10': 10}"
145,678.0,226,9619.44192408798,1429505.4545474509,"{'Vertiport_1': 10, 'Vertiport_2': 10, 'Vertiport_3': 10, 'Vertiport_4': 10, 'Vertiport_5': 10, 'Vertiport_6': 10, 'Vertiport_7': 10, 'Vertiport_8': 10, 'Vertiport_9': 10, 'Vertiport_10': 10}"
146,669.0,223,9563.473650383981,1439068.9281978349,"{'Vertiport_1': 10, 'Vertiport_2': 10, 'Vertiport_3': 10, 'Vertiport_4': 10, 'Vertiport_5': 10, 'Vertiport_6': 10, 'Vertiport_7': 10, 'Vertiport_8': 10, 'Vertiport_9': 10, 'Vertiport_10': 10}"
147,735.0,245,10248.820604951987,1449317.748802787,"{'Vertiport_1': 10, 'Vertiport_2': 10, 'Vertiport_3': 10, 'Vertiport_4': 10, 'Vertiport_5': 10, 'Vertiport_6': 10, 'Vertiport_7': 10, 'Vertiport_8': 10, 'Vertiport_9': 10, 'Vertiport_10': 10}"
148,690.0,230,9413.917512887985,1458731.666315675,"{'Vertiport_1': 10, 'Vertiport_2': 10, 'Vertiport_3': 10, 'Vertiport_4': 10, 'Vertiport_5': 10, 'Vertiport_6': 10, 'Vertiport_7': 10, 'Vertiport_8': 10, 'Vertiport_9': 10, 'Vertiport_10': 10}"
149,678.0,226,9202.90046425598,1467934.566779931,"{'Vertiport_1': 10, 'Vertiport_2': 10, 'Vertiport_3': 10, 'Vertiport_4': 10, 'Vertiport_5': 10, 'Vertiport_6': 10, 'Vertiport_7': 10, 'Vertiport_8': 10, 'Vertiport_9': 10, 'Vertiport_10': 10}"
150,630.0,210,8863.152033759976,1476797.718813691,"{'Vertiport_1': 10, 'Vertiport_2': 10, 'Vertiport_3': 10, 'Vertiport_4': 10, 'Vertiport_5': 10, 'Vertiport_6': 10, 'Vertiport_7': 10, 'Vertiport_8': 10, 'Vertiport_9': 10, 'Vertiport_10': 10}"
151,684.0,228,9461.839845287981,1486259.5586589791,"{'Vertiport_1': 10, 'Vertiport_2': 10, 'Vertiport_3': 10, 'Vertiport_4': 10, 'Vertiport_5': 10, 'Vertiport_6': 10, 'Vertiport_7': 10, 'Vertiport_8': 10, 'Vertiport_9': 10, 'Vertiport_10': 10}"
152,537.0,179,7976.539458463969,1494236.098117443,"{'Vertiport_1': 10, 'Vertiport_2': 10, 'Vertiport_3': 10, 'Vertiport_4': 10, 'Vertiport_5': 10, 'Vertiport_6': 10, 'Vertiport_7': 10, 'Vertiport_8': 10, 'Vertiport_9': 10, 'Vertiport_10': 10}"
153,594.0,198,7916.167017791964,1502152.265135235,"{'Vertiport_1': 10, 'Vertiport_2': 10, 'Vertiport_3': 10, 'Vertiport_4': 10, 'Vertiport_5': 10, 'Vertiport_6': 10, 'Vertiport_7': 10, 'Vertiport_8': 10, 'Vertiport_9': 10, 'Vertiport_10': 10}"
154,633.0,211,9239.70750167197,1511391.972636907,"{'Vertiport_1': 10, 'Vertiport_2': 10, 'Vertiport_3': 10, 'Vertiport_4': 10, 'Vertiport_5': 10, 'Vertiport_6': 10, 'Vertiport_7': 10, 'Vertiport_8': 10, 'Vertiport_9': 10, 'Vertiport_10': 10}"
155,690.0,230,9925.62870246399,1521317.601339371,"{'Vertiport_1': 10, 'Vertiport_2': 10, 'Vertiport_3': 10, 'Vertiport_4': 10, 'Vertiport_5': 10, 'Vertiport_6': 10, 'Vertiport_7': 10, 'Vertiport_8': 10, 'Vertiport_9': 10, 'Vertiport_10': 10}"
156,783.0,261,11116.223589351981,1532433.8249287228,"{'Vertiport_1': 10, 'Vertiport_2': 10, 'Vertiport_3': 10, 'Vertiport_4': 10, 'Vertiport_5': 10, 'Vertiport_6': 10, 'Vertiport_7': 10, 'Vertiport_8': 10, 'Vertiport_9': 10, 'Vertiport_10': 10}"
157,747.0,249,10332.361087335985,1542766.1860160588,"{'Vertiport_1': 10, 'Vertiport_2': 10, 'Vertiport_3': 10, 'Vertiport_4': 10, 'Vertiport_5': 10, 'Vertiport_6': 10, 'Vertiport_7': 10, 'Vertiport_8': 10, 'Vertiport_9': 10, 'Vertiport_10': 10}"
158,828.0,276,11832.47955040799,1554598.6655664667,"{'Vertiport_1': 10, 'Vertiport_2': 10, 'Vertiport_3': 10, 'Vertiport_4': 10, 'Vertiport_5': 10, 'Vertiport_6': 10, 'Vertiport_7': 10, 'Vertiport_8': 10, 'Vertiport_9': 10, 'Vertiport_10': 10}"
159,837.0,279,11831.223851087994,1566429.8894175547,"{'Vertiport_1': 10, 'Vertiport_2': 10, 'Vertiport_3': 10, 'Vertiport_4': 10, 'Vertiport_5': 10, 'Vertiport_6': 10, 'Vertiport_7': 10, 'Vertiport_8': 10, 'Vertiport_9': 10, 'Vertiport_10': 10}"
160,864.0,288,12775.515078711996,1579205.4044962667,"{'Vertiport_1': 10, 'Vertiport_2': 10, 'Vertiport_3': 10, 'Vertiport_4': 10, 'Vertiport_5': 10, 'Vertiport_6': 10, 'Vertiport_7': 10, 'Vertiport_8': 10, 'Vertiport_9': 10, 'Vertiport_10': 10}"
161,891.0,297,13221.788190536006,1592427.1926868027,"{'Vertiport_1': 10, 'Vertiport_2': 10, 'Vertiport_3': 10, 'Vertiport_4': 10, 'Vertiport_5': 10, 'Vertiport_6': 10, 'Vertiport_7': 10, 'Vertiport_8': 10, 'Vertiport_9': 10, 'Vertiport_10': 10}"
162,867.0,289,12133.302741767995,1604560.4954285708,"{'Vertiport_1': 10, 'Vertiport_2': 10, 'Vertiport_3': 10, 'Vertiport_4': 10, 'Vertiport_5': 10, 'Vertiport_6': 10, 'Vertiport_7': 10, 'Vertiport_8': 10, 'Vertiport_9': 10, 'Vertiport_10': 10}"
163,783.0,261,11340.155347007982,1615900.6507755788,"{'Vertiport_1': 10, 'Vertiport_2': 10, 'Vertiport_3': 10, 'Vertiport_4': 10, 'Vertiport_5': 10, 'Vertiport_6': 10, 'Vertiport_7': 10, 'Vertiport_8': 10, 'Vertiport_9': 10, 'Vertiport_10': 10}"
164,951.0,317,13272.884319744004,1629173.5350953229,"{'Vertiport_1': 10, 'Vertiport_2': 10, 'Vertiport_3': 10, 'Vertiport_4': 10, 'Vertiport_5': 10, 'Vertiport_6': 10, 'Vertiport_7': 10, 'Vertiport_8': 10, 'Vertiport_9': 10, 'Vertiport_10': 10}"
165,861.0,287,11864.11339556799,1641037.6484908909,"{'Vertiport_1': 10, 'Vertiport_2': 10, 'Vertiport_3': 10, 'Vertiport_4': 10, 'Vertiport_5': 10, 'Vertiport_6': 10, 'Vertiport_7': 10, 'Vertiport_8': 10, 'Vertiport_9': 10, 'Vertiport_10': 10}"
166,801.0,267,10866.619285783994,1651904.2677766748,"{'Vertiport_1': 10, 'Vertiport_2': 10, 'Vertiport_3': 10, 'Vertiport_4': 10, 'Vertiport_5': 10, 'Vertiport_6': 10, 'Vertiport_7': 10, 'Vertiport_8': 10, 'Vertiport_9': 10, 'Vertiport_10': 10}"
167,798.0,266,12043.453986383993,1663947.7217630588,"{'Vertiport_1': 10, 'Vertiport_2': 10, 'Vertiport_3': 10, 'Vertiport_4': 10, 'Vertiport_5': 10, 'Vertiport_6': 10, 'Vertiport_7': 10, 'Vertiport_8': 10, 'Vertiport_9': 10, 'Vertiport_10': 10}"
168,783.0,261,11515.725681767986,1675463.4474448268,"{'Vertiport_1': 10, 'Vertiport_2': 10, 'Vertiport_3': 10, 'Vertiport_4': 10, 'Vertiport_5': 10, 'Vertiport_6': 10, 'Vertiport_7': 10, 'Vertiport_8': 10, 'Vertiport_9': 10, 'Vertiport_10': 10}"
169,822.0,274,12088.748802951986,1687552.1962477788,"{'Vertiport_1': 10, 'Vertiport_2': 10, 'Vertiport_3': 10, 'Vertiport_4': 10, 'Vertiport_5': 10, 'Vertiport_6': 10, 'Vertiport_7': 10, 'Vertiport_8': 10, 'Vertiport_9': 10, 'Vertiport_10': 10}"
170,789.0,263,12023.373707200019,1699575.5699549788,"{'Vertiport_1': 10, 'Vertiport_2': 10, 'Vertiport_3': 10, 'Vertiport_4': 10, 'Vertiport_5': 10, 'Vertiport_6': 10, 'Vertiport_7': 10, 'Vertiport_8': 10, 'Vertiport_9': 10, 'Vertiport_10': 10}"
171,783.0,261,10653.432350391975,1710229.0023053708,"{'Vertiport_1': 10, 'Vertiport_2': 10, 'Vertiport_3': 10, 'Vertiport_4': 10, 'Vertiport_5': 10, 'Vertiport_6': 10, 'Vertiport_7': 10, 'Vertiport_8': 10, 'Vertiport_9': 10, 'Vertiport_10': 10}"
172,819.0,273,12318.68894678401,1722547.6912521548,"{'Vertiport_1': 10, 'Vertiport_2': 10, 'Vertiport_3': 10, 'Vertiport_4': 10, 'Vertiport_5': 10, 'Vertiport_6': 10, 'Vertiport_7': 10, 'Vertiport_8': 10, 'Vertiport_9': 10, 'Vertiport_10': 10}"
173,726.0,242,10384.525788775989,1732932.2170409306,"{'Vertiport_1': 10, 'Vertiport_2': 10, 'Vertiport_3': 10, 'Vertiport_4': 10, 'Vertiport_5': 10, 'Vertiport_6': 10, 'Vertiport_7': 10, 'Vertiport_8': 10, 'Vertiport_9': 10, 'Vertiport_10': 10}"
174,783.0,261,11086.057351319987,1744018.2743922507,"{'Vertiport_1': 10, 'Vertiport_2': 10, 'Vertiport_3': 10, 'Vertiport_4': 10, 'Vertiport_5': 10, 'Vertiport_6': 10, 'Vertiport_7': 10, 'Vertiport_8': 10, 'Vertiport_9': 10, 'Vertiport_10': 10}"
175,750.0,250,10770.73859083199,1754789.0129830828,"{'Vertiport_1': 10, 'Vertiport_2': 10, 'Vertiport_3': 10, 'Vertiport_4': 10, 'Vertiport_5': 10, 'Vertiport_6': 10, 'Vertiport_7': 10, 'Vertiport_8': 10, 'Vertiport_9': 10, 'Vertiport_10': 10}"
176,720.0,240,10812.164409231984,1765601.177392315,"{'Vertiport_1': 10, 'Vertiport_2': 10, 'Vertiport_3': 10, 'Vertiport_4': 10, 'Vertiport_5': 10, 'Vertiport_6': 10, 'Vertiport_7': 10, 'Vertiport_8': 10, 'Vertiport_9': 10, 'Vertiport_10': 10}"
177,711.0,237,10174.407363535978,1775775.584755851,"{'Vertiport_1': 10, 'Vertiport_2': 10, 'Vertiport_3': 10, 'Vertiport_4': 10, 'Vertiport_5': 10, 'Vertiport_6': 10, 'Vertiport_7': 10, 'Vertiport_8': 10, 'Vertiport_9': 10, 'Vertiport_10': 10}"
178,657.0,219,9629.515925135987,1785405.100680987,"{'Vertiport_1': 10, 'Vertiport_2': 10, 'Vertiport_3': 10, 'Vertiport_4': 10, 'Vertiport_5': 10, 'Vertiport_6': 10, 'Vertiport_7': 10, 'Vertiport_8': 10, 'Vertiport_9': 10, 'Vertiport_10': 10}"
179,525.0,175,7777.586319239968,1793182.687000227,"{'Vertiport_1': 10, 'Vertiport_2': 10, 'Vertiport_3': 10, 'Vertiport_4': 10, 'Vertiport_5': 10, 'Vertiport_6': 10, 'Vertiport_7': 10, 'Vertiport_8': 10, 'Vertiport_9': 10, 'Vertiport_10': 10}"
180,477.0,159,6517.539007775975,1799700.2260080029,"{'Vertiport_1': 10, 'Vertiport_2': 10, 'Vertiport_3': 10, 'Vertiport_4': 10, 'Vertiport_5': 10, 'Vertiport_6': 10, 'Vertiport_7': 10, 'Vertiport_8': 10, 'Vertiport_9': 10, 'Vertiport_10': 10}"
181,453.0,151,6604.317556151975,1806304.5435641548,"{'Vertiport_1': 10, 'Vertiport_2': 10, 'Vertiport_3': 10, 'Vertiport_4': 10, 'Vertiport_5': 10, 'Vertiport_6': 10, 'Vertiport_7': 10, 'Vertiport_8': 10, 'Vertiport_9': 10, 'Vertiport_10': 10}"
182,498.0,166,7156.604218151969,1813461.1477823067,"{'Vertiport_1': 10, 'Vertiport_2': 10, 'Vertiport_3': 10, 'Vertiport_4': 10, 'Vertiport_5': 10, 'Vertiport_6': 10, 'Vertiport_7': 10, 'Vertiport_8': 10, 'Vertiport_9': 10, 'Vertiport_10': 10}"
183,504.0,168,7447.247217639972,1820908.3949999467,"{'Vertiport_1': 10, 'Vertiport_2': 10, 'Vertiport_3': 10, 'Vertiport_4': 10, 'Vertiport_5': 10, 'Vertiport_6': 10, 'Vertiport_7': 10, 'Vertiport_8': 10, 'Vertiport_9': 10, 'Vertiport_10': 10}"
184,438.0,146,6690.417501639977,1827598.8125015867,"{'Vertiport_1': 10, 'Vertiport_2': 10, 'Vertiport_3': 10, 'Vertiport_4': 10, 'Vertiport_5': 10, 'Vertiport_6': 10, 'Vertiport_7': 10, 'Vertiport_8': 10, 'Vertiport_9': 10, 'Vertiport_10': 10}"
185,348.0,116,5042.892543231987,1832641.7050448188,"{'Vertiport_1': 10, 'Vertiport_2': 10, 'Vertiport_3': 10, 'Vertiport_4': 10, 'Vertiport_5': 10, 'Vertiport_6': 10, 'Vertiport_7': 10, 'Vertiport_8': 10, 'Vertiport_9': 10, 'Vertiport_10': 10}"
186,279.0,93,4105.824872839995,1836747.5299176588,"{'Vertiport_1': 10, 'Vertiport_2': 10, 'Vertiport_3': 10, 'Vertiport_4': 10, 'Vertiport_5': 10, 'Vertiport_6': 10, 'Vertiport_7': 10, 'Vertiport_8': 10, 'Vertiport_9': 10, 'Vertiport_10': 10}"
187,318.0,106,4759.611670751993,1841507.1415884108,"{'Vertiport_1': 10, 'Vertiport_2': 10, 'Vertiport_3': 10, 'Vertiport_4': 10, 'Vertiport_5': 10, 'Vertiport_6': 10, 'Vertiport_7': 10, 'Vertiport_8': 10, 'Vertiport_9': 10, 'Vertiport_10': 10}"
188,333.0,111,5157.2406385119875,1846664.3822269228,"{'Vertiport_1': 10, 'Vertiport_2': 10, 'Vertiport_3': 10, 'Vertiport_4': 10, 'Vertiport_5': 10, 'Vertiport_6': 10, 'Vertiport_7': 10, 'Vertiport_8': 10, 'Vertiport_9': 10, 'Vertiport_10': 10}"
189,297.0,99,3873.3930353919955,1850537.7752623148,"{'Vertiport_1': 10, 'Vertiport_2': 10, 'Vertiport_3': 10, 'Vertiport_4': 10, 'Vertiport_5': 10, 'Vertiport_6': 10, 'Vertiport_7': 10, 'Vertiport_8': 10, 'Vertiport_9': 10, 'Vertiport_10': 10}"
190,240.0,80,3886.8408921039972,1854424.6161544188,"{'Vertiport_1': 10, 'Vertiport_2': 10, 'Vertiport_3': 10, 'Vertiport_4': 10, 'Vertiport_5': 10, 'Vertiport_6': 10, 'Vertiport_7': 10, 'Vertiport_8': 10, 'Vertiport_9': 10, 'Vertiport_10': 10}"
191,147.0,49,2288.0425917919997,1856712.6587462109,"{'Vertiport_1': 10, 'Vertiport_2': 10, 'Vertiport_3': 10, 'Vertiport_4': 10, 'Vertiport_5': 10, 'Vertiport_6': 10, 'Vertiport_7': 10, 'Vertiport_8': 10, 'Vertiport_9': 10, 'Vertiport_10': 10}"
192,105.0,35,1597.7706232080004,1858310.4293694189,"{'Vertiport_1': 10, 'Vertiport_2': 10, 'Vertiport_3': 10, 'Vertiport_4': 10, 'Vertiport_5': 10, 'Vertiport_6': 10, 'Vertiport_7': 10, 'Vertiport_8': 10, 'Vertiport_9': 10, 'Vertiport_10': 10}"
193,126.0,42,1767.5563463600004,1860077.9857157788,"{'Vertiport_1': 10, 'Vertiport_2': 10, 'Vertiport_3': 10, 'Vertiport_4': 10, 'Vertiport_5': 10, 'Vertiport_6': 10, 'Vertiport_7': 10, 'Vertiport_8': 10, 'Vertiport_9': 10, 'Vertiport_10': 10}"
194,120.0,40,1922.1514359200005,1862000.1371516988,"{'Vertiport_1': 10, 'Vertiport_2': 10, 'Vertiport_3': 10, 'Vertiport_4': 10, 'Vertiport_5': 10, 'Vertiport_6': 10, 'Vertiport_7': 10, 'Vertiport_8': 10, 'Vertiport_9': 10, 'Vertiport_10': 10}"
195,132.0,44,1893.079337848,1863893.2164895467,"{'Vertiport_1': 10, 'Vertiport_2': 10, 'Vertiport_3': 10, 'Vertiport_4': 10, 'Vertiport_5': 10, 'Vertiport_6': 10, 'Vertiport_7': 10, 'Vertiport_8': 10, 'Vertiport_9': 10, 'Vertiport_10': 10}"
196,147.0,49,1985.664720624,1865878.8812101707,"{'Vertiport_1': 10, 'Vertiport_2': 10, 'Vertiport_3': 10, 'Vertiport_4': 10, 'Vertiport_5': 10, 'Vertiport_6': 10, 'Vertiport_7': 10, 'Vertiport_8': 10, 'Vertiport_9': 10, 'Vertiport_10': 10}"
197,141.0,47,2288.0061210639997,1868166.8873312348,"{'Vertiport_1': 10, 'Vertiport_2': 10, 'Vertiport_3': 10, 'Vertiport_4': 10, 'Vertiport_5': 10, 'Vertiport_6': 10, 'Vertiport_7': 10, 'Vertiport_8': 10, 'Vertiport_9': 10, 'Vertiport_10': 10}"
198,168.0,56,2684.8395121199997,1870851.7268433548,"{'Vertiport_1': 10, 'Vertiport_2': 10, 'Vertiport_3': 10, 'Vertiport_4': 10, 'Vertiport_5': 10, 'Vertiport_6': 10, 'Vertiport_7': 10, 'Vertiport_8': 10, 'Vertiport_9': 10, 'Vertiport_10': 10}"
199,210.0,70,3233.3863136239993,1874085.1131569787,"{'Vertiport_1': 10, 'Vertiport_2': 10, 'Vertiport_3': 10, 'Vertiport_4': 10, 'Vertiport_5': 10, 'Vertiport_6': 10, 'Vertiport_7': 10, 'Vertiport_8': 10, 'Vertiport_9': 10, 'Vertiport_10': 10}"
200,201.0,67,2927.4862813839986,1877012.5994383628,"{'Vertiport_1': 10, 'Vertiport_2': 10, 'Vertiport_3': 10, 'Vertiport_4': 10, 'Vertiport_5': 10, 'Vertiport_6': 10, 'Vertiport_7': 10, 'Vertiport_8': 10, 'Vertiport_9': 10, 'Vertiport_10': 10}"
201,156.0,52,2748.2592334000005,1879760.8586717627,"{'Vertiport_1': 10, 'Vertiport_2': 10, 'Vertiport_3': 10, 'Vertiport_4': 10, 'Vertiport_5': 10, 'Vertiport_6': 10, 'Vertiport_7': 10, 'Vertiport_8': 10, 'Vertiport_9': 10, 'Vertiport_10': 10}"
202,204.0,68,3056.422662607999,1882817.2813343708,"{'Vertiport_1': 10, 'Vertiport_2': 10, 'Vertiport_3': 10, 'Vertiport_4': 10, 'Vertiport_5': 10, 'Vertiport_6': 10, 'Vertiport_7': 10, 'Vertiport_8': 10, 'Vertiport_9': 10, 'Vertiport_10': 10}"
203,258.0,86,3513.5900630879983,1886330.871397459,"{'Vertiport_1': 10, 'Vertiport_2': 10, 'Vertiport_3': 10, 'Vertiport_4': 10, 'Vertiport_5': 10, 'Vertiport_6': 10, 'Vertiport_7': 10, 'Vertiport_8': 10, 'Vertiport_9': 10, 'Vertiport_10': 10}"
204,321.0,107,4447.559277511991,1890778.4306749708,"{'Vertiport_1': 10, 'Vertiport_2': 10, 'Vertiport_3': 10, 'Vertiport_4': 10, 'Vertiport_5': 10, 'Vertiport_6': 10, 'Vertiport_7': 10, 'Vertiport_8': 10, 'Vertiport_9': 10, 'Vertiport_10': 10}"
205,324.0,108,4689.488296175993,1895467.918971147,"{'Vertiport_1': 10, 'Vertiport_2': 10, 'Vertiport_3': 10, 'Vertiport_4': 10, 'Vertiport_5': 10, 'Vertiport_6': 10, 'Vertiport_7': 10, 'Vertiport_8': 10, 'Vertiport_9': 10, 'Vertiport_10': 10}"
206,333.0,111,4613.729385975993,1900081.648357123,"{'Vertiport_1': 10, 'Vertiport_2': 10, 'Vertiport_3': 10, 'Vertiport_4': 10, 'Vertiport_5': 10, 'Vertiport_6': 10, 'Vertiport_7': 10, 'Vertiport_8': 10, 'Vertiport_9': 10, 'Vertiport_10': 10}"
207,384.0,128,6347.2650275439755,1906428.913384667,"{'Vertiport_1': 10, 'Vertiport_2': 10, 'Vertiport_3': 10, 'Vertiport_4': 10, 'Vertiport_5': 10, 'Vertiport_6': 10, 'Vertiport_7': 10, 'Vertiport_8': 10, 'Vertiport_9': 10, 'Vertiport_10': 10}"
208,438.0,146,6482.724453535976,1912911.6378382028,"{'Vertiport_1': 10, 'Vertiport_2': 10, 'Vertiport_3': 10, 'Vertiport_4': 10, 'Vertiport_5': 10, 'Vertiport_6': 10, 'Vertiport_7': 10, 'Vertiport_8': 10, 'Vertiport_9': 10, 'Vertiport_10': 10}"
209,423.0,141,6221.30424246398,1919132.9420806668,"{'Vertiport_1': 10, 'Vertiport_2': 10, 'Vertiport_3': 10, 'Vertiport_4': 10, 'Vertiport_5': 10, 'Vertiport_6': 10, 'Vertiport_7': 10, 'Vertiport_8': 10, 'Vertiport_9': 10, 'Vertiport_10': 10}"
210,456.0,152,6785.056341519977,1925917.9984221868,"{'Vertiport_1': 10, 'Vertiport_2': 10, 'Vertiport_3': 10, 'Vertiport_4': 10, 'Vertiport_5': 10, 'Vertiport_6': 10, 'Vertiport_7': 10, 'Vertiport_8': 10, 'Vertiport_9': 10, 'Vertiport_10': 10}"
211,504.0,168,7187.235573727972,1933105.2339959147,"{'Vertiport_1': 10, 'Vertiport_2': 10, 'Vertiport_3': 10, 'Vertiport_4': 10, 'Vertiport_5': 10, 'Vertiport_6': 10, 'Vertiport_7': 10, 'Vertiport_8': 10, 'Vertiport_9': 10, 'Vertiport_10': 10}"
212,615.0,205,9252.927015391982,1942358.1610113066,"{'Vertiport_1': 10, 'Vertiport_2': 10, 'Vertiport_3': 10, 'Vertiport_4': 10, 'Vertiport_5': 10, 'Vertiport_6': 10, 'Vertiport_7': 10, 'Vertiport_8': 10, 'Vertiport_9': 10, 'Vertiport_10': 10}"
213,576.0,192,8764.695017751981,1951122.8560290586,"{'Vertiport_1': 10, 'Vertiport_2': 10, 'Vertiport_3': 10, 'Vertiport_4': 10, 'Vertiport_5': 10, 'Vertiport_6': 10, 'Vertiport_7': 10, 'Vertiport_8': 10, 'Vertiport_9': 10, 'Vertiport_10': 10}"
214,630.0,210,9489.917390135988,1960612.7734191946,"{'Vertiport_1': 10, 'Vertiport_2': 10, 'Vertiport_3': 10, 'Vertiport_4': 10, 'Vertiport_5': 10, 'Vertiport_6': 10, 'Vertiport_7': 10, 'Vertiport_8': 10, 'Vertiport_9': 10, 'Vertiport_10': 10}"
215,663.0,221,9667.689150919976,1970280.4625701145,"{'Vertiport_1': 10, 'Vertiport_2': 10, 'Vertiport_3': 10, 'Vertiport_4': 10, 'Vertiport_5': 10, 'Vertiport_6': 10, 'Vertiport_7': 10, 'Vertiport_8': 10, 'Vertiport_9': 10, 'Vertiport_10': 10}"
216,741.0,247,10540.657739847982,1980821.1203099624,"{'Vertiport_1': 10, 'Vertiport_2': 10, 'Vertiport_3': 10, 'Vertiport_4': 10, 'Vertiport_5': 10, 'Vertiport_6': 10, 'Vertiport_7': 10, 'Vertiport_8': 10, 'Vertiport_9': 10, 'Vertiport_10': 10}"
217,753.0,251,11049.654322095988,1991870.7746320583,"{'Vertiport_1': 10, 'Vertiport_2': 10, 'Vertiport_3': 10, 'Vertiport_4': 10, 'Vertiport_5': 10, 'Vertiport_6': 10, 'Vertiport_7': 10, 'Vertiport_8': 10, 'Vertiport_9': 10, 'Vertiport_10': 10}"
218,657.0,219,9037.10835551997,2000907.8829875784,"{'Vertiport_1': 10, 'Vertiport_2': 10, 'Vertiport_3': 10, 'Vertiport_4': 10, 'Vertiport_5': 10, 'Vertiport_6': 10, 'Vertiport_7': 10, 'Vertiport_8': 10, 'Vertiport_9': 10, 'Vertiport_10': 10}"
219,657.0,219,9713.913062447975,2010621.7960500263,"{'Vertiport_1': 10, 'Vertiport_2': 10, 'Vertiport_3': 10, 'Vertiport_4': 10, 'Vertiport_5': 10, 'Vertiport_6': 10, 'Vertiport_7': 10, 'Vertiport_8': 10, 'Vertiport_9': 10, 'Vertiport_10': 10}"
220,702.0,234,9854.951374287979,2020476.7474243143,"{'Vertiport_1': 10, 'Vertiport_2': 10, 'Vertiport_3': 10, 'Vertiport_4': 10, 'Vertiport_5': 10, 'Vertiport_6': 10, 'Vertiport_7': 10, 'Vertiport_8': 10, 'Vertiport_9': 10, 'Vertiport_10': 10}"
221,780.0,260,11382.87900021599,2031859.6264245303,"{'Vertiport_1': 10, 'Vertiport_2': 10, 'Vertiport_3': 10, 'Vertiport_4': 10, 'Vertiport_5': 10, 'Vertiport_6': 10, 'Vertiport_7': 10, 'Vertiport_8': 10, 'Vertiport_9': 10, 'Vertiport_10': 10}"
222,630.0,210,9296.494112343975,2041156.1205368743,"{'Vertiport_1': 10, 'Vertiport_2': 10, 'Vertiport_3': 10, 'Vertiport_4': 10, 'Vertiport_5': 10, 'Vertiport_6': 10, 'Vertiport_7': 10, 'Vertiport_8': 10, 'Vertiport_9': 10, 'Vertiport_10': 10}"
223,618.0,206,8053.946684167962,2049210.0672210422,"{'Vertiport_1': 10, 'Vertiport_2': 10, 'Vertiport_3': 10, 'Vertiport_4': 10, 'Vertiport_5': 10, 'Vertiport_6': 10, 'Vertiport_7': 10, 'Vertiport_8': 10, 'Vertiport_9': 10, 'Vertiport_10': 10}"
224,681.0,227,10018.950768327984,2059229.0179893703,"{'Vertiport_1': 10, 'Vertiport_2': 10, 'Vertiport_3': 10, 'Vertiport_4': 10, 'Vertiport_5': 10, 'Vertiport_6': 10, 'Vertiport_7': 10, 'Vertiport_8': 10, 'Vertiport_9': 10, 'Vertiport_10': 10}"
225,651.0,217,9217.312229583971,2068446.3302189542,"{'Vertiport_1': 10, 'Vertiport_2': 10, 'Vertiport_3': 10, 'Vertiport_4': 10, 'Vertiport_5': 10, 'Vertiport_6': 10, 'Vertiport_7': 10, 'Vertiport_8': 10, 'Vertiport_9': 10, 'Vertiport_10': 10}"
226,624.0,208,9122.552864711972,2077568.8830836662,"{'Vertiport_1': 10, 'Vertiport_2': 10, 'Vertiport_3': 10, 'Vertiport_4': 10, 'Vertiport_5': 10, 'Vertiport_6': 10, 'Vertiport_7': 10, 'Vertiport_8': 10, 'Vertiport_9': 10, 'Vertiport_10': 10}"
227,657.0,219,9172.893989447966,2086741.7770731142,"{'Vertiport_1': 10, 'Vertiport_2': 10, 'Vertiport_3': 10, 'Vertiport_4': 10, 'Vertiport_5': 10, 'Vertiport_6': 10, 'Vertiport_7': 10, 'Vertiport_8': 10, 'Vertiport_9': 10, 'Vertiport_10': 10}"
228,696.0,232,9901.554518511984,2096643.3315916262,"{'Vertiport_1': 10, 'Vertiport_2': 10, 'Vertiport_3': 10, 'Vertiport_4': 10, 'Vertiport_5': 10, 'Vertiport_6': 10, 'Vertiport_7': 10, 'Vertiport_8': 10, 'Vertiport_9': 10, 'Vertiport_10': 10}"
229,750.0,250,10703.461638631985,2107346.793230258,"{'Vertiport_1': 10, 'Vertiport_2': 10, 'Vertiport_3': 10, 'Vertiport_4': 10, 'Vertiport_5': 10, 'Vertiport_6': 10, 'Vertiport_7': 10, 'Vertiport_8': 10, 'Vertiport_9': 10, 'Vertiport_10': 10}"
230,657.0,219,9274.209962311978,2116621.00319257,"{'Vertiport_1': 10, 'Vertiport_2': 10, 'Vertiport_3': 10, 'Vertiport_4': 10, 'Vertiport_5': 10, 'Vertiport_6': 10, 'Vertiport_7': 10, 'Vertiport_8': 10, 'Vertiport_9': 10, 'Vertiport_10': 10}"
231,675.0,225,9552.97721972797,2126173.980412298,"{'Vertiport_1': 10, 'Vertiport_2': 10, 'Vertiport_3': 10, 'Vertiport_4': 10, 'Vertiport_5': 10, 'Vertiport_6': 10, 'Vertiport_7': 10, 'Vertiport_8': 10, 'Vertiport_9': 10, 'Vertiport_10': 10}"
232,621.0,207,9174.72372185598,2135348.7041341537,"{'Vertiport_1': 10, 'Vertiport_2': 10, 'Vertiport_3': 10, 'Vertiport_4': 10, 'Vertiport_5': 10, 'Vertiport_6': 10, 'Vertiport_7': 10, 'Vertiport_8': 10, 'Vertiport_9': 10, 'Vertiport_10': 10}"
233,621.0,207,9088.084793751977,2144436.7889279057,"{'Vertiport_1': 10, 'Vertiport_2': 10, 'Vertiport_3': 10, 'Vertiport_4': 10, 'Vertiport_5': 10, 'Vertiport_6': 10, 'Vertiport_7': 10, 'Vertiport_8': 10, 'Vertiport_9': 10, 'Vertiport_10': 10}"
234,681.0,227,9798.753673351977,2154235.5426012576,"{'Vertiport_1': 10, 'Vertiport_2': 10, 'Vertiport_3': 10, 'Vertiport_4': 10, 'Vertiport_5': 10, 'Vertiport_6': 10, 'Vertiport_7': 10, 'Vertiport_8': 10, 'Vertiport_9': 10, 'Vertiport_10': 10}"
235,603.0,201,8096.824535871963,2162332.3671371294,"{'Vertiport_1': 10, 'Vertiport_2': 10, 'Vertiport_3': 10, 'Vertiport_4': 10, 'Vertiport_5': 10, 'Vertiport_6': 10, 'Vertiport_7': 10, 'Vertiport_8': 10, 'Vertiport_9': 10, 'Vertiport_10': 10}"
236,636.0,212,8858.523539727974,2171190.8906768574,"{'Vertiport_1': 10, 'Vertiport_2': 10, 'Vertiport_3': 10, 'Vertiport_4': 10, 'Vertiport_5': 10, 'Vertiport_6': 10, 'Vertiport_7': 10, 'Vertiport_8': 10, 'Vertiport_9': 10, 'Vertiport_10': 10}"
237,540.0,180,7297.128501815971,2178488.0191786736,"{'Vertiport_1': 10, 'Vertiport_2': 10, 'Vertiport_3': 10, 'Vertiport_4': 10, 'Vertiport_5': 10, 'Vertiport_6': 10, 'Vertiport_7': 10, 'Vertiport_8': 10, 'Vertiport_9': 10, 'Vertiport_10': 10}"
238,546.0,182,7557.832905999967,2186045.8520846735,"{'Vertiport_1': 10, 'Vertiport_2': 10, 'Vertiport_3': 10, 'Vertiport_4': 10, 'Vertiport_5': 10, 'Vertiport_6': 10, 'Vertiport_7': 10, 'Vertiport_8': 10, 'Vertiport_9': 10, 'Vertiport_10': 10}"
239,612.0,204,8574.79555839197,2194620.6476430655,"{'Vertiport_1': 10, 'Vertiport_2': 10, 'Vertiport_3': 10, 'Vertiport_4': 10, 'Vertiport_5': 10, 'Vertiport_6': 10, 'Vertiport_7': 10, 'Vertiport_8': 10, 'Vertiport_9': 10, 'Vertiport_10': 10}"
240,546.0,182,7922.48488043997,2202543.1325235055,"{'Vertiport_1': 10, 'Vertiport_2': 10, 'Vertiport_3': 10, 'Vertiport_4': 10, 'Vertiport_5': 10, 'Vertiport_6': 10, 'Vertiport_7': 10, 'Vertiport_8': 10, 'Vertiport_9': 10, 'Vertiport_10': 10}"
241,501.0,167,7784.372237335976,2210327.5047608414,"{'Vertiport_1': 10, 'Vertiport_2': 10, 'Vertiport_3': 10, 'Vertiport_4': 10, 'Vertiport_5': 10, 'Vertiport_6': 10, 'Vertiport_7': 10, 'Vertiport_8': 10, 'Vertiport_9': 10, 'Vertiport_10': 10}"
242,504.0,168,7114.908515303971,2217442.4132761452,"{'Vertiport_1': 10, 'Vertiport_2': 10, 'Vertiport_3': 10, 'Vertiport_4': 10, 'Vertiport_5': 10, 'Vertiport_6': 10, 'Vertiport_7': 10, 'Vertiport_8': 10, 'Vertiport_9': 10, 'Vertiport_10': 10}"
243,504.0,168,7249.9414783839775,2224692.3547545294,"{'Vertiport_1': 10, 'Vertiport_2': 10, 'Vertiport_3': 10, 'Vertiport_4': 10, 'Vertiport_5': 10, 'Vertiport_6': 10, 'Vertiport_7': 10, 'Vertiport_8': 10, 'Vertiport_9': 10, 'Vertiport_10': 10}"
244,519.0,173,7352.904367175972,2232045.2591217053,"{'Vertiport_1': 10, 'Vertiport_2': 10, 'Vertiport_3': 10, 'Vertiport_4': 10, 'Vertiport_5': 10, 'Vertiport_6': 10, 'Vertiport_7': 10, 'Vertiport_8': 10, 'Vertiport_9': 10, 'Vertiport_10': 10}"
245,576.0,192,7863.738146303967,2239908.9972680095,"{'Vertiport_1': 10, 'Vertiport_2': 10, 'Vertiport_3': 10, 'Vertiport_4': 10, 'Vertiport_5': 10, 'Vertiport_6': 10, 'Vertiport_7': 10, 'Vertiport_8': 10, 'Vertiport_9': 10, 'Vertiport_10': 10}"
246,531.0,177,7551.068981647971,2247460.0662496574,"{'Vertiport_1': 10, 'Vertiport_2': 10, 'Vertiport_3': 10, 'Vertiport_4': 10, 'Vertiport_5': 10, 'Vertiport_6': 10, 'Vertiport_7': 10, 'Vertiport_8': 10, 'Vertiport_9': 10, 'Vertiport_10': 10}"
247,540.0,180,7676.64684578397,2255136.7130954415,"{'Vertiport_1': 10, 'Vertiport_2': 10, 'Vertiport_3': 10, 'Vertiport_4': 10, 'Vertiport_5': 10, 'Vertiport_6': 10, 'Vertiport_7': 10, 'Vertiport_8': 10, 'Vertiport_9': 10, 'Vertiport_10': 10}"
248,540.0,180,7712.521246287975,2262849.2343417294,"{'Vertiport_1': 10, 'Vertiport_2': 10, 'Vertiport_3': 10, 'Vertiport_4': 10, 'Vertiport_5': 10, 'Vertiport_6': 10, 'Vertiport_7': 10, 'Vertiport_8': 10, 'Vertiport_9': 10, 'Vertiport_10': 10}"
249,573.0,191,8272.530206927968,2271121.7645486575,"{'Vertiport_1': 10, 'Vertiport_2': 10, 'Vertiport_3': 10, 'Vertiport_4': 10, 'Vertiport_5': 10, 'Vertiport_6': 10, 'Vertiport_7': 10, 'Vertiport_8': 10, 'Vertiport_9': 10, 'Vertiport_10': 10}"
250,573.0,191,8063.213912999971,2279184.9784616577,"{'Vertiport_1': 10, 'Vertiport_2': 10, 'Vertiport_3': 10, 'Vertiport_4': 10, 'Vertiport_5': 10, 'Vertiport_6': 10, 'Vertiport_7': 10, 'Vertiport_8': 10, 'Vertiport_9': 10, 'Vertiport_10': 10}"
251,606.0,202,8556.158519055973,2287741.136980714,"{'Vertiport_1': 10, 'Vertiport_2': 10, 'Vertiport_3': 10, 'Vertiport_4': 10, 'Vertiport_5': 10, 'Vertiport_6': 10, 'Vertiport_7': 10, 'Vertiport_8': 10, 'Vertiport_9': 10, 'Vertiport_10': 10}"
252,702.0,234,10329.226498567996,2298070.363479282,"{'Vertiport_1': 10, 'Vertiport_2': 10, 'Vertiport_3': 10, 'Vertiport_4': 10, 'Vertiport_5': 10, 'Vertiport_6': 10, 'Vertiport_7': 10, 'Vertiport_8': 10, 'Vertiport_9': 10, 'Vertiport_10': 10}"
253,669.0,223,9554.965084607975,2307625.32856389,"{'Vertiport_1': 10, 'Vertiport_2': 10, 'Vertiport_3': 10, 'Vertiport_4': 10, 'Vertiport_5': 10, 'Vertiport_6': 10, 'Vertiport_7': 10, 'Vertiport_8': 10, 'Vertiport_9': 10, 'Vertiport_10': 10}"
254,684.0,228,10270.559091327987,2317895.887655218,"{'Vertiport_1': 10, 'Vertiport_2': 10, 'Vertiport_3': 10, 'Vertiport_4': 10, 'Vertiport_5': 10, 'Vertiport_6': 10, 'Vertiport_7': 10, 'Vertiport_8': 10, 'Vertiport_9': 10, 'Vertiport_10': 10}"
255,726.0,242,10523.060371751997,2328418.94802697,"{'Vertiport_1': 10, 'Vertiport_2': 10, 'Vertiport_3': 10, 'Vertiport_4': 10, 'Vertiport_5': 10, 'Vertiport_6': 10, 'Vertiport_7': 10, 'Vertiport_8': 10, 'Vertiport_9': 10, 'Vertiport_10': 10}"
256,693.0,231,9859.489165791972,2338278.437192762,"{'Vertiport_1': 10, 'Vertiport_2': 10, 'Vertiport_3': 10, 'Vertiport_4': 10, 'Vertiport_5': 10, 'Vertiport_6': 10, 'Vertiport_7': 10, 'Vertiport_8': 10, 'Vertiport_9': 10, 'Vertiport_10': 10}"
257,756.0,252,10379.850925199979,2348658.288117962,"{'Vertiport_1': 10, 'Vertiport_2': 10, 'Vertiport_3': 10, 'Vertiport_4': 10, 'Vertiport_5': 10, 'Vertiport_6': 10, 'Vertiport_7': 10, 'Vertiport_8': 10, 'Vertiport_9': 10, 'Vertiport_10': 10}"
258,762.0,254,10767.685635736001,2359425.973753698,"{'Vertiport_1': 10, 'Vertiport_2': 10, 'Vertiport_3': 10, 'Vertiport_4': 10, 'Vertiport_5': 10, 'Vertiport_6': 10, 'Vertiport_7': 10, 'Vertiport_8': 10, 'Vertiport_9': 10, 'Vertiport_10': 10}"
259,768.0,256,11250.220756935993,2370676.194510634,"{'Vertiport_1': 10, 'Vertiport_2': 10, 'Vertiport_3': 10, 'Vertiport_4': 10, 'Vertiport_5': 10, 'Vertiport_6': 10, 'Vertiport_7': 10, 'Vertiport_8': 10, 'Vertiport_9': 10, 'Vertiport_10': 10}"
260,774.0,258,10612.900904159995,2381289.095414794,"{'Vertiport_1': 10, 'Vertiport_2': 10, 'Vertiport_3': 10, 'Vertiport_4': 10, 'Vertiport_5': 10, 'Vertiport_6': 10, 'Vertiport_7': 10, 'Vertiport_8': 10, 'Vertiport_9': 10, 'Vertiport_10': 10}"
261,819.0,273,11297.806955215989,2392586.90237001,"{'Vertiport_1': 10, 'Vertiport_2': 10, 'Vertiport_3': 10, 'Vertiport_4': 10, 'Vertiport_5': 10, 'Vertiport_6': 10, 'Vertiport_7': 10, 'Vertiport_8': 10, 'Vertiport_9': 10, 'Vertiport_10': 10}"
262,849.0,283,11113.834982335982,2403700.737352346,"{'Vertiport_1': 10, 'Vertiport_2': 10, 'Vertiport_3': 10, 'Vertiport_4': 10, 'Vertiport_5': 10, 'Vertiport_6': 10, 'Vertiport_7': 10, 'Vertiport_8': 10, 'Vertiport_9': 10, 'Vertiport_10': 10}"
263,819.0,273,11815.50044379999,2415516.237796146,"{'Vertiport_1': 10, 'Vertiport_2': 10, 'Vertiport_3': 10, 'Vertiport_4': 10, 'Vertiport_5': 10, 'Vertiport_6': 10, 'Vertiport_7': 10, 'Vertiport_8': 10, 'Vertiport_9': 10, 'Vertiport_10': 10}"
264,783.0,261,10969.67135064799,2426485.909146794,"{'Vertiport_1': 10, 'Vertiport_2': 10, 'Vertiport_3': 10, 'Vertiport_4': 10, 'Vertiport_5': 10, 'Vertiport_6': 10, 'Vertiport_7': 10, 'Vertiport_8': 10, 'Vertiport_9': 10, 'Vertiport_10': 10}"
265,702.0,234,10413.197822152002,2436899.1069689463,"{'Vertiport_1': 10, 'Vertiport_2': 10, 'Vertiport_3': 10, 'Vertiport_4': 10, 'Vertiport_5': 10, 'Vertiport_6': 10, 'Vertiport_7': 10, 'Vertiport_8': 10, 'Vertiport_9': 10, 'Vertiport_10': 10}"
266,723.0,241,10015.89074750399,2446914.99771645,"{'Vertiport_1': 10, 'Vertiport_2': 10, 'Vertiport_3': 10, 'Vertiport_4': 10, 'Vertiport_5': 10, 'Vertiport_6': 10, 'Vertiport_7': 10, 'Vertiport_8': 10, 'Vertiport_9': 10, 'Vertiport_10': 10}"
267,699.0,233,10400.194871103982,2457315.192587554,"{'Vertiport_1': 10, 'Vertiport_2': 10, 'Vertiport_3': 10, 'Vertiport_4': 10, 'Vertiport_5': 10, 'Vertiport_6': 10, 'Vertiport_7': 10, 'Vertiport_8': 10, 'Vertiport_9': 10, 'Vertiport_10': 10}"
268,696.0,232,10399.835940807987,2467715.028528362,"{'Vertiport_1': 10, 'Vertiport_2': 10, 'Vertiport_3': 10, 'Vertiport_4': 10, 'Vertiport_5': 10, 'Vertiport_6': 10, 'Vertiport_7': 10, 'Vertiport_8': 10, 'Vertiport_9': 10, 'Vertiport_10': 10}"
269,735.0,245,10781.605988207983,2478496.6345165703,"{'Vertiport_1': 10, 'Vertiport_2': 10, 'Vertiport_3': 10, 'Vertiport_4': 10, 'Vertiport_5': 10, 'Vertiport_6': 10, 'Vertiport_7': 10, 'Vertiport_8': 10, 'Vertiport_9': 10, 'Vertiport_10': 10}"
270,657.0,219,9307.310871647982,2487803.9453882184,"{'Vertiport_1': 10, 'Vertiport_2': 10, 'Vertiport_3': 10, 'Vertiport_4': 10, 'Vertiport_5': 10, 'Vertiport_6': 10, 'Vertiport_7': 10, 'Vertiport_8': 10, 'Vertiport_9': 10, 'Vertiport_10': 10}"
271,639.0,213,8547.630394399977,2496351.5757826185,"{'Vertiport_1': 10, 'Vertiport_2': 10, 'Vertiport_3': 10, 'Vertiport_4': 10, 'Vertiport_5': 10, 'Vertiport_6': 10, 'Vertiport_7': 10, 'Vertiport_8': 10, 'Vertiport_9': 10, 'Vertiport_10': 10}"
272,579.0,193,8240.309201815966,2504591.8849844346,"{'Vertiport_1': 10, 'Vertiport_2': 10, 'Vertiport_3': 10, 'Vertiport_4': 10, 'Vertiport_5': 10, 'Vertiport_6': 10, 'Vertiport_7': 10, 'Vertiport_8': 10, 'Vertiport_9': 10, 'Vertiport_10': 10}"
273,543.0,181,7873.090388903963,2512464.9753733384,"{'Vertiport_1': 10, 'Vertiport_2': 10, 'Vertiport_3': 10, 'Vertiport_4': 10, 'Vertiport_5': 10, 'Vertiport_6': 10, 'Vertiport_7': 10, 'Vertiport_8': 10, 'Vertiport_9': 10, 'Vertiport_10': 10}"
274,552.0,184,7868.12262348797,2520333.0979968263,"{'Vertiport_1': 10, 'Vertiport_2': 10, 'Vertiport_3': 10, 'Vertiport_4': 10, 'Vertiport_5': 10, 'Vertiport_6': 10, 'Vertiport_7': 10, 'Vertiport_8': 10, 'Vertiport_9': 10, 'Vertiport_10': 10}"
275,471.0,157,6849.936380815973,2527183.0343776424,"{'Vertiport_1': 10, 'Vertiport_2': 10, 'Vertiport_3': 10, 'Vertiport_4': 10, 'Vertiport_5': 10, 'Vertiport_6': 10, 'Vertiport_7': 10, 'Vertiport_8': 10, 'Vertiport_9': 10, 'Vertiport_10': 10}"
276,528.0,176,7165.697672511973,2534348.7320501544,"{'Vertiport_1': 10, 'Vertiport_2': 10, 'Vertiport_3': 10, 'Vertiport_4': 10, 'Vertiport_5': 10, 'Vertiport_6': 10, 'Vertiport_7': 10, 'Vertiport_8': 10, 'Vertiport_9': 10, 'Vertiport_10': 10}"
277,423.0,141,6448.8782123359815,2540797.6102624903,"{'Vertiport_1': 10, 'Vertiport_2': 10, 'Vertiport_3': 10, 'Vertiport_4': 10, 'Vertiport_5': 10, 'Vertiport_6': 10, 'Vertiport_7': 10, 'Vertiport_8': 10, 'Vertiport_9': 10, 'Vertiport_10': 10}"
278,369.0,123,5949.033212199982,2546746.64347469,"{'Vertiport_1': 10, 'Vertiport_2': 10, 'Vertiport_3': 10, 'Vertiport_4': 10, 'Vertiport_5': 10, 'Vertiport_6': 10, 'Vertiport_7': 10, 'Vertiport_8': 10, 'Vertiport_9': 10, 'Vertiport_10': 10}"
279,321.0,107,4798.959328567988,2551545.602803258,"{'Vertiport_1': 10, 'Vertiport_2': 10, 'Vertiport_3': 10, 'Vertiport_4': 10, 'Vertiport_5': 10, 'Vertiport_6': 10, 'Vertiport_7': 10, 'Vertiport_8': 10, 'Vertiport_9': 10, 'Vertiport_10': 10}"
280,309.0,103,5017.97601237599,2556563.5788156344,"{'Vertiport_1': 10, 'Vertiport_2': 10, 'Vertiport_3': 10, 'Vertiport_4': 10, 'Vertiport_5': 10, 'Vertiport_6': 10, 'Vertiport_7': 10, 'Vertiport_8': 10, 'Vertiport_9': 10, 'Vertiport_10': 10}"
281,228.0,76,3406.5840994159976,2559970.1629150505,"{'Vertiport_1': 10, 'Vertiport_2': 10, 'Vertiport_3': 10, 'Vertiport_4': 10, 'Vertiport_5': 10, 'Vertiport_6': 10, 'Vertiport_7': 10, 'Vertiport_8': 10, 'Vertiport_9': 10, 'Vertiport_10': 10}"
282,189.0,63,2756.7521343599997,2562726.9150494104,"{'Vertiport_1': 10, 'Vertiport_2': 10, 'Vertiport_3': 10, 'Vertiport_4': 10, 'Vertiport_5': 10, 'Vertiport_6': 10, 'Vertiport_7': 10, 'Vertiport_8': 10, 'Vertiport_9': 10, 'Vertiport_10': 10}"
283,228.0,76,3677.6431329039983,2566404.5581823145,"{'Vertiport_1': 10, 'Vertiport_2': 10, 'Vertiport_3': 10, 'Vertiport_4': 10, 'Vertiport_5': 10, 'Vertiport_6': 10, 'Vertiport_7': 10, 'Vertiport_8': 10, 'Vertiport_9': 10, 'Vertiport_10': 10}"
284,243.0,81,3405.2471960399967,2569809.8053783546,"{'Vertiport_1': 10, 'Vertiport_2': 10, 'Vertiport_3': 10, 'Vertiport_4': 10, 'Vertiport_5': 10, 'Vertiport_6': 10, 'Vertiport_7': 10, 'Vertiport_8': 10, 'Vertiport_9': 10, 'Vertiport_10': 10}"
285,219.0,73,3135.4693397679994,2572945.2747181226,"{'Vertiport_1': 10, 'Vertiport_2': 10, 'Vertiport_3': 10, 'Vertiport_4': 10, 'Vertiport_5': 10, 'Vertiport_6': 10, 'Vertiport_7': 10, 'Vertiport_8': 10, 'Vertiport_9': 10, 'Vertiport_10': 10}"
286,153.0,51,1936.216340648,2574881.4910587706,"{'Vertiport_1': 10, 'Vertiport_2': 10, 'Vertiport_3': 10, 'Vertiport_4': 10, 'Vertiport_5': 10, 'Vertiport_6': 10, 'Vertiport_7': 10, 'Vertiport_8': 10, 'Vertiport_9': 10, 'Vertiport_10': 10}"
287,153.0,51,2730.2295729759994,2577611.7206317466,"{'Vertiport_1': 10, 'Vertiport_2': 10, 'Vertiport_3': 10, 'Vertiport_4': 10, 'Vertiport_5': 10, 'Vertiport_6': 10, 'Vertiport_7': 10, 'Vertiport_8': 10, 'Vertiport_9': 10, 'Vertiport_10': 10}"
288,90.0,30,1352.873800552,2578964.5944322986,"{'Vertiport_1': 10, 'Vertiport_2': 10, 'Vertiport_3': 10, 'Vertiport_4': 10, 'Vertiport_5': 10, 'Vertiport_6': 10, 'Vertiport_7': 10, 'Vertiport_8': 10, 'Vertiport_9': 10, 'Vertiport_10': 10}"
289,78.0,26,1155.5402497759999,2580120.1346820747,"{'Vertiport_1': 10, 'Vertiport_2': 10, 'Vertiport_3': 10, 'Vertiport_4': 10, 'Vertiport_5': 10, 'Vertiport_6': 10, 'Vertiport_7': 10, 'Vertiport_8': 10, 'Vertiport_9': 10, 'Vertiport_10': 10}"
290,87.0,29,1297.938974944,2581418.0736570186,"{'Vertiport_1': 10, 'Vertiport_2': 10, 'Vertiport_3': 10, 'Vertiport_4': 10, 'Vertiport_5': 10, 'Vertiport_6': 10, 'Vertiport_7': 10, 'Vertiport_8': 10, 'Vertiport_9': 10, 'Vertiport_10': 10}"
291,81.0,27,1148.890698056,2582566.964355075,"{'Vertiport_1': 10, 'Vertiport_2': 10, 'Vertiport_3': 10, 'Vertiport_4': 10, 'Vertiport_5': 10, 'Vertiport_6': 10, 'Vertiport_7': 10, 'Vertiport_8': 10, 'Vertiport_9': 10, 'Vertiport_10': 10}"
292,81.0,27,1213.2879117200005,2583780.252266795,"{'Vertiport_1': 10, 'Vertiport_2': 10, 'Vertiport_3': 10, 'Vertiport_4': 10, 'Vertiport_5': 10, 'Vertiport_6': 10, 'Vertiport_7': 10, 'Vertiport_8': 10, 'Vertiport_9': 10, 'Vertiport_10': 10}"
293,57.0,19,1052.4641852240002,2584832.716452019,"{'Vertiport_1': 10, 'Vertiport_2': 10, 'Vertiport_3': 10, 'Vertiport_4': 10, 'Vertiport_5': 10, 'Vertiport_6': 10, 'Vertiport_7': 10, 'Vertiport_8': 10, 'Vertiport_9': 10, 'Vertiport_10': 10}"
294,123.0,41,1551.8034058000003,2586384.5198578187,"{'Vertiport_1': 10, 'Vertiport_2': 10, 'Vertiport_3': 10, 'Vertiport_4': 10, 'Vertiport_5': 10, 'Vertiport_6': 10, 'Vertiport_7': 10, 'Vertiport_8': 10, 'Vertiport_9': 10, 'Vertiport_10': 10}"
295,117.0,39,1634.761963144,2588019.2818209627,"{'Vertiport_1': 10, 'Vertiport_2': 10, 'Vertiport_3': 10, 'Vertiport_4': 10, 'Vertiport_5': 10, 'Vertiport_6': 10, 'Vertiport_7': 10, 'Vertiport_8': 10, 'Vertiport_9': 10, 'Vertiport_10': 10}"
296,138.0,46,2102.121145656,2590121.4029666185,"{'Vertiport_1': 10, 'Vertiport_2': 10, 'Vertiport_3': 10, 'Vertiport_4': 10, 'Vertiport_5': 10, 'Vertiport_6': 10, 'Vertiport_7': 10, 'Vertiport_8': 10, 'Vertiport_9': 10, 'Vertiport_10': 10}"
297,129.0,43,1802.02441732,2591923.4273839383,"{'Vertiport_1': 10, 'Vertiport_2': 10, 'Vertiport_3': 10, 'Vertiport_4': 10, 'Vertiport_5': 10, 'Vertiport_6': 10, 'Vertiport_7': 10, 'Vertiport_8': 10, 'Vertiport_9': 10, 'Vertiport_10': 10}"
298,141.0,47,2215.841106272,2594139.26849021,"{'Vertiport_1': 10, 'Vertiport_2': 10, 'Vertiport_3': 10, 'Vertiport_4': 10, 'Vertiport_5': 10, 'Vertiport_6': 10, 'Vertiport_7': 10, 'Vertiport_8': 10, 'Vertiport_9': 10, 'Vertiport_10': 10}"
299,180.0,60,2427.6800855999995,2596566.94857581,"{'Vertiport_1': 10, 'Vertiport_2': 10, 'Vertiport_3': 10, 'Vertiport_4': 10, 'Vertiport_5': 10, 'Vertiport_6': 10, 'Vertiport_7': 10, 'Vertiport_8': 10, 'Vertiport_9': 10, 'Vertiport_10': 10}"
300,204.0,68,3043.404527439999,2599610.3531032503,"{'Vertiport_1': 10, 'Vertiport_2': 10, 'Vertiport_3': 10, 'Vertiport_4': 10, 'Vertiport_5': 10, 'Vertiport_6': 10, 'Vertiport_7': 10, 'Vertiport_8': 10, 'Vertiport_9': 10, 'Vertiport_10': 10}"
301,258.0,86,3745.7998161039986,2603356.1529193544,"{'Vertiport_1': 10, 'Vertiport_2': 10, 'Vertiport_3': 10, 'Vertiport_4': 10, 'Vertiport_5': 10, 'Vertiport_6': 10, 'Vertiport_7': 10, 'Vertiport_8': 10, 'Vertiport_9': 10, 'Vertiport_10': 10}"
302,300.0,100,4708.242542671994,2608064.3954620264,"{'Vertiport_1': 10, 'Vertiport_2': 10, 'Vertiport_3': 10, 'Vertiport_4': 10, 'Vertiport_5': 10, 'Vertiport_6': 10, 'Vertiport_7': 10, 'Vertiport_8': 10, 'Vertiport_9': 10, 'Vertiport_10': 10}"
303,318.0,106,4628.95979383199,2612693.3552558585,"{'Vertiport_1': 10, 'Vertiport_2': 10, 'Vertiport_3': 10, 'Vertiport_4': 10, 'Vertiport_5': 10, 'Vertiport_6': 10, 'Vertiport_7': 10, 'Vertiport_8': 10, 'Vertiport_9': 10, 'Vertiport_10': 10}"
304,345.0,115,4988.464694055993,2617681.8199499147,"{'Vertiport_1': 10, 'Vertiport_2': 10, 'Vertiport_3': 10, 'Vertiport_4': 10, 'Vertiport_5': 10, 'Vertiport_6': 10, 'Vertiport_7': 10, 'Vertiport_8': 10, 'Vertiport_9': 10, 'Vertiport_10': 10}"
305,72.0,24,892.562385104,2618574.382335019,"{'Vertiport_1': 10, 'Vertiport_2': 10, 'Vertiport_3': 10, 'Vertiport_4': 10, 'Vertiport_5': 10, 'Vertiport_6': 10, 'Vertiport_7': 10, 'Vertiport_8': 10, 'Vertiport_9': 10, 'Vertiport_10': 10}"
306,0.0,0,0.0,2618574.382335019,"{'Vertiport_1': 10, 'Vertiport_2': 10, 'Vertiport_3': 10, 'Vertiport_4': 10, 'Vertiport_5': 10, 'Vertiport_6': 10, 'Vertiport_7': 10, 'Vertiport_8': 10, 'Vertiport_9': 10, 'Vertiport_10': 10}"
307,0.0,0,0.0,2618574.382335019,"{'Vertiport_1': 10, 'Vertiport_2': 10, 'Vertiport_3': 10, 'Vertiport_4': 10, 'Vertiport_5': 10, 'Vertiport_6': 10, 'Vertiport_7': 10, 'Vertiport_8': 10, 'Vertiport_9': 10, 'Vertiport_10': 10}"
308,0.0,0,0.0,2618574.382335019,"{'Vertiport_1': 10, 'Vertiport_2': 10, 'Vertiport_3': 10, 'Vertiport_4': 10, 'Vertiport_5': 10, 'Vertiport_6': 10, 'Vertiport_7': 10, 'Vertiport_8': 10, 'Vertiport_9': 10, 'Vertiport_10': 10}"
309,0.0,0,0.0,2618574.382335019,"{'Vertiport_1': 10, 'Vertiport_2': 10, 'Vertiport_3': 10, 'Vertiport_4': 10, 'Vertiport_5': 10, 'Vertiport_6': 10, 'Vertiport_7': 10, 'Vertiport_8': 10, 'Vertiport_9': 10, 'Vertiport_10': 10}"
310,0.0,0,0.0,2618574.382335019,"{'Vertiport_1': 10, 'Vertiport_2': 10, 'Vertiport_3': 10, 'Vertiport_4': 10, 'Vertiport_5': 10, 'Vertiport_6': 10, 'Vertiport_7': 10, 'Vertiport_8': 10, 'Vertiport_9': 10, 'Vertiport_10': 10}"
311,198.0,66,2600.096018927999,2621174.478353947,"{'Vertiport_1': 10, 'Vertiport_2': 10, 'Vertiport_3': 10, 'Vertiport_4': 10, 'Vertiport_5': 10, 'Vertiport_6': 10, 'Vertiport_7': 10, 'Vertiport_8': 10, 'Vertiport_9': 10, 'Vertiport_10': 10}"
312,738.0,246,10803.317206015994,2631977.7955599627,"{'Vertiport_1': 10, 'Vertiport_2': 10, 'Vertiport_3': 10, 'Vertiport_4': 10, 'Vertiport_5': 10, 'Vertiport_6': 10, 'Vertiport_7': 10, 'Vertiport_8': 10, 'Vertiport_9': 10, 'Vertiport_10': 10}"
313,663.0,221,8979.871681199978,2640957.6672411626,"{'Vertiport_1': 10, 'Vertiport_2': 10, 'Vertiport_3': 10, 'Vertiport_4': 10, 'Vertiport_5': 10, 'Vertiport_6': 10, 'Vertiport_7': 10, 'Vertiport_8': 10, 'Vertiport_9': 10, 'Vertiport_10': 10}"
314,660.0,220,9757.026455263978,2650714.6936964267,"{'Vertiport_1': 10, 'Vertiport_2': 10, 'Vertiport_3': 10, 'Vertiport_4': 10, 'Vertiport_5': 10, 'Vertiport_6': 10, 'Vertiport_7': 10, 'Vertiport_8': 10, 'Vertiport_9': 10, 'Vertiport_10': 10}"
315,639.0,213,8931.794897727972,2659646.488594155,"{'Vertiport_1': 10, 'Vertiport_2': 10, 'Vertiport_3': 10, 'Vertiport_4': 10, 'Vertiport_5': 10, 'Vertiport_6': 10, 'Vertiport_7': 10, 'Vertiport_8': 10, 'Vertiport_9': 10, 'Vertiport_10': 10}"
316,651.0,217,8759.110553423974,2668405.5991475787,"{'Vertiport_1': 10, 'Vertiport_2': 10, 'Vertiport_3': 10, 'Vertiport_4': 10, 'Vertiport_5': 10, 'Vertiport_6': 10, 'Vertiport_7': 10, 'Vertiport_8': 10, 'Vertiport_9': 10, 'Vertiport_10': 10}"
317,669.0,223,9085.18072431997,2677490.7798718987,"{'Vertiport_1': 10, 'Vertiport_2': 10, 'Vertiport_3': 10, 'Vertiport_4': 10, 'Vertiport_5': 10, 'Vertiport_6': 10, 'Vertiport_7': 10, 'Vertiport_8': 10, 'Vertiport_9': 10, 'Vertiport_10': 10}"
318,561.0,187,7443.542710351968,2684934.3225822505,"{'Vertiport_1': 10, 'Vertiport_2': 10, 'Vertiport_3': 10, 'Vertiport_4': 10, 'Vertiport_5': 10, 'Vertiport_6': 10, 'Vertiport_7': 10, 'Vertiport_8': 10, 'Vertiport_9': 10, 'Vertiport_10': 10}"
319,600.0,200,8350.106715215969,2693284.4292974663,"{'Vertiport_1': 10, 'Vertiport_2': 10, 'Vertiport_3': 10, 'Vertiport_4': 10, 'Vertiport_5': 10, 'Vertiport_6': 10, 'Vertiport_7': 10, 'Vertiport_8': 10, 'Vertiport_9': 10, 'Vertiport_10': 10}"
320,675.0,225,9436.426020855979,2702720.8553183223,"{'Vertiport_1': 10, 'Vertiport_2': 10, 'Vertiport_3': 10, 'Vertiport_4': 10, 'Vertiport_5': 10, 'Vertiport_6': 10, 'Vertiport_7': 10, 'Vertiport_8': 10, 'Vertiport_9': 10, 'Vertiport_10': 10}"
321,612.0,204,9403.153925847975,2712124.0092441705,"{'Vertiport_1': 10, 'Vertiport_2': 10, 'Vertiport_3': 10, 'Vertiport_4': 10, 'Vertiport_5': 10, 'Vertiport_6': 10, 'Vertiport_7': 10, 'Vertiport_8': 10, 'Vertiport_9': 10, 'Vertiport_10': 10}"
322,585.0,195,8802.312725471975,2720926.3219696423,"{'Vertiport_1': 10, 'Vertiport_2': 10, 'Vertiport_3': 10, 'Vertiport_4': 10, 'Vertiport_5': 10, 'Vertiport_6': 10, 'Vertiport_7': 10, 'Vertiport_8': 10, 'Vertiport_9': 10, 'Vertiport_10': 10}"
323,609.0,203,8920.22506409598,2729846.5470337383,"{'Vertiport_1': 10, 'Vertiport_2': 10, 'Vertiport_3': 10, 'Vertiport_4': 10, 'Vertiport_5': 10, 'Vertiport_6': 10, 'Vertiport_7': 10, 'Vertiport_8': 10, 'Vertiport_9': 10, 'Vertiport_10': 10}"
324,606.0,202,8439.285987119978,2738285.8330208585,"{'Vertiport_1': 10, 'Vertiport_2': 10, 'Vertiport_3': 10, 'Vertiport_4': 10, 'Vertiport_5': 10, 'Vertiport_6': 10, 'Vertiport_7': 10, 'Vertiport_8': 10, 'Vertiport_9': 10, 'Vertiport_10': 10}"
325,666.0,222,9514.021471879978,2747799.8544927384,"{'Vertiport_1': 10, 'Vertiport_2': 10, 'Vertiport_3': 10, 'Vertiport_4': 10, 'Vertiport_5': 10, 'Vertiport_6': 10, 'Vertiport_7': 10, 'Vertiport_8': 10, 'Vertiport_9': 10, 'Vertiport_10': 10}"
326,570.0,190,8147.656145767973,2755947.510638506,"{'Vertiport_1': 10, 'Vertiport_2': 10, 'Vertiport_3': 10, 'Vertiport_4': 10, 'Vertiport_5': 10, 'Vertiport_6': 10, 'Vertiport_7': 10, 'Vertiport_8': 10, 'Vertiport_9': 10, 'Vertiport_10': 10}"
327,597.0,199,8642.999785215978,2764590.510423722,"{'Vertiport_1': 10, 'Vertiport_2': 10, 'Vertiport_3': 10, 'Vertiport_4': 10, 'Vertiport_5': 10, 'Vertiport_6': 10, 'Vertiport_7': 10, 'Vertiport_8': 10, 'Vertiport_9': 10, 'Vertiport_10': 10}"
328,600.0,200,8621.02623842397,2773211.536662146,"{'Vertiport_1': 10, 'Vertiport_2': 10, 'Vertiport_3': 10, 'Vertiport_4': 10, 'Vertiport_5': 10, 'Vertiport_6': 10, 'Vertiport_7': 10, 'Vertiport_8': 10, 'Vertiport_9': 10, 'Vertiport_10': 10}"
329,594.0,198,8746.710076671981,2781958.246738818,"{'Vertiport_1': 10, 'Vertiport_2': 10, 'Vertiport_3': 10, 'Vertiport_4': 10, 'Vertiport_5': 10, 'Vertiport_6': 10, 'Vertiport_7': 10, 'Vertiport_8': 10, 'Vertiport_9': 10, 'Vertiport_10': 10}"
330,615.0,205,8709.955351367982,2790668.202090186,"{'Vertiport_1': 10, 'Vertiport_2': 10, 'Vertiport_3': 10, 'Vertiport_4': 10, 'Vertiport_5': 10, 'Vertiport_6': 10, 'Vertiport_7': 10, 'Vertiport_8': 10, 'Vertiport_9': 10, 'Vertiport_10': 10}"
331,606.0,202,8594.234422799973,2799262.436512986,"{'Vertiport_1': 10, 'Vertiport_2': 10, 'Vertiport_3': 10, 'Vertiport_4': 10, 'Vertiport_5': 10, 'Vertiport_6': 10, 'Vertiport_7': 10, 'Vertiport_8': 10, 'Vertiport_9': 10, 'Vertiport_10': 10}"
332,615.0,205,8675.002777207974,2807937.4392901943,"{'Vertiport_1': 10, 'Vertiport_2': 10, 'Vertiport_3': 10, 'Vertiport_4': 10, 'Vertiport_5': 10, 'Vertiport_6': 10, 'Vertiport_7': 10, 'Vertiport_8': 10, 'Vertiport_9': 10, 'Vertiport_10': 10}"
333,510.0,170,7406.438374751973,2815343.8776649465,"{'Vertiport_1': 10, 'Vertiport_2': 10, 'Vertiport_3': 10, 'Vertiport_4': 10, 'Vertiport_5': 10, 'Vertiport_6': 10, 'Vertiport_7': 10, 'Vertiport_8': 10, 'Vertiport_9': 10, 'Vertiport_10': 10}"
334,546.0,182,8473.30799637598,2823817.1856613224,"{'Vertiport_1': 10, 'Vertiport_2': 10, 'Vertiport_3': 10, 'Vertiport_4': 10, 'Vertiport_5': 10, 'Vertiport_6': 10, 'Vertiport_7': 10, 'Vertiport_8': 10, 'Vertiport_9': 10, 'Vertiport_10': 10}"
335,552.0,184,8465.305220407972,2832282.4908817303,"{'Vertiport_1': 10, 'Vertiport_2': 10, 'Vertiport_3': 10, 'Vertiport_4': 10, 'Vertiport_5': 10, 'Vertiport_6': 10, 'Vertiport_7': 10, 'Vertiport_8': 10, 'Vertiport_9': 10, 'Vertiport_10': 10}"
336,567.0,189,7661.475534431974,2839943.9664161624,"{'Vertiport_1': 10, 'Vertiport_2': 10, 'Vertiport_3': 10, 'Vertiport_4': 10, 'Vertiport_5': 10, 'Vertiport_6': 10, 'Vertiport_7': 10, 'Vertiport_8': 10, 'Vertiport_9': 10, 'Vertiport_10': 10}"
337,606.0,202,9048.582168279981,2848992.5485844426,"{'Vertiport_1': 10, 'Vertiport_2': 10, 'Vertiport_3': 10, 'Vertiport_4': 10, 'Vertiport_5': 10, 'Vertiport_6': 10, 'Vertiport_7': 10, 'Vertiport_8': 10, 'Vertiport_9': 10, 'Vertiport_10': 10}"
338,534.0,178,7500.297745663967,2856492.8463301067,"{'Vertiport_1': 10, 'Vertiport_2': 10, 'Vertiport_3': 10, 'Vertiport_4': 10, 'Vertiport_5': 10, 'Vertiport_6': 10, 'Vertiport_7': 10, 'Vertiport_8': 10, 'Vertiport_9': 10, 'Vertiport_10': 10}"
339,516.0,172,7045.634238751973,2863538.480568859,"{'Vertiport_1': 10, 'Vertiport_2': 10, 'Vertiport_3': 10, 'Vertiport_4': 10, 'Vertiport_5': 10, 'Vertiport_6': 10, 'Vertiport_7': 10, 'Vertiport_8': 10, 'Vertiport_9': 10, 'Vertiport_10': 10}"
340,549.0,183,7964.02255084797,2871502.5031197066,"{'Vertiport_1': 10, 'Vertiport_2': 10, 'Vertiport_3': 10, 'Vertiport_4': 10, 'Vertiport_5': 10, 'Vertiport_6': 10, 'Vertiport_7': 10, 'Vertiport_8': 10, 'Vertiport_9': 10, 'Vertiport_10': 10}"
341,585.0,195,8023.36746413597,2879525.8705838425,"{'Vertiport_1': 10, 'Vertiport_2': 10, 'Vertiport_3': 10, 'Vertiport_4': 10, 'Vertiport_5': 10, 'Vertiport_6': 10, 'Vertiport_7': 10, 'Vertiport_8': 10, 'Vertiport_9': 10, 'Vertiport_10': 10}"
342,498.0,166,7139.742481967979,2886665.6130658104,"{'Vertiport_1': 10, 'Vertiport_2': 10, 'Vertiport_3': 10, 'Vertiport_4': 10, 'Vertiport_5': 10, 'Vertiport_6': 10, 'Vertiport_7': 10, 'Vertiport_8': 10, 'Vertiport_9': 10, 'Vertiport_10': 10}"
343,567.0,189,8279.47303659997,2894945.08610241,"{'Vertiport_1': 10, 'Vertiport_2': 10, 'Vertiport_3': 10, 'Vertiport_4': 10, 'Vertiport_5': 10, 'Vertiport_6': 10, 'Vertiport_7': 10, 'Vertiport_8': 10, 'Vertiport_9': 10, 'Vertiport_10': 10}"
344,582.0,194,8136.624197911967,2903081.710300322,"{'Vertiport_1': 10, 'Vertiport_2': 10, 'Vertiport_3': 10, 'Vertiport_4': 10, 'Vertiport_5': 10, 'Vertiport_6': 10, 'Vertiport_7': 10, 'Vertiport_8': 10, 'Vertiport_9': 10, 'Vertiport_10': 10}"
345,624.0,208,9482.801156407984,2912564.5114567303,"{'Vertiport_1': 10, 'Vertiport_2': 10, 'Vertiport_3': 10, 'Vertiport_4': 10, 'Vertiport_5': 10, 'Vertiport_6': 10, 'Vertiport_7': 10, 'Vertiport_8': 10, 'Vertiport_9': 10, 'Vertiport_10': 10}"
346,642.0,214,9005.344349559973,2921569.85580629,"{'Vertiport_1': 10, 'Vertiport_2': 10, 'Vertiport_3': 10, 'Vertiport_4': 10, 'Vertiport_5': 10, 'Vertiport_6': 10, 'Vertiport_7': 10, 'Vertiport_8': 10, 'Vertiport_9': 10, 'Vertiport_10': 10}"
347,717.0,239,9944.271413463977,2931514.1272197543,"{'Vertiport_1': 10, 'Vertiport_2': 10, 'Vertiport_3': 10, 'Vertiport_4': 10, 'Vertiport_5': 10, 'Vertiport_6': 10, 'Vertiport_7': 10, 'Vertiport_8': 10, 'Vertiport_9': 10, 'Vertiport_10': 10}"
348,807.0,269,11199.195047351986,2942713.3222671063,"{'Vertiport_1': 10, 'Vertiport_2': 10, 'Vertiport_3': 10, 'Vertiport_4': 10, 'Vertiport_5': 10, 'Vertiport_6': 10, 'Vertiport_7': 10, 'Vertiport_8': 10, 'Vertiport_9': 10, 'Vertiport_10': 10}"
349,774.0,258,11194.882204471991,2953908.2044715784,"{'Vertiport_1': 10, 'Vertiport_2': 10, 'Vertiport_3': 10, 'Vertiport_4': 10, 'Vertiport_5': 10, 'Vertiport_6': 10, 'Vertiport_7': 10, 'Vertiport_8': 10, 'Vertiport_9': 10, 'Vertiport_10': 10}"
350,816.0,272,11925.404965391992,2965833.60943697,"{'Vertiport_1': 10, 'Vertiport_2': 10, 'Vertiport_3': 10, 'Vertiport_4': 10, 'Vertiport_5': 10, 'Vertiport_6': 10, 'Vertiport_7': 10, 'Vertiport_8': 10, 'Vertiport_9': 10, 'Vertiport_10': 10}"
351,804.0,268,10777.72740086398,2976611.336837834,"{'Vertiport_1': 10, 'Vertiport_2': 10, 'Vertiport_3': 10, 'Vertiport_4': 10, 'Vertiport_5': 10, 'Vertiport_6': 10, 'Vertiport_7': 10, 'Vertiport_8': 10, 'Vertiport_9': 10, 'Vertiport_10': 10}"
352,861.0,287,11875.030277431992,2988486.367115266,"{'Vertiport_1': 10, 'Vertiport_2': 10, 'Vertiport_3': 10, 'Vertiport_4': 10, 'Vertiport_5': 10, 'Vertiport_6': 10, 'Vertiport_7': 10, 'Vertiport_8': 10, 'Vertiport_9': 10, 'Vertiport_10': 10}"
353,828.0,276,11429.665918071985,2999916.033033338,"{'Vertiport_1': 10, 'Vertiport_2': 10, 'Vertiport_3': 10, 'Vertiport_4': 10, 'Vertiport_5': 10, 'Vertiport_6': 10, 'Vertiport_7': 10, 'Vertiport_8': 10, 'Vertiport_9': 10, 'Vertiport_10': 10}"
354,945.0,315,13392.167578608005,3013308.2006119457,"{'Vertiport_1': 10, 'Vertiport_2': 10, 'Vertiport_3': 10, 'Vertiport_4': 10, 'Vertiport_5': 10, 'Vertiport_6': 10, 'Vertiport_7': 10, 'Vertiport_8': 10, 'Vertiport_9': 10, 'Vertiport_10': 10}"
355,825.0,275,11674.30972131198,3024982.5103332577,"{'Vertiport_1': 10, 'Vertiport_2': 10, 'Vertiport_3': 10, 'Vertiport_4': 10, 'Vertiport_5': 10, 'Vertiport_6': 10, 'Vertiport_7': 10, 'Vertiport_8': 10, 'Vertiport_9': 10, 'Vertiport_10': 10}"
356,978.0,326,13467.245815120003,3038449.756148378,"{'Vertiport_1': 10, 'Vertiport_2': 10, 'Vertiport_3': 10, 'Vertiport_4': 10, 'Vertiport_5': 10, 'Vertiport_6': 10, 'Vertiport_7': 10, 'Vertiport_8': 10, 'Vertiport_9': 10, 'Vertiport_10': 10}"
357,993.0,331,13761.915385144002,3052211.6715335217,"{'Vertiport_1': 10, 'Vertiport_2': 10, 'Vertiport_3': 10, 'Vertiport_4': 10, 'Vertiport_5': 10, 'Vertiport_6': 10, 'Vertiport_7': 10, 'Vertiport_8': 10, 'Vertiport_9': 10, 'Vertiport_10': 10}"
358,837.0,279,12056.758361351996,3064268.429894874,"{'Vertiport_1': 10, 'Vertiport_2': 10, 'Vertiport_3': 10, 'Vertiport_4': 10, 'Vertiport_5': 10, 'Vertiport_6': 10, 'Vertiport_7': 10, 'Vertiport_8': 10, 'Vertiport_9': 10, 'Vertiport_10': 10}"
359,852.0,284,11838.700576655985,3076107.13047153,"{'Vertiport_1': 10, 'Vertiport_2': 10, 'Vertiport_3': 10, 'Vertiport_4': 10, 'Vertiport_5': 10, 'Vertiport_6': 10, 'Vertiport_7': 10, 'Vertiport_8': 10, 'Vertiport_9': 10, 'Vertiport_10': 10}"
360,855.0,285,11897.734021839991,3088004.86449337,"{'Vertiport_1': 10, 'Vertiport_2': 10, 'Vertiport_3': 10, 'Vertiport_4': 10, 'Vertiport_5': 10, 'Vertiport_6': 10, 'Vertiport_7': 10, 'Vertiport_8': 10, 'Vertiport_9': 10, 'Vertiport_10': 10}"
361,831.0,277,11310.910943559986,3099315.77543693,"{'Vertiport_1': 10, 'Vertiport_2': 10, 'Vertiport_3': 10, 'Vertiport_4': 10, 'Vertiport_5': 10, 'Vertiport_6': 10, 'Vertiport_7': 10, 'Vertiport_8': 10, 'Vertiport_9': 10, 'Vertiport_10': 10}"
362,810.0,270,11506.087843559986,3110821.86328049,"{'Vertiport_1': 10, 'Vertiport_2': 10, 'Vertiport_3': 10, 'Vertiport_4': 10, 'Vertiport_5': 10, 'Vertiport_6': 10, 'Vertiport_7': 10, 'Vertiport_8': 10, 'Vertiport_9': 10, 'Vertiport_10': 10}"
363,765.0,255,10958.902383687997,3121780.765664178,"{'Vertiport_1': 10, 'Vertiport_2': 10, 'Vertiport_3': 10, 'Vertiport_4': 10, 'Vertiport_5': 10, 'Vertiport_6': 10, 'Vertiport_7': 10, 'Vertiport_8': 10, 'Vertiport_9': 10, 'Vertiport_10': 10}"
364,789.0,263,11289.261352439988,3133070.027016618,"{'Vertiport_1': 10, 'Vertiport_2': 10, 'Vertiport_3': 10, 'Vertiport_4': 10, 'Vertiport_5': 10, 'Vertiport_6': 10, 'Vertiport_7': 10, 'Vertiport_8': 10, 'Vertiport_9': 10, 'Vertiport_10': 10}"
365,849.0,283,12084.529700536,3145154.5567171536,"{'Vertiport_1': 10, 'Vertiport_2': 10, 'Vertiport_3': 10, 'Vertiport_4': 10, 'Vertiport_5': 10, 'Vertiport_6': 10, 'Vertiport_7': 10, 'Vertiport_8': 10, 'Vertiport_9': 10, 'Vertiport_10': 10}"
366,765.0,255,11362.458632231983,3156517.015349386,"{'Vertiport_1': 10, 'Vertiport_2': 10, 'Vertiport_3': 10, 'Vertiport_4': 10, 'Vertiport_5': 10, 'Vertiport_6': 10, 'Vertiport_7': 10, 'Vertiport_8': 10, 'Vertiport_9': 10, 'Vertiport_10': 10}"
367,876.0,292,12981.063153111993,3169498.0785024976,"{'Vertiport_1': 10, 'Vertiport_2': 10, 'Vertiport_3': 10, 'Vertiport_4': 10, 'Vertiport_5': 10, 'Vertiport_6': 10, 'Vertiport_7': 10, 'Vertiport_8': 10, 'Vertiport_9': 10, 'Vertiport_10': 10}"
368,696.0,232,10307.892209495987,3179805.9707119935,"{'Vertiport_1': 10, 'Vertiport_2': 10, 'Vertiport_3': 10, 'Vertiport_4': 10, 'Vertiport_5': 10, 'Vertiport_6': 10, 'Vertiport_7': 10, 'Vertiport_8': 10, 'Vertiport_9': 10, 'Vertiport_10': 10}"
369,690.0,230,9455.171891647968,3189261.1426036414,"{'Vertiport_1': 10, 'Vertiport_2': 10, 'Vertiport_3': 10, 'Vertiport_4': 10, 'Vertiport_5': 10, 'Vertiport_6': 10, 'Vertiport_7': 10, 'Vertiport_8': 10, 'Vertiport_9': 10, 'Vertiport_10': 10}"
370,645.0,215,9116.049773239974,3198377.1923768814,"{'Vertiport_1': 10, 'Vertiport_2': 10, 'Vertiport_3': 10, 'Vertiport_4': 10, 'Vertiport_5': 10, 'Vertiport_6': 10, 'Vertiport_7': 10, 'Vertiport_8': 10, 'Vertiport_9': 10, 'Vertiport_10': 10}"
371,606.0,202,8435.090805039972,3206812.283181921,"{'Vertiport_1': 10, 'Vertiport_2': 10, 'Vertiport_3': 10, 'Vertiport_4': 10, 'Vertiport_5': 10, 'Vertiport_6': 10, 'Vertiport_7': 10, 'Vertiport_8': 10, 'Vertiport_9': 10, 'Vertiport_10': 10}"
372,534.0,178,7802.165422599966,3214614.448604521,"{'Vertiport_1': 10, 'Vertiport_2': 10, 'Vertiport_3': 10, 'Vertiport_4': 10, 'Vertiport_5': 10, 'Vertiport_6': 10, 'Vertiport_7': 10, 'Vertiport_8': 10, 'Vertiport_9': 10, 'Vertiport_10': 10}"
373,600.0,200,9237.637713447979,3223852.086317969,"{'Vertiport_1': 10, 'Vertiport_2': 10, 'Vertiport_3': 10, 'Vertiport_4': 10, 'Vertiport_5': 10, 'Vertiport_6': 10, 'Vertiport_7': 10, 'Vertiport_8': 10, 'Vertiport_9': 10, 'Vertiport_10': 10}"
374,438.0,146,5890.455733591979,3229742.542051561,"{'Vertiport_1': 10, 'Vertiport_2': 10, 'Vertiport_3': 10, 'Vertiport_4': 10, 'Vertiport_5': 10, 'Vertiport_6': 10, 'Vertiport_7': 10, 'Vertiport_8': 10, 'Vertiport_9': 10, 'Vertiport_10': 10}"
375,483.0,161,6986.325392711971,3236728.867444273,"{'Vertiport_1': 10, 'Vertiport_2': 10, 'Vertiport_3': 10, 'Vertiport_4': 10, 'Vertiport_5': 10, 'Vertiport_6': 10, 'Vertiport_7': 10, 'Vertiport_8': 10, 'Vertiport_9': 10, 'Vertiport_10': 10}"
376,381.0,127,5456.045420183983,3242184.912864457,"{'Vertiport_1': 10, 'Vertiport_2': 10, 'Vertiport_3': 10, 'Vertiport_4': 10, 'Vertiport_5': 10, 'Vertiport_6': 10, 'Vertiport_7': 10, 'Vertiport_8': 10, 'Vertiport_9': 10, 'Vertiport_10': 10}"
377,333.0,111,4339.160532655993,3246524.073397113,"{'Vertiport_1': 10, 'Vertiport_2': 10, 'Vertiport_3': 10, 'Vertiport_4': 10, 'Vertiport_5': 10, 'Vertiport_6': 10, 'Vertiport_7': 10, 'Vertiport_8': 10, 'Vertiport_9': 10, 'Vertiport_10': 10}"
378,315.0,105,4458.5985144799915,3250982.671911593,"{'Vertiport_1': 10, 'Vertiport_2': 10, 'Vertiport_3': 10, 'Vertiport_4': 10, 'Vertiport_5': 10, 'Vertiport_6': 10, 'Vertiport_7': 10, 'Vertiport_8': 10, 'Vertiport_9': 10, 'Vertiport_10': 10}"
379,336.0,112,5372.810493343981,3256355.482404937,"{'Vertiport_1': 10, 'Vertiport_2': 10, 'Vertiport_3': 10, 'Vertiport_4': 10, 'Vertiport_5': 10, 'Vertiport_6': 10, 'Vertiport_7': 10, 'Vertiport_8': 10, 'Vertiport_9': 10, 'Vertiport_10': 10}"
380,348.0,116,5005.18160190399,3261360.664006841,"{'Vertiport_1': 10, 'Vertiport_2': 10, 'Vertiport_3': 10, 'Vertiport_4': 10, 'Vertiport_5': 10, 'Vertiport_6': 10, 'Vertiport_7': 10, 'Vertiport_8': 10, 'Vertiport_9': 10, 'Vertiport_10': 10}"
381,288.0,96,4505.329312655994,3265865.993319497,"{'Vertiport_1': 10, 'Vertiport_2': 10, 'Vertiport_3': 10, 'Vertiport_4': 10, 'Vertiport_5': 10, 'Vertiport_6': 10, 'Vertiport_7': 10, 'Vertiport_8': 10, 'Vertiport_9': 10, 'Vertiport_10': 10}"
382,171.0,57,2387.443984592,3268253.437304089,"{'Vertiport_1': 10, 'Vertiport_2': 10, 'Vertiport_3': 10, 'Vertiport_4': 10, 'Vertiport_5': 10, 'Vertiport_6': 10, 'Vertiport_7': 10, 'Vertiport_8': 10, 'Vertiport_9': 10, 'Vertiport_10': 10}"
383,147.0,49,1679.0553738959998,3269932.4926779848,"{'Vertiport_1': 10, 'Vertiport_2': 10, 'Vertiport_3': 10, 'Vertiport_4': 10, 'Vertiport_5': 10, 'Vertiport_6': 10, 'Vertiport_7': 10, 'Vertiport_8': 10, 'Vertiport_9': 10, 'Vertiport_10': 10}"
384,102.0,34,1574.5468886080002,3271507.039566593,"{'Vertiport_1': 10, 'Vertiport_2': 10, 'Vertiport_3': 10, 'Vertiport_4': 10, 'Vertiport_5': 10, 'Vertiport_6': 10, 'Vertiport_7': 10, 'Vertiport_8': 10, 'Vertiport_9': 10, 'Vertiport_10': 10}"
385,96.0,32,1609.4186864240005,3273116.4582530167,"{'Vertiport_1': 10, 'Vertiport_2': 10, 'Vertiport_3': 10, 'Vertiport_4': 10, 'Vertiport_5': 10, 'Vertiport_6': 10, 'Vertiport_7': 10, 'Vertiport_8': 10, 'Vertiport_9': 10, 'Vertiport_10': 10}"
386,60.0,20,730.0977577040002,3273846.556010721,"{'Vertiport_1': 10, 'Vertiport_2': 10, 'Vertiport_3': 10, 'Vertiport_4': 10, 'Vertiport_5': 10, 'Vertiport_6': 10, 'Vertiport_7': 10, 'Vertiport_8': 10, 'Vertiport_9': 10, 'Vertiport_10': 10}"
387,93.0,31,1366.936697896,3275213.492708617,"{'Vertiport_1': 10, 'Vertiport_2': 10, 'Vertiport_3': 10, 'Vertiport_4': 10, 'Vertiport_5': 10, 'Vertiport_6': 10, 'Vertiport_7': 10, 'Vertiport_8': 10, 'Vertiport_9': 10, 'Vertiport_10': 10}"
388,63.0,21,982.6398132480002,3276196.132521865,"{'Vertiport_1': 10, 'Vertiport_2': 10, 'Vertiport_3': 10, 'Vertiport_4': 10, 'Vertiport_5': 10, 'Vertiport_6': 10, 'Vertiport_7': 10, 'Vertiport_8': 10, 'Vertiport_9': 10, 'Vertiport_10': 10}"
389,87.0,29,1358.5470567600005,3277554.679578625,"{'Vertiport_1': 10, 'Vertiport_2': 10, 'Vertiport_3': 10, 'Vertiport_4': 10, 'Vertiport_5': 10, 'Vertiport_6': 10, 'Vertiport_7': 10, 'Vertiport_8': 10, 'Vertiport_9': 10, 'Vertiport_10': 10}"
390,117.0,39,1777.7965155680001,3279332.4760941933,"{'Vertiport_1': 10, 'Vertiport_2': 10, 'Vertiport_3': 10, 'Vertiport_4': 10, 'Vertiport_5': 10, 'Vertiport_6': 10, 'Vertiport_7': 10, 'Vertiport_8': 10, 'Vertiport_9': 10, 'Vertiport_10': 10}"
391,129.0,43,1640.5372823040002,3280973.013376497,"{'Vertiport_1': 10, 'Vertiport_2': 10, 'Vertiport_3': 10, 'Vertiport_4': 10, 'Vertiport_5': 10, 'Vertiport_6': 10, 'Vertiport_7': 10, 'Vertiport_8': 10, 'Vertiport_9': 10, 'Vertiport_10': 10}"
392,135.0,45,1988.7084604880006,3282961.721836985,"{'Vertiport_1': 10, 'Vertiport_2': 10, 'Vertiport_3': 10, 'Vertiport_4': 10, 'Vertiport_5': 10, 'Vertiport_6': 10, 'Vertiport_7': 10, 'Vertiport_8': 10, 'Vertiport_9': 10, 'Vertiport_10': 10}"
393,105.0,35,1699.8561816160002,3284661.578018601,"{'Vertiport_1': 10, 'Vertiport_2': 10, 'Vertiport_3': 10, 'Vertiport_4': 10, 'Vertiport_5': 10, 'Vertiport_6': 10, 'Vertiport_7': 10, 'Vertiport_8': 10, 'Vertiport_9': 10, 'Vertiport_10': 10}"
394,147.0,49,2347.2218708319997,3287008.799889433,"{'Vertiport_1': 10, 'Vertiport_2': 10, 'Vertiport_3': 10, 'Vertiport_4': 10, 'Vertiport_5': 10, 'Vertiport_6': 10, 'Vertiport_7': 10, 'Vertiport_8': 10, 'Vertiport_9': 10, 'Vertiport_10': 10}"
395,243.0,81,3288.5047719199983,3290297.304661353,"{'Vertiport_1': 10, 'Vertiport_2': 10, 'Vertiport_3': 10, 'Vertiport_4': 10, 'Vertiport_5': 10, 'Vertiport_6': 10, 'Vertiport_7': 10, 'Vertiport_8': 10, 'Vertiport_9': 10, 'Vertiport_10': 10}"
396,219.0,73,2796.7937424479987,3293094.098403801,"{'Vertiport_1': 10, 'Vertiport_2': 10, 'Vertiport_3': 10, 'Vertiport_4': 10, 'Vertiport_5': 10, 'Vertiport_6': 10, 'Vertiport_7': 10, 'Vertiport_8': 10, 'Vertiport_9': 10, 'Vertiport_10': 10}"
397,222.0,74,3366.3771199039993,3296460.475523705,"{'Vertiport_1': 10, 'Vertiport_2': 10, 'Vertiport_3': 10, 'Vertiport_4': 10, 'Vertiport_5': 10, 'Vertiport_6': 10, 'Vertiport_7': 10, 'Vertiport_8': 10, 'Vertiport_9': 10, 'Vertiport_10': 10}"
398,282.0,94,4118.192803799998,3300578.6683275052,"{'Vertiport_1': 10, 'Vertiport_2': 10, 'Vertiport_3': 10, 'Vertiport_4': 10, 'Vertiport_5': 10, 'Vertiport_6': 10, 'Vertiport_7': 10, 'Vertiport_8': 10, 'Vertiport_9': 10, 'Vertiport_10': 10}"
399,330.0,110,4453.703049671994,3305032.371377177,"{'Vertiport_1': 10, 'Vertiport_2': 10, 'Vertiport_3': 10, 'Vertiport_4': 10, 'Vertiport_5': 10, 'Vertiport_6': 10, 'Vertiport_7': 10, 'Vertiport_8': 10, 'Vertiport_9': 10, 'Vertiport_10': 10}"
400,342.0,114,5287.03096014399,3310319.402337321,"{'Vertiport_1': 10, 'Vertiport_2': 10, 'Vertiport_3': 10, 'Vertiport_4': 10, 'Vertiport_5': 10, 'Vertiport_6': 10, 'Vertiport_7': 10, 'Vertiport_8': 10, 'Vertiport_9': 10, 'Vertiport_10': 10}"
401,363.0,121,4717.0298685839925,3315036.432205905,"{'Vertiport_1': 10, 'Vertiport_2': 10, 'Vertiport_3': 10, 'Vertiport_4': 10, 'Vertiport_5': 10, 'Vertiport_6': 10, 'Vertiport_7': 10, 'Vertiport_8': 10, 'Vertiport_9': 10, 'Vertiport_10': 10}"
402,438.0,146,6370.925088007976,3321407.357293913,"{'Vertiport_1': 10, 'Vertiport_2': 10, 'Vertiport_3': 10, 'Vertiport_4': 10, 'Vertiport_5': 10, 'Vertiport_6': 10, 'Vertiport_7': 10, 'Vertiport_8': 10, 'Vertiport_9': 10, 'Vertiport_10': 10}"
403,567.0,189,7324.95934098397,3328732.316634897,"{'Vertiport_1': 10, 'Vertiport_2': 10, 'Vertiport_3': 10, 'Vertiport_4': 10, 'Vertiport_5': 10, 'Vertiport_6': 10, 'Vertiport_7': 10, 'Vertiport_8': 10, 'Vertiport_9': 10, 'Vertiport_10': 10}"
404,576.0,192,7719.303972719972,3336451.6206076173,"{'Vertiport_1': 10, 'Vertiport_2': 10, 'Vertiport_3': 10, 'Vertiport_4': 10, 'Vertiport_5': 10, 'Vertiport_6': 10, 'Vertiport_7': 10, 'Vertiport_8': 10, 'Vertiport_9': 10, 'Vertiport_10': 10}"
405,639.0,213,8910.281790799982,3345361.9023984172,"{'Vertiport_1': 10, 'Vertiport_2': 10, 'Vertiport_3': 10, 'Vertiport_4': 10, 'Vertiport_5': 10, 'Vertiport_6': 10, 'Vertiport_7': 10, 'Vertiport_8': 10, 'Vertiport_9': 10, 'Vertiport_10': 10}"
406,666.0,222,9934.396156511986,3355296.2985549294,"{'Vertiport_1': 10, 'Vertiport_2': 10, 'Vertiport_3': 10, 'Vertiport_4': 10, 'Vertiport_5': 10, 'Vertiport_6': 10, 'Vertiport_7': 10, 'Vertiport_8': 10, 'Vertiport_9': 10, 'Vertiport_10': 10}"
407,651.0,217,9368.554720599972,3364664.8532755296,"{'Vertiport_1': 10, 'Vertiport_2': 10, 'Vertiport_3': 10, 'Vertiport_4': 10, 'Vertiport_5': 10, 'Vertiport_6': 10, 'Vertiport_7': 10, 'Vertiport_8': 10, 'Vertiport_9': 10, 'Vertiport_10': 10}"
408,681.0,227,9407.964965975982,3374072.8182415054,"{'Vertiport_1': 10, 'Vertiport_2': 10, 'Vertiport_3': 10, 'Vertiport_4': 10, 'Vertiport_5': 10, 'Vertiport_6': 10, 'Vertiport_7': 10, 'Vertiport_8': 10, 'Vertiport_9': 10, 'Vertiport_10': 10}"
409,660.0,220,9034.140361183978,3383106.958602689,"{'Vertiport_1': 10, 'Vertiport_2': 10, 'Vertiport_3': 10, 'Vertiport_4': 10, 'Vertiport_5': 10, 'Vertiport_6': 10, 'Vertiport_7': 10, 'Vertiport_8': 10, 'Vertiport_9': 10, 'Vertiport_10': 10}"
410,726.0,242,9873.933569335992,3392980.892172025,"{'Vertiport_1': 10, 'Vertiport_2': 10, 'Vertiport_3': 10, 'Vertiport_4': 10, 'Vertiport_5': 10, 'Vertiport_6': 10, 'Vertiport_7': 10, 'Vertiport_8': 10, 'Vertiport_9': 10, 'Vertiport_10': 10}"
411,615.0,205,8606.396323847976,3401587.288495873,"{'Vertiport_1': 10, 'Vertiport_2': 10, 'Vertiport_3': 10, 'Vertiport_4': 10, 'Vertiport_5': 10, 'Vertiport_6': 10, 'Vertiport_7': 10, 'Vertiport_8': 10, 'Vertiport_9': 10, 'Vertiport_10': 10}"
412,666.0,222,9401.030522255982,3410988.3190181293,"{'Vertiport_1': 10, 'Vertiport_2': 10, 'Vertiport_3': 10, 'Vertiport_4': 10, 'Vertiport_5': 10, 'Vertiport_6': 10, 'Vertiport_7': 10, 'Vertiport_8': 10, 'Vertiport_9': 10, 'Vertiport_10': 10}"
413,501.0,167,6771.6771177919745,3417759.996135921,"{'Vertiport_1': 10, 'Vertiport_2': 10, 'Vertiport_3': 10, 'Vertiport_4': 10, 'Vertiport_5': 10, 'Vertiport_6': 10, 'Vertiport_7': 10, 'Vertiport_8': 10, 'Vertiport_9': 10, 'Vertiport_10': 10}"
414,552.0,184,7379.22513627997,3425139.2212722013,"{'Vertiport_1': 10, 'Vertiport_2': 10, 'Vertiport_3': 10, 'Vertiport_4': 10, 'Vertiport_5': 10, 'Vertiport_6': 10, 'Vertiport_7': 10, 'Vertiport_8': 10, 'Vertiport_9': 10, 'Vertiport_10': 10}"
415,591.0,197,8506.148279751971,3433645.3695519534,"{'Vertiport_1': 10, 'Vertiport_2': 10, 'Vertiport_3': 10, 'Vertiport_4': 10, 'Vertiport_5': 10, 'Vertiport_6': 10, 'Vertiport_7': 10, 'Vertiport_8': 10, 'Vertiport_9': 10, 'Vertiport_10': 10}"
416,630.0,210,9483.358197583977,3443128.727749537,"{'Vertiport_1': 10, 'Vertiport_2': 10, 'Vertiport_3': 10, 'Vertiport_4': 10, 'Vertiport_5': 10, 'Vertiport_6': 10, 'Vertiport_7': 10, 'Vertiport_8': 10, 'Vertiport_9': 10, 'Vertiport_10': 10}"
417,600.0,200,8232.080720135966,3451360.808469673,"{'Vertiport_1': 10, 'Vertiport_2': 10, 'Vertiport_3': 10, 'Vertiport_4': 10, 'Vertiport_5': 10, 'Vertiport_6': 10, 'Vertiport_7': 10, 'Vertiport_8': 10, 'Vertiport_9': 10, 'Vertiport_10': 10}"
418,504.0,168,6833.297562367979,3458194.106032041,"{'Vertiport_1': 10, 'Vertiport_2': 10, 'Vertiport_3': 10, 'Vertiport_4': 10, 'Vertiport_5': 10, 'Vertiport_6': 10, 'Vertiport_7': 10, 'Vertiport_8': 10, 'Vertiport_9': 10, 'Vertiport_10': 10}"
419,0.0,0,0.0,3458194.106032041,"{'Vertiport_1': 10, 'Vertiport_2': 10, 'Vertiport_3': 10, 'Vertiport_4': 10, 'Vertiport_5': 10, 'Vertiport_6': 10, 'Vertiport_7': 10, 'Vertiport_8': 10, 'Vertiport_9': 10, 'Vertiport_10': 10}"
420,0.0,0,0.0,3458194.106032041,"{'Vertiport_1': 10, 'Vertiport_2': 10, 'Vertiport_3': 10, 'Vertiport_4': 10, 'Vertiport_5': 10, 'Vertiport_6': 10, 'Vertiport_7': 10, 'Vertiport_8': 10, 'Vertiport_9': 10, 'Vertiport_10': 10}"
421,0.0,0,0.0,3458194.106032041,"{'Vertiport_1': 10, 'Vertiport_2': 10, 'Vertiport_3': 10, 'Vertiport_4': 10, 'Vertiport_5': 10, 'Vertiport_6': 10, 'Vertiport_7': 10, 'Vertiport_8': 10, 'Vertiport_9': 10, 'Vertiport_10': 10}"
422,450.0,150,6809.8119153359785,3465003.917947377,"{'Vertiport_1': 10, 'Vertiport_2': 10, 'Vertiport_3': 10, 'Vertiport_4': 10, 'Vertiport_5': 10, 'Vertiport_6': 10, 'Vertiport_7': 10, 'Vertiport_8': 10, 'Vertiport_9': 10, 'Vertiport_10': 10}"
423,606.0,202,9692.813648183983,3474696.731595561,"{'Vertiport_1': 10, 'Vertiport_2': 10, 'Vertiport_3': 10, 'Vertiport_4': 10, 'Vertiport_5': 10, 'Vertiport_6': 10, 'Vertiport_7': 10, 'Vertiport_8': 10, 'Vertiport_9': 10, 'Vertiport_10': 10}"
424,546.0,182,7864.4266651279695,3482561.1582606887,"{'Vertiport_1': 10, 'Vertiport_2': 10, 'Vertiport_3': 10, 'Vertiport_4': 10, 'Vertiport_5': 10, 'Vertiport_6': 10, 'Vertiport_7': 10, 'Vertiport_8': 10, 'Vertiport_9': 10, 'Vertiport_10': 10}"
425,555.0,185,7671.06508549597,3490232.2233461845,"{'Vertiport_1': 10, 'Vertiport_2': 10, 'Vertiport_3': 10, 'Vertiport_4': 10, 'Vertiport_5': 10, 'Vertiport_6': 10, 'Vertiport_7': 10, 'Vertiport_8': 10, 'Vertiport_9': 10, 'Vertiport_10': 10}"
426,573.0,191,8162.246725423965,3498394.4700716087,"{'Vertiport_1': 10, 'Vertiport_2': 10, 'Vertiport_3': 10, 'Vertiport_4': 10, 'Vertiport_5': 10, 'Vertiport_6': 10, 'Vertiport_7': 10, 'Vertiport_8': 10, 'Vertiport_9': 10, 'Vertiport_10': 10}"
427,561.0,187,7816.150280703967,3506210.6203523125,"{'Vertiport_1': 10, 'Vertiport_2': 10, 'Vertiport_3': 10, 'Vertiport_4': 10, 'Vertiport_5': 10, 'Vertiport_6': 10, 'Vertiport_7': 10, 'Vertiport_8': 10, 'Vertiport_9': 10, 'Vertiport_10': 10}"
428,519.0,173,7526.989529511967,3513737.6098818243,"{'Vertiport_1': 10, 'Vertiport_2': 10, 'Vertiport_3': 10, 'Vertiport_4': 10, 'Vertiport_5': 10, 'Vertiport_6': 10, 'Vertiport_7': 10, 'Vertiport_8': 10, 'Vertiport_9': 10, 'Vertiport_10': 10}"
429,567.0,189,8635.522464815976,3522373.1323466403,"{'Vertiport_1': 10, 'Vertiport_2': 10, 'Vertiport_3': 10, 'Vertiport_4': 10, 'Vertiport_5': 10, 'Vertiport_6': 10, 'Vertiport_7': 10, 'Vertiport_8': 10, 'Vertiport_9': 10, 'Vertiport_10': 10}"
430,543.0,181,8037.228316623971,3530410.3606632645,"{'Vertiport_1': 10, 'Vertiport_2': 10, 'Vertiport_3': 10, 'Vertiport_4': 10, 'Vertiport_5': 10, 'Vertiport_6': 10, 'Vertiport_7': 10, 'Vertiport_8': 10, 'Vertiport_9': 10, 'Vertiport_10': 10}"
431,495.0,165,7121.944921943973,3537532.3055852083,"{'Vertiport_1': 10, 'Vertiport_2': 10, 'Vertiport_3': 10, 'Vertiport_4': 10, 'Vertiport_5': 10, 'Vertiport_6': 10, 'Vertiport_7': 10, 'Vertiport_8': 10, 'Vertiport_9': 10, 'Vertiport_10': 10}"
432,492.0,164,7162.57075231197,3544694.8763375203,"{'Vertiport_1': 10, 'Vertiport_2': 10, 'Vertiport_3': 10, 'Vertiport_4': 10, 'Vertiport_5': 10, 'Vertiport_6': 10, 'Vertiport_7': 10, 'Vertiport_8': 10, 'Vertiport_9': 10, 'Vertiport_10': 10}"
433,537.0,179,8244.869306399974,3552939.7456439203,"{'Vertiport_1': 10, 'Vertiport_2': 10, 'Vertiport_3': 10, 'Vertiport_4': 10, 'Vertiport_5': 10, 'Vertiport_6': 10, 'Vertiport_7': 10, 'Vertiport_8': 10, 'Vertiport_9': 10, 'Vertiport_10': 10}"
434,429.0,143,6381.428227047976,3559321.173870968,"{'Vertiport_1': 10, 'Vertiport_2': 10, 'Vertiport_3': 10, 'Vertiport_4': 10, 'Vertiport_5': 10, 'Vertiport_6': 10, 'Vertiport_7': 10, 'Vertiport_8': 10, 'Vertiport_9': 10, 'Vertiport_10': 10}"
435,495.0,165,7126.15737943997,3566447.331250408,"{'Vertiport_1': 10, 'Vertiport_2': 10, 'Vertiport_3': 10, 'Vertiport_4': 10, 'Vertiport_5': 10, 'Vertiport_6': 10, 'Vertiport_7': 10, 'Vertiport_8': 10, 'Vertiport_9': 10, 'Vertiport_10': 10}"
436,474.0,158,6642.224718127982,3573089.555968536,"{'Vertiport_1': 10, 'Vertiport_2': 10, 'Vertiport_3': 10, 'Vertiport_4': 10, 'Vertiport_5': 10, 'Vertiport_6': 10, 'Vertiport_7': 10, 'Vertiport_8': 10, 'Vertiport_9': 10, 'Vertiport_10': 10}"
437,516.0,172,7358.464790983976,3580448.02075952,"{'Vertiport_1': 10, 'Vertiport_2': 10, 'Vertiport_3': 10, 'Vertiport_4': 10, 'Vertiport_5': 10, 'Vertiport_6': 10, 'Vertiport_7': 10, 'Vertiport_8': 10, 'Vertiport_9': 10, 'Vertiport_10': 10}"
438,531.0,177,7822.027552535969,3588270.048312056,"{'Vertiport_1': 10, 'Vertiport_2': 10, 'Vertiport_3': 10, 'Vertiport_4': 10, 'Vertiport_5': 10, 'Vertiport_6': 10, 'Vertiport_7': 10, 'Vertiport_8': 10, 'Vertiport_9': 10, 'Vertiport_10': 10}"
439,558.0,186,7823.28105770397,3596093.3293697597,"{'Vertiport_1': 10, 'Vertiport_2': 10, 'Vertiport_3': 10, 'Vertiport_4': 10, 'Vertiport_5': 10, 'Vertiport_6': 10, 'Vertiport_7': 10, 'Vertiport_8': 10, 'Vertiport_9': 10, 'Vertiport_10': 10}"
440,573.0,191,8070.1251502159685,3604163.4545199755,"{'Vertiport_1': 10, 'Vertiport_2': 10, 'Vertiport_3': 10, 'Vertiport_4': 10, 'Vertiport_5': 10, 'Vertiport_6': 10, 'Vertiport_7': 10, 'Vertiport_8': 10, 'Vertiport_9': 10, 'Vertiport_10': 10}"
441,615.0,205,8588.803986567975,3612752.2585065435,"{'Vertiport_1': 10, 'Vertiport_2': 10, 'Vertiport_3': 10, 'Vertiport_4': 10, 'Vertiport_5': 10, 'Vertiport_6': 10, 'Vertiport_7': 10, 'Vertiport_8': 10, 'Vertiport_9': 10, 'Vertiport_10': 10}"
442,600.0,200,7984.420545631965,3620736.6790521755,"{'Vertiport_1': 10, 'Vertiport_2': 10, 'Vertiport_3': 10, 'Vertiport_4': 10, 'Vertiport_5': 10, 'Vertiport_6': 10, 'Vertiport_7': 10, 'Vertiport_8': 10, 'Vertiport_9': 10, 'Vertiport_10': 10}"
443,672.0,224,10052.733498351983,3630789.4125505276,"{'Vertiport_1': 10, 'Vertiport_2': 10, 'Vertiport_3': 10, 'Vertiport_4': 10, 'Vertiport_5': 10, 'Vertiport_6': 10, 'Vertiport_7': 10, 'Vertiport_8': 10, 'Vertiport_9': 10, 'Vertiport_10': 10}"
444,747.0,249,10244.14836132797,3641033.5609118557,"{'Vertiport_1': 10, 'Vertiport_2': 10, 'Vertiport_3': 10, 'Vertiport_4': 10, 'Vertiport_5': 10, 'Vertiport_6': 10, 'Vertiport_7': 10, 'Vertiport_8': 10, 'Vertiport_9': 10, 'Vertiport_10': 10}"
445,795.0,265,10978.10411077598,3652011.6650226316,"{'Vertiport_1': 10, 'Vertiport_2': 10, 'Vertiport_3': 10, 'Vertiport_4': 10, 'Vertiport_5': 10, 'Vertiport_6': 10, 'Vertiport_7': 10, 'Vertiport_8': 10, 'Vertiport_9': 10, 'Vertiport_10': 10}"
446,786.0,262,10715.33265547199,3662726.997678104,"{'Vertiport_1': 10, 'Vertiport_2': 10, 'Vertiport_3': 10, 'Vertiport_4': 10, 'Vertiport_5': 10, 'Vertiport_6': 10, 'Vertiport_7': 10, 'Vertiport_8': 10, 'Vertiport_9': 10, 'Vertiport_10': 10}"
447,819.0,273,12265.931101032,3674992.928779136,"{'Vertiport_1': 10, 'Vertiport_2': 10, 'Vertiport_3': 10, 'Vertiport_4': 10, 'Vertiport_5': 10, 'Vertiport_6': 10, 'Vertiport_7': 10, 'Vertiport_8': 10, 'Vertiport_9': 10, 'Vertiport_10': 10}"
448,888.0,296,12362.834534751983,3687355.763313888,"{'Vertiport_1': 10, 'Vertiport_2': 10, 'Vertiport_3': 10, 'Vertiport_4': 10, 'Vertiport_5': 10, 'Vertiport_6': 10, 'Vertiport_7': 10, 'Vertiport_8': 10, 'Vertiport_9': 10, 'Vertiport_10': 10}"
449,861.0,287,11879.416684759988,3699235.179998648,"{'Vertiport_1': 10, 'Vertiport_2': 10, 'Vertiport_3': 10, 'Vertiport_4': 10, 'Vertiport_5': 10, 'Vertiport_6': 10, 'Vertiport_7': 10, 'Vertiport_8': 10, 'Vertiport_9': 10, 'Vertiport_10': 10}"
450,867.0,289,12238.463869655989,3711473.643868304,"{'Vertiport_1': 10, 'Vertiport_2': 10, 'Vertiport_3': 10, 'Vertiport_4': 10, 'Vertiport_5': 10, 'Vertiport_6': 10, 'Vertiport_7': 10, 'Vertiport_8': 10, 'Vertiport_9': 10, 'Vertiport_10': 10}"
451,948.0,316,13386.34953016,3724859.993398464,"{'Vertiport_1': 10, 'Vertiport_2': 10, 'Vertiport_3': 10, 'Vertiport_4': 10, 'Vertiport_5': 10, 'Vertiport_6': 10, 'Vertiport_7': 10, 'Vertiport_8': 10, 'Vertiport_9': 10, 'Vertiport_10': 10}"
452,888.0,296,12633.311856335986,3737493.3052548,"{'Vertiport_1': 10, 'Vertiport_2': 10, 'Vertiport_3': 10, 'Vertiport_4': 10, 'Vertiport_5': 10, 'Vertiport_6': 10, 'Vertiport_7': 10, 'Vertiport_8': 10, 'Vertiport_9': 10, 'Vertiport_10': 10}"
453,894.0,298,12767.567038263998,3750260.872293064,"{'Vertiport_1': 10, 'Vertiport_2': 10, 'Vertiport_3': 10, 'Vertiport_4': 10, 'Vertiport_5': 10, 'Vertiport_6': 10, 'Vertiport_7': 10, 'Vertiport_8': 10, 'Vertiport_9': 10, 'Vertiport_10': 10}"
454,891.0,297,11941.239690775994,3762202.11198384,"{'Vertiport_1': 10, 'Vertiport_2': 10, 'Vertiport_3': 10, 'Vertiport_4': 10, 'Vertiport_5': 10, 'Vertiport_6': 10, 'Vertiport_7': 10, 'Vertiport_8': 10, 'Vertiport_9': 10, 'Vertiport_10': 10}"
455,936.0,312,13643.030722288018,3775845.142706128,"{'Vertiport_1': 10, 'Vertiport_2': 10, 'Vertiport_3': 10, 'Vertiport_4': 10, 'Vertiport_5': 10, 'Vertiport_6': 10, 'Vertiport_7': 10, 'Vertiport_8': 10, 'Vertiport_9': 10, 'Vertiport_10': 10}"
456,819.0,273,12076.969168927999,3787922.111875056,"{'Vertiport_1': 10, 'Vertiport_2': 10, 'Vertiport_3': 10, 'Vertiport_4': 10, 'Vertiport_5': 10, 'Vertiport_6': 10, 'Vertiport_7': 10, 'Vertiport_8': 10, 'Vertiport_9': 10, 'Vertiport_10': 10}"
457,924.0,308,12547.924323159996,3800470.036198216,"{'Vertiport_1': 10, 'Vertiport_2': 10, 'Vertiport_3': 10, 'Vertiport_4': 10, 'Vertiport_5': 10, 'Vertiport_6': 10, 'Vertiport_7': 10, 'Vertiport_8': 10, 'Vertiport_9': 10, 'Vertiport_10': 10}"
458,879.0,293,12880.856787808007,3813350.892986024,"{'Vertiport_1': 10, 'Vertiport_2': 10, 'Vertiport_3': 10, 'Vertiport_4': 10, 'Vertiport_5': 10, 'Vertiport_6': 10, 'Vertiport_7': 10, 'Vertiport_8': 10, 'Vertiport_9': 10, 'Vertiport_10': 10}"
459,849.0,283,11999.787567191997,3825350.680553216,"{'Vertiport_1': 10, 'Vertiport_2': 10, 'Vertiport_3': 10, 'Vertiport_4': 10, 'Vertiport_5': 10, 'Vertiport_6': 10, 'Vertiport_7': 10, 'Vertiport_8': 10, 'Vertiport_9': 10, 'Vertiport_10': 10}"
460,876.0,292,12493.867138464002,3837844.54769168,"{'Vertiport_1': 10, 'Vertiport_2': 10, 'Vertiport_3': 10, 'Vertiport_4': 10, 'Vertiport_5': 10, 'Vertiport_6': 10, 'Vertiport_7': 10, 'Vertiport_8': 10, 'Vertiport_9': 10, 'Vertiport_10': 10}"
461,912.0,304,12863.547788311998,3850708.095479992,"{'Vertiport_1': 10, 'Vertiport_2': 10, 'Vertiport_3': 10, 'Vertiport_4': 10, 'Vertiport_5': 10, 'Vertiport_6': 10, 'Vertiport_7': 10, 'Vertiport_8': 10, 'Vertiport_9': 10, 'Vertiport_10': 10}"
462,888.0,296,12351.306759367995,3863059.4022393604,"{'Vertiport_1': 10, 'Vertiport_2': 10, 'Vertiport_3': 10, 'Vertiport_4': 10, 'Vertiport_5': 10, 'Vertiport_6': 10, 'Vertiport_7': 10, 'Vertiport_8': 10, 'Vertiport_9': 10, 'Vertiport_10': 10}"
463,765.0,255,10754.098335031977,3873813.5005743923,"{'Vertiport_1': 10, 'Vertiport_2': 10, 'Vertiport_3': 10, 'Vertiport_4': 10, 'Vertiport_5': 10, 'Vertiport_6': 10, 'Vertiport_7': 10, 'Vertiport_8': 10, 'Vertiport_9': 10, 'Vertiport_10': 10}"
464,756.0,252,10978.24747588799,3884791.7480502804,"{'Vertiport_1': 10, 'Vertiport_2': 10, 'Vertiport_3': 10, 'Vertiport_4': 10, 'Vertiport_5': 10, 'Vertiport_6': 10, 'Vertiport_7': 10, 'Vertiport_8': 10, 'Vertiport_9': 10, 'Vertiport_10': 10}"
465,780.0,260,10835.580279623984,3895627.3283299045,"{'Vertiport_1': 10, 'Vertiport_2': 10, 'Vertiport_3': 10, 'Vertiport_4': 10, 'Vertiport_5': 10, 'Vertiport_6': 10, 'Vertiport_7': 10, 'Vertiport_8': 10, 'Vertiport_9': 10, 'Vertiport_10': 10}"
466,798.0,266,11625.058507423986,3907252.3868373283,"{'Vertiport_1': 10, 'Vertiport_2': 10, 'Vertiport_3': 10, 'Vertiport_4': 10, 'Vertiport_5': 10, 'Vertiport_6': 10, 'Vertiport_7': 10, 'Vertiport_8': 10, 'Vertiport_9': 10, 'Vertiport_10': 10}"
467,690.0,230,9876.145979151983,3917128.5328164804,"{'Vertiport_1': 10, 'Vertiport_2': 10, 'Vertiport_3': 10, 'Vertiport_4': 10, 'Vertiport_5': 10, 'Vertiport_6': 10, 'Vertiport_7': 10, 'Vertiport_8': 10, 'Vertiport_9': 10, 'Vertiport_10': 10}"
468,684.0,228,9524.530162343977,3926653.062978824,"{'Vertiport_1': 10, 'Vertiport_2': 10, 'Vertiport_3': 10, 'Vertiport_4': 10, 'Vertiport_5': 10, 'Vertiport_6': 10, 'Vertiport_7': 10, 'Vertiport_8': 10, 'Vertiport_9': 10, 'Vertiport_10': 10}"
469,672.0,224,9420.340702631984,3936073.403681456,"{'Vertiport_1': 10, 'Vertiport_2': 10, 'Vertiport_3': 10, 'Vertiport_4': 10, 'Vertiport_5': 10, 'Vertiport_6': 10, 'Vertiport_7': 10, 'Vertiport_8': 10, 'Vertiport_9': 10, 'Vertiport_10': 10}"
470,624.0,208,8861.854588655973,3944935.258270112,"{'Vertiport_1': 10, 'Vertiport_2': 10, 'Vertiport_3': 10, 'Vertiport_4': 10, 'Vertiport_5': 10, 'Vertiport_6': 10, 'Vertiport_7': 10, 'Vertiport_8': 10, 'Vertiport_9': 10, 'Vertiport_10': 10}"
471,525.0,175,7212.681667351974,3952147.939937464,"{'Vertiport_1': 10, 'Vertiport_2': 10, 'Vertiport_3': 10, 'Vertiport_4': 10, 'Vertiport_5': 10, 'Vertiport_6': 10, 'Vertiport_7': 10, 'Vertiport_8': 10, 'Vertiport_9': 10, 'Vertiport_10': 10}"
472,447.0,149,6816.64076207997,3958964.580699544,"{'Vertiport_1': 10, 'Vertiport_2': 10, 'Vertiport_3': 10, 'Vertiport_4': 10, 'Vertiport_5': 10, 'Vertiport_6': 10, 'Vertiport_7': 10, 'Vertiport_8': 10, 'Vertiport_9': 10, 'Vertiport_10': 10}"
473,420.0,140,5955.9270041519785,3964920.507703696,"{'Vertiport_1': 10, 'Vertiport_2': 10, 'Vertiport_3': 10, 'Vertiport_4': 10, 'Vertiport_5': 10, 'Vertiport_6': 10, 'Vertiport_7': 10, 'Vertiport_8': 10, 'Vertiport_9': 10, 'Vertiport_10': 10}"
474,384.0,128,5772.257745671984,3970692.765449368,"{'Vertiport_1': 10, 'Vertiport_2': 10, 'Vertiport_3': 10, 'Vertiport_4': 10, 'Vertiport_5': 10, 'Vertiport_6': 10, 'Vertiport_7': 10, 'Vertiport_8': 10, 'Vertiport_9': 10, 'Vertiport_10': 10}"
475,354.0,118,5237.387390071989,3975930.15283944,"{'Vertiport_1': 10, 'Vertiport_2': 10, 'Vertiport_3': 10, 'Vertiport_4': 10, 'Vertiport_5': 10, 'Vertiport_6': 10, 'Vertiport_7': 10, 'Vertiport_8': 10, 'Vertiport_9': 10, 'Vertiport_10': 10}"
476,465.0,155,6710.581002279977,3982640.73384172,"{'Vertiport_1': 10, 'Vertiport_2': 10, 'Vertiport_3': 10, 'Vertiport_4': 10, 'Vertiport_5': 10, 'Vertiport_6': 10, 'Vertiport_7': 10, 'Vertiport_8': 10, 'Vertiport_9': 10, 'Vertiport_10': 10}"
477,366.0,122,5506.848298287984,3988147.582140008,"{'Vertiport_1': 10, 'Vertiport_2': 10, 'Vertiport_3': 10, 'Vertiport_4': 10, 'Vertiport_5': 10, 'Vertiport_6': 10, 'Vertiport_7': 10, 'Vertiport_8': 10, 'Vertiport_9': 10, 'Vertiport_10': 10}"
478,282.0,94,3889.912359399997,3992037.494499408,"{'Vertiport_1': 10, 'Vertiport_2': 10, 'Vertiport_3': 10, 'Vertiport_4': 10, 'Vertiport_5': 10, 'Vertiport_6': 10, 'Vertiport_7': 10, 'Vertiport_8': 10, 'Vertiport_9': 10, 'Vertiport_10': 10}"
479,237.0,79,3798.469163695998,3995835.963663104,"{'Vertiport_1': 10, 'Vertiport_2': 10, 'Vertiport_3': 10, 'Vertiport_4': 10, 'Vertiport_5': 10, 'Vertiport_6': 10, 'Vertiport_7': 10, 'Vertiport_8': 10, 'Vertiport_9': 10, 'Vertiport_10': 10}"
480,141.0,47,1779.5226177360003,3997615.48628084,"{'Vertiport_1': 10, 'Vertiport_2': 10, 'Vertiport_3': 10, 'Vertiport_4': 10, 'Vertiport_5': 10, 'Vertiport_6': 10, 'Vertiport_7': 10, 'Vertiport_8': 10, 'Vertiport_9': 10, 'Vertiport_10': 10}"
481,99.0,33,1577.5693521120004,3999193.0556329517,"{'Vertiport_1': 10, 'Vertiport_2': 10, 'Vertiport_3': 10, 'Vertiport_4': 10, 'Vertiport_5': 10, 'Vertiport_6': 10, 'Vertiport_7': 10, 'Vertiport_8': 10, 'Vertiport_9': 10, 'Vertiport_10': 10}"
482,114.0,38,1775.5279967920007,4000968.5836297437,"{'Vertiport_1': 10, 'Vertiport_2': 10, 'Vertiport_3': 10, 'Vertiport_4': 10, 'Vertiport_5': 10, 'Vertiport_6': 10, 'Vertiport_7': 10, 'Vertiport_8': 10, 'Vertiport_9': 10, 'Vertiport_10': 10}"
483,102.0,34,1546.663913896,4002515.2475436395,"{'Vertiport_1': 10, 'Vertiport_2': 10, 'Vertiport_3': 10, 'Vertiport_4': 10, 'Vertiport_5': 10, 'Vertiport_6': 10, 'Vertiport_7': 10, 'Vertiport_8': 10, 'Vertiport_9': 10, 'Vertiport_10': 10}"
484,96.0,32,1163.2328861040005,4003678.4804297434,"{'Vertiport_1': 10, 'Vertiport_2': 10, 'Vertiport_3': 10, 'Vertiport_4': 10, 'Vertiport_5': 10, 'Vertiport_6': 10, 'Vertiport_7': 10, 'Vertiport_8': 10, 'Vertiport_9': 10, 'Vertiport_10': 10}"
485,99.0,33,1467.04162732,4005145.5220570634,"{'Vertiport_1': 10, 'Vertiport_2': 10, 'Vertiport_3': 10, 'Vertiport_4': 10, 'Vertiport_5': 10, 'Vertiport_6': 10, 'Vertiport_7': 10, 'Vertiport_8': 10, 'Vertiport_9': 10, 'Vertiport_10': 10}"
486,126.0,42,2264.1892352799996,4007409.711292343,"{'Vertiport_1': 10, 'Vertiport_2': 10, 'Vertiport_3': 10, 'Vertiport_4': 10, 'Vertiport_5': 10, 'Vertiport_6': 10, 'Vertiport_7': 10, 'Vertiport_8': 10, 'Vertiport_9': 10, 'Vertiport_10': 10}"
487,120.0,40,2072.7397647520006,4009482.451057095,"{'Vertiport_1': 10, 'Vertiport_2': 10, 'Vertiport_3': 10, 'Vertiport_4': 10, 'Vertiport_5': 10, 'Vertiport_6': 10, 'Vertiport_7': 10, 'Vertiport_8': 10, 'Vertiport_9': 10, 'Vertiport_10': 10}"
488,162.0,54,2436.6345633599994,4011919.085620455,"{'Vertiport_1': 10, 'Vertiport_2': 10, 'Vertiport_3': 10, 'Vertiport_4': 10, 'Vertiport_5': 10, 'Vertiport_6': 10, 'Vertiport_7': 10, 'Vertiport_8': 10, 'Vertiport_9': 10, 'Vertiport_10': 10}"
489,159.0,53,2981.8674570479975,4014900.953077503,"{'Vertiport_1': 10, 'Vertiport_2': 10, 'Vertiport_3': 10, 'Vertiport_4': 10, 'Vertiport_5': 10, 'Vertiport_6': 10, 'Vertiport_7': 10, 'Vertiport_8': 10, 'Vertiport_9': 10, 'Vertiport_10': 10}"
490,174.0,58,2523.1275658159993,4017424.080643319,"{'Vertiport_1': 10, 'Vertiport_2': 10, 'Vertiport_3': 10, 'Vertiport_4': 10, 'Vertiport_5': 10, 'Vertiport_6': 10, 'Vertiport_7': 10, 'Vertiport_8': 10, 'Vertiport_9': 10, 'Vertiport_10': 10}"
491,270.0,90,3872.7007489119947,4021296.781392231,"{'Vertiport_1': 10, 'Vertiport_2': 10, 'Vertiport_3': 10, 'Vertiport_4': 10, 'Vertiport_5': 10, 'Vertiport_6': 10, 'Vertiport_7': 10, 'Vertiport_8': 10, 'Vertiport_9': 10, 'Vertiport_10': 10}"
492,216.0,72,2863.552875288,4024160.334267519,"{'Vertiport_1': 10, 'Vertiport_2': 10, 'Vertiport_3': 10, 'Vertiport_4': 10, 'Vertiport_5': 10, 'Vertiport_6': 10, 'Vertiport_7': 10, 'Vertiport_8': 10, 'Vertiport_9': 10, 'Vertiport_10': 10}"
493,231.0,77,3074.164253143999,4027234.498520663,"{'Vertiport_1': 10, 'Vertiport_2': 10, 'Vertiport_3': 10, 'Vertiport_4': 10, 'Vertiport_5': 10, 'Vertiport_6': 10, 'Vertiport_7': 10, 'Vertiport_8': 10, 'Vertiport_9': 10, 'Vertiport_10': 10}"
494,297.0,99,4198.760473487995,4031433.258994151,"{'Vertiport_1': 10, 'Vertiport_2': 10, 'Vertiport_3': 10, 'Vertiport_4': 10, 'Vertiport_5': 10, 'Vertiport_6': 10, 'Vertiport_7': 10, 'Vertiport_8': 10, 'Vertiport_9': 10, 'Vertiport_10': 10}"
495,327.0,109,4639.15397985599,4036072.412974007,"{'Vertiport_1': 10, 'Vertiport_2': 10, 'Vertiport_3': 10, 'Vertiport_4': 10, 'Vertiport_5': 10, 'Vertiport_6': 10, 'Vertiport_7': 10, 'Vertiport_8': 10, 'Vertiport_9': 10, 'Vertiport_10': 10}"
496,339.0,113,4764.684260455991,4040837.097234463,"{'Vertiport_1': 10, 'Vertiport_2': 10, 'Vertiport_3': 10, 'Vertiport_4': 10, 'Vertiport_5': 10, 'Vertiport_6': 10, 'Vertiport_7': 10, 'Vertiport_8': 10, 'Vertiport_9': 10, 'Vertiport_10': 10}"
497,342.0,114,5304.698472471985,4046141.7957069348,"{'Vertiport_1': 10, 'Vertiport_2': 10, 'Vertiport_3': 10, 'Vertiport_4': 10, 'Vertiport_5': 10, 'Vertiport_6': 10, 'Vertiport_7': 10, 'Vertiport_8': 10, 'Vertiport_9': 10, 'Vertiport_10': 10}"
498,402.0,134,5967.33871908798,4052109.134426023,"{'Vertiport_1': 10, 'Vertiport_2': 10, 'Vertiport_3': 10, 'Vertiport_4': 10, 'Vertiport_5': 10, 'Vertiport_6': 10, 'Vertiport_7': 10, 'Vertiport_8': 10, 'Vertiport_9': 10, 'Vertiport_10': 10}"
499,561.0,187,8167.1785476239675,4060276.312973647,"{'Vertiport_1': 10, 'Vertiport_2': 10, 'Vertiport_3': 10, 'Vertiport_4': 10, 'Vertiport_5': 10, 'Vertiport_6': 10, 'Vertiport_7': 10, 'Vertiport_8': 10, 'Vertiport_9': 10, 'Vertiport_10': 10}"
500,549.0,183,7555.081951295972,4067831.394924943,"{'Vertiport_1': 10, 'Vertiport_2': 10, 'Vertiport_3': 10, 'Vertiport_4': 10, 'Vertiport_5': 10, 'Vertiport_6': 10, 'Vertiport_7': 10, 'Vertiport_8': 10, 'Vertiport_9': 10, 'Vertiport_10': 10}"
