time_step,met_demand,unmet_demand,iteration_cost,cumulative_cost,vertiport_counts
1,748.0,212,9453.996708499984,9453.996708499984,"{'Vertiport_1': 15, 'Vertiport_2': 8, 'Vertiport_3': 15, 'Vertiport_4': 14, 'Vertiport_5': 15, 'Vertiport_6': 3, 'Vertiport_7': 24, 'Vertiport_8': 19, 'Vertiport_9': 22, 'Vertiport_10': 15}"
2,375.0,87,5021.2966503999905,14475.293358899975,"{'Vertiport_1': 15, 'Vertiport_2': 13, 'Vertiport_3': 15, 'Vertiport_4': 16, 'Vertiport_5': 15, 'Vertiport_6': 0, 'Vertiport_7': 26, 'Vertiport_8': 19, 'Vertiport_9': 16, 'Vertiport_10': 15}"
3,296.0,66,3583.0661492319978,18058.359508131973,"{'Vertiport_1': 15, 'Vertiport_2': 16, 'Vertiport_3': 15, 'Vertiport_4': 16, 'Vertiport_5': 15, 'Vertiport_6': 0, 'Vertiport_7': 25, 'Vertiport_8': 19, 'Vertiport_9': 14, 'Vertiport_10': 15}"
4,256.0,50,3351.1904492879976,21409.54995741997,"{'Vertiport_1': 15, 'Vertiport_2': 10, 'Vertiport_3': 15, 'Vertiport_4': 16, 'Vertiport_5': 15, 'Vertiport_6': 0, 'Vertiport_7': 25, 'Vertiport_8': 19, 'Vertiport_9': 20, 'Vertiport_10': 15}"
5,213.0,47,2583.8458710199975,23993.39582843997,"{'Vertiport_1': 15, 'Vertiport_2': 15, 'Vertiport_3': 15, 'Vertiport_4': 1, 'Vertiport_5': 15, 'Vertiport_6': 2, 'Vertiport_7': 33, 'Vertiport_8': 23, 'Vertiport_9': 16, 'Vertiport_10': 15}"
6,203.0,47,2768.068336011999,26761.46416445197,"{'Vertiport_1': 15, 'Vertiport_2': 15, 'Vertiport_3': 15, 'Vertiport_4': 1, 'Vertiport_5': 15, 'Vertiport_6': 4, 'Vertiport_7': 32, 'Vertiport_8': 23, 'Vertiport_9': 15, 'Vertiport_10': 15}"
7,211.0,47,2678.279947951999,29439.74411240397,"{'Vertiport_1': 15, 'Vertiport_2': 13, 'Vertiport_3': 15, 'Vertiport_4': 0, 'Vertiport_5': 15, 'Vertiport_6': 6, 'Vertiport_7': 30, 'Vertiport_8': 25, 'Vertiport_9': 16, 'Vertiport_10': 15}"
8,258.0,80,3137.365430591999,32577.109542995968,"{'Vertiport_1': 15, 'Vertiport_2': 13, 'Vertiport_3': 15, 'Vertiport_4': 13, 'Vertiport_5': 15, 'Vertiport_6': 11, 'Vertiport_7': 20, 'Vertiport_8': 17, 'Vertiport_9': 16, 'Vertiport_10': 15}"
9,193.0,57,3002.981903972001,35580.09144696797,"{'Vertiport_1': 15, 'Vertiport_2': 15, 'Vertiport_3': 15, 'Vertiport_4': 14, 'Vertiport_5': 15, 'Vertiport_6': 14, 'Vertiport_7': 17, 'Vertiport_8': 14, 'Vertiport_9': 16, 'Vertiport_10': 15}"
10,177.0,57,2277.9073624559996,37857.99880942397,"{'Vertiport_1': 15, 'Vertiport_2': 15, 'Vertiport_3': 15, 'Vertiport_4': 14, 'Vertiport_5': 15, 'Vertiport_6': 15, 'Vertiport_7': 15, 'Vertiport_8': 16, 'Vertiport_9': 15, 'Vertiport_10': 15}"
11,192.0,62,2813.757114683998,40671.755924107965,"{'Vertiport_1': 15, 'Vertiport_2': 17, 'Vertiport_3': 15, 'Vertiport_4': 15, 'Vertiport_5': 15, 'Vertiport_6': 15, 'Vertiport_7': 15, 'Vertiport_8': 14, 'Vertiport_9': 14, 'Vertiport_10': 15}"
12,243.0,79,3554.9442520319976,44226.700176139966,"{'Vertiport_1': 15, 'Vertiport_2': 17, 'Vertiport_3': 15, 'Vertiport_4': 15, 'Vertiport_5': 15, 'Vertiport_6': 16, 'Vertiport_7': 15, 'Vertiport_8': 14, 'Vertiport_9': 13, 'Vertiport_10': 15}"
13,195.0,63,2275.339386875999,46502.03956301596,"{'Vertiport_1': 15, 'Vertiport_2': 16, 'Vertiport_3': 15, 'Vertiport_4': 15, 'Vertiport_5': 15, 'Vertiport_6': 15, 'Vertiport_7': 14, 'Vertiport_8': 16, 'Vertiport_9': 14, 'Vertiport_10': 15}"
14,202.0,66,2385.964469819999,48888.00403283596,"{'Vertiport_1': 15, 'Vertiport_2': 15, 'Vertiport_3': 15, 'Vertiport_4': 16, 'Vertiport_5': 15, 'Vertiport_6': 15, 'Vertiport_7': 15, 'Vertiport_8': 15, 'Vertiport_9': 14, 'Vertiport_10': 15}"
15,308.0,100,3944.024288647996,52832.02832148396,"{'Vertiport_1': 15, 'Vertiport_2': 18, 'Vertiport_3': 15, 'Vertiport_4': 15, 'Vertiport_5': 15, 'Vertiport_6': 14, 'Vertiport_7': 15, 'Vertiport_8': 16, 'Vertiport_9': 12, 'Vertiport_10': 15}"
16,268.0,86,3474.9923165719965,56307.020638055954,"{'Vertiport_1': 15, 'Vertiport_2': 15, 'Vertiport_3': 15, 'Vertiport_4': 16, 'Vertiport_5': 15, 'Vertiport_6': 16, 'Vertiport_7': 15, 'Vertiport_8': 12, 'Vertiport_9': 16, 'Vertiport_10': 15}"
17,307.0,99,4056.1743939759976,60363.19503203195,"{'Vertiport_1': 15, 'Vertiport_2': 17, 'Vertiport_3': 15, 'Vertiport_4': 16, 'Vertiport_5': 15, 'Vertiport_6': 17, 'Vertiport_7': 15, 'Vertiport_8': 12, 'Vertiport_9': 13, 'Vertiport_10': 15}"
18,289.0,93,4209.873280039994,64573.06831207195,"{'Vertiport_1': 15, 'Vertiport_2': 18, 'Vertiport_3': 15, 'Vertiport_4': 16, 'Vertiport_5': 15, 'Vertiport_6': 14, 'Vertiport_7': 15, 'Vertiport_8': 15, 'Vertiport_9': 12, 'Vertiport_10': 15}"
19,386.0,128,5535.576797159986,70108.64510923193,"{'Vertiport_1': 15, 'Vertiport_2': 16, 'Vertiport_3': 15, 'Vertiport_4': 15, 'Vertiport_5': 15, 'Vertiport_6': 15, 'Vertiport_7': 15, 'Vertiport_8': 15, 'Vertiport_9': 14, 'Vertiport_10': 15}"
20,400.0,132,5432.306794391982,75540.95190362392,"{'Vertiport_1': 15, 'Vertiport_2': 16, 'Vertiport_3': 15, 'Vertiport_4': 15, 'Vertiport_5': 15, 'Vertiport_6': 16, 'Vertiport_7': 15, 'Vertiport_8': 14, 'Vertiport_9': 14, 'Vertiport_10': 15}"
21,360.0,118,4776.813968951991,80317.76587257591,"{'Vertiport_1': 15, 'Vertiport_2': 16, 'Vertiport_3': 15, 'Vertiport_4': 15, 'Vertiport_5': 15, 'Vertiport_6': 15, 'Vertiport_7': 15, 'Vertiport_8': 15, 'Vertiport_9': 14, 'Vertiport_10': 15}"
22,438.0,144,6507.825074355978,86825.59094693189,"{'Vertiport_1': 15, 'Vertiport_2': 15, 'Vertiport_3': 15, 'Vertiport_4': 17, 'Vertiport_5': 15, 'Vertiport_6': 15, 'Vertiport_7': 15, 'Vertiport_8': 14, 'Vertiport_9': 14, 'Vertiport_10': 15}"
23,531.0,177,6870.328223239971,93695.91917017185,"{'Vertiport_1': 15, 'Vertiport_2': 15, 'Vertiport_3': 15, 'Vertiport_4': 15, 'Vertiport_5': 15, 'Vertiport_6': 15, 'Vertiport_7': 15, 'Vertiport_8': 15, 'Vertiport_9': 15, 'Vertiport_10': 15}"
24,580.0,190,7930.307483887971,101626.22665405982,"{'Vertiport_1': 15, 'Vertiport_2': 15, 'Vertiport_3': 15, 'Vertiport_4': 17, 'Vertiport_5': 15, 'Vertiport_6': 15, 'Vertiport_7': 14, 'Vertiport_8': 13, 'Vertiport_9': 16, 'Vertiport_10': 15}"
25,470.0,154,6506.520555063972,108132.74720912379,"{'Vertiport_1': 15, 'Vertiport_2': 15, 'Vertiport_3': 15, 'Vertiport_4': 16, 'Vertiport_5': 15, 'Vertiport_6': 18, 'Vertiport_7': 13, 'Vertiport_8': 13, 'Vertiport_9': 15, 'Vertiport_10': 15}"
26,449.0,149,6680.77565355998,114813.52286268376,"{'Vertiport_1': 15, 'Vertiport_2': 15, 'Vertiport_3': 15, 'Vertiport_4': 15, 'Vertiport_5': 15, 'Vertiport_6': 16, 'Vertiport_7': 15, 'Vertiport_8': 14, 'Vertiport_9': 15, 'Vertiport_10': 15}"
27,656.0,218,8899.623255071978,123713.14611775574,"{'Vertiport_1': 15, 'Vertiport_2': 15, 'Vertiport_3': 15, 'Vertiport_4': 15, 'Vertiport_5': 15, 'Vertiport_6': 16, 'Vertiport_7': 15, 'Vertiport_8': 14, 'Vertiport_9': 15, 'Vertiport_10': 15}"
28,604.0,200,8467.183125883967,132180.32924363972,"{'Vertiport_1': 15, 'Vertiport_2': 15, 'Vertiport_3': 15, 'Vertiport_4': 16, 'Vertiport_5': 15, 'Vertiport_6': 15, 'Vertiport_7': 15, 'Vertiport_8': 13, 'Vertiport_9': 16, 'Vertiport_10': 15}"
29,668.0,220,9097.710433719976,141278.0396773597,"{'Vertiport_1': 15, 'Vertiport_2': 15, 'Vertiport_3': 15, 'Vertiport_4': 16, 'Vertiport_5': 15, 'Vertiport_6': 16, 'Vertiport_7': 15, 'Vertiport_8': 13, 'Vertiport_9': 15, 'Vertiport_10': 15}"
30,619.0,203,7971.329862279971,149249.36953963965,"{'Vertiport_1': 15, 'Vertiport_2': 15, 'Vertiport_3': 15, 'Vertiport_4': 15, 'Vertiport_5': 15, 'Vertiport_6': 15, 'Vertiport_7': 14, 'Vertiport_8': 15, 'Vertiport_9': 16, 'Vertiport_10': 15}"
31,687.0,227,9476.049487939983,158725.41902757963,"{'Vertiport_1': 15, 'Vertiport_2': 15, 'Vertiport_3': 15, 'Vertiport_4': 15, 'Vertiport_5': 15, 'Vertiport_6': 17, 'Vertiport_7': 15, 'Vertiport_8': 12, 'Vertiport_9': 16, 'Vertiport_10': 15}"
32,668.0,222,9870.301255203985,168595.72028278362,"{'Vertiport_1': 15, 'Vertiport_2': 15, 'Vertiport_3': 15, 'Vertiport_4': 15, 'Vertiport_5': 15, 'Vertiport_6': 16, 'Vertiport_7': 14, 'Vertiport_8': 15, 'Vertiport_9': 15, 'Vertiport_10': 15}"
33,702.0,230,9829.585926783991,178425.3062095676,"{'Vertiport_1': 15, 'Vertiport_2': 15, 'Vertiport_3': 15, 'Vertiport_4': 17, 'Vertiport_5': 15, 'Vertiport_6': 15, 'Vertiport_7': 15, 'Vertiport_8': 11, 'Vertiport_9': 17, 'Vertiport_10': 15}"
34,664.0,220,9002.135780247985,187427.4419898156,"{'Vertiport_1': 15, 'Vertiport_2': 15, 'Vertiport_3': 15, 'Vertiport_4': 16, 'Vertiport_5': 15, 'Vertiport_6': 14, 'Vertiport_7': 15, 'Vertiport_8': 15, 'Vertiport_9': 15, 'Vertiport_10': 15}"
35,604.0,200,8481.010171939966,195908.45216175556,"{'Vertiport_1': 15, 'Vertiport_2': 15, 'Vertiport_3': 15, 'Vertiport_4': 15, 'Vertiport_5': 15, 'Vertiport_6': 15, 'Vertiport_7': 14, 'Vertiport_8': 16, 'Vertiport_9': 15, 'Vertiport_10': 15}"
36,697.0,229,9838.71002386,205747.16218561557,"{'Vertiport_1': 15, 'Vertiport_2': 15, 'Vertiport_3': 15, 'Vertiport_4': 18, 'Vertiport_5': 15, 'Vertiport_6': 15, 'Vertiport_7': 14, 'Vertiport_8': 13, 'Vertiport_9': 15, 'Vertiport_10': 15}"
37,740.0,244,10394.050396695995,216141.21258231156,"{'Vertiport_1': 15, 'Vertiport_2': 15, 'Vertiport_3': 15, 'Vertiport_4': 15, 'Vertiport_5': 15, 'Vertiport_6': 18, 'Vertiport_7': 14, 'Vertiport_8': 12, 'Vertiport_9': 16, 'Vertiport_10': 15}"
38,668.0,222,9942.013994531997,226083.22657684356,"{'Vertiport_1': 15, 'Vertiport_2': 15, 'Vertiport_3': 15, 'Vertiport_4': 15, 'Vertiport_5': 15, 'Vertiport_6': 15, 'Vertiport_7': 15, 'Vertiport_8': 14, 'Vertiport_9': 16, 'Vertiport_10': 15}"
39,703.0,231,9319.043154871983,235402.26973171555,"{'Vertiport_1': 15, 'Vertiport_2': 15, 'Vertiport_3': 15, 'Vertiport_4': 18, 'Vertiport_5': 15, 'Vertiport_6': 17, 'Vertiport_7': 15, 'Vertiport_8': 10, 'Vertiport_9': 15, 'Vertiport_10': 15}"
40,686.0,228,10049.753600295988,245452.02333201154,"{'Vertiport_1': 15, 'Vertiport_2': 15, 'Vertiport_3': 15, 'Vertiport_4': 16, 'Vertiport_5': 15, 'Vertiport_6': 15, 'Vertiport_7': 15, 'Vertiport_8': 14, 'Vertiport_9': 15, 'Vertiport_10': 15}"
41,723.0,241,10093.55179075198,255545.57512276352,"{'Vertiport_1': 15, 'Vertiport_2': 15, 'Vertiport_3': 15, 'Vertiport_4': 15, 'Vertiport_5': 15, 'Vertiport_6': 15, 'Vertiport_7': 15, 'Vertiport_8': 15, 'Vertiport_9': 15, 'Vertiport_10': 15}"
42,675.0,223,9718.515410775988,265264.09053353954,"{'Vertiport_1': 15, 'Vertiport_2': 15, 'Vertiport_3': 15, 'Vertiport_4': 15, 'Vertiport_5': 15, 'Vertiport_6': 16, 'Vertiport_7': 15, 'Vertiport_8': 14, 'Vertiport_9': 15, 'Vertiport_10': 15}"
43,704.0,234,9759.758617767979,275023.84915130754,"{'Vertiport_1': 15, 'Vertiport_2': 15, 'Vertiport_3': 15, 'Vertiport_4': 16, 'Vertiport_5': 15, 'Vertiport_6': 15, 'Vertiport_7': 15, 'Vertiport_8': 14, 'Vertiport_9': 15, 'Vertiport_10': 15}"
44,698.0,230,9648.776871983984,284672.62602329155,"{'Vertiport_1': 15, 'Vertiport_2': 15, 'Vertiport_3': 15, 'Vertiport_4': 17, 'Vertiport_5': 15, 'Vertiport_6': 13, 'Vertiport_7': 15, 'Vertiport_8': 15, 'Vertiport_9': 15, 'Vertiport_10': 15}"
45,704.0,234,9954.314113959983,294626.9401372515,"{'Vertiport_1': 15, 'Vertiport_2': 15, 'Vertiport_3': 15, 'Vertiport_4': 15, 'Vertiport_5': 15, 'Vertiport_6': 16, 'Vertiport_7': 15, 'Vertiport_8': 14, 'Vertiport_9': 15, 'Vertiport_10': 15}"
46,715.0,237,9931.730984487982,304558.6711217395,"{'Vertiport_1': 15, 'Vertiport_2': 15, 'Vertiport_3': 15, 'Vertiport_4': 16, 'Vertiport_5': 15, 'Vertiport_6': 14, 'Vertiport_7': 15, 'Vertiport_8': 15, 'Vertiport_9': 15, 'Vertiport_10': 15}"
47,792.0,264,11062.223480495993,315620.89460223546,"{'Vertiport_1': 15, 'Vertiport_2': 15, 'Vertiport_3': 15, 'Vertiport_4': 15, 'Vertiport_5': 15, 'Vertiport_6': 15, 'Vertiport_7': 15, 'Vertiport_8': 15, 'Vertiport_9': 15, 'Vertiport_10': 15}"
48,708.0,236,10614.284034047985,326235.17863628344,"{'Vertiport_1': 15, 'Vertiport_2': 15, 'Vertiport_3': 15, 'Vertiport_4': 15, 'Vertiport_5': 15, 'Vertiport_6': 15, 'Vertiport_7': 15, 'Vertiport_8': 15, 'Vertiport_9': 15, 'Vertiport_10': 15}"
49,680.0,226,9738.931303967987,335974.10994025145,"{'Vertiport_1': 15, 'Vertiport_2': 15, 'Vertiport_3': 15, 'Vertiport_4': 15, 'Vertiport_5': 15, 'Vertiport_6': 16, 'Vertiport_7': 15, 'Vertiport_8': 14, 'Vertiport_9': 15, 'Vertiport_10': 15}"
50,655.0,217,9180.25175765598,345154.36169790744,"{'Vertiport_1': 15, 'Vertiport_2': 15, 'Vertiport_3': 15, 'Vertiport_4': 16, 'Vertiport_5': 15, 'Vertiport_6': 16, 'Vertiport_7': 15, 'Vertiport_8': 13, 'Vertiport_9': 15, 'Vertiport_10': 15}"
51,698.0,230,9757.30805298398,354911.66975089145,"{'Vertiport_1': 15, 'Vertiport_2': 15, 'Vertiport_3': 14, 'Vertiport_4': 15, 'Vertiport_5': 15, 'Vertiport_6': 16, 'Vertiport_7': 15, 'Vertiport_8': 14, 'Vertiport_9': 15, 'Vertiport_10': 16}"
52,593.0,195,7774.681961351963,362686.3517122434,"{'Vertiport_1': 15, 'Vertiport_2': 15, 'Vertiport_3': 16, 'Vertiport_4': 16, 'Vertiport_5': 15, 'Vertiport_6': 17, 'Vertiport_7': 15, 'Vertiport_8': 12, 'Vertiport_9': 15, 'Vertiport_10': 14}"
53,608.0,200,8096.372432087965,370782.72414433135,"{'Vertiport_1': 15, 'Vertiport_2': 15, 'Vertiport_3': 15, 'Vertiport_4': 17, 'Vertiport_5': 15, 'Vertiport_6': 15, 'Vertiport_7': 15, 'Vertiport_8': 11, 'Vertiport_9': 17, 'Vertiport_10': 15}"
54,602.0,200,8858.707314391982,379641.4314587233,"{'Vertiport_1': 15, 'Vertiport_2': 15, 'Vertiport_3': 15, 'Vertiport_4': 15, 'Vertiport_5': 15, 'Vertiport_6': 16, 'Vertiport_7': 15, 'Vertiport_8': 14, 'Vertiport_9': 15, 'Vertiport_10': 15}"
55,589.0,195,8260.110947591967,387901.5424063153,"{'Vertiport_1': 15, 'Vertiport_2': 15, 'Vertiport_3': 15, 'Vertiport_4': 17, 'Vertiport_5': 15, 'Vertiport_6': 15, 'Vertiport_7': 15, 'Vertiport_8': 13, 'Vertiport_9': 15, 'Vertiport_10': 15}"
56,530.0,176,7636.824549039973,395538.3669553553,"{'Vertiport_1': 15, 'Vertiport_2': 15, 'Vertiport_3': 15, 'Vertiport_4': 15, 'Vertiport_5': 15, 'Vertiport_6': 16, 'Vertiport_7': 15, 'Vertiport_8': 14, 'Vertiport_9': 15, 'Vertiport_10': 15}"
57,632.0,210,8870.584423471973,404408.9513788273,"{'Vertiport_1': 15, 'Vertiport_2': 15, 'Vertiport_3': 15, 'Vertiport_4': 15, 'Vertiport_5': 15, 'Vertiport_6': 16, 'Vertiport_7': 15, 'Vertiport_8': 14, 'Vertiport_9': 15, 'Vertiport_10': 15}"
58,837.0,279,11320.395142687981,415729.3465215153,"{'Vertiport_1': 15, 'Vertiport_2': 15, 'Vertiport_3': 15, 'Vertiport_4': 15, 'Vertiport_5': 15, 'Vertiport_6': 15, 'Vertiport_7': 15, 'Vertiport_8': 15, 'Vertiport_9': 15, 'Vertiport_10': 15}"
59,783.0,261,11198.943741391995,426928.2902629073,"{'Vertiport_1': 15, 'Vertiport_2': 15, 'Vertiport_3': 15, 'Vertiport_4': 15, 'Vertiport_5': 15, 'Vertiport_6': 15, 'Vertiport_7': 15, 'Vertiport_8': 15, 'Vertiport_9': 15, 'Vertiport_10': 15}"
60,911.0,301,13052.771988064002,439981.06225097127,"{'Vertiport_1': 15, 'Vertiport_2': 15, 'Vertiport_3': 14, 'Vertiport_4': 16, 'Vertiport_5': 15, 'Vertiport_6': 17, 'Vertiport_7': 15, 'Vertiport_8': 12, 'Vertiport_9': 15, 'Vertiport_10': 16}"
61,987.0,327,13609.820254548005,453590.88250551926,"{'Vertiport_1': 15, 'Vertiport_2': 15, 'Vertiport_3': 15, 'Vertiport_4': 17, 'Vertiport_5': 15, 'Vertiport_6': 15, 'Vertiport_7': 15, 'Vertiport_8': 12, 'Vertiport_9': 16, 'Vertiport_10': 15}"
62,965.0,321,13698.298183744007,467289.1806892633,"{'Vertiport_1': 15, 'Vertiport_2': 15, 'Vertiport_3': 15, 'Vertiport_4': 16, 'Vertiport_5': 15, 'Vertiport_6': 15, 'Vertiport_7': 15, 'Vertiport_8': 14, 'Vertiport_9': 15, 'Vertiport_10': 15}"
63,919.0,303,12737.02768106399,480026.20837032725,"{'Vertiport_1': 15, 'Vertiport_2': 15, 'Vertiport_3': 14, 'Vertiport_4': 17, 'Vertiport_5': 15, 'Vertiport_6': 17, 'Vertiport_7': 15, 'Vertiport_8': 11, 'Vertiport_9': 15, 'Vertiport_10': 16}"
64,976.0,324,13951.663697252005,493977.87206757924,"{'Vertiport_1': 15, 'Vertiport_2': 15, 'Vertiport_3': 15, 'Vertiport_4': 16, 'Vertiport_5': 15, 'Vertiport_6': 15, 'Vertiport_7': 15, 'Vertiport_8': 13, 'Vertiport_9': 16, 'Vertiport_10': 15}"
65,1149.0,381,16293.586526720012,510271.45859429927,"{'Vertiport_1': 15, 'Vertiport_2': 15, 'Vertiport_3': 15, 'Vertiport_4': 16, 'Vertiport_5': 15, 'Vertiport_6': 15, 'Vertiport_7': 15, 'Vertiport_8': 14, 'Vertiport_9': 15, 'Vertiport_10': 15}"
66,1129.0,375,15743.059175952014,526014.5177702513,"{'Vertiport_1': 15, 'Vertiport_2': 15, 'Vertiport_3': 15, 'Vertiport_4': 17, 'Vertiport_5': 15, 'Vertiport_6': 15, 'Vertiport_7': 15, 'Vertiport_8': 13, 'Vertiport_9': 15, 'Vertiport_10': 15}"
67,1176.0,390,16111.956005040016,542126.4737752912,"{'Vertiport_1': 15, 'Vertiport_2': 15, 'Vertiport_3': 14, 'Vertiport_4': 15, 'Vertiport_5': 15, 'Vertiport_6': 17, 'Vertiport_7': 15, 'Vertiport_8': 13, 'Vertiport_9': 15, 'Vertiport_10': 16}"
68,1251.0,415,17719.13673316802,559845.6105084593,"{'Vertiport_1': 15, 'Vertiport_2': 15, 'Vertiport_3': 15, 'Vertiport_4': 16, 'Vertiport_5': 15, 'Vertiport_6': 15, 'Vertiport_7': 15, 'Vertiport_8': 14, 'Vertiport_9': 15, 'Vertiport_10': 15}"
69,1160.0,384,16213.274841992015,576058.8853504513,"{'Vertiport_1': 15, 'Vertiport_2': 15, 'Vertiport_3': 17, 'Vertiport_4': 16, 'Vertiport_5': 15, 'Vertiport_6': 16, 'Vertiport_7': 15, 'Vertiport_8': 13, 'Vertiport_9': 15, 'Vertiport_10': 13}"
70,1191.0,395,16334.515029440023,592393.4003798914,"{'Vertiport_1': 15, 'Vertiport_2': 15, 'Vertiport_3': 14, 'Vertiport_4': 17, 'Vertiport_5': 15, 'Vertiport_6': 15, 'Vertiport_7': 15, 'Vertiport_8': 13, 'Vertiport_9': 15, 'Vertiport_10': 16}"
71,1200.0,398,17296.16810949603,609689.5684893874,"{'Vertiport_1': 15, 'Vertiport_2': 15, 'Vertiport_3': 13, 'Vertiport_4': 16, 'Vertiport_5': 15, 'Vertiport_6': 15, 'Vertiport_7': 15, 'Vertiport_8': 14, 'Vertiport_9': 15, 'Vertiport_10': 17}"
72,1262.0,418,17659.903653972025,627349.4721433595,"{'Vertiport_1': 15, 'Vertiport_2': 15, 'Vertiport_3': 14, 'Vertiport_4': 15, 'Vertiport_5': 15, 'Vertiport_6': 17, 'Vertiport_7': 15, 'Vertiport_8': 12, 'Vertiport_9': 16, 'Vertiport_10': 16}"
73,1197.0,399,16794.46118128801,644143.9333246475,"{'Vertiport_1': 15, 'Vertiport_2': 15, 'Vertiport_3': 15, 'Vertiport_4': 15, 'Vertiport_5': 15, 'Vertiport_6': 15, 'Vertiport_7': 15, 'Vertiport_8': 15, 'Vertiport_9': 15, 'Vertiport_10': 15}"
74,1216.0,404,17307.94901963203,661451.8823442796,"{'Vertiport_1': 15, 'Vertiport_2': 15, 'Vertiport_3': 15, 'Vertiport_4': 16, 'Vertiport_5': 15, 'Vertiport_6': 16, 'Vertiport_7': 15, 'Vertiport_8': 13, 'Vertiport_9': 15, 'Vertiport_10': 15}"
75,1236.0,410,16834.845869360015,678286.7282136396,"{'Vertiport_1': 15, 'Vertiport_2': 15, 'Vertiport_3': 15, 'Vertiport_4': 15, 'Vertiport_5': 15, 'Vertiport_6': 16, 'Vertiport_7': 15, 'Vertiport_8': 14, 'Vertiport_9': 15, 'Vertiport_10': 15}"
76,1255.0,415,17179.41522862401,695466.1434422636,"{'Vertiport_1': 15, 'Vertiport_2': 15, 'Vertiport_3': 17, 'Vertiport_4': 16, 'Vertiport_5': 15, 'Vertiport_6': 17, 'Vertiport_7': 15, 'Vertiport_8': 12, 'Vertiport_9': 15, 'Vertiport_10': 13}"
77,1300.0,428,18013.738166272036,713479.8816085357,"{'Vertiport_1': 15, 'Vertiport_2': 15, 'Vertiport_3': 16, 'Vertiport_4': 19, 'Vertiport_5': 15, 'Vertiport_6': 18, 'Vertiport_7': 15, 'Vertiport_8': 8, 'Vertiport_9': 15, 'Vertiport_10': 14}"
78,1232.0,408,16972.133035940034,730452.0146444757,"{'Vertiport_1': 15, 'Vertiport_2': 15, 'Vertiport_3': 15, 'Vertiport_4': 16, 'Vertiport_5': 15, 'Vertiport_6': 17, 'Vertiport_7': 15, 'Vertiport_8': 11, 'Vertiport_9': 16, 'Vertiport_10': 15}"
79,1261.0,419,17982.278153304025,748434.2927977797,"{'Vertiport_1': 15, 'Vertiport_2': 15, 'Vertiport_3': 16, 'Vertiport_4': 16, 'Vertiport_5': 15, 'Vertiport_6': 15, 'Vertiport_7': 15, 'Vertiport_8': 14, 'Vertiport_9': 15, 'Vertiport_10': 14}"
80,1320.0,438,18048.262000088034,766482.5547978677,"{'Vertiport_1': 15, 'Vertiport_2': 15, 'Vertiport_3': 14, 'Vertiport_4': 16, 'Vertiport_5': 15, 'Vertiport_6': 16, 'Vertiport_7': 15, 'Vertiport_8': 13, 'Vertiport_9': 15, 'Vertiport_10': 16}"
81,1360.0,452,18602.071534040017,785084.6263319077,"{'Vertiport_1': 15, 'Vertiport_2': 15, 'Vertiport_3': 15, 'Vertiport_4': 16, 'Vertiport_5': 15, 'Vertiport_6': 16, 'Vertiport_7': 15, 'Vertiport_8': 13, 'Vertiport_9': 15, 'Vertiport_10': 15}"
82,1401.0,465,20425.987701792023,805510.6140336997,"{'Vertiport_1': 15, 'Vertiport_2': 15, 'Vertiport_3': 14, 'Vertiport_4': 15, 'Vertiport_5': 15, 'Vertiport_6': 15, 'Vertiport_7': 15, 'Vertiport_8': 13, 'Vertiport_9': 17, 'Vertiport_10': 16}"
83,1445.0,481,20936.584744208005,826447.1987779078,"{'Vertiport_1': 15, 'Vertiport_2': 15, 'Vertiport_3': 15, 'Vertiport_4': 16, 'Vertiport_5': 15, 'Vertiport_6': 15, 'Vertiport_7': 15, 'Vertiport_8': 14, 'Vertiport_9': 15, 'Vertiport_10': 15}"
84,1260.0,418,17284.665099892038,843731.8638777998,"{'Vertiport_1': 15, 'Vertiport_2': 15, 'Vertiport_3': 16, 'Vertiport_4': 16, 'Vertiport_5': 15, 'Vertiport_6': 15, 'Vertiport_7': 15, 'Vertiport_8': 13, 'Vertiport_9': 16, 'Vertiport_10': 14}"
85,1243.0,411,17860.316974664027,861592.1808524638,"{'Vertiport_1': 15, 'Vertiport_2': 15, 'Vertiport_3': 14, 'Vertiport_4': 17, 'Vertiport_5': 15, 'Vertiport_6': 15, 'Vertiport_7': 15, 'Vertiport_8': 13, 'Vertiport_9': 15, 'Vertiport_10': 16}"
86,1263.0,419,17315.027557368026,878907.2084098319,"{'Vertiport_1': 15, 'Vertiport_2': 15, 'Vertiport_3': 15, 'Vertiport_4': 15, 'Vertiport_5': 15, 'Vertiport_6': 16, 'Vertiport_7': 15, 'Vertiport_8': 14, 'Vertiport_9': 15, 'Vertiport_10': 15}"
87,1293.0,431,17871.101132720025,896778.3095425519,"{'Vertiport_1': 15, 'Vertiport_2': 15, 'Vertiport_3': 15, 'Vertiport_4': 15, 'Vertiport_5': 15, 'Vertiport_6': 15, 'Vertiport_7': 15, 'Vertiport_8': 15, 'Vertiport_9': 15, 'Vertiport_10': 15}"
88,1221.0,405,16943.133060120024,913721.4426026719,"{'Vertiport_1': 15, 'Vertiport_2': 15, 'Vertiport_3': 15, 'Vertiport_4': 15, 'Vertiport_5': 15, 'Vertiport_6': 16, 'Vertiport_7': 15, 'Vertiport_8': 14, 'Vertiport_9': 15, 'Vertiport_10': 15}"
89,1105.0,367,15030.32846354401,928751.7710662159,"{'Vertiport_1': 15, 'Vertiport_2': 15, 'Vertiport_3': 15, 'Vertiport_4': 15, 'Vertiport_5': 15, 'Vertiport_6': 15, 'Vertiport_7': 15, 'Vertiport_8': 13, 'Vertiport_9': 17, 'Vertiport_10': 15}"
90,1079.0,357,15550.394789788004,944302.165856004,"{'Vertiport_1': 15, 'Vertiport_2': 15, 'Vertiport_3': 14, 'Vertiport_4': 15, 'Vertiport_5': 15, 'Vertiport_6': 15, 'Vertiport_7': 15, 'Vertiport_8': 14, 'Vertiport_9': 16, 'Vertiport_10': 16}"
91,1089.0,363,15986.187364400013,960288.353220404,"{'Vertiport_1': 15, 'Vertiport_2': 15, 'Vertiport_3': 15, 'Vertiport_4': 15, 'Vertiport_5': 15, 'Vertiport_6': 15, 'Vertiport_7': 15, 'Vertiport_8': 15, 'Vertiport_9': 15, 'Vertiport_10': 15}"
92,1219.0,403,17679.84361939602,977968.1968398,"{'Vertiport_1': 15, 'Vertiport_2': 15, 'Vertiport_3': 12, 'Vertiport_4': 16, 'Vertiport_5': 15, 'Vertiport_6': 15, 'Vertiport_7': 15, 'Vertiport_8': 13, 'Vertiport_9': 16, 'Vertiport_10': 18}"
93,1068.0,354,15710.880983672012,993679.077823472,"{'Vertiport_1': 15, 'Vertiport_2': 15, 'Vertiport_3': 14, 'Vertiport_4': 16, 'Vertiport_5': 15, 'Vertiport_6': 16, 'Vertiport_7': 15, 'Vertiport_8': 13, 'Vertiport_9': 15, 'Vertiport_10': 16}"
94,947.0,311,13635.40554458001,1007314.4833680519,"{'Vertiport_1': 15, 'Vertiport_2': 15, 'Vertiport_3': 14, 'Vertiport_4': 17, 'Vertiport_5': 15, 'Vertiport_6': 16, 'Vertiport_7': 15, 'Vertiport_8': 11, 'Vertiport_9': 16, 'Vertiport_10': 16}"
95,698.0,230,9705.340000871987,1017019.823368924,"{'Vertiport_1': 15, 'Vertiport_2': 15, 'Vertiport_3': 14, 'Vertiport_4': 15, 'Vertiport_5': 15, 'Vertiport_6': 16, 'Vertiport_7': 15, 'Vertiport_8': 14, 'Vertiport_9': 15, 'Vertiport_10': 16}"
96,547.0,181,7408.064747591973,1024427.8881165159,"{'Vertiport_1': 15, 'Vertiport_2': 15, 'Vertiport_3': 15, 'Vertiport_4': 17, 'Vertiport_5': 15, 'Vertiport_6': 15, 'Vertiport_7': 15, 'Vertiport_8': 13, 'Vertiport_9': 15, 'Vertiport_10': 15}"
97,433.0,143,5749.064552823982,1030176.95266934,"{'Vertiport_1': 15, 'Vertiport_2': 15, 'Vertiport_3': 15, 'Vertiport_4': 15, 'Vertiport_5': 15, 'Vertiport_6': 15, 'Vertiport_7': 15, 'Vertiport_8': 15, 'Vertiport_9': 15, 'Vertiport_10': 15}"
98,359.0,119,4939.792971207991,1035116.745640548,"{'Vertiport_1': 15, 'Vertiport_2': 15, 'Vertiport_3': 15, 'Vertiport_4': 16, 'Vertiport_5': 15, 'Vertiport_6': 15, 'Vertiport_7': 15, 'Vertiport_8': 14, 'Vertiport_9': 15, 'Vertiport_10': 15}"
99,361.0,119,5869.941183671984,1040986.6868242199,"{'Vertiport_1': 15, 'Vertiport_2': 15, 'Vertiport_3': 14, 'Vertiport_4': 16, 'Vertiport_5': 15, 'Vertiport_6': 15, 'Vertiport_7': 15, 'Vertiport_8': 14, 'Vertiport_9': 15, 'Vertiport_10': 16}"
100,264.0,88,3889.4136455679986,1044876.1004697878,"{'Vertiport_1': 15, 'Vertiport_2': 15, 'Vertiport_3': 15, 'Vertiport_4': 15, 'Vertiport_5': 15, 'Vertiport_6': 15, 'Vertiport_7': 15, 'Vertiport_8': 15, 'Vertiport_9': 15, 'Vertiport_10': 15}"
101,255.0,85,3998.887552399997,1048874.9880221877,"{'Vertiport_1': 15, 'Vertiport_2': 15, 'Vertiport_3': 15, 'Vertiport_4': 15, 'Vertiport_5': 15, 'Vertiport_6': 15, 'Vertiport_7': 15, 'Vertiport_8': 15, 'Vertiport_9': 15, 'Vertiport_10': 15}"
102,216.0,72,3332.393552143999,1052207.3815743318,"{'Vertiport_1': 15, 'Vertiport_2': 15, 'Vertiport_3': 15, 'Vertiport_4': 15, 'Vertiport_5': 15, 'Vertiport_6': 15, 'Vertiport_7': 15, 'Vertiport_8': 15, 'Vertiport_9': 15, 'Vertiport_10': 15}"
103,214.0,70,3064.830539107999,1055272.2121134398,"{'Vertiport_1': 15, 'Vertiport_2': 15, 'Vertiport_3': 15, 'Vertiport_4': 16, 'Vertiport_5': 15, 'Vertiport_6': 15, 'Vertiport_7': 15, 'Vertiport_8': 13, 'Vertiport_9': 16, 'Vertiport_10': 15}"
104,238.0,78,3659.728310371997,1058931.9404238118,"{'Vertiport_1': 15, 'Vertiport_2': 15, 'Vertiport_3': 14, 'Vertiport_4': 15, 'Vertiport_5': 15, 'Vertiport_6': 15, 'Vertiport_7': 15, 'Vertiport_8': 14, 'Vertiport_9': 16, 'Vertiport_10': 16}"
105,153.0,51,2231.964962496,1061163.9053863077,"{'Vertiport_1': 15, 'Vertiport_2': 15, 'Vertiport_3': 15, 'Vertiport_4': 15, 'Vertiport_5': 15, 'Vertiport_6': 15, 'Vertiport_7': 15, 'Vertiport_8': 15, 'Vertiport_9': 15, 'Vertiport_10': 15}"
106,185.0,61,2542.5053437759993,1063706.4107300837,"{'Vertiport_1': 15, 'Vertiport_2': 15, 'Vertiport_3': 15, 'Vertiport_4': 15, 'Vertiport_5': 15, 'Vertiport_6': 16, 'Vertiport_7': 15, 'Vertiport_8': 14, 'Vertiport_9': 15, 'Vertiport_10': 15}"
107,179.0,59,2738.4359826399996,1066444.8467127236,"{'Vertiport_1': 15, 'Vertiport_2': 15, 'Vertiport_3': 14, 'Vertiport_4': 15, 'Vertiport_5': 15, 'Vertiport_6': 15, 'Vertiport_7': 15, 'Vertiport_8': 15, 'Vertiport_9': 15, 'Vertiport_10': 16}"
108,214.0,70,3064.211750343999,1069509.0584630675,"{'Vertiport_1': 15, 'Vertiport_2': 15, 'Vertiport_3': 15, 'Vertiport_4': 15, 'Vertiport_5': 15, 'Vertiport_6': 17, 'Vertiport_7': 15, 'Vertiport_8': 13, 'Vertiport_9': 15, 'Vertiport_10': 15}"
109,247.0,81,3288.9215391439984,1072797.9800022114,"{'Vertiport_1': 15, 'Vertiport_2': 15, 'Vertiport_3': 16, 'Vertiport_4': 15, 'Vertiport_5': 15, 'Vertiport_6': 16, 'Vertiport_7': 15, 'Vertiport_8': 14, 'Vertiport_9': 15, 'Vertiport_10': 14}"
110,328.0,108,4579.019454987992,1077376.9994571994,"{'Vertiport_1': 15, 'Vertiport_2': 15, 'Vertiport_3': 15, 'Vertiport_4': 16, 'Vertiport_5': 15, 'Vertiport_6': 15, 'Vertiport_7': 15, 'Vertiport_8': 13, 'Vertiport_9': 16, 'Vertiport_10': 15}"
111,424.0,140,6305.412665931979,1083682.4121231313,"{'Vertiport_1': 15, 'Vertiport_2': 15, 'Vertiport_3': 15, 'Vertiport_4': 16, 'Vertiport_5': 15, 'Vertiport_6': 15, 'Vertiport_7': 15, 'Vertiport_8': 13, 'Vertiport_9': 16, 'Vertiport_10': 15}"
112,476.0,158,6824.318644715978,1090506.7307678473,"{'Vertiport_1': 15, 'Vertiport_2': 15, 'Vertiport_3': 15, 'Vertiport_4': 15, 'Vertiport_5': 15, 'Vertiport_6': 15, 'Vertiport_7': 15, 'Vertiport_8': 14, 'Vertiport_9': 16, 'Vertiport_10': 15}"
113,529.0,175,7445.891814911973,1097952.6225827592,"{'Vertiport_1': 15, 'Vertiport_2': 15, 'Vertiport_3': 14, 'Vertiport_4': 16, 'Vertiport_5': 15, 'Vertiport_6': 15, 'Vertiport_7': 15, 'Vertiport_8': 14, 'Vertiport_9': 15, 'Vertiport_10': 16}"
114,641.0,213,8856.800816831974,1106809.4233995911,"{'Vertiport_1': 15, 'Vertiport_2': 15, 'Vertiport_3': 15, 'Vertiport_4': 15, 'Vertiport_5': 15, 'Vertiport_6': 16, 'Vertiport_7': 15, 'Vertiport_8': 14, 'Vertiport_9': 15, 'Vertiport_10': 15}"
115,755.0,249,10088.76518590398,1116898.188585495,"{'Vertiport_1': 15, 'Vertiport_2': 15, 'Vertiport_3': 15, 'Vertiport_4': 16, 'Vertiport_5': 15, 'Vertiport_6': 18, 'Vertiport_7': 15, 'Vertiport_8': 11, 'Vertiport_9': 15, 'Vertiport_10': 15}"
116,741.0,247,10006.443553815989,1126904.6321393112,"{'Vertiport_1': 15, 'Vertiport_2': 15, 'Vertiport_3': 15, 'Vertiport_4': 15, 'Vertiport_5': 15, 'Vertiport_6': 15, 'Vertiport_7': 15, 'Vertiport_8': 15, 'Vertiport_9': 15, 'Vertiport_10': 15}"
117,761.0,251,10337.545841983985,1137242.1779812952,"{'Vertiport_1': 15, 'Vertiport_2': 15, 'Vertiport_3': 16, 'Vertiport_4': 17, 'Vertiport_5': 15, 'Vertiport_6': 16, 'Vertiport_7': 15, 'Vertiport_8': 12, 'Vertiport_9': 15, 'Vertiport_10': 14}"
118,737.0,245,9955.542823679982,1147197.7208049751,"{'Vertiport_1': 15, 'Vertiport_2': 15, 'Vertiport_3': 15, 'Vertiport_4': 16, 'Vertiport_5': 15, 'Vertiport_6': 15, 'Vertiport_7': 15, 'Vertiport_8': 14, 'Vertiport_9': 15, 'Vertiport_10': 15}"
119,765.0,253,10376.180465291984,1157573.901270267,"{'Vertiport_1': 15, 'Vertiport_2': 15, 'Vertiport_3': 15, 'Vertiport_4': 16, 'Vertiport_5': 15, 'Vertiport_6': 16, 'Vertiport_7': 15, 'Vertiport_8': 12, 'Vertiport_9': 16, 'Vertiport_10': 15}"
120,723.0,239,9935.340453379984,1167509.241723647,"{'Vertiport_1': 15, 'Vertiport_2': 15, 'Vertiport_3': 14, 'Vertiport_4': 16, 'Vertiport_5': 15, 'Vertiport_6': 15, 'Vertiport_7': 15, 'Vertiport_8': 13, 'Vertiport_9': 16, 'Vertiport_10': 16}"
121,623.0,207,8871.186313455986,1176380.428037103,"{'Vertiport_1': 15, 'Vertiport_2': 15, 'Vertiport_3': 14, 'Vertiport_4': 15, 'Vertiport_5': 15, 'Vertiport_6': 15, 'Vertiport_7': 15, 'Vertiport_8': 15, 'Vertiport_9': 15, 'Vertiport_10': 16}"
122,616.0,204,8925.241937127983,1185305.669974231,"{'Vertiport_1': 15, 'Vertiport_2': 15, 'Vertiport_3': 16, 'Vertiport_4': 15, 'Vertiport_5': 15, 'Vertiport_6': 16, 'Vertiport_7': 15, 'Vertiport_8': 14, 'Vertiport_9': 15, 'Vertiport_10': 14}"
123,637.0,211,8837.760859363974,1194143.4308335949,"{'Vertiport_1': 15, 'Vertiport_2': 15, 'Vertiport_3': 15, 'Vertiport_4': 16, 'Vertiport_5': 15, 'Vertiport_6': 15, 'Vertiport_7': 15, 'Vertiport_8': 13, 'Vertiport_9': 16, 'Vertiport_10': 15}"
124,633.0,209,9000.981603407978,1203144.4124370029,"{'Vertiport_1': 15, 'Vertiport_2': 15, 'Vertiport_3': 15, 'Vertiport_4': 17, 'Vertiport_5': 15, 'Vertiport_6': 16, 'Vertiport_7': 15, 'Vertiport_8': 12, 'Vertiport_9': 15, 'Vertiport_10': 15}"
125,543.0,179,7305.521183843973,1210449.9336208468,"{'Vertiport_1': 15, 'Vertiport_2': 15, 'Vertiport_3': 16, 'Vertiport_4': 15, 'Vertiport_5': 15, 'Vertiport_6': 16, 'Vertiport_7': 15, 'Vertiport_8': 13, 'Vertiport_9': 16, 'Vertiport_10': 14}"
126,599.0,197,8552.897326359971,1219002.8309472068,"{'Vertiport_1': 15, 'Vertiport_2': 15, 'Vertiport_3': 14, 'Vertiport_4': 17, 'Vertiport_5': 15, 'Vertiport_6': 16, 'Vertiport_7': 15, 'Vertiport_8': 12, 'Vertiport_9': 15, 'Vertiport_10': 16}"
127,693.0,229,10098.425562547985,1229101.2565097548,"{'Vertiport_1': 15, 'Vertiport_2': 15, 'Vertiport_3': 15, 'Vertiport_4': 17, 'Vertiport_5': 15, 'Vertiport_6': 15, 'Vertiport_7': 15, 'Vertiport_8': 12, 'Vertiport_9': 16, 'Vertiport_10': 15}"
128,678.0,224,9736.966544135985,1238838.2230538907,"{'Vertiport_1': 15, 'Vertiport_2': 15, 'Vertiport_3': 14, 'Vertiport_4': 16, 'Vertiport_5': 15, 'Vertiport_6': 16, 'Vertiport_7': 15, 'Vertiport_8': 13, 'Vertiport_9': 15, 'Vertiport_10': 16}"
129,751.0,249,10604.109441627976,1249442.3324955187,"{'Vertiport_1': 15, 'Vertiport_2': 15, 'Vertiport_3': 16, 'Vertiport_4': 15, 'Vertiport_5': 15, 'Vertiport_6': 15, 'Vertiport_7': 15, 'Vertiport_8': 14, 'Vertiport_9': 16, 'Vertiport_10': 14}"
130,737.0,243,10292.186163879993,1259734.5186593987,"{'Vertiport_1': 15, 'Vertiport_2': 15, 'Vertiport_3': 15, 'Vertiport_4': 15, 'Vertiport_5': 15, 'Vertiport_6': 17, 'Vertiport_7': 15, 'Vertiport_8': 13, 'Vertiport_9': 15, 'Vertiport_10': 15}"
131,783.0,261,11417.072195143983,1271151.5908545426,"{'Vertiport_1': 15, 'Vertiport_2': 15, 'Vertiport_3': 15, 'Vertiport_4': 15, 'Vertiport_5': 15, 'Vertiport_6': 15, 'Vertiport_7': 15, 'Vertiport_8': 15, 'Vertiport_9': 15, 'Vertiport_10': 15}"
132,783.0,259,11435.19892345999,1282586.7897780025,"{'Vertiport_1': 15, 'Vertiport_2': 15, 'Vertiport_3': 14, 'Vertiport_4': 15, 'Vertiport_5': 15, 'Vertiport_6': 16, 'Vertiport_7': 15, 'Vertiport_8': 13, 'Vertiport_9': 16, 'Vertiport_10': 16}"
133,766.0,252,10880.99022762399,1293467.7800056266,"{'Vertiport_1': 15, 'Vertiport_2': 15, 'Vertiport_3': 11, 'Vertiport_4': 15, 'Vertiport_5': 15, 'Vertiport_6': 16, 'Vertiport_7': 15, 'Vertiport_8': 14, 'Vertiport_9': 15, 'Vertiport_10': 19}"
134,730.0,242,9742.614966535984,1303210.3949721626,"{'Vertiport_1': 15, 'Vertiport_2': 15, 'Vertiport_3': 15, 'Vertiport_4': 15, 'Vertiport_5': 15, 'Vertiport_6': 17, 'Vertiport_7': 15, 'Vertiport_8': 13, 'Vertiport_9': 15, 'Vertiport_10': 15}"
135,708.0,234,10095.044873751987,1313305.4398459145,"{'Vertiport_1': 15, 'Vertiport_2': 15, 'Vertiport_3': 17, 'Vertiport_4': 15, 'Vertiport_5': 15, 'Vertiport_6': 16, 'Vertiport_7': 15, 'Vertiport_8': 14, 'Vertiport_9': 15, 'Vertiport_10': 13}"
136,743.0,245,10328.547713687989,1323633.9875596024,"{'Vertiport_1': 15, 'Vertiport_2': 15, 'Vertiport_3': 14, 'Vertiport_4': 16, 'Vertiport_5': 15, 'Vertiport_6': 17, 'Vertiport_7': 15, 'Vertiport_8': 12, 'Vertiport_9': 15, 'Vertiport_10': 16}"
137,802.0,264,11721.112211439991,1335355.0997710424,"{'Vertiport_1': 15, 'Vertiport_2': 15, 'Vertiport_3': 14, 'Vertiport_4': 17, 'Vertiport_5': 15, 'Vertiport_6': 15, 'Vertiport_7': 15, 'Vertiport_8': 13, 'Vertiport_9': 15, 'Vertiport_10': 16}"
138,752.0,248,10095.026660147985,1345450.1264311904,"{'Vertiport_1': 15, 'Vertiport_2': 15, 'Vertiport_3': 14, 'Vertiport_4': 16, 'Vertiport_5': 15, 'Vertiport_6': 16, 'Vertiport_7': 15, 'Vertiport_8': 12, 'Vertiport_9': 16, 'Vertiport_10': 16}"
139,672.0,222,9712.13704064798,1355162.2634718383,"{'Vertiport_1': 15, 'Vertiport_2': 15, 'Vertiport_3': 14, 'Vertiport_4': 15, 'Vertiport_5': 15, 'Vertiport_6': 15, 'Vertiport_7': 15, 'Vertiport_8': 15, 'Vertiport_9': 15, 'Vertiport_10': 16}"
140,798.0,264,11893.31443603999,1367055.5779078782,"{'Vertiport_1': 15, 'Vertiport_2': 15, 'Vertiport_3': 16, 'Vertiport_4': 15, 'Vertiport_5': 15, 'Vertiport_6': 15, 'Vertiport_7': 15, 'Vertiport_8': 15, 'Vertiport_9': 15, 'Vertiport_10': 14}"
141,763.0,251,11169.899283151997,1378225.4771910303,"{'Vertiport_1': 15, 'Vertiport_2': 15, 'Vertiport_3': 17, 'Vertiport_4': 15, 'Vertiport_5': 15, 'Vertiport_6': 16, 'Vertiport_7': 15, 'Vertiport_8': 12, 'Vertiport_9': 17, 'Vertiport_10': 13}"
142,748.0,248,10933.706930519997,1389159.1841215503,"{'Vertiport_1': 15, 'Vertiport_2': 15, 'Vertiport_3': 17, 'Vertiport_4': 15, 'Vertiport_5': 15, 'Vertiport_6': 15, 'Vertiport_7': 15, 'Vertiport_8': 15, 'Vertiport_9': 15, 'Vertiport_10': 13}"
143,804.0,266,10622.388995975993,1399781.5731175262,"{'Vertiport_1': 15, 'Vertiport_2': 15, 'Vertiport_3': 15, 'Vertiport_4': 16, 'Vertiport_5': 15, 'Vertiport_6': 17, 'Vertiport_7': 15, 'Vertiport_8': 12, 'Vertiport_9': 15, 'Vertiport_10': 15}"
144,824.0,272,11573.188227591989,1411354.7613451183,"{'Vertiport_1': 15, 'Vertiport_2': 15, 'Vertiport_3': 15, 'Vertiport_4': 17, 'Vertiport_5': 15, 'Vertiport_6': 15, 'Vertiport_7': 15, 'Vertiport_8': 13, 'Vertiport_9': 15, 'Vertiport_10': 15}"
145,674.0,222,9564.903563067981,1420919.6649081863,"{'Vertiport_1': 15, 'Vertiport_2': 15, 'Vertiport_3': 16, 'Vertiport_4': 16, 'Vertiport_5': 15, 'Vertiport_6': 16, 'Vertiport_7': 15, 'Vertiport_8': 12, 'Vertiport_9': 16, 'Vertiport_10': 14}"
146,667.0,221,9546.95542345198,1430466.6203316383,"{'Vertiport_1': 15, 'Vertiport_2': 15, 'Vertiport_3': 15, 'Vertiport_4': 16, 'Vertiport_5': 15, 'Vertiport_6': 15, 'Vertiport_7': 15, 'Vertiport_8': 13, 'Vertiport_9': 16, 'Vertiport_10': 15}"
147,734.0,244,10241.789156279987,1440708.4094879183,"{'Vertiport_1': 15, 'Vertiport_2': 15, 'Vertiport_3': 15, 'Vertiport_4': 16, 'Vertiport_5': 15, 'Vertiport_6': 15, 'Vertiport_7': 15, 'Vertiport_8': 14, 'Vertiport_9': 15, 'Vertiport_10': 15}"
148,689.0,229,9406.886064215985,1450115.2955521343,"{'Vertiport_1': 15, 'Vertiport_2': 15, 'Vertiport_3': 15, 'Vertiport_4': 16, 'Vertiport_5': 15, 'Vertiport_6': 15, 'Vertiport_7': 15, 'Vertiport_8': 14, 'Vertiport_9': 15, 'Vertiport_10': 15}"
149,677.0,225,9172.34190149598,1459287.6374536303,"{'Vertiport_1': 15, 'Vertiport_2': 15, 'Vertiport_3': 16, 'Vertiport_4': 15, 'Vertiport_5': 15, 'Vertiport_6': 15, 'Vertiport_7': 15, 'Vertiport_8': 15, 'Vertiport_9': 15, 'Vertiport_10': 14}"
150,630.0,210,8863.152033759976,1468150.7894873903,"{'Vertiport_1': 15, 'Vertiport_2': 15, 'Vertiport_3': 15, 'Vertiport_4': 15, 'Vertiport_5': 15, 'Vertiport_6': 15, 'Vertiport_7': 15, 'Vertiport_8': 15, 'Vertiport_9': 15, 'Vertiport_10': 15}"
151,683.0,227,9454.808396615981,1477605.5978840063,"{'Vertiport_1': 15, 'Vertiport_2': 15, 'Vertiport_3': 15, 'Vertiport_4': 16, 'Vertiport_5': 15, 'Vertiport_6': 15, 'Vertiport_7': 15, 'Vertiport_8': 14, 'Vertiport_9': 15, 'Vertiport_10': 15}"
152,536.0,178,7969.077887135969,1485574.6757711424,"{'Vertiport_1': 15, 'Vertiport_2': 15, 'Vertiport_3': 15, 'Vertiport_4': 15, 'Vertiport_5': 15, 'Vertiport_6': 16, 'Vertiport_7': 15, 'Vertiport_8': 14, 'Vertiport_9': 15, 'Vertiport_10': 15}"
153,592.0,196,7899.648790859964,1493474.3245620022,"{'Vertiport_1': 15, 'Vertiport_2': 15, 'Vertiport_3': 15, 'Vertiport_4': 16, 'Vertiport_5': 15, 'Vertiport_6': 15, 'Vertiport_7': 15, 'Vertiport_8': 13, 'Vertiport_9': 16, 'Vertiport_10': 15}"
154,631.0,209,9225.21448167197,1502699.5390436742,"{'Vertiport_1': 15, 'Vertiport_2': 15, 'Vertiport_3': 15, 'Vertiport_4': 16, 'Vertiport_5': 15, 'Vertiport_6': 16, 'Vertiport_7': 15, 'Vertiport_8': 13, 'Vertiport_9': 15, 'Vertiport_10': 15}"
155,688.0,228,9910.70555980799,1512610.2446034823,"{'Vertiport_1': 15, 'Vertiport_2': 15, 'Vertiport_3': 15, 'Vertiport_4': 15, 'Vertiport_5': 15, 'Vertiport_6': 17, 'Vertiport_7': 15, 'Vertiport_8': 13, 'Vertiport_9': 15, 'Vertiport_10': 15}"
156,781.0,259,11101.730569351981,1523711.9751728342,"{'Vertiport_1': 15, 'Vertiport_2': 15, 'Vertiport_3': 15, 'Vertiport_4': 16, 'Vertiport_5': 15, 'Vertiport_6': 16, 'Vertiport_7': 15, 'Vertiport_8': 13, 'Vertiport_9': 15, 'Vertiport_10': 15}"
157,745.0,247,10294.771075903986,1534006.7462487381,"{'Vertiport_1': 15, 'Vertiport_2': 15, 'Vertiport_3': 14, 'Vertiport_4': 16, 'Vertiport_5': 15, 'Vertiport_6': 15, 'Vertiport_7': 15, 'Vertiport_8': 14, 'Vertiport_9': 15, 'Vertiport_10': 16}"
158,825.0,273,11763.90085355999,1545770.6471022982,"{'Vertiport_1': 15, 'Vertiport_2': 15, 'Vertiport_3': 13, 'Vertiport_4': 15, 'Vertiport_5': 15, 'Vertiport_6': 16, 'Vertiport_7': 15, 'Vertiport_8': 14, 'Vertiport_9': 15, 'Vertiport_10': 17}"
159,836.0,278,11821.737072827995,1557592.3841751262,"{'Vertiport_1': 15, 'Vertiport_2': 15, 'Vertiport_3': 15, 'Vertiport_4': 15, 'Vertiport_5': 15, 'Vertiport_6': 15, 'Vertiport_7': 15, 'Vertiport_8': 14, 'Vertiport_9': 16, 'Vertiport_10': 15}"
160,861.0,285,12704.911174931996,1570297.2953500582,"{'Vertiport_1': 15, 'Vertiport_2': 15, 'Vertiport_3': 17, 'Vertiport_4': 15, 'Vertiport_5': 15, 'Vertiport_6': 15, 'Vertiport_7': 15, 'Vertiport_8': 14, 'Vertiport_9': 16, 'Vertiport_10': 13}"
161,891.0,297,13221.788190536006,1583519.0835405942,"{'Vertiport_1': 15, 'Vertiport_2': 15, 'Vertiport_3': 15, 'Vertiport_4': 15, 'Vertiport_5': 15, 'Vertiport_6': 15, 'Vertiport_7': 15, 'Vertiport_8': 15, 'Vertiport_9': 15, 'Vertiport_10': 15}"
162,865.0,287,12095.282607679996,1595614.3661482742,"{'Vertiport_1': 15, 'Vertiport_2': 15, 'Vertiport_3': 16, 'Vertiport_4': 15, 'Vertiport_5': 15, 'Vertiport_6': 16, 'Vertiport_7': 15, 'Vertiport_8': 14, 'Vertiport_9': 15, 'Vertiport_10': 14}"
163,782.0,260,11332.693775679982,1606947.059923954,"{'Vertiport_1': 15, 'Vertiport_2': 15, 'Vertiport_3': 15, 'Vertiport_4': 15, 'Vertiport_5': 15, 'Vertiport_6': 16, 'Vertiport_7': 15, 'Vertiport_8': 14, 'Vertiport_9': 15, 'Vertiport_10': 15}"
164,950.0,316,13263.397541484004,1620210.4574654382,"{'Vertiport_1': 15, 'Vertiport_2': 15, 'Vertiport_3': 15, 'Vertiport_4': 15, 'Vertiport_5': 15, 'Vertiport_6': 15, 'Vertiport_7': 15, 'Vertiport_8': 14, 'Vertiport_9': 16, 'Vertiport_10': 15}"
165,861.0,287,11864.11339556799,1632074.5708610062,"{'Vertiport_1': 15, 'Vertiport_2': 15, 'Vertiport_3': 15, 'Vertiport_4': 15, 'Vertiport_5': 15, 'Vertiport_6': 15, 'Vertiport_7': 15, 'Vertiport_8': 15, 'Vertiport_9': 15, 'Vertiport_10': 15}"
166,800.0,266,10836.060723023995,1642910.63158403,"{'Vertiport_1': 15, 'Vertiport_2': 15, 'Vertiport_3': 16, 'Vertiport_4': 15, 'Vertiport_5': 15, 'Vertiport_6': 15, 'Vertiport_7': 15, 'Vertiport_8': 15, 'Vertiport_9': 15, 'Vertiport_10': 14}"
167,795.0,263,11951.778298103993,1654862.409882134,"{'Vertiport_1': 15, 'Vertiport_2': 15, 'Vertiport_3': 14, 'Vertiport_4': 15, 'Vertiport_5': 15, 'Vertiport_6': 15, 'Vertiport_7': 15, 'Vertiport_8': 15, 'Vertiport_9': 15, 'Vertiport_10': 16}"
168,783.0,261,11515.725681767986,1666378.135563902,"{'Vertiport_1': 15, 'Vertiport_2': 15, 'Vertiport_3': 15, 'Vertiport_4': 15, 'Vertiport_5': 15, 'Vertiport_6': 15, 'Vertiport_7': 15, 'Vertiport_8': 15, 'Vertiport_9': 15, 'Vertiport_10': 15}"
169,819.0,271,11997.073114671988,1678375.208678574,"{'Vertiport_1': 15, 'Vertiport_2': 15, 'Vertiport_3': 16, 'Vertiport_4': 15, 'Vertiport_5': 15, 'Vertiport_6': 15, 'Vertiport_7': 15, 'Vertiport_8': 15, 'Vertiport_9': 15, 'Vertiport_10': 14}"
170,787.0,261,11962.256581680014,1690337.465260254,"{'Vertiport_1': 15, 'Vertiport_2': 15, 'Vertiport_3': 13, 'Vertiport_4': 15, 'Vertiport_5': 15, 'Vertiport_6': 15, 'Vertiport_7': 15, 'Vertiport_8': 15, 'Vertiport_9': 15, 'Vertiport_10': 17}"
171,782.0,260,10622.873787631977,1700960.339047886,"{'Vertiport_1': 15, 'Vertiport_2': 15, 'Vertiport_3': 14, 'Vertiport_4': 15, 'Vertiport_5': 15, 'Vertiport_6': 15, 'Vertiport_7': 15, 'Vertiport_8': 15, 'Vertiport_9': 15, 'Vertiport_10': 16}"
172,817.0,271,12257.57182126401,1713217.91086915,"{'Vertiport_1': 15, 'Vertiport_2': 15, 'Vertiport_3': 17, 'Vertiport_4': 15, 'Vertiport_5': 15, 'Vertiport_6': 15, 'Vertiport_7': 15, 'Vertiport_8': 15, 'Vertiport_9': 15, 'Vertiport_10': 13}"
173,724.0,240,10323.408663255988,1723541.319532406,"{'Vertiport_1': 15, 'Vertiport_2': 15, 'Vertiport_3': 17, 'Vertiport_4': 15, 'Vertiport_5': 15, 'Vertiport_6': 15, 'Vertiport_7': 15, 'Vertiport_8': 15, 'Vertiport_9': 15, 'Vertiport_10': 13}"
174,783.0,261,11086.057351319987,1734627.376883726,"{'Vertiport_1': 15, 'Vertiport_2': 15, 'Vertiport_3': 15, 'Vertiport_4': 15, 'Vertiport_5': 15, 'Vertiport_6': 15, 'Vertiport_7': 15, 'Vertiport_8': 15, 'Vertiport_9': 15, 'Vertiport_10': 15}"
175,748.0,248,10709.62146531199,1745336.9983490382,"{'Vertiport_1': 15, 'Vertiport_2': 15, 'Vertiport_3': 17, 'Vertiport_4': 15, 'Vertiport_5': 15, 'Vertiport_6': 15, 'Vertiport_7': 15, 'Vertiport_8': 15, 'Vertiport_9': 15, 'Vertiport_10': 13}"
176,719.0,239,10781.605846471983,1756118.6041955103,"{'Vertiport_1': 15, 'Vertiport_2': 15, 'Vertiport_3': 16, 'Vertiport_4': 15, 'Vertiport_5': 15, 'Vertiport_6': 15, 'Vertiport_7': 15, 'Vertiport_8': 15, 'Vertiport_9': 15, 'Vertiport_10': 14}"
177,711.0,237,10174.407363535978,1766293.0115590463,"{'Vertiport_1': 15, 'Vertiport_2': 15, 'Vertiport_3': 15, 'Vertiport_4': 15, 'Vertiport_5': 15, 'Vertiport_6': 15, 'Vertiport_7': 15, 'Vertiport_8': 15, 'Vertiport_9': 15, 'Vertiport_10': 15}"
178,657.0,219,9629.515925135987,1775922.5274841823,"{'Vertiport_1': 15, 'Vertiport_2': 15, 'Vertiport_3': 15, 'Vertiport_4': 15, 'Vertiport_5': 15, 'Vertiport_6': 15, 'Vertiport_7': 15, 'Vertiport_8': 15, 'Vertiport_9': 15, 'Vertiport_10': 15}"
179,524.0,174,7747.027756479968,1783669.5552406623,"{'Vertiport_1': 15, 'Vertiport_2': 15, 'Vertiport_3': 16, 'Vertiport_4': 15, 'Vertiport_5': 15, 'Vertiport_6': 15, 'Vertiport_7': 15, 'Vertiport_8': 15, 'Vertiport_9': 15, 'Vertiport_10': 14}"
180,477.0,159,6517.539007775975,1790187.0942484383,"{'Vertiport_1': 15, 'Vertiport_2': 15, 'Vertiport_3': 15, 'Vertiport_4': 15, 'Vertiport_5': 15, 'Vertiport_6': 15, 'Vertiport_7': 15, 'Vertiport_8': 15, 'Vertiport_9': 15, 'Vertiport_10': 15}"
181,453.0,151,6604.317556151975,1796791.4118045901,"{'Vertiport_1': 15, 'Vertiport_2': 15, 'Vertiport_3': 15, 'Vertiport_4': 15, 'Vertiport_5': 15, 'Vertiport_6': 15, 'Vertiport_7': 15, 'Vertiport_8': 15, 'Vertiport_9': 15, 'Vertiport_10': 15}"
182,498.0,166,7156.604218151969,1803948.016022742,"{'Vertiport_1': 15, 'Vertiport_2': 15, 'Vertiport_3': 15, 'Vertiport_4': 15, 'Vertiport_5': 15, 'Vertiport_6': 15, 'Vertiport_7': 15, 'Vertiport_8': 15, 'Vertiport_9': 15, 'Vertiport_10': 15}"
183,504.0,168,7447.247217639972,1811395.263240382,"{'Vertiport_1': 15, 'Vertiport_2': 15, 'Vertiport_3': 15, 'Vertiport_4': 15, 'Vertiport_5': 15, 'Vertiport_6': 15, 'Vertiport_7': 15, 'Vertiport_8': 15, 'Vertiport_9': 15, 'Vertiport_10': 15}"
184,438.0,146,6690.417501639977,1818085.680742022,"{'Vertiport_1': 15, 'Vertiport_2': 15, 'Vertiport_3': 15, 'Vertiport_4': 15, 'Vertiport_5': 15, 'Vertiport_6': 15, 'Vertiport_7': 15, 'Vertiport_8': 15, 'Vertiport_9': 15, 'Vertiport_10': 15}"
185,348.0,116,5042.892543231987,1823128.5732852542,"{'Vertiport_1': 15, 'Vertiport_2': 15, 'Vertiport_3': 15, 'Vertiport_4': 15, 'Vertiport_5': 15, 'Vertiport_6': 15, 'Vertiport_7': 15, 'Vertiport_8': 15, 'Vertiport_9': 15, 'Vertiport_10': 15}"
186,279.0,93,4105.824872839995,1827234.3981580941,"{'Vertiport_1': 15, 'Vertiport_2': 15, 'Vertiport_3': 15, 'Vertiport_4': 15, 'Vertiport_5': 15, 'Vertiport_6': 15, 'Vertiport_7': 15, 'Vertiport_8': 15, 'Vertiport_9': 15, 'Vertiport_10': 15}"
187,318.0,106,4759.611670751993,1831994.0098288462,"{'Vertiport_1': 15, 'Vertiport_2': 15, 'Vertiport_3': 15, 'Vertiport_4': 15, 'Vertiport_5': 15, 'Vertiport_6': 15, 'Vertiport_7': 15, 'Vertiport_8': 15, 'Vertiport_9': 15, 'Vertiport_10': 15}"
188,333.0,111,5157.2406385119875,1837151.2504673582,"{'Vertiport_1': 15, 'Vertiport_2': 15, 'Vertiport_3': 15, 'Vertiport_4': 15, 'Vertiport_5': 15, 'Vertiport_6': 15, 'Vertiport_7': 15, 'Vertiport_8': 15, 'Vertiport_9': 15, 'Vertiport_10': 15}"
189,297.0,99,3873.3930353919955,1841024.6435027502,"{'Vertiport_1': 15, 'Vertiport_2': 15, 'Vertiport_3': 15, 'Vertiport_4': 15, 'Vertiport_5': 15, 'Vertiport_6': 15, 'Vertiport_7': 15, 'Vertiport_8': 15, 'Vertiport_9': 15, 'Vertiport_10': 15}"
190,240.0,80,3886.8408921039972,1844911.4843948542,"{'Vertiport_1': 15, 'Vertiport_2': 15, 'Vertiport_3': 15, 'Vertiport_4': 15, 'Vertiport_5': 15, 'Vertiport_6': 15, 'Vertiport_7': 15, 'Vertiport_8': 15, 'Vertiport_9': 15, 'Vertiport_10': 15}"
191,147.0,49,2288.0425917919997,1847199.5269866462,"{'Vertiport_1': 15, 'Vertiport_2': 15, 'Vertiport_3': 15, 'Vertiport_4': 15, 'Vertiport_5': 15, 'Vertiport_6': 15, 'Vertiport_7': 15, 'Vertiport_8': 15, 'Vertiport_9': 15, 'Vertiport_10': 15}"
192,105.0,35,1597.7706232080004,1848797.2976098543,"{'Vertiport_1': 15, 'Vertiport_2': 15, 'Vertiport_3': 15, 'Vertiport_4': 15, 'Vertiport_5': 15, 'Vertiport_6': 15, 'Vertiport_7': 15, 'Vertiport_8': 15, 'Vertiport_9': 15, 'Vertiport_10': 15}"
193,126.0,42,1767.5563463600004,1850564.8539562142,"{'Vertiport_1': 15, 'Vertiport_2': 15, 'Vertiport_3': 15, 'Vertiport_4': 15, 'Vertiport_5': 15, 'Vertiport_6': 15, 'Vertiport_7': 15, 'Vertiport_8': 15, 'Vertiport_9': 15, 'Vertiport_10': 15}"
194,120.0,40,1922.1514359200005,1852487.0053921342,"{'Vertiport_1': 15, 'Vertiport_2': 15, 'Vertiport_3': 15, 'Vertiport_4': 15, 'Vertiport_5': 15, 'Vertiport_6': 15, 'Vertiport_7': 15, 'Vertiport_8': 15, 'Vertiport_9': 15, 'Vertiport_10': 15}"
195,132.0,44,1893.079337848,1854380.084729982,"{'Vertiport_1': 15, 'Vertiport_2': 15, 'Vertiport_3': 15, 'Vertiport_4': 15, 'Vertiport_5': 15, 'Vertiport_6': 15, 'Vertiport_7': 15, 'Vertiport_8': 15, 'Vertiport_9': 15, 'Vertiport_10': 15}"
196,147.0,49,1985.664720624,1856365.749450606,"{'Vertiport_1': 15, 'Vertiport_2': 15, 'Vertiport_3': 15, 'Vertiport_4': 15, 'Vertiport_5': 15, 'Vertiport_6': 15, 'Vertiport_7': 15, 'Vertiport_8': 15, 'Vertiport_9': 15, 'Vertiport_10': 15}"
197,141.0,47,2288.0061210639997,1858653.7555716701,"{'Vertiport_1': 15, 'Vertiport_2': 15, 'Vertiport_3': 15, 'Vertiport_4': 15, 'Vertiport_5': 15, 'Vertiport_6': 15, 'Vertiport_7': 15, 'Vertiport_8': 15, 'Vertiport_9': 15, 'Vertiport_10': 15}"
198,168.0,56,2684.8395121199997,1861338.5950837901,"{'Vertiport_1': 15, 'Vertiport_2': 15, 'Vertiport_3': 15, 'Vertiport_4': 15, 'Vertiport_5': 15, 'Vertiport_6': 15, 'Vertiport_7': 15, 'Vertiport_8': 15, 'Vertiport_9': 15, 'Vertiport_10': 15}"
199,210.0,70,3233.3863136239993,1864571.981397414,"{'Vertiport_1': 15, 'Vertiport_2': 15, 'Vertiport_3': 15, 'Vertiport_4': 15, 'Vertiport_5': 15, 'Vertiport_6': 15, 'Vertiport_7': 15, 'Vertiport_8': 15, 'Vertiport_9': 15, 'Vertiport_10': 15}"
200,201.0,67,2927.4862813839986,1867499.4676787981,"{'Vertiport_1': 15, 'Vertiport_2': 15, 'Vertiport_3': 15, 'Vertiport_4': 15, 'Vertiport_5': 15, 'Vertiport_6': 15, 'Vertiport_7': 15, 'Vertiport_8': 15, 'Vertiport_9': 15, 'Vertiport_10': 15}"
201,156.0,52,2748.2592334000005,1870247.7269121981,"{'Vertiport_1': 15, 'Vertiport_2': 15, 'Vertiport_3': 15, 'Vertiport_4': 15, 'Vertiport_5': 15, 'Vertiport_6': 15, 'Vertiport_7': 15, 'Vertiport_8': 15, 'Vertiport_9': 15, 'Vertiport_10': 15}"
202,204.0,68,3056.422662607999,1873304.1495748062,"{'Vertiport_1': 15, 'Vertiport_2': 15, 'Vertiport_3': 15, 'Vertiport_4': 15, 'Vertiport_5': 15, 'Vertiport_6': 15, 'Vertiport_7': 15, 'Vertiport_8': 15, 'Vertiport_9': 15, 'Vertiport_10': 15}"
203,258.0,86,3513.5900630879983,1876817.7396378943,"{'Vertiport_1': 15, 'Vertiport_2': 15, 'Vertiport_3': 15, 'Vertiport_4': 15, 'Vertiport_5': 15, 'Vertiport_6': 15, 'Vertiport_7': 15, 'Vertiport_8': 15, 'Vertiport_9': 15, 'Vertiport_10': 15}"
204,321.0,107,4447.559277511991,1881265.2989154062,"{'Vertiport_1': 15, 'Vertiport_2': 15, 'Vertiport_3': 15, 'Vertiport_4': 15, 'Vertiport_5': 15, 'Vertiport_6': 15, 'Vertiport_7': 15, 'Vertiport_8': 15, 'Vertiport_9': 15, 'Vertiport_10': 15}"
205,324.0,108,4689.488296175993,1885954.7872115823,"{'Vertiport_1': 15, 'Vertiport_2': 15, 'Vertiport_3': 15, 'Vertiport_4': 15, 'Vertiport_5': 15, 'Vertiport_6': 15, 'Vertiport_7': 15, 'Vertiport_8': 15, 'Vertiport_9': 15, 'Vertiport_10': 15}"
206,333.0,111,4613.729385975993,1890568.5165975583,"{'Vertiport_1': 15, 'Vertiport_2': 15, 'Vertiport_3': 15, 'Vertiport_4': 15, 'Vertiport_5': 15, 'Vertiport_6': 15, 'Vertiport_7': 15, 'Vertiport_8': 15, 'Vertiport_9': 15, 'Vertiport_10': 15}"
207,384.0,128,6347.2650275439755,1896915.7816251023,"{'Vertiport_1': 15, 'Vertiport_2': 15, 'Vertiport_3': 15, 'Vertiport_4': 15, 'Vertiport_5': 15, 'Vertiport_6': 15, 'Vertiport_7': 15, 'Vertiport_8': 15, 'Vertiport_9': 15, 'Vertiport_10': 15}"
208,438.0,146,6482.724453535976,1903398.5060786381,"{'Vertiport_1': 15, 'Vertiport_2': 15, 'Vertiport_3': 15, 'Vertiport_4': 15, 'Vertiport_5': 15, 'Vertiport_6': 15, 'Vertiport_7': 15, 'Vertiport_8': 15, 'Vertiport_9': 15, 'Vertiport_10': 15}"
209,423.0,141,6221.30424246398,1909619.8103211022,"{'Vertiport_1': 15, 'Vertiport_2': 15, 'Vertiport_3': 15, 'Vertiport_4': 15, 'Vertiport_5': 15, 'Vertiport_6': 15, 'Vertiport_7': 15, 'Vertiport_8': 15, 'Vertiport_9': 15, 'Vertiport_10': 15}"
210,456.0,152,6785.056341519977,1916404.8666626222,"{'Vertiport_1': 15, 'Vertiport_2': 15, 'Vertiport_3': 15, 'Vertiport_4': 15, 'Vertiport_5': 15, 'Vertiport_6': 15, 'Vertiport_7': 15, 'Vertiport_8': 15, 'Vertiport_9': 15, 'Vertiport_10': 15}"
211,504.0,168,7187.235573727972,1923592.10223635,"{'Vertiport_1': 15, 'Vertiport_2': 15, 'Vertiport_3': 15, 'Vertiport_4': 15, 'Vertiport_5': 15, 'Vertiport_6': 15, 'Vertiport_7': 15, 'Vertiport_8': 15, 'Vertiport_9': 15, 'Vertiport_10': 15}"
212,615.0,205,9252.927015391982,1932845.029251742,"{'Vertiport_1': 15, 'Vertiport_2': 15, 'Vertiport_3': 15, 'Vertiport_4': 15, 'Vertiport_5': 15, 'Vertiport_6': 15, 'Vertiport_7': 15, 'Vertiport_8': 15, 'Vertiport_9': 15, 'Vertiport_10': 15}"
213,576.0,192,8764.695017751981,1941609.724269494,"{'Vertiport_1': 15, 'Vertiport_2': 15, 'Vertiport_3': 15, 'Vertiport_4': 15, 'Vertiport_5': 15, 'Vertiport_6': 15, 'Vertiport_7': 15, 'Vertiport_8': 15, 'Vertiport_9': 15, 'Vertiport_10': 15}"
214,630.0,210,9489.917390135988,1951099.64165963,"{'Vertiport_1': 15, 'Vertiport_2': 15, 'Vertiport_3': 15, 'Vertiport_4': 15, 'Vertiport_5': 15, 'Vertiport_6': 15, 'Vertiport_7': 15, 'Vertiport_8': 15, 'Vertiport_9': 15, 'Vertiport_10': 15}"
215,663.0,221,9667.689150919976,1960767.33081055,"{'Vertiport_1': 15, 'Vertiport_2': 15, 'Vertiport_3': 15, 'Vertiport_4': 15, 'Vertiport_5': 15, 'Vertiport_6': 15, 'Vertiport_7': 15, 'Vertiport_8': 15, 'Vertiport_9': 15, 'Vertiport_10': 15}"
216,741.0,247,10540.657739847982,1971307.9885503978,"{'Vertiport_1': 15, 'Vertiport_2': 15, 'Vertiport_3': 15, 'Vertiport_4': 15, 'Vertiport_5': 15, 'Vertiport_6': 15, 'Vertiport_7': 15, 'Vertiport_8': 15, 'Vertiport_9': 15, 'Vertiport_10': 15}"
217,753.0,251,11049.654322095988,1982357.6428724937,"{'Vertiport_1': 15, 'Vertiport_2': 15, 'Vertiport_3': 15, 'Vertiport_4': 15, 'Vertiport_5': 15, 'Vertiport_6': 15, 'Vertiport_7': 15, 'Vertiport_8': 15, 'Vertiport_9': 15, 'Vertiport_10': 15}"
218,657.0,219,9037.10835551997,1991394.7512280138,"{'Vertiport_1': 15, 'Vertiport_2': 15, 'Vertiport_3': 15, 'Vertiport_4': 15, 'Vertiport_5': 15, 'Vertiport_6': 15, 'Vertiport_7': 15, 'Vertiport_8': 15, 'Vertiport_9': 15, 'Vertiport_10': 15}"
219,657.0,219,9713.913062447975,2001108.6642904617,"{'Vertiport_1': 15, 'Vertiport_2': 15, 'Vertiport_3': 15, 'Vertiport_4': 15, 'Vertiport_5': 15, 'Vertiport_6': 15, 'Vertiport_7': 15, 'Vertiport_8': 15, 'Vertiport_9': 15, 'Vertiport_10': 15}"
220,702.0,234,9854.951374287979,2010963.6156647496,"{'Vertiport_1': 15, 'Vertiport_2': 15, 'Vertiport_3': 15, 'Vertiport_4': 15, 'Vertiport_5': 15, 'Vertiport_6': 15, 'Vertiport_7': 15, 'Vertiport_8': 15, 'Vertiport_9': 15, 'Vertiport_10': 15}"
221,780.0,260,11382.87900021599,2022346.4946649657,"{'Vertiport_1': 15, 'Vertiport_2': 15, 'Vertiport_3': 15, 'Vertiport_4': 15, 'Vertiport_5': 15, 'Vertiport_6': 15, 'Vertiport_7': 15, 'Vertiport_8': 15, 'Vertiport_9': 15, 'Vertiport_10': 15}"
222,630.0,210,9296.494112343975,2031642.9887773097,"{'Vertiport_1': 15, 'Vertiport_2': 15, 'Vertiport_3': 15, 'Vertiport_4': 15, 'Vertiport_5': 15, 'Vertiport_6': 15, 'Vertiport_7': 15, 'Vertiport_8': 15, 'Vertiport_9': 15, 'Vertiport_10': 15}"
223,618.0,206,8053.946684167962,2039696.9354614776,"{'Vertiport_1': 15, 'Vertiport_2': 15, 'Vertiport_3': 15, 'Vertiport_4': 15, 'Vertiport_5': 15, 'Vertiport_6': 15, 'Vertiport_7': 15, 'Vertiport_8': 15, 'Vertiport_9': 15, 'Vertiport_10': 15}"
224,681.0,227,10018.950768327984,2049715.8862298056,"{'Vertiport_1': 15, 'Vertiport_2': 15, 'Vertiport_3': 15, 'Vertiport_4': 15, 'Vertiport_5': 15, 'Vertiport_6': 15, 'Vertiport_7': 15, 'Vertiport_8': 15, 'Vertiport_9': 15, 'Vertiport_10': 15}"
225,651.0,217,9217.312229583971,2058933.1984593896,"{'Vertiport_1': 15, 'Vertiport_2': 15, 'Vertiport_3': 15, 'Vertiport_4': 15, 'Vertiport_5': 15, 'Vertiport_6': 15, 'Vertiport_7': 15, 'Vertiport_8': 15, 'Vertiport_9': 15, 'Vertiport_10': 15}"
226,624.0,208,9122.552864711972,2068055.7513241016,"{'Vertiport_1': 15, 'Vertiport_2': 15, 'Vertiport_3': 15, 'Vertiport_4': 15, 'Vertiport_5': 15, 'Vertiport_6': 15, 'Vertiport_7': 15, 'Vertiport_8': 15, 'Vertiport_9': 15, 'Vertiport_10': 15}"
227,657.0,219,9172.893989447966,2077228.6453135496,"{'Vertiport_1': 15, 'Vertiport_2': 15, 'Vertiport_3': 15, 'Vertiport_4': 15, 'Vertiport_5': 15, 'Vertiport_6': 15, 'Vertiport_7': 15, 'Vertiport_8': 15, 'Vertiport_9': 15, 'Vertiport_10': 15}"
228,696.0,232,9901.554518511984,2087130.1998320615,"{'Vertiport_1': 15, 'Vertiport_2': 15, 'Vertiport_3': 15, 'Vertiport_4': 15, 'Vertiport_5': 15, 'Vertiport_6': 15, 'Vertiport_7': 15, 'Vertiport_8': 15, 'Vertiport_9': 15, 'Vertiport_10': 15}"
229,750.0,250,10703.461638631985,2097833.6614706935,"{'Vertiport_1': 15, 'Vertiport_2': 15, 'Vertiport_3': 15, 'Vertiport_4': 15, 'Vertiport_5': 15, 'Vertiport_6': 15, 'Vertiport_7': 15, 'Vertiport_8': 15, 'Vertiport_9': 15, 'Vertiport_10': 15}"
230,657.0,219,9274.209962311978,2107107.8714330057,"{'Vertiport_1': 15, 'Vertiport_2': 15, 'Vertiport_3': 15, 'Vertiport_4': 15, 'Vertiport_5': 15, 'Vertiport_6': 15, 'Vertiport_7': 15, 'Vertiport_8': 15, 'Vertiport_9': 15, 'Vertiport_10': 15}"
231,675.0,225,9552.97721972797,2116660.8486527335,"{'Vertiport_1': 15, 'Vertiport_2': 15, 'Vertiport_3': 15, 'Vertiport_4': 15, 'Vertiport_5': 15, 'Vertiport_6': 15, 'Vertiport_7': 15, 'Vertiport_8': 15, 'Vertiport_9': 15, 'Vertiport_10': 15}"
232,621.0,207,9174.72372185598,2125835.5723745893,"{'Vertiport_1': 15, 'Vertiport_2': 15, 'Vertiport_3': 15, 'Vertiport_4': 15, 'Vertiport_5': 15, 'Vertiport_6': 15, 'Vertiport_7': 15, 'Vertiport_8': 15, 'Vertiport_9': 15, 'Vertiport_10': 15}"
233,621.0,207,9088.084793751977,2134923.6571683413,"{'Vertiport_1': 15, 'Vertiport_2': 15, 'Vertiport_3': 15, 'Vertiport_4': 15, 'Vertiport_5': 15, 'Vertiport_6': 15, 'Vertiport_7': 15, 'Vertiport_8': 15, 'Vertiport_9': 15, 'Vertiport_10': 15}"
234,681.0,227,9798.753673351977,2144722.410841693,"{'Vertiport_1': 15, 'Vertiport_2': 15, 'Vertiport_3': 15, 'Vertiport_4': 15, 'Vertiport_5': 15, 'Vertiport_6': 15, 'Vertiport_7': 15, 'Vertiport_8': 15, 'Vertiport_9': 15, 'Vertiport_10': 15}"
235,603.0,201,8096.824535871963,2152819.235377565,"{'Vertiport_1': 15, 'Vertiport_2': 15, 'Vertiport_3': 15, 'Vertiport_4': 15, 'Vertiport_5': 15, 'Vertiport_6': 15, 'Vertiport_7': 15, 'Vertiport_8': 15, 'Vertiport_9': 15, 'Vertiport_10': 15}"
236,636.0,212,8858.523539727974,2161677.758917293,"{'Vertiport_1': 15, 'Vertiport_2': 15, 'Vertiport_3': 15, 'Vertiport_4': 15, 'Vertiport_5': 15, 'Vertiport_6': 15, 'Vertiport_7': 15, 'Vertiport_8': 15, 'Vertiport_9': 15, 'Vertiport_10': 15}"
237,540.0,180,7297.128501815971,2168974.887419109,"{'Vertiport_1': 15, 'Vertiport_2': 15, 'Vertiport_3': 15, 'Vertiport_4': 15, 'Vertiport_5': 15, 'Vertiport_6': 15, 'Vertiport_7': 15, 'Vertiport_8': 15, 'Vertiport_9': 15, 'Vertiport_10': 15}"
238,546.0,182,7557.832905999967,2176532.720325109,"{'Vertiport_1': 15, 'Vertiport_2': 15, 'Vertiport_3': 15, 'Vertiport_4': 15, 'Vertiport_5': 15, 'Vertiport_6': 15, 'Vertiport_7': 15, 'Vertiport_8': 15, 'Vertiport_9': 15, 'Vertiport_10': 15}"
239,612.0,204,8574.79555839197,2185107.515883501,"{'Vertiport_1': 15, 'Vertiport_2': 15, 'Vertiport_3': 15, 'Vertiport_4': 15, 'Vertiport_5': 15, 'Vertiport_6': 15, 'Vertiport_7': 15, 'Vertiport_8': 15, 'Vertiport_9': 15, 'Vertiport_10': 15}"
240,546.0,182,7922.48488043997,2193030.000763941,"{'Vertiport_1': 15, 'Vertiport_2': 15, 'Vertiport_3': 15, 'Vertiport_4': 15, 'Vertiport_5': 15, 'Vertiport_6': 15, 'Vertiport_7': 15, 'Vertiport_8': 15, 'Vertiport_9': 15, 'Vertiport_10': 15}"
241,501.0,167,7784.372237335976,2200814.373001277,"{'Vertiport_1': 15, 'Vertiport_2': 15, 'Vertiport_3': 15, 'Vertiport_4': 15, 'Vertiport_5': 15, 'Vertiport_6': 15, 'Vertiport_7': 15, 'Vertiport_8': 15, 'Vertiport_9': 15, 'Vertiport_10': 15}"
242,504.0,168,7114.908515303971,2207929.281516581,"{'Vertiport_1': 15, 'Vertiport_2': 15, 'Vertiport_3': 15, 'Vertiport_4': 15, 'Vertiport_5': 15, 'Vertiport_6': 15, 'Vertiport_7': 15, 'Vertiport_8': 15, 'Vertiport_9': 15, 'Vertiport_10': 15}"
243,504.0,168,7249.9414783839775,2215179.222994965,"{'Vertiport_1': 15, 'Vertiport_2': 15, 'Vertiport_3': 15, 'Vertiport_4': 15, 'Vertiport_5': 15, 'Vertiport_6': 15, 'Vertiport_7': 15, 'Vertiport_8': 15, 'Vertiport_9': 15, 'Vertiport_10': 15}"
244,519.0,173,7352.904367175972,2222532.127362141,"{'Vertiport_1': 15, 'Vertiport_2': 15, 'Vertiport_3': 15, 'Vertiport_4': 15, 'Vertiport_5': 15, 'Vertiport_6': 15, 'Vertiport_7': 15, 'Vertiport_8': 15, 'Vertiport_9': 15, 'Vertiport_10': 15}"
245,576.0,192,7863.738146303967,2230395.865508445,"{'Vertiport_1': 15, 'Vertiport_2': 15, 'Vertiport_3': 15, 'Vertiport_4': 15, 'Vertiport_5': 15, 'Vertiport_6': 15, 'Vertiport_7': 15, 'Vertiport_8': 15, 'Vertiport_9': 15, 'Vertiport_10': 15}"
246,531.0,177,7551.068981647971,2237946.934490093,"{'Vertiport_1': 15, 'Vertiport_2': 15, 'Vertiport_3': 15, 'Vertiport_4': 15, 'Vertiport_5': 15, 'Vertiport_6': 15, 'Vertiport_7': 15, 'Vertiport_8': 15, 'Vertiport_9': 15, 'Vertiport_10': 15}"
247,540.0,180,7676.64684578397,2245623.581335877,"{'Vertiport_1': 15, 'Vertiport_2': 15, 'Vertiport_3': 15, 'Vertiport_4': 15, 'Vertiport_5': 15, 'Vertiport_6': 15, 'Vertiport_7': 15, 'Vertiport_8': 15, 'Vertiport_9': 15, 'Vertiport_10': 15}"
248,540.0,180,7712.521246287975,2253336.102582165,"{'Vertiport_1': 15, 'Vertiport_2': 15, 'Vertiport_3': 15, 'Vertiport_4': 15, 'Vertiport_5': 15, 'Vertiport_6': 15, 'Vertiport_7': 15, 'Vertiport_8': 15, 'Vertiport_9': 15, 'Vertiport_10': 15}"
249,573.0,191,8272.530206927968,2261608.632789093,"{'Vertiport_1': 15, 'Vertiport_2': 15, 'Vertiport_3': 15, 'Vertiport_4': 15, 'Vertiport_5': 15, 'Vertiport_6': 15, 'Vertiport_7': 15, 'Vertiport_8': 15, 'Vertiport_9': 15, 'Vertiport_10': 15}"
250,573.0,191,8063.213912999971,2269671.8467020933,"{'Vertiport_1': 15, 'Vertiport_2': 15, 'Vertiport_3': 15, 'Vertiport_4': 15, 'Vertiport_5': 15, 'Vertiport_6': 15, 'Vertiport_7': 15, 'Vertiport_8': 15, 'Vertiport_9': 15, 'Vertiport_10': 15}"
251,606.0,202,8556.158519055973,2278228.0052211494,"{'Vertiport_1': 15, 'Vertiport_2': 15, 'Vertiport_3': 15, 'Vertiport_4': 15, 'Vertiport_5': 15, 'Vertiport_6': 15, 'Vertiport_7': 15, 'Vertiport_8': 15, 'Vertiport_9': 15, 'Vertiport_10': 15}"
252,702.0,234,10329.226498567996,2288557.2317197174,"{'Vertiport_1': 15, 'Vertiport_2': 15, 'Vertiport_3': 15, 'Vertiport_4': 15, 'Vertiport_5': 15, 'Vertiport_6': 15, 'Vertiport_7': 15, 'Vertiport_8': 15, 'Vertiport_9': 15, 'Vertiport_10': 15}"
253,669.0,223,9554.965084607975,2298112.1968043256,"{'Vertiport_1': 15, 'Vertiport_2': 15, 'Vertiport_3': 15, 'Vertiport_4': 15, 'Vertiport_5': 15, 'Vertiport_6': 15, 'Vertiport_7': 15, 'Vertiport_8': 15, 'Vertiport_9': 15, 'Vertiport_10': 15}"
254,684.0,228,10270.559091327987,2308382.7558956537,"{'Vertiport_1': 15, 'Vertiport_2': 15, 'Vertiport_3': 15, 'Vertiport_4': 15, 'Vertiport_5': 15, 'Vertiport_6': 15, 'Vertiport_7': 15, 'Vertiport_8': 15, 'Vertiport_9': 15, 'Vertiport_10': 15}"
255,726.0,242,10523.060371751997,2318905.8162674056,"{'Vertiport_1': 15, 'Vertiport_2': 15, 'Vertiport_3': 15, 'Vertiport_4': 15, 'Vertiport_5': 15, 'Vertiport_6': 15, 'Vertiport_7': 15, 'Vertiport_8': 15, 'Vertiport_9': 15, 'Vertiport_10': 15}"
256,693.0,231,9859.489165791972,2328765.3054331974,"{'Vertiport_1': 15, 'Vertiport_2': 15, 'Vertiport_3': 15, 'Vertiport_4': 15, 'Vertiport_5': 15, 'Vertiport_6': 15, 'Vertiport_7': 15, 'Vertiport_8': 15, 'Vertiport_9': 15, 'Vertiport_10': 15}"
257,756.0,252,10379.850925199979,2339145.1563583976,"{'Vertiport_1': 15, 'Vertiport_2': 15, 'Vertiport_3': 15, 'Vertiport_4': 15, 'Vertiport_5': 15, 'Vertiport_6': 15, 'Vertiport_7': 15, 'Vertiport_8': 15, 'Vertiport_9': 15, 'Vertiport_10': 15}"
258,762.0,254,10767.685635736001,2349912.841994134,"{'Vertiport_1': 15, 'Vertiport_2': 15, 'Vertiport_3': 15, 'Vertiport_4': 15, 'Vertiport_5': 15, 'Vertiport_6': 15, 'Vertiport_7': 15, 'Vertiport_8': 15, 'Vertiport_9': 15, 'Vertiport_10': 15}"
259,768.0,256,11250.220756935993,2361163.0627510697,"{'Vertiport_1': 15, 'Vertiport_2': 15, 'Vertiport_3': 15, 'Vertiport_4': 15, 'Vertiport_5': 15, 'Vertiport_6': 15, 'Vertiport_7': 15, 'Vertiport_8': 15, 'Vertiport_9': 15, 'Vertiport_10': 15}"
260,774.0,258,10612.900904159995,2371775.9636552297,"{'Vertiport_1': 15, 'Vertiport_2': 15, 'Vertiport_3': 15, 'Vertiport_4': 15, 'Vertiport_5': 15, 'Vertiport_6': 15, 'Vertiport_7': 15, 'Vertiport_8': 15, 'Vertiport_9': 15, 'Vertiport_10': 15}"
261,819.0,273,11297.806955215989,2383073.7706104456,"{'Vertiport_1': 15, 'Vertiport_2': 15, 'Vertiport_3': 15, 'Vertiport_4': 15, 'Vertiport_5': 15, 'Vertiport_6': 15, 'Vertiport_7': 15, 'Vertiport_8': 15, 'Vertiport_9': 15, 'Vertiport_10': 15}"
262,849.0,283,11113.834982335982,2394187.6055927817,"{'Vertiport_1': 15, 'Vertiport_2': 15, 'Vertiport_3': 15, 'Vertiport_4': 15, 'Vertiport_5': 15, 'Vertiport_6': 15, 'Vertiport_7': 15, 'Vertiport_8': 15, 'Vertiport_9': 15, 'Vertiport_10': 15}"
263,819.0,273,11815.50044379999,2406003.1060365816,"{'Vertiport_1': 15, 'Vertiport_2': 15, 'Vertiport_3': 15, 'Vertiport_4': 15, 'Vertiport_5': 15, 'Vertiport_6': 15, 'Vertiport_7': 15, 'Vertiport_8': 15, 'Vertiport_9': 15, 'Vertiport_10': 15}"
264,783.0,261,10969.67135064799,2416972.7773872297,"{'Vertiport_1': 15, 'Vertiport_2': 15, 'Vertiport_3': 15, 'Vertiport_4': 15, 'Vertiport_5': 15, 'Vertiport_6': 15, 'Vertiport_7': 15, 'Vertiport_8': 15, 'Vertiport_9': 15, 'Vertiport_10': 15}"
265,702.0,234,10413.197822152002,2427385.975209382,"{'Vertiport_1': 15, 'Vertiport_2': 15, 'Vertiport_3': 15, 'Vertiport_4': 15, 'Vertiport_5': 15, 'Vertiport_6': 15, 'Vertiport_7': 15, 'Vertiport_8': 15, 'Vertiport_9': 15, 'Vertiport_10': 15}"
266,723.0,241,10015.89074750399,2437401.8659568857,"{'Vertiport_1': 15, 'Vertiport_2': 15, 'Vertiport_3': 15, 'Vertiport_4': 15, 'Vertiport_5': 15, 'Vertiport_6': 15, 'Vertiport_7': 15, 'Vertiport_8': 15, 'Vertiport_9': 15, 'Vertiport_10': 15}"
267,699.0,233,10400.194871103982,2447802.0608279896,"{'Vertiport_1': 15, 'Vertiport_2': 15, 'Vertiport_3': 15, 'Vertiport_4': 15, 'Vertiport_5': 15, 'Vertiport_6': 15, 'Vertiport_7': 15, 'Vertiport_8': 15, 'Vertiport_9': 15, 'Vertiport_10': 15}"
268,696.0,232,10399.835940807987,2458201.8967687977,"{'Vertiport_1': 15, 'Vertiport_2': 15, 'Vertiport_3': 15, 'Vertiport_4': 15, 'Vertiport_5': 15, 'Vertiport_6': 15, 'Vertiport_7': 15, 'Vertiport_8': 15, 'Vertiport_9': 15, 'Vertiport_10': 15}"
269,735.0,245,10781.605988207983,2468983.502757006,"{'Vertiport_1': 15, 'Vertiport_2': 15, 'Vertiport_3': 15, 'Vertiport_4': 15, 'Vertiport_5': 15, 'Vertiport_6': 15, 'Vertiport_7': 15, 'Vertiport_8': 15, 'Vertiport_9': 15, 'Vertiport_10': 15}"
270,657.0,219,9307.310871647982,2478290.813628654,"{'Vertiport_1': 15, 'Vertiport_2': 15, 'Vertiport_3': 15, 'Vertiport_4': 15, 'Vertiport_5': 15, 'Vertiport_6': 15, 'Vertiport_7': 15, 'Vertiport_8': 15, 'Vertiport_9': 15, 'Vertiport_10': 15}"
271,639.0,213,8547.630394399977,2486838.444023054,"{'Vertiport_1': 15, 'Vertiport_2': 15, 'Vertiport_3': 15, 'Vertiport_4': 15, 'Vertiport_5': 15, 'Vertiport_6': 15, 'Vertiport_7': 15, 'Vertiport_8': 15, 'Vertiport_9': 15, 'Vertiport_10': 15}"
272,579.0,193,8240.309201815966,2495078.75322487,"{'Vertiport_1': 15, 'Vertiport_2': 15, 'Vertiport_3': 15, 'Vertiport_4': 15, 'Vertiport_5': 15, 'Vertiport_6': 15, 'Vertiport_7': 15, 'Vertiport_8': 15, 'Vertiport_9': 15, 'Vertiport_10': 15}"
273,543.0,181,7873.090388903963,2502951.843613774,"{'Vertiport_1': 15, 'Vertiport_2': 15, 'Vertiport_3': 15, 'Vertiport_4': 15, 'Vertiport_5': 15, 'Vertiport_6': 15, 'Vertiport_7': 15, 'Vertiport_8': 15, 'Vertiport_9': 15, 'Vertiport_10': 15}"
274,552.0,184,7868.12262348797,2510819.966237262,"{'Vertiport_1': 15, 'Vertiport_2': 15, 'Vertiport_3': 15, 'Vertiport_4': 15, 'Vertiport_5': 15, 'Vertiport_6': 15, 'Vertiport_7': 15, 'Vertiport_8': 15, 'Vertiport_9': 15, 'Vertiport_10': 15}"
275,471.0,157,6849.936380815973,2517669.902618078,"{'Vertiport_1': 15, 'Vertiport_2': 15, 'Vertiport_3': 15, 'Vertiport_4': 15, 'Vertiport_5': 15, 'Vertiport_6': 15, 'Vertiport_7': 15, 'Vertiport_8': 15, 'Vertiport_9': 15, 'Vertiport_10': 15}"
276,528.0,176,7165.697672511973,2524835.60029059,"{'Vertiport_1': 15, 'Vertiport_2': 15, 'Vertiport_3': 15, 'Vertiport_4': 15, 'Vertiport_5': 15, 'Vertiport_6': 15, 'Vertiport_7': 15, 'Vertiport_8': 15, 'Vertiport_9': 15, 'Vertiport_10': 15}"
277,423.0,141,6448.8782123359815,2531284.478502926,"{'Vertiport_1': 15, 'Vertiport_2': 15, 'Vertiport_3': 15, 'Vertiport_4': 15, 'Vertiport_5': 15, 'Vertiport_6': 15, 'Vertiport_7': 15, 'Vertiport_8': 15, 'Vertiport_9': 15, 'Vertiport_10': 15}"
278,369.0,123,5949.033212199982,2537233.5117151258,"{'Vertiport_1': 15, 'Vertiport_2': 15, 'Vertiport_3': 15, 'Vertiport_4': 15, 'Vertiport_5': 15, 'Vertiport_6': 15, 'Vertiport_7': 15, 'Vertiport_8': 15, 'Vertiport_9': 15, 'Vertiport_10': 15}"
279,321.0,107,4798.959328567988,2542032.471043694,"{'Vertiport_1': 15, 'Vertiport_2': 15, 'Vertiport_3': 15, 'Vertiport_4': 15, 'Vertiport_5': 15, 'Vertiport_6': 15, 'Vertiport_7': 15, 'Vertiport_8': 15, 'Vertiport_9': 15, 'Vertiport_10': 15}"
280,309.0,103,5017.97601237599,2547050.44705607,"{'Vertiport_1': 15, 'Vertiport_2': 15, 'Vertiport_3': 15, 'Vertiport_4': 15, 'Vertiport_5': 15, 'Vertiport_6': 15, 'Vertiport_7': 15, 'Vertiport_8': 15, 'Vertiport_9': 15, 'Vertiport_10': 15}"
281,228.0,76,3406.5840994159976,2550457.031155486,"{'Vertiport_1': 15, 'Vertiport_2': 15, 'Vertiport_3': 15, 'Vertiport_4': 15, 'Vertiport_5': 15, 'Vertiport_6': 15, 'Vertiport_7': 15, 'Vertiport_8': 15, 'Vertiport_9': 15, 'Vertiport_10': 15}"
282,189.0,63,2756.7521343599997,2553213.783289846,"{'Vertiport_1': 15, 'Vertiport_2': 15, 'Vertiport_3': 15, 'Vertiport_4': 15, 'Vertiport_5': 15, 'Vertiport_6': 15, 'Vertiport_7': 15, 'Vertiport_8': 15, 'Vertiport_9': 15, 'Vertiport_10': 15}"
283,228.0,76,3677.6431329039983,2556891.42642275,"{'Vertiport_1': 15, 'Vertiport_2': 15, 'Vertiport_3': 15, 'Vertiport_4': 15, 'Vertiport_5': 15, 'Vertiport_6': 15, 'Vertiport_7': 15, 'Vertiport_8': 15, 'Vertiport_9': 15, 'Vertiport_10': 15}"
284,243.0,81,3405.2471960399967,2560296.67361879,"{'Vertiport_1': 15, 'Vertiport_2': 15, 'Vertiport_3': 15, 'Vertiport_4': 15, 'Vertiport_5': 15, 'Vertiport_6': 15, 'Vertiport_7': 15, 'Vertiport_8': 15, 'Vertiport_9': 15, 'Vertiport_10': 15}"
285,219.0,73,3135.4693397679994,2563432.142958558,"{'Vertiport_1': 15, 'Vertiport_2': 15, 'Vertiport_3': 15, 'Vertiport_4': 15, 'Vertiport_5': 15, 'Vertiport_6': 15, 'Vertiport_7': 15, 'Vertiport_8': 15, 'Vertiport_9': 15, 'Vertiport_10': 15}"
286,153.0,51,1936.216340648,2565368.359299206,"{'Vertiport_1': 15, 'Vertiport_2': 15, 'Vertiport_3': 15, 'Vertiport_4': 15, 'Vertiport_5': 15, 'Vertiport_6': 15, 'Vertiport_7': 15, 'Vertiport_8': 15, 'Vertiport_9': 15, 'Vertiport_10': 15}"
287,153.0,51,2730.2295729759994,2568098.588872182,"{'Vertiport_1': 15, 'Vertiport_2': 15, 'Vertiport_3': 15, 'Vertiport_4': 15, 'Vertiport_5': 15, 'Vertiport_6': 15, 'Vertiport_7': 15, 'Vertiport_8': 15, 'Vertiport_9': 15, 'Vertiport_10': 15}"
288,90.0,30,1352.873800552,2569451.462672734,"{'Vertiport_1': 15, 'Vertiport_2': 15, 'Vertiport_3': 15, 'Vertiport_4': 15, 'Vertiport_5': 15, 'Vertiport_6': 15, 'Vertiport_7': 15, 'Vertiport_8': 15, 'Vertiport_9': 15, 'Vertiport_10': 15}"
289,78.0,26,1155.5402497759999,2570607.0029225103,"{'Vertiport_1': 15, 'Vertiport_2': 15, 'Vertiport_3': 15, 'Vertiport_4': 15, 'Vertiport_5': 15, 'Vertiport_6': 15, 'Vertiport_7': 15, 'Vertiport_8': 15, 'Vertiport_9': 15, 'Vertiport_10': 15}"
290,87.0,29,1297.938974944,2571904.941897454,"{'Vertiport_1': 15, 'Vertiport_2': 15, 'Vertiport_3': 15, 'Vertiport_4': 15, 'Vertiport_5': 15, 'Vertiport_6': 15, 'Vertiport_7': 15, 'Vertiport_8': 15, 'Vertiport_9': 15, 'Vertiport_10': 15}"
291,81.0,27,1148.890698056,2573053.8325955104,"{'Vertiport_1': 15, 'Vertiport_2': 15, 'Vertiport_3': 15, 'Vertiport_4': 15, 'Vertiport_5': 15, 'Vertiport_6': 15, 'Vertiport_7': 15, 'Vertiport_8': 15, 'Vertiport_9': 15, 'Vertiport_10': 15}"
292,81.0,27,1213.2879117200005,2574267.1205072305,"{'Vertiport_1': 15, 'Vertiport_2': 15, 'Vertiport_3': 15, 'Vertiport_4': 15, 'Vertiport_5': 15, 'Vertiport_6': 15, 'Vertiport_7': 15, 'Vertiport_8': 15, 'Vertiport_9': 15, 'Vertiport_10': 15}"
293,57.0,19,1052.4641852240002,2575319.5846924544,"{'Vertiport_1': 15, 'Vertiport_2': 15, 'Vertiport_3': 15, 'Vertiport_4': 15, 'Vertiport_5': 15, 'Vertiport_6': 15, 'Vertiport_7': 15, 'Vertiport_8': 15, 'Vertiport_9': 15, 'Vertiport_10': 15}"
294,123.0,41,1551.8034058000003,2576871.3880982543,"{'Vertiport_1': 15, 'Vertiport_2': 15, 'Vertiport_3': 15, 'Vertiport_4': 15, 'Vertiport_5': 15, 'Vertiport_6': 15, 'Vertiport_7': 15, 'Vertiport_8': 15, 'Vertiport_9': 15, 'Vertiport_10': 15}"
295,117.0,39,1634.761963144,2578506.1500613983,"{'Vertiport_1': 15, 'Vertiport_2': 15, 'Vertiport_3': 15, 'Vertiport_4': 15, 'Vertiport_5': 15, 'Vertiport_6': 15, 'Vertiport_7': 15, 'Vertiport_8': 15, 'Vertiport_9': 15, 'Vertiport_10': 15}"
296,138.0,46,2102.121145656,2580608.271207054,"{'Vertiport_1': 15, 'Vertiport_2': 15, 'Vertiport_3': 15, 'Vertiport_4': 15, 'Vertiport_5': 15, 'Vertiport_6': 15, 'Vertiport_7': 15, 'Vertiport_8': 15, 'Vertiport_9': 15, 'Vertiport_10': 15}"
297,129.0,43,1802.02441732,2582410.295624374,"{'Vertiport_1': 15, 'Vertiport_2': 15, 'Vertiport_3': 15, 'Vertiport_4': 15, 'Vertiport_5': 15, 'Vertiport_6': 15, 'Vertiport_7': 15, 'Vertiport_8': 15, 'Vertiport_9': 15, 'Vertiport_10': 15}"
298,141.0,47,2215.841106272,2584626.136730646,"{'Vertiport_1': 15, 'Vertiport_2': 15, 'Vertiport_3': 15, 'Vertiport_4': 15, 'Vertiport_5': 15, 'Vertiport_6': 15, 'Vertiport_7': 15, 'Vertiport_8': 15, 'Vertiport_9': 15, 'Vertiport_10': 15}"
299,180.0,60,2427.6800855999995,2587053.8168162457,"{'Vertiport_1': 15, 'Vertiport_2': 15, 'Vertiport_3': 15, 'Vertiport_4': 15, 'Vertiport_5': 15, 'Vertiport_6': 15, 'Vertiport_7': 15, 'Vertiport_8': 15, 'Vertiport_9': 15, 'Vertiport_10': 15}"
300,204.0,68,3043.404527439999,2590097.221343686,"{'Vertiport_1': 15, 'Vertiport_2': 15, 'Vertiport_3': 15, 'Vertiport_4': 15, 'Vertiport_5': 15, 'Vertiport_6': 15, 'Vertiport_7': 15, 'Vertiport_8': 15, 'Vertiport_9': 15, 'Vertiport_10': 15}"
301,258.0,86,3745.7998161039986,2593843.02115979,"{'Vertiport_1': 15, 'Vertiport_2': 15, 'Vertiport_3': 15, 'Vertiport_4': 15, 'Vertiport_5': 15, 'Vertiport_6': 15, 'Vertiport_7': 15, 'Vertiport_8': 15, 'Vertiport_9': 15, 'Vertiport_10': 15}"
302,300.0,100,4708.242542671994,2598551.263702462,"{'Vertiport_1': 15, 'Vertiport_2': 15, 'Vertiport_3': 15, 'Vertiport_4': 15, 'Vertiport_5': 15, 'Vertiport_6': 15, 'Vertiport_7': 15, 'Vertiport_8': 15, 'Vertiport_9': 15, 'Vertiport_10': 15}"
303,318.0,106,4628.95979383199,2603180.223496294,"{'Vertiport_1': 15, 'Vertiport_2': 15, 'Vertiport_3': 15, 'Vertiport_4': 15, 'Vertiport_5': 15, 'Vertiport_6': 15, 'Vertiport_7': 15, 'Vertiport_8': 15, 'Vertiport_9': 15, 'Vertiport_10': 15}"
304,345.0,115,4988.464694055993,2608168.6881903503,"{'Vertiport_1': 15, 'Vertiport_2': 15, 'Vertiport_3': 15, 'Vertiport_4': 15, 'Vertiport_5': 15, 'Vertiport_6': 15, 'Vertiport_7': 15, 'Vertiport_8': 15, 'Vertiport_9': 15, 'Vertiport_10': 15}"
305,72.0,24,892.562385104,2609061.2505754544,"{'Vertiport_1': 15, 'Vertiport_2': 15, 'Vertiport_3': 15, 'Vertiport_4': 15, 'Vertiport_5': 15, 'Vertiport_6': 15, 'Vertiport_7': 15, 'Vertiport_8': 15, 'Vertiport_9': 15, 'Vertiport_10': 15}"
306,0.0,0,0.0,2609061.2505754544,"{'Vertiport_1': 15, 'Vertiport_2': 15, 'Vertiport_3': 15, 'Vertiport_4': 15, 'Vertiport_5': 15, 'Vertiport_6': 15, 'Vertiport_7': 15, 'Vertiport_8': 15, 'Vertiport_9': 15, 'Vertiport_10': 15}"
307,0.0,0,0.0,2609061.2505754544,"{'Vertiport_1': 15, 'Vertiport_2': 15, 'Vertiport_3': 15, 'Vertiport_4': 15, 'Vertiport_5': 15, 'Vertiport_6': 15, 'Vertiport_7': 15, 'Vertiport_8': 15, 'Vertiport_9': 15, 'Vertiport_10': 15}"
308,0.0,0,0.0,2609061.2505754544,"{'Vertiport_1': 15, 'Vertiport_2': 15, 'Vertiport_3': 15, 'Vertiport_4': 15, 'Vertiport_5': 15, 'Vertiport_6': 15, 'Vertiport_7': 15, 'Vertiport_8': 15, 'Vertiport_9': 15, 'Vertiport_10': 15}"
309,0.0,0,0.0,2609061.2505754544,"{'Vertiport_1': 15, 'Vertiport_2': 15, 'Vertiport_3': 15, 'Vertiport_4': 15, 'Vertiport_5': 15, 'Vertiport_6': 15, 'Vertiport_7': 15, 'Vertiport_8': 15, 'Vertiport_9': 15, 'Vertiport_10': 15}"
310,0.0,0,0.0,2609061.2505754544,"{'Vertiport_1': 15, 'Vertiport_2': 15, 'Vertiport_3': 15, 'Vertiport_4': 15, 'Vertiport_5': 15, 'Vertiport_6': 15, 'Vertiport_7': 15, 'Vertiport_8': 15, 'Vertiport_9': 15, 'Vertiport_10': 15}"
311,198.0,66,2600.096018927999,2611661.3465943825,"{'Vertiport_1': 15, 'Vertiport_2': 15, 'Vertiport_3': 15, 'Vertiport_4': 15, 'Vertiport_5': 15, 'Vertiport_6': 15, 'Vertiport_7': 15, 'Vertiport_8': 15, 'Vertiport_9': 15, 'Vertiport_10': 15}"
312,738.0,246,10803.317206015994,2622464.6638003984,"{'Vertiport_1': 15, 'Vertiport_2': 15, 'Vertiport_3': 15, 'Vertiport_4': 15, 'Vertiport_5': 15, 'Vertiport_6': 15, 'Vertiport_7': 15, 'Vertiport_8': 15, 'Vertiport_9': 15, 'Vertiport_10': 15}"
313,663.0,221,8979.871681199978,2631444.535481598,"{'Vertiport_1': 15, 'Vertiport_2': 15, 'Vertiport_3': 15, 'Vertiport_4': 15, 'Vertiport_5': 15, 'Vertiport_6': 15, 'Vertiport_7': 15, 'Vertiport_8': 15, 'Vertiport_9': 15, 'Vertiport_10': 15}"
314,660.0,220,9757.026455263978,2641201.5619368623,"{'Vertiport_1': 15, 'Vertiport_2': 15, 'Vertiport_3': 15, 'Vertiport_4': 15, 'Vertiport_5': 15, 'Vertiport_6': 15, 'Vertiport_7': 15, 'Vertiport_8': 15, 'Vertiport_9': 15, 'Vertiport_10': 15}"
315,639.0,213,8931.794897727972,2650133.3568345904,"{'Vertiport_1': 15, 'Vertiport_2': 15, 'Vertiport_3': 15, 'Vertiport_4': 15, 'Vertiport_5': 15, 'Vertiport_6': 15, 'Vertiport_7': 15, 'Vertiport_8': 15, 'Vertiport_9': 15, 'Vertiport_10': 15}"
316,651.0,217,8759.110553423974,2658892.4673880143,"{'Vertiport_1': 15, 'Vertiport_2': 15, 'Vertiport_3': 15, 'Vertiport_4': 15, 'Vertiport_5': 15, 'Vertiport_6': 15, 'Vertiport_7': 15, 'Vertiport_8': 15, 'Vertiport_9': 15, 'Vertiport_10': 15}"
317,669.0,223,9085.18072431997,2667977.6481123343,"{'Vertiport_1': 15, 'Vertiport_2': 15, 'Vertiport_3': 15, 'Vertiport_4': 15, 'Vertiport_5': 15, 'Vertiport_6': 15, 'Vertiport_7': 15, 'Vertiport_8': 15, 'Vertiport_9': 15, 'Vertiport_10': 15}"
318,561.0,187,7443.542710351968,2675421.190822686,"{'Vertiport_1': 15, 'Vertiport_2': 15, 'Vertiport_3': 15, 'Vertiport_4': 15, 'Vertiport_5': 15, 'Vertiport_6': 15, 'Vertiport_7': 15, 'Vertiport_8': 15, 'Vertiport_9': 15, 'Vertiport_10': 15}"
319,600.0,200,8350.106715215969,2683771.297537902,"{'Vertiport_1': 15, 'Vertiport_2': 15, 'Vertiport_3': 15, 'Vertiport_4': 15, 'Vertiport_5': 15, 'Vertiport_6': 15, 'Vertiport_7': 15, 'Vertiport_8': 15, 'Vertiport_9': 15, 'Vertiport_10': 15}"
320,675.0,225,9436.426020855979,2693207.723558758,"{'Vertiport_1': 15, 'Vertiport_2': 15, 'Vertiport_3': 15, 'Vertiport_4': 15, 'Vertiport_5': 15, 'Vertiport_6': 15, 'Vertiport_7': 15, 'Vertiport_8': 15, 'Vertiport_9': 15, 'Vertiport_10': 15}"
321,612.0,204,9403.153925847975,2702610.877484606,"{'Vertiport_1': 15, 'Vertiport_2': 15, 'Vertiport_3': 15, 'Vertiport_4': 15, 'Vertiport_5': 15, 'Vertiport_6': 15, 'Vertiport_7': 15, 'Vertiport_8': 15, 'Vertiport_9': 15, 'Vertiport_10': 15}"
322,585.0,195,8802.312725471975,2711413.190210078,"{'Vertiport_1': 15, 'Vertiport_2': 15, 'Vertiport_3': 15, 'Vertiport_4': 15, 'Vertiport_5': 15, 'Vertiport_6': 15, 'Vertiport_7': 15, 'Vertiport_8': 15, 'Vertiport_9': 15, 'Vertiport_10': 15}"
323,609.0,203,8920.22506409598,2720333.415274174,"{'Vertiport_1': 15, 'Vertiport_2': 15, 'Vertiport_3': 15, 'Vertiport_4': 15, 'Vertiport_5': 15, 'Vertiport_6': 15, 'Vertiport_7': 15, 'Vertiport_8': 15, 'Vertiport_9': 15, 'Vertiport_10': 15}"
324,606.0,202,8439.285987119978,2728772.701261294,"{'Vertiport_1': 15, 'Vertiport_2': 15, 'Vertiport_3': 15, 'Vertiport_4': 15, 'Vertiport_5': 15, 'Vertiport_6': 15, 'Vertiport_7': 15, 'Vertiport_8': 15, 'Vertiport_9': 15, 'Vertiport_10': 15}"
325,666.0,222,9514.021471879978,2738286.722733174,"{'Vertiport_1': 15, 'Vertiport_2': 15, 'Vertiport_3': 15, 'Vertiport_4': 15, 'Vertiport_5': 15, 'Vertiport_6': 15, 'Vertiport_7': 15, 'Vertiport_8': 15, 'Vertiport_9': 15, 'Vertiport_10': 15}"
326,570.0,190,8147.656145767973,2746434.3788789418,"{'Vertiport_1': 15, 'Vertiport_2': 15, 'Vertiport_3': 15, 'Vertiport_4': 15, 'Vertiport_5': 15, 'Vertiport_6': 15, 'Vertiport_7': 15, 'Vertiport_8': 15, 'Vertiport_9': 15, 'Vertiport_10': 15}"
327,597.0,199,8642.999785215978,2755077.378664158,"{'Vertiport_1': 15, 'Vertiport_2': 15, 'Vertiport_3': 15, 'Vertiport_4': 15, 'Vertiport_5': 15, 'Vertiport_6': 15, 'Vertiport_7': 15, 'Vertiport_8': 15, 'Vertiport_9': 15, 'Vertiport_10': 15}"
328,600.0,200,8621.02623842397,2763698.4049025816,"{'Vertiport_1': 15, 'Vertiport_2': 15, 'Vertiport_3': 15, 'Vertiport_4': 15, 'Vertiport_5': 15, 'Vertiport_6': 15, 'Vertiport_7': 15, 'Vertiport_8': 15, 'Vertiport_9': 15, 'Vertiport_10': 15}"
329,594.0,198,8746.710076671981,2772445.1149792536,"{'Vertiport_1': 15, 'Vertiport_2': 15, 'Vertiport_3': 15, 'Vertiport_4': 15, 'Vertiport_5': 15, 'Vertiport_6': 15, 'Vertiport_7': 15, 'Vertiport_8': 15, 'Vertiport_9': 15, 'Vertiport_10': 15}"
330,615.0,205,8709.955351367982,2781155.0703306217,"{'Vertiport_1': 15, 'Vertiport_2': 15, 'Vertiport_3': 15, 'Vertiport_4': 15, 'Vertiport_5': 15, 'Vertiport_6': 15, 'Vertiport_7': 15, 'Vertiport_8': 15, 'Vertiport_9': 15, 'Vertiport_10': 15}"
331,606.0,202,8594.234422799973,2789749.304753422,"{'Vertiport_1': 15, 'Vertiport_2': 15, 'Vertiport_3': 15, 'Vertiport_4': 15, 'Vertiport_5': 15, 'Vertiport_6': 15, 'Vertiport_7': 15, 'Vertiport_8': 15, 'Vertiport_9': 15, 'Vertiport_10': 15}"
332,615.0,205,8675.002777207974,2798424.30753063,"{'Vertiport_1': 15, 'Vertiport_2': 15, 'Vertiport_3': 15, 'Vertiport_4': 15, 'Vertiport_5': 15, 'Vertiport_6': 15, 'Vertiport_7': 15, 'Vertiport_8': 15, 'Vertiport_9': 15, 'Vertiport_10': 15}"
333,510.0,170,7406.438374751973,2805830.745905382,"{'Vertiport_1': 15, 'Vertiport_2': 15, 'Vertiport_3': 15, 'Vertiport_4': 15, 'Vertiport_5': 15, 'Vertiport_6': 15, 'Vertiport_7': 15, 'Vertiport_8': 15, 'Vertiport_9': 15, 'Vertiport_10': 15}"
334,546.0,182,8473.30799637598,2814304.053901758,"{'Vertiport_1': 15, 'Vertiport_2': 15, 'Vertiport_3': 15, 'Vertiport_4': 15, 'Vertiport_5': 15, 'Vertiport_6': 15, 'Vertiport_7': 15, 'Vertiport_8': 15, 'Vertiport_9': 15, 'Vertiport_10': 15}"
335,552.0,184,8465.305220407972,2822769.359122166,"{'Vertiport_1': 15, 'Vertiport_2': 15, 'Vertiport_3': 15, 'Vertiport_4': 15, 'Vertiport_5': 15, 'Vertiport_6': 15, 'Vertiport_7': 15, 'Vertiport_8': 15, 'Vertiport_9': 15, 'Vertiport_10': 15}"
336,567.0,189,7661.475534431974,2830430.834656598,"{'Vertiport_1': 15, 'Vertiport_2': 15, 'Vertiport_3': 15, 'Vertiport_4': 15, 'Vertiport_5': 15, 'Vertiport_6': 15, 'Vertiport_7': 15, 'Vertiport_8': 15, 'Vertiport_9': 15, 'Vertiport_10': 15}"
337,606.0,202,9048.582168279981,2839479.416824878,"{'Vertiport_1': 15, 'Vertiport_2': 15, 'Vertiport_3': 15, 'Vertiport_4': 15, 'Vertiport_5': 15, 'Vertiport_6': 15, 'Vertiport_7': 15, 'Vertiport_8': 15, 'Vertiport_9': 15, 'Vertiport_10': 15}"
338,534.0,178,7500.297745663967,2846979.7145705423,"{'Vertiport_1': 15, 'Vertiport_2': 15, 'Vertiport_3': 15, 'Vertiport_4': 15, 'Vertiport_5': 15, 'Vertiport_6': 15, 'Vertiport_7': 15, 'Vertiport_8': 15, 'Vertiport_9': 15, 'Vertiport_10': 15}"
339,516.0,172,7045.634238751973,2854025.3488092944,"{'Vertiport_1': 15, 'Vertiport_2': 15, 'Vertiport_3': 15, 'Vertiport_4': 15, 'Vertiport_5': 15, 'Vertiport_6': 15, 'Vertiport_7': 15, 'Vertiport_8': 15, 'Vertiport_9': 15, 'Vertiport_10': 15}"
340,549.0,183,7964.02255084797,2861989.3713601422,"{'Vertiport_1': 15, 'Vertiport_2': 15, 'Vertiport_3': 15, 'Vertiport_4': 15, 'Vertiport_5': 15, 'Vertiport_6': 15, 'Vertiport_7': 15, 'Vertiport_8': 15, 'Vertiport_9': 15, 'Vertiport_10': 15}"
341,585.0,195,8023.36746413597,2870012.738824278,"{'Vertiport_1': 15, 'Vertiport_2': 15, 'Vertiport_3': 15, 'Vertiport_4': 15, 'Vertiport_5': 15, 'Vertiport_6': 15, 'Vertiport_7': 15, 'Vertiport_8': 15, 'Vertiport_9': 15, 'Vertiport_10': 15}"
342,498.0,166,7139.742481967979,2877152.481306246,"{'Vertiport_1': 15, 'Vertiport_2': 15, 'Vertiport_3': 15, 'Vertiport_4': 15, 'Vertiport_5': 15, 'Vertiport_6': 15, 'Vertiport_7': 15, 'Vertiport_8': 15, 'Vertiport_9': 15, 'Vertiport_10': 15}"
343,567.0,189,8279.47303659997,2885431.954342846,"{'Vertiport_1': 15, 'Vertiport_2': 15, 'Vertiport_3': 15, 'Vertiport_4': 15, 'Vertiport_5': 15, 'Vertiport_6': 15, 'Vertiport_7': 15, 'Vertiport_8': 15, 'Vertiport_9': 15, 'Vertiport_10': 15}"
344,582.0,194,8136.624197911967,2893568.5785407578,"{'Vertiport_1': 15, 'Vertiport_2': 15, 'Vertiport_3': 15, 'Vertiport_4': 15, 'Vertiport_5': 15, 'Vertiport_6': 15, 'Vertiport_7': 15, 'Vertiport_8': 15, 'Vertiport_9': 15, 'Vertiport_10': 15}"
345,624.0,208,9482.801156407984,2903051.379697166,"{'Vertiport_1': 15, 'Vertiport_2': 15, 'Vertiport_3': 15, 'Vertiport_4': 15, 'Vertiport_5': 15, 'Vertiport_6': 15, 'Vertiport_7': 15, 'Vertiport_8': 15, 'Vertiport_9': 15, 'Vertiport_10': 15}"
346,642.0,214,9005.344349559973,2912056.724046726,"{'Vertiport_1': 15, 'Vertiport_2': 15, 'Vertiport_3': 15, 'Vertiport_4': 15, 'Vertiport_5': 15, 'Vertiport_6': 15, 'Vertiport_7': 15, 'Vertiport_8': 15, 'Vertiport_9': 15, 'Vertiport_10': 15}"
347,717.0,239,9944.271413463977,2922000.99546019,"{'Vertiport_1': 15, 'Vertiport_2': 15, 'Vertiport_3': 15, 'Vertiport_4': 15, 'Vertiport_5': 15, 'Vertiport_6': 15, 'Vertiport_7': 15, 'Vertiport_8': 15, 'Vertiport_9': 15, 'Vertiport_10': 15}"
348,807.0,269,11199.195047351986,2933200.190507542,"{'Vertiport_1': 15, 'Vertiport_2': 15, 'Vertiport_3': 15, 'Vertiport_4': 15, 'Vertiport_5': 15, 'Vertiport_6': 15, 'Vertiport_7': 15, 'Vertiport_8': 15, 'Vertiport_9': 15, 'Vertiport_10': 15}"
349,774.0,258,11194.882204471991,2944395.072712014,"{'Vertiport_1': 15, 'Vertiport_2': 15, 'Vertiport_3': 15, 'Vertiport_4': 15, 'Vertiport_5': 15, 'Vertiport_6': 15, 'Vertiport_7': 15, 'Vertiport_8': 15, 'Vertiport_9': 15, 'Vertiport_10': 15}"
350,816.0,272,11925.404965391992,2956320.477677406,"{'Vertiport_1': 15, 'Vertiport_2': 15, 'Vertiport_3': 15, 'Vertiport_4': 15, 'Vertiport_5': 15, 'Vertiport_6': 15, 'Vertiport_7': 15, 'Vertiport_8': 15, 'Vertiport_9': 15, 'Vertiport_10': 15}"
351,804.0,268,10777.72740086398,2967098.20507827,"{'Vertiport_1': 15, 'Vertiport_2': 15, 'Vertiport_3': 15, 'Vertiport_4': 15, 'Vertiport_5': 15, 'Vertiport_6': 15, 'Vertiport_7': 15, 'Vertiport_8': 15, 'Vertiport_9': 15, 'Vertiport_10': 15}"
352,861.0,287,11875.030277431992,2978973.2353557018,"{'Vertiport_1': 15, 'Vertiport_2': 15, 'Vertiport_3': 15, 'Vertiport_4': 15, 'Vertiport_5': 15, 'Vertiport_6': 15, 'Vertiport_7': 15, 'Vertiport_8': 15, 'Vertiport_9': 15, 'Vertiport_10': 15}"
353,828.0,276,11429.665918071985,2990402.9012737735,"{'Vertiport_1': 15, 'Vertiport_2': 15, 'Vertiport_3': 15, 'Vertiport_4': 15, 'Vertiport_5': 15, 'Vertiport_6': 15, 'Vertiport_7': 15, 'Vertiport_8': 15, 'Vertiport_9': 15, 'Vertiport_10': 15}"
354,945.0,315,13392.167578608005,3003795.0688523813,"{'Vertiport_1': 15, 'Vertiport_2': 15, 'Vertiport_3': 15, 'Vertiport_4': 15, 'Vertiport_5': 15, 'Vertiport_6': 15, 'Vertiport_7': 15, 'Vertiport_8': 15, 'Vertiport_9': 15, 'Vertiport_10': 15}"
355,825.0,275,11674.30972131198,3015469.3785736933,"{'Vertiport_1': 15, 'Vertiport_2': 15, 'Vertiport_3': 15, 'Vertiport_4': 15, 'Vertiport_5': 15, 'Vertiport_6': 15, 'Vertiport_7': 15, 'Vertiport_8': 15, 'Vertiport_9': 15, 'Vertiport_10': 15}"
356,978.0,326,13467.245815120003,3028936.6243888135,"{'Vertiport_1': 15, 'Vertiport_2': 15, 'Vertiport_3': 15, 'Vertiport_4': 15, 'Vertiport_5': 15, 'Vertiport_6': 15, 'Vertiport_7': 15, 'Vertiport_8': 15, 'Vertiport_9': 15, 'Vertiport_10': 15}"
357,993.0,331,13761.915385144002,3042698.5397739573,"{'Vertiport_1': 15, 'Vertiport_2': 15, 'Vertiport_3': 15, 'Vertiport_4': 15, 'Vertiport_5': 15, 'Vertiport_6': 15, 'Vertiport_7': 15, 'Vertiport_8': 15, 'Vertiport_9': 15, 'Vertiport_10': 15}"
358,837.0,279,12056.758361351996,3054755.2981353095,"{'Vertiport_1': 15, 'Vertiport_2': 15, 'Vertiport_3': 15, 'Vertiport_4': 15, 'Vertiport_5': 15, 'Vertiport_6': 15, 'Vertiport_7': 15, 'Vertiport_8': 15, 'Vertiport_9': 15, 'Vertiport_10': 15}"
359,852.0,284,11838.700576655985,3066593.9987119655,"{'Vertiport_1': 15, 'Vertiport_2': 15, 'Vertiport_3': 15, 'Vertiport_4': 15, 'Vertiport_5': 15, 'Vertiport_6': 15, 'Vertiport_7': 15, 'Vertiport_8': 15, 'Vertiport_9': 15, 'Vertiport_10': 15}"
360,855.0,285,11897.734021839991,3078491.7327338057,"{'Vertiport_1': 15, 'Vertiport_2': 15, 'Vertiport_3': 15, 'Vertiport_4': 15, 'Vertiport_5': 15, 'Vertiport_6': 15, 'Vertiport_7': 15, 'Vertiport_8': 15, 'Vertiport_9': 15, 'Vertiport_10': 15}"
361,831.0,277,11310.910943559986,3089802.6436773655,"{'Vertiport_1': 15, 'Vertiport_2': 15, 'Vertiport_3': 15, 'Vertiport_4': 15, 'Vertiport_5': 15, 'Vertiport_6': 15, 'Vertiport_7': 15, 'Vertiport_8': 15, 'Vertiport_9': 15, 'Vertiport_10': 15}"
362,810.0,270,11506.087843559986,3101308.7315209256,"{'Vertiport_1': 15, 'Vertiport_2': 15, 'Vertiport_3': 15, 'Vertiport_4': 15, 'Vertiport_5': 15, 'Vertiport_6': 15, 'Vertiport_7': 15, 'Vertiport_8': 15, 'Vertiport_9': 15, 'Vertiport_10': 15}"
363,765.0,255,10958.902383687997,3112267.6339046136,"{'Vertiport_1': 15, 'Vertiport_2': 15, 'Vertiport_3': 15, 'Vertiport_4': 15, 'Vertiport_5': 15, 'Vertiport_6': 15, 'Vertiport_7': 15, 'Vertiport_8': 15, 'Vertiport_9': 15, 'Vertiport_10': 15}"
364,789.0,263,11289.261352439988,3123556.8952570534,"{'Vertiport_1': 15, 'Vertiport_2': 15, 'Vertiport_3': 15, 'Vertiport_4': 15, 'Vertiport_5': 15, 'Vertiport_6': 15, 'Vertiport_7': 15, 'Vertiport_8': 15, 'Vertiport_9': 15, 'Vertiport_10': 15}"
365,849.0,283,12084.529700536,3135641.4249575892,"{'Vertiport_1': 15, 'Vertiport_2': 15, 'Vertiport_3': 15, 'Vertiport_4': 15, 'Vertiport_5': 15, 'Vertiport_6': 15, 'Vertiport_7': 15, 'Vertiport_8': 15, 'Vertiport_9': 15, 'Vertiport_10': 15}"
366,765.0,255,11362.458632231983,3147003.8835898214,"{'Vertiport_1': 15, 'Vertiport_2': 15, 'Vertiport_3': 15, 'Vertiport_4': 15, 'Vertiport_5': 15, 'Vertiport_6': 15, 'Vertiport_7': 15, 'Vertiport_8': 15, 'Vertiport_9': 15, 'Vertiport_10': 15}"
367,876.0,292,12981.063153111993,3159984.9467429332,"{'Vertiport_1': 15, 'Vertiport_2': 15, 'Vertiport_3': 15, 'Vertiport_4': 15, 'Vertiport_5': 15, 'Vertiport_6': 15, 'Vertiport_7': 15, 'Vertiport_8': 15, 'Vertiport_9': 15, 'Vertiport_10': 15}"
368,696.0,232,10307.892209495987,3170292.838952429,"{'Vertiport_1': 15, 'Vertiport_2': 15, 'Vertiport_3': 15, 'Vertiport_4': 15, 'Vertiport_5': 15, 'Vertiport_6': 15, 'Vertiport_7': 15, 'Vertiport_8': 15, 'Vertiport_9': 15, 'Vertiport_10': 15}"
369,690.0,230,9455.171891647968,3179748.010844077,"{'Vertiport_1': 15, 'Vertiport_2': 15, 'Vertiport_3': 15, 'Vertiport_4': 15, 'Vertiport_5': 15, 'Vertiport_6': 15, 'Vertiport_7': 15, 'Vertiport_8': 15, 'Vertiport_9': 15, 'Vertiport_10': 15}"
370,645.0,215,9116.049773239974,3188864.060617317,"{'Vertiport_1': 15, 'Vertiport_2': 15, 'Vertiport_3': 15, 'Vertiport_4': 15, 'Vertiport_5': 15, 'Vertiport_6': 15, 'Vertiport_7': 15, 'Vertiport_8': 15, 'Vertiport_9': 15, 'Vertiport_10': 15}"
371,606.0,202,8435.090805039972,3197299.1514223567,"{'Vertiport_1': 15, 'Vertiport_2': 15, 'Vertiport_3': 15, 'Vertiport_4': 15, 'Vertiport_5': 15, 'Vertiport_6': 15, 'Vertiport_7': 15, 'Vertiport_8': 15, 'Vertiport_9': 15, 'Vertiport_10': 15}"
372,534.0,178,7802.165422599966,3205101.3168449565,"{'Vertiport_1': 15, 'Vertiport_2': 15, 'Vertiport_3': 15, 'Vertiport_4': 15, 'Vertiport_5': 15, 'Vertiport_6': 15, 'Vertiport_7': 15, 'Vertiport_8': 15, 'Vertiport_9': 15, 'Vertiport_10': 15}"
373,600.0,200,9237.637713447979,3214338.9545584046,"{'Vertiport_1': 15, 'Vertiport_2': 15, 'Vertiport_3': 15, 'Vertiport_4': 15, 'Vertiport_5': 15, 'Vertiport_6': 15, 'Vertiport_7': 15, 'Vertiport_8': 15, 'Vertiport_9': 15, 'Vertiport_10': 15}"
374,438.0,146,5890.455733591979,3220229.410291997,"{'Vertiport_1': 15, 'Vertiport_2': 15, 'Vertiport_3': 15, 'Vertiport_4': 15, 'Vertiport_5': 15, 'Vertiport_6': 15, 'Vertiport_7': 15, 'Vertiport_8': 15, 'Vertiport_9': 15, 'Vertiport_10': 15}"
375,483.0,161,6986.325392711971,3227215.7356847087,"{'Vertiport_1': 15, 'Vertiport_2': 15, 'Vertiport_3': 15, 'Vertiport_4': 15, 'Vertiport_5': 15, 'Vertiport_6': 15, 'Vertiport_7': 15, 'Vertiport_8': 15, 'Vertiport_9': 15, 'Vertiport_10': 15}"
376,381.0,127,5456.045420183983,3232671.7811048925,"{'Vertiport_1': 15, 'Vertiport_2': 15, 'Vertiport_3': 15, 'Vertiport_4': 15, 'Vertiport_5': 15, 'Vertiport_6': 15, 'Vertiport_7': 15, 'Vertiport_8': 15, 'Vertiport_9': 15, 'Vertiport_10': 15}"
377,333.0,111,4339.160532655993,3237010.9416375486,"{'Vertiport_1': 15, 'Vertiport_2': 15, 'Vertiport_3': 15, 'Vertiport_4': 15, 'Vertiport_5': 15, 'Vertiport_6': 15, 'Vertiport_7': 15, 'Vertiport_8': 15, 'Vertiport_9': 15, 'Vertiport_10': 15}"
378,315.0,105,4458.5985144799915,3241469.5401520287,"{'Vertiport_1': 15, 'Vertiport_2': 15, 'Vertiport_3': 15, 'Vertiport_4': 15, 'Vertiport_5': 15, 'Vertiport_6': 15, 'Vertiport_7': 15, 'Vertiport_8': 15, 'Vertiport_9': 15, 'Vertiport_10': 15}"
379,336.0,112,5372.810493343981,3246842.3506453726,"{'Vertiport_1': 15, 'Vertiport_2': 15, 'Vertiport_3': 15, 'Vertiport_4': 15, 'Vertiport_5': 15, 'Vertiport_6': 15, 'Vertiport_7': 15, 'Vertiport_8': 15, 'Vertiport_9': 15, 'Vertiport_10': 15}"
380,348.0,116,5005.18160190399,3251847.5322472765,"{'Vertiport_1': 15, 'Vertiport_2': 15, 'Vertiport_3': 15, 'Vertiport_4': 15, 'Vertiport_5': 15, 'Vertiport_6': 15, 'Vertiport_7': 15, 'Vertiport_8': 15, 'Vertiport_9': 15, 'Vertiport_10': 15}"
381,288.0,96,4505.329312655994,3256352.8615599326,"{'Vertiport_1': 15, 'Vertiport_2': 15, 'Vertiport_3': 15, 'Vertiport_4': 15, 'Vertiport_5': 15, 'Vertiport_6': 15, 'Vertiport_7': 15, 'Vertiport_8': 15, 'Vertiport_9': 15, 'Vertiport_10': 15}"
382,171.0,57,2387.443984592,3258740.3055445245,"{'Vertiport_1': 15, 'Vertiport_2': 15, 'Vertiport_3': 15, 'Vertiport_4': 15, 'Vertiport_5': 15, 'Vertiport_6': 15, 'Vertiport_7': 15, 'Vertiport_8': 15, 'Vertiport_9': 15, 'Vertiport_10': 15}"
383,147.0,49,1679.0553738959998,3260419.3609184204,"{'Vertiport_1': 15, 'Vertiport_2': 15, 'Vertiport_3': 15, 'Vertiport_4': 15, 'Vertiport_5': 15, 'Vertiport_6': 15, 'Vertiport_7': 15, 'Vertiport_8': 15, 'Vertiport_9': 15, 'Vertiport_10': 15}"
384,102.0,34,1574.5468886080002,3261993.9078070284,"{'Vertiport_1': 15, 'Vertiport_2': 15, 'Vertiport_3': 15, 'Vertiport_4': 15, 'Vertiport_5': 15, 'Vertiport_6': 15, 'Vertiport_7': 15, 'Vertiport_8': 15, 'Vertiport_9': 15, 'Vertiport_10': 15}"
385,96.0,32,1609.4186864240005,3263603.3264934523,"{'Vertiport_1': 15, 'Vertiport_2': 15, 'Vertiport_3': 15, 'Vertiport_4': 15, 'Vertiport_5': 15, 'Vertiport_6': 15, 'Vertiport_7': 15, 'Vertiport_8': 15, 'Vertiport_9': 15, 'Vertiport_10': 15}"
386,60.0,20,730.0977577040002,3264333.4242511564,"{'Vertiport_1': 15, 'Vertiport_2': 15, 'Vertiport_3': 15, 'Vertiport_4': 15, 'Vertiport_5': 15, 'Vertiport_6': 15, 'Vertiport_7': 15, 'Vertiport_8': 15, 'Vertiport_9': 15, 'Vertiport_10': 15}"
387,93.0,31,1366.936697896,3265700.3609490525,"{'Vertiport_1': 15, 'Vertiport_2': 15, 'Vertiport_3': 15, 'Vertiport_4': 15, 'Vertiport_5': 15, 'Vertiport_6': 15, 'Vertiport_7': 15, 'Vertiport_8': 15, 'Vertiport_9': 15, 'Vertiport_10': 15}"
388,63.0,21,982.6398132480002,3266683.0007623006,"{'Vertiport_1': 15, 'Vertiport_2': 15, 'Vertiport_3': 15, 'Vertiport_4': 15, 'Vertiport_5': 15, 'Vertiport_6': 15, 'Vertiport_7': 15, 'Vertiport_8': 15, 'Vertiport_9': 15, 'Vertiport_10': 15}"
389,87.0,29,1358.5470567600005,3268041.5478190607,"{'Vertiport_1': 15, 'Vertiport_2': 15, 'Vertiport_3': 15, 'Vertiport_4': 15, 'Vertiport_5': 15, 'Vertiport_6': 15, 'Vertiport_7': 15, 'Vertiport_8': 15, 'Vertiport_9': 15, 'Vertiport_10': 15}"
390,117.0,39,1777.7965155680001,3269819.344334629,"{'Vertiport_1': 15, 'Vertiport_2': 15, 'Vertiport_3': 15, 'Vertiport_4': 15, 'Vertiport_5': 15, 'Vertiport_6': 15, 'Vertiport_7': 15, 'Vertiport_8': 15, 'Vertiport_9': 15, 'Vertiport_10': 15}"
391,129.0,43,1640.5372823040002,3271459.881616933,"{'Vertiport_1': 15, 'Vertiport_2': 15, 'Vertiport_3': 15, 'Vertiport_4': 15, 'Vertiport_5': 15, 'Vertiport_6': 15, 'Vertiport_7': 15, 'Vertiport_8': 15, 'Vertiport_9': 15, 'Vertiport_10': 15}"
392,135.0,45,1988.7084604880006,3273448.5900774207,"{'Vertiport_1': 15, 'Vertiport_2': 15, 'Vertiport_3': 15, 'Vertiport_4': 15, 'Vertiport_5': 15, 'Vertiport_6': 15, 'Vertiport_7': 15, 'Vertiport_8': 15, 'Vertiport_9': 15, 'Vertiport_10': 15}"
393,105.0,35,1699.8561816160002,3275148.4462590367,"{'Vertiport_1': 15, 'Vertiport_2': 15, 'Vertiport_3': 15, 'Vertiport_4': 15, 'Vertiport_5': 15, 'Vertiport_6': 15, 'Vertiport_7': 15, 'Vertiport_8': 15, 'Vertiport_9': 15, 'Vertiport_10': 15}"
394,147.0,49,2347.2218708319997,3277495.668129869,"{'Vertiport_1': 15, 'Vertiport_2': 15, 'Vertiport_3': 15, 'Vertiport_4': 15, 'Vertiport_5': 15, 'Vertiport_6': 15, 'Vertiport_7': 15, 'Vertiport_8': 15, 'Vertiport_9': 15, 'Vertiport_10': 15}"
395,243.0,81,3288.5047719199983,3280784.1729017887,"{'Vertiport_1': 15, 'Vertiport_2': 15, 'Vertiport_3': 15, 'Vertiport_4': 15, 'Vertiport_5': 15, 'Vertiport_6': 15, 'Vertiport_7': 15, 'Vertiport_8': 15, 'Vertiport_9': 15, 'Vertiport_10': 15}"
396,219.0,73,2796.7937424479987,3283580.966644237,"{'Vertiport_1': 15, 'Vertiport_2': 15, 'Vertiport_3': 15, 'Vertiport_4': 15, 'Vertiport_5': 15, 'Vertiport_6': 15, 'Vertiport_7': 15, 'Vertiport_8': 15, 'Vertiport_9': 15, 'Vertiport_10': 15}"
397,222.0,74,3366.3771199039993,3286947.3437641407,"{'Vertiport_1': 15, 'Vertiport_2': 15, 'Vertiport_3': 15, 'Vertiport_4': 15, 'Vertiport_5': 15, 'Vertiport_6': 15, 'Vertiport_7': 15, 'Vertiport_8': 15, 'Vertiport_9': 15, 'Vertiport_10': 15}"
398,282.0,94,4118.192803799998,3291065.536567941,"{'Vertiport_1': 15, 'Vertiport_2': 15, 'Vertiport_3': 15, 'Vertiport_4': 15, 'Vertiport_5': 15, 'Vertiport_6': 15, 'Vertiport_7': 15, 'Vertiport_8': 15, 'Vertiport_9': 15, 'Vertiport_10': 15}"
399,330.0,110,4453.703049671994,3295519.2396176127,"{'Vertiport_1': 15, 'Vertiport_2': 15, 'Vertiport_3': 15, 'Vertiport_4': 15, 'Vertiport_5': 15, 'Vertiport_6': 15, 'Vertiport_7': 15, 'Vertiport_8': 15, 'Vertiport_9': 15, 'Vertiport_10': 15}"
400,342.0,114,5287.03096014399,3300806.2705777567,"{'Vertiport_1': 15, 'Vertiport_2': 15, 'Vertiport_3': 15, 'Vertiport_4': 15, 'Vertiport_5': 15, 'Vertiport_6': 15, 'Vertiport_7': 15, 'Vertiport_8': 15, 'Vertiport_9': 15, 'Vertiport_10': 15}"
401,363.0,121,4717.0298685839925,3305523.300446341,"{'Vertiport_1': 15, 'Vertiport_2': 15, 'Vertiport_3': 15, 'Vertiport_4': 15, 'Vertiport_5': 15, 'Vertiport_6': 15, 'Vertiport_7': 15, 'Vertiport_8': 15, 'Vertiport_9': 15, 'Vertiport_10': 15}"
402,438.0,146,6370.925088007976,3311894.2255343487,"{'Vertiport_1': 15, 'Vertiport_2': 15, 'Vertiport_3': 15, 'Vertiport_4': 15, 'Vertiport_5': 15, 'Vertiport_6': 15, 'Vertiport_7': 15, 'Vertiport_8': 15, 'Vertiport_9': 15, 'Vertiport_10': 15}"
403,567.0,189,7324.95934098397,3319219.1848753328,"{'Vertiport_1': 15, 'Vertiport_2': 15, 'Vertiport_3': 15, 'Vertiport_4': 15, 'Vertiport_5': 15, 'Vertiport_6': 15, 'Vertiport_7': 15, 'Vertiport_8': 15, 'Vertiport_9': 15, 'Vertiport_10': 15}"
404,576.0,192,7719.303972719972,3326938.488848053,"{'Vertiport_1': 15, 'Vertiport_2': 15, 'Vertiport_3': 15, 'Vertiport_4': 15, 'Vertiport_5': 15, 'Vertiport_6': 15, 'Vertiport_7': 15, 'Vertiport_8': 15, 'Vertiport_9': 15, 'Vertiport_10': 15}"
405,639.0,213,8910.281790799982,3335848.770638853,"{'Vertiport_1': 15, 'Vertiport_2': 15, 'Vertiport_3': 15, 'Vertiport_4': 15, 'Vertiport_5': 15, 'Vertiport_6': 15, 'Vertiport_7': 15, 'Vertiport_8': 15, 'Vertiport_9': 15, 'Vertiport_10': 15}"
406,666.0,222,9934.396156511986,3345783.166795365,"{'Vertiport_1': 15, 'Vertiport_2': 15, 'Vertiport_3': 15, 'Vertiport_4': 15, 'Vertiport_5': 15, 'Vertiport_6': 15, 'Vertiport_7': 15, 'Vertiport_8': 15, 'Vertiport_9': 15, 'Vertiport_10': 15}"
407,651.0,217,9368.554720599972,3355151.721515965,"{'Vertiport_1': 15, 'Vertiport_2': 15, 'Vertiport_3': 15, 'Vertiport_4': 15, 'Vertiport_5': 15, 'Vertiport_6': 15, 'Vertiport_7': 15, 'Vertiport_8': 15, 'Vertiport_9': 15, 'Vertiport_10': 15}"
408,681.0,227,9407.964965975982,3364559.686481941,"{'Vertiport_1': 15, 'Vertiport_2': 15, 'Vertiport_3': 15, 'Vertiport_4': 15, 'Vertiport_5': 15, 'Vertiport_6': 15, 'Vertiport_7': 15, 'Vertiport_8': 15, 'Vertiport_9': 15, 'Vertiport_10': 15}"
409,660.0,220,9034.140361183978,3373593.826843125,"{'Vertiport_1': 15, 'Vertiport_2': 15, 'Vertiport_3': 15, 'Vertiport_4': 15, 'Vertiport_5': 15, 'Vertiport_6': 15, 'Vertiport_7': 15, 'Vertiport_8': 15, 'Vertiport_9': 15, 'Vertiport_10': 15}"
410,726.0,242,9873.933569335992,3383467.7604124607,"{'Vertiport_1': 15, 'Vertiport_2': 15, 'Vertiport_3': 15, 'Vertiport_4': 15, 'Vertiport_5': 15, 'Vertiport_6': 15, 'Vertiport_7': 15, 'Vertiport_8': 15, 'Vertiport_9': 15, 'Vertiport_10': 15}"
411,615.0,205,8606.396323847976,3392074.1567363087,"{'Vertiport_1': 15, 'Vertiport_2': 15, 'Vertiport_3': 15, 'Vertiport_4': 15, 'Vertiport_5': 15, 'Vertiport_6': 15, 'Vertiport_7': 15, 'Vertiport_8': 15, 'Vertiport_9': 15, 'Vertiport_10': 15}"
412,666.0,222,9401.030522255982,3401475.187258565,"{'Vertiport_1': 15, 'Vertiport_2': 15, 'Vertiport_3': 15, 'Vertiport_4': 15, 'Vertiport_5': 15, 'Vertiport_6': 15, 'Vertiport_7': 15, 'Vertiport_8': 15, 'Vertiport_9': 15, 'Vertiport_10': 15}"
413,501.0,167,6771.6771177919745,3408246.864376357,"{'Vertiport_1': 15, 'Vertiport_2': 15, 'Vertiport_3': 15, 'Vertiport_4': 15, 'Vertiport_5': 15, 'Vertiport_6': 15, 'Vertiport_7': 15, 'Vertiport_8': 15, 'Vertiport_9': 15, 'Vertiport_10': 15}"
414,552.0,184,7379.22513627997,3415626.089512637,"{'Vertiport_1': 15, 'Vertiport_2': 15, 'Vertiport_3': 15, 'Vertiport_4': 15, 'Vertiport_5': 15, 'Vertiport_6': 15, 'Vertiport_7': 15, 'Vertiport_8': 15, 'Vertiport_9': 15, 'Vertiport_10': 15}"
415,591.0,197,8506.148279751971,3424132.237792389,"{'Vertiport_1': 15, 'Vertiport_2': 15, 'Vertiport_3': 15, 'Vertiport_4': 15, 'Vertiport_5': 15, 'Vertiport_6': 15, 'Vertiport_7': 15, 'Vertiport_8': 15, 'Vertiport_9': 15, 'Vertiport_10': 15}"
416,630.0,210,9483.358197583977,3433615.595989973,"{'Vertiport_1': 15, 'Vertiport_2': 15, 'Vertiport_3': 15, 'Vertiport_4': 15, 'Vertiport_5': 15, 'Vertiport_6': 15, 'Vertiport_7': 15, 'Vertiport_8': 15, 'Vertiport_9': 15, 'Vertiport_10': 15}"
417,600.0,200,8232.080720135966,3441847.6767101088,"{'Vertiport_1': 15, 'Vertiport_2': 15, 'Vertiport_3': 15, 'Vertiport_4': 15, 'Vertiport_5': 15, 'Vertiport_6': 15, 'Vertiport_7': 15, 'Vertiport_8': 15, 'Vertiport_9': 15, 'Vertiport_10': 15}"
418,504.0,168,6833.297562367979,3448680.9742724765,"{'Vertiport_1': 15, 'Vertiport_2': 15, 'Vertiport_3': 15, 'Vertiport_4': 15, 'Vertiport_5': 15, 'Vertiport_6': 15, 'Vertiport_7': 15, 'Vertiport_8': 15, 'Vertiport_9': 15, 'Vertiport_10': 15}"
419,0.0,0,0.0,3448680.9742724765,"{'Vertiport_1': 15, 'Vertiport_2': 15, 'Vertiport_3': 15, 'Vertiport_4': 15, 'Vertiport_5': 15, 'Vertiport_6': 15, 'Vertiport_7': 15, 'Vertiport_8': 15, 'Vertiport_9': 15, 'Vertiport_10': 15}"
420,0.0,0,0.0,3448680.9742724765,"{'Vertiport_1': 15, 'Vertiport_2': 15, 'Vertiport_3': 15, 'Vertiport_4': 15, 'Vertiport_5': 15, 'Vertiport_6': 15, 'Vertiport_7': 15, 'Vertiport_8': 15, 'Vertiport_9': 15, 'Vertiport_10': 15}"
421,0.0,0,0.0,3448680.9742724765,"{'Vertiport_1': 15, 'Vertiport_2': 15, 'Vertiport_3': 15, 'Vertiport_4': 15, 'Vertiport_5': 15, 'Vertiport_6': 15, 'Vertiport_7': 15, 'Vertiport_8': 15, 'Vertiport_9': 15, 'Vertiport_10': 15}"
422,450.0,150,6809.8119153359785,3455490.7861878127,"{'Vertiport_1': 15, 'Vertiport_2': 15, 'Vertiport_3': 15, 'Vertiport_4': 15, 'Vertiport_5': 15, 'Vertiport_6': 15, 'Vertiport_7': 15, 'Vertiport_8': 15, 'Vertiport_9': 15, 'Vertiport_10': 15}"
423,606.0,202,9692.813648183983,3465183.5998359965,"{'Vertiport_1': 15, 'Vertiport_2': 15, 'Vertiport_3': 15, 'Vertiport_4': 15, 'Vertiport_5': 15, 'Vertiport_6': 15, 'Vertiport_7': 15, 'Vertiport_8': 15, 'Vertiport_9': 15, 'Vertiport_10': 15}"
424,546.0,182,7864.4266651279695,3473048.0265011243,"{'Vertiport_1': 15, 'Vertiport_2': 15, 'Vertiport_3': 15, 'Vertiport_4': 15, 'Vertiport_5': 15, 'Vertiport_6': 15, 'Vertiport_7': 15, 'Vertiport_8': 15, 'Vertiport_9': 15, 'Vertiport_10': 15}"
425,555.0,185,7671.06508549597,3480719.09158662,"{'Vertiport_1': 15, 'Vertiport_2': 15, 'Vertiport_3': 15, 'Vertiport_4': 15, 'Vertiport_5': 15, 'Vertiport_6': 15, 'Vertiport_7': 15, 'Vertiport_8': 15, 'Vertiport_9': 15, 'Vertiport_10': 15}"
426,573.0,191,8162.246725423965,3488881.3383120443,"{'Vertiport_1': 15, 'Vertiport_2': 15, 'Vertiport_3': 15, 'Vertiport_4': 15, 'Vertiport_5': 15, 'Vertiport_6': 15, 'Vertiport_7': 15, 'Vertiport_8': 15, 'Vertiport_9': 15, 'Vertiport_10': 15}"
427,561.0,187,7816.150280703967,3496697.488592748,"{'Vertiport_1': 15, 'Vertiport_2': 15, 'Vertiport_3': 15, 'Vertiport_4': 15, 'Vertiport_5': 15, 'Vertiport_6': 15, 'Vertiport_7': 15, 'Vertiport_8': 15, 'Vertiport_9': 15, 'Vertiport_10': 15}"
428,519.0,173,7526.989529511967,3504224.47812226,"{'Vertiport_1': 15, 'Vertiport_2': 15, 'Vertiport_3': 15, 'Vertiport_4': 15, 'Vertiport_5': 15, 'Vertiport_6': 15, 'Vertiport_7': 15, 'Vertiport_8': 15, 'Vertiport_9': 15, 'Vertiport_10': 15}"
429,567.0,189,8635.522464815976,3512860.000587076,"{'Vertiport_1': 15, 'Vertiport_2': 15, 'Vertiport_3': 15, 'Vertiport_4': 15, 'Vertiport_5': 15, 'Vertiport_6': 15, 'Vertiport_7': 15, 'Vertiport_8': 15, 'Vertiport_9': 15, 'Vertiport_10': 15}"
430,543.0,181,8037.228316623971,3520897.2289037,"{'Vertiport_1': 15, 'Vertiport_2': 15, 'Vertiport_3': 15, 'Vertiport_4': 15, 'Vertiport_5': 15, 'Vertiport_6': 15, 'Vertiport_7': 15, 'Vertiport_8': 15, 'Vertiport_9': 15, 'Vertiport_10': 15}"
431,495.0,165,7121.944921943973,3528019.173825644,"{'Vertiport_1': 15, 'Vertiport_2': 15, 'Vertiport_3': 15, 'Vertiport_4': 15, 'Vertiport_5': 15, 'Vertiport_6': 15, 'Vertiport_7': 15, 'Vertiport_8': 15, 'Vertiport_9': 15, 'Vertiport_10': 15}"
432,492.0,164,7162.57075231197,3535181.744577956,"{'Vertiport_1': 15, 'Vertiport_2': 15, 'Vertiport_3': 15, 'Vertiport_4': 15, 'Vertiport_5': 15, 'Vertiport_6': 15, 'Vertiport_7': 15, 'Vertiport_8': 15, 'Vertiport_9': 15, 'Vertiport_10': 15}"
433,537.0,179,8244.869306399974,3543426.613884356,"{'Vertiport_1': 15, 'Vertiport_2': 15, 'Vertiport_3': 15, 'Vertiport_4': 15, 'Vertiport_5': 15, 'Vertiport_6': 15, 'Vertiport_7': 15, 'Vertiport_8': 15, 'Vertiport_9': 15, 'Vertiport_10': 15}"
434,429.0,143,6381.428227047976,3549808.042111404,"{'Vertiport_1': 15, 'Vertiport_2': 15, 'Vertiport_3': 15, 'Vertiport_4': 15, 'Vertiport_5': 15, 'Vertiport_6': 15, 'Vertiport_7': 15, 'Vertiport_8': 15, 'Vertiport_9': 15, 'Vertiport_10': 15}"
435,495.0,165,7126.15737943997,3556934.199490844,"{'Vertiport_1': 15, 'Vertiport_2': 15, 'Vertiport_3': 15, 'Vertiport_4': 15, 'Vertiport_5': 15, 'Vertiport_6': 15, 'Vertiport_7': 15, 'Vertiport_8': 15, 'Vertiport_9': 15, 'Vertiport_10': 15}"
436,474.0,158,6642.224718127982,3563576.4242089717,"{'Vertiport_1': 15, 'Vertiport_2': 15, 'Vertiport_3': 15, 'Vertiport_4': 15, 'Vertiport_5': 15, 'Vertiport_6': 15, 'Vertiport_7': 15, 'Vertiport_8': 15, 'Vertiport_9': 15, 'Vertiport_10': 15}"
437,516.0,172,7358.464790983976,3570934.8889999557,"{'Vertiport_1': 15, 'Vertiport_2': 15, 'Vertiport_3': 15, 'Vertiport_4': 15, 'Vertiport_5': 15, 'Vertiport_6': 15, 'Vertiport_7': 15, 'Vertiport_8': 15, 'Vertiport_9': 15, 'Vertiport_10': 15}"
438,531.0,177,7822.027552535969,3578756.9165524915,"{'Vertiport_1': 15, 'Vertiport_2': 15, 'Vertiport_3': 15, 'Vertiport_4': 15, 'Vertiport_5': 15, 'Vertiport_6': 15, 'Vertiport_7': 15, 'Vertiport_8': 15, 'Vertiport_9': 15, 'Vertiport_10': 15}"
439,558.0,186,7823.28105770397,3586580.1976101953,"{'Vertiport_1': 15, 'Vertiport_2': 15, 'Vertiport_3': 15, 'Vertiport_4': 15, 'Vertiport_5': 15, 'Vertiport_6': 15, 'Vertiport_7': 15, 'Vertiport_8': 15, 'Vertiport_9': 15, 'Vertiport_10': 15}"
440,573.0,191,8070.1251502159685,3594650.322760411,"{'Vertiport_1': 15, 'Vertiport_2': 15, 'Vertiport_3': 15, 'Vertiport_4': 15, 'Vertiport_5': 15, 'Vertiport_6': 15, 'Vertiport_7': 15, 'Vertiport_8': 15, 'Vertiport_9': 15, 'Vertiport_10': 15}"
441,615.0,205,8588.803986567975,3603239.126746979,"{'Vertiport_1': 15, 'Vertiport_2': 15, 'Vertiport_3': 15, 'Vertiport_4': 15, 'Vertiport_5': 15, 'Vertiport_6': 15, 'Vertiport_7': 15, 'Vertiport_8': 15, 'Vertiport_9': 15, 'Vertiport_10': 15}"
442,600.0,200,7984.420545631965,3611223.547292611,"{'Vertiport_1': 15, 'Vertiport_2': 15, 'Vertiport_3': 15, 'Vertiport_4': 15, 'Vertiport_5': 15, 'Vertiport_6': 15, 'Vertiport_7': 15, 'Vertiport_8': 15, 'Vertiport_9': 15, 'Vertiport_10': 15}"
443,672.0,224,10052.733498351983,3621276.280790963,"{'Vertiport_1': 15, 'Vertiport_2': 15, 'Vertiport_3': 15, 'Vertiport_4': 15, 'Vertiport_5': 15, 'Vertiport_6': 15, 'Vertiport_7': 15, 'Vertiport_8': 15, 'Vertiport_9': 15, 'Vertiport_10': 15}"
444,747.0,249,10244.14836132797,3631520.4291522913,"{'Vertiport_1': 15, 'Vertiport_2': 15, 'Vertiport_3': 15, 'Vertiport_4': 15, 'Vertiport_5': 15, 'Vertiport_6': 15, 'Vertiport_7': 15, 'Vertiport_8': 15, 'Vertiport_9': 15, 'Vertiport_10': 15}"
445,795.0,265,10978.10411077598,3642498.5332630672,"{'Vertiport_1': 15, 'Vertiport_2': 15, 'Vertiport_3': 15, 'Vertiport_4': 15, 'Vertiport_5': 15, 'Vertiport_6': 15, 'Vertiport_7': 15, 'Vertiport_8': 15, 'Vertiport_9': 15, 'Vertiport_10': 15}"
446,786.0,262,10715.33265547199,3653213.8659185395,"{'Vertiport_1': 15, 'Vertiport_2': 15, 'Vertiport_3': 15, 'Vertiport_4': 15, 'Vertiport_5': 15, 'Vertiport_6': 15, 'Vertiport_7': 15, 'Vertiport_8': 15, 'Vertiport_9': 15, 'Vertiport_10': 15}"
447,819.0,273,12265.931101032,3665479.7970195715,"{'Vertiport_1': 15, 'Vertiport_2': 15, 'Vertiport_3': 15, 'Vertiport_4': 15, 'Vertiport_5': 15, 'Vertiport_6': 15, 'Vertiport_7': 15, 'Vertiport_8': 15, 'Vertiport_9': 15, 'Vertiport_10': 15}"
448,888.0,296,12362.834534751983,3677842.6315543237,"{'Vertiport_1': 15, 'Vertiport_2': 15, 'Vertiport_3': 15, 'Vertiport_4': 15, 'Vertiport_5': 15, 'Vertiport_6': 15, 'Vertiport_7': 15, 'Vertiport_8': 15, 'Vertiport_9': 15, 'Vertiport_10': 15}"
449,861.0,287,11879.416684759988,3689722.0482390835,"{'Vertiport_1': 15, 'Vertiport_2': 15, 'Vertiport_3': 15, 'Vertiport_4': 15, 'Vertiport_5': 15, 'Vertiport_6': 15, 'Vertiport_7': 15, 'Vertiport_8': 15, 'Vertiport_9': 15, 'Vertiport_10': 15}"
450,867.0,289,12238.463869655989,3701960.5121087395,"{'Vertiport_1': 15, 'Vertiport_2': 15, 'Vertiport_3': 15, 'Vertiport_4': 15, 'Vertiport_5': 15, 'Vertiport_6': 15, 'Vertiport_7': 15, 'Vertiport_8': 15, 'Vertiport_9': 15, 'Vertiport_10': 15}"
451,948.0,316,13386.34953016,3715346.8616388994,"{'Vertiport_1': 15, 'Vertiport_2': 15, 'Vertiport_3': 15, 'Vertiport_4': 15, 'Vertiport_5': 15, 'Vertiport_6': 15, 'Vertiport_7': 15, 'Vertiport_8': 15, 'Vertiport_9': 15, 'Vertiport_10': 15}"
452,888.0,296,12633.311856335986,3727980.1734952354,"{'Vertiport_1': 15, 'Vertiport_2': 15, 'Vertiport_3': 15, 'Vertiport_4': 15, 'Vertiport_5': 15, 'Vertiport_6': 15, 'Vertiport_7': 15, 'Vertiport_8': 15, 'Vertiport_9': 15, 'Vertiport_10': 15}"
453,893.0,297,12737.008475503997,3740717.1819707393,"{'Vertiport_1': 15, 'Vertiport_2': 15, 'Vertiport_3': 16, 'Vertiport_4': 15, 'Vertiport_5': 15, 'Vertiport_6': 15, 'Vertiport_7': 15, 'Vertiport_8': 15, 'Vertiport_9': 15, 'Vertiport_10': 14}"
454,891.0,297,11941.239690775994,3752658.4216615153,"{'Vertiport_1': 15, 'Vertiport_2': 15, 'Vertiport_3': 15, 'Vertiport_4': 15, 'Vertiport_5': 15, 'Vertiport_6': 15, 'Vertiport_7': 15, 'Vertiport_8': 15, 'Vertiport_9': 15, 'Vertiport_10': 15}"
455,936.0,312,13643.030722288018,3766301.452383803,"{'Vertiport_1': 15, 'Vertiport_2': 15, 'Vertiport_3': 15, 'Vertiport_4': 15, 'Vertiport_5': 15, 'Vertiport_6': 15, 'Vertiport_7': 15, 'Vertiport_8': 15, 'Vertiport_9': 15, 'Vertiport_10': 15}"
456,818.0,272,12046.410606167998,3778347.8629899714,"{'Vertiport_1': 15, 'Vertiport_2': 15, 'Vertiport_3': 16, 'Vertiport_4': 15, 'Vertiport_5': 15, 'Vertiport_6': 15, 'Vertiport_7': 15, 'Vertiport_8': 15, 'Vertiport_9': 15, 'Vertiport_10': 14}"
457,924.0,308,12547.924323159996,3790895.7873131316,"{'Vertiport_1': 15, 'Vertiport_2': 15, 'Vertiport_3': 15, 'Vertiport_4': 15, 'Vertiport_5': 15, 'Vertiport_6': 15, 'Vertiport_7': 15, 'Vertiport_8': 15, 'Vertiport_9': 15, 'Vertiport_10': 15}"
458,879.0,293,12880.856787808007,3803776.64410094,"{'Vertiport_1': 15, 'Vertiport_2': 15, 'Vertiport_3': 15, 'Vertiport_4': 15, 'Vertiport_5': 15, 'Vertiport_6': 15, 'Vertiport_7': 15, 'Vertiport_8': 15, 'Vertiport_9': 15, 'Vertiport_10': 15}"
459,848.0,282,11969.229004431996,3815745.873105372,"{'Vertiport_1': 15, 'Vertiport_2': 15, 'Vertiport_3': 16, 'Vertiport_4': 15, 'Vertiport_5': 15, 'Vertiport_6': 15, 'Vertiport_7': 15, 'Vertiport_8': 15, 'Vertiport_9': 15, 'Vertiport_10': 14}"
460,876.0,292,12493.867138464002,3828239.740243836,"{'Vertiport_1': 15, 'Vertiport_2': 15, 'Vertiport_3': 15, 'Vertiport_4': 15, 'Vertiport_5': 15, 'Vertiport_6': 15, 'Vertiport_7': 15, 'Vertiport_8': 15, 'Vertiport_9': 15, 'Vertiport_10': 15}"
461,911.0,303,12832.989225551999,3841072.729469388,"{'Vertiport_1': 15, 'Vertiport_2': 15, 'Vertiport_3': 16, 'Vertiport_4': 15, 'Vertiport_5': 15, 'Vertiport_6': 15, 'Vertiport_7': 15, 'Vertiport_8': 15, 'Vertiport_9': 15, 'Vertiport_10': 14}"
462,887.0,295,12320.748196607994,3853393.4776659957,"{'Vertiport_1': 15, 'Vertiport_2': 15, 'Vertiport_3': 16, 'Vertiport_4': 15, 'Vertiport_5': 15, 'Vertiport_6': 15, 'Vertiport_7': 15, 'Vertiport_8': 15, 'Vertiport_9': 15, 'Vertiport_10': 14}"
463,765.0,255,10754.098335031977,3864147.5760010276,"{'Vertiport_1': 15, 'Vertiport_2': 15, 'Vertiport_3': 15, 'Vertiport_4': 15, 'Vertiport_5': 15, 'Vertiport_6': 15, 'Vertiport_7': 15, 'Vertiport_8': 15, 'Vertiport_9': 15, 'Vertiport_10': 15}"
464,755.0,251,10947.688913127991,3875095.2649141555,"{'Vertiport_1': 15, 'Vertiport_2': 15, 'Vertiport_3': 16, 'Vertiport_4': 15, 'Vertiport_5': 15, 'Vertiport_6': 15, 'Vertiport_7': 15, 'Vertiport_8': 15, 'Vertiport_9': 15, 'Vertiport_10': 14}"
465,780.0,260,10835.580279623984,3885930.8451937796,"{'Vertiport_1': 15, 'Vertiport_2': 15, 'Vertiport_3': 15, 'Vertiport_4': 15, 'Vertiport_5': 15, 'Vertiport_6': 15, 'Vertiport_7': 15, 'Vertiport_8': 15, 'Vertiport_9': 15, 'Vertiport_10': 15}"
466,798.0,266,11625.058507423986,3897555.9037012034,"{'Vertiport_1': 15, 'Vertiport_2': 15, 'Vertiport_3': 15, 'Vertiport_4': 15, 'Vertiport_5': 15, 'Vertiport_6': 15, 'Vertiport_7': 15, 'Vertiport_8': 15, 'Vertiport_9': 15, 'Vertiport_10': 15}"
467,690.0,230,9876.145979151983,3907432.0496803555,"{'Vertiport_1': 15, 'Vertiport_2': 15, 'Vertiport_3': 15, 'Vertiport_4': 15, 'Vertiport_5': 15, 'Vertiport_6': 15, 'Vertiport_7': 15, 'Vertiport_8': 15, 'Vertiport_9': 15, 'Vertiport_10': 15}"
468,684.0,228,9524.530162343977,3916956.579842699,"{'Vertiport_1': 15, 'Vertiport_2': 15, 'Vertiport_3': 15, 'Vertiport_4': 15, 'Vertiport_5': 15, 'Vertiport_6': 15, 'Vertiport_7': 15, 'Vertiport_8': 15, 'Vertiport_9': 15, 'Vertiport_10': 15}"
469,672.0,224,9420.340702631984,3926376.920545331,"{'Vertiport_1': 15, 'Vertiport_2': 15, 'Vertiport_3': 15, 'Vertiport_4': 15, 'Vertiport_5': 15, 'Vertiport_6': 15, 'Vertiport_7': 15, 'Vertiport_8': 15, 'Vertiport_9': 15, 'Vertiport_10': 15}"
470,624.0,208,8861.854588655973,3935238.775133987,"{'Vertiport_1': 15, 'Vertiport_2': 15, 'Vertiport_3': 15, 'Vertiport_4': 15, 'Vertiport_5': 15, 'Vertiport_6': 15, 'Vertiport_7': 15, 'Vertiport_8': 15, 'Vertiport_9': 15, 'Vertiport_10': 15}"
471,524.0,174,7182.123104591975,3942420.898238579,"{'Vertiport_1': 15, 'Vertiport_2': 15, 'Vertiport_3': 16, 'Vertiport_4': 15, 'Vertiport_5': 15, 'Vertiport_6': 15, 'Vertiport_7': 15, 'Vertiport_8': 15, 'Vertiport_9': 15, 'Vertiport_10': 14}"
472,447.0,149,6816.64076207997,3949237.539000659,"{'Vertiport_1': 15, 'Vertiport_2': 15, 'Vertiport_3': 15, 'Vertiport_4': 15, 'Vertiport_5': 15, 'Vertiport_6': 15, 'Vertiport_7': 15, 'Vertiport_8': 15, 'Vertiport_9': 15, 'Vertiport_10': 15}"
473,420.0,140,5955.9270041519785,3955193.4660048108,"{'Vertiport_1': 15, 'Vertiport_2': 15, 'Vertiport_3': 15, 'Vertiport_4': 15, 'Vertiport_5': 15, 'Vertiport_6': 15, 'Vertiport_7': 15, 'Vertiport_8': 15, 'Vertiport_9': 15, 'Vertiport_10': 15}"
474,384.0,128,5772.257745671984,3960965.723750483,"{'Vertiport_1': 15, 'Vertiport_2': 15, 'Vertiport_3': 15, 'Vertiport_4': 15, 'Vertiport_5': 15, 'Vertiport_6': 15, 'Vertiport_7': 15, 'Vertiport_8': 15, 'Vertiport_9': 15, 'Vertiport_10': 15}"
475,354.0,118,5237.387390071989,3966203.111140555,"{'Vertiport_1': 15, 'Vertiport_2': 15, 'Vertiport_3': 15, 'Vertiport_4': 15, 'Vertiport_5': 15, 'Vertiport_6': 15, 'Vertiport_7': 15, 'Vertiport_8': 15, 'Vertiport_9': 15, 'Vertiport_10': 15}"
476,465.0,155,6710.581002279977,3972913.692142835,"{'Vertiport_1': 15, 'Vertiport_2': 15, 'Vertiport_3': 15, 'Vertiport_4': 15, 'Vertiport_5': 15, 'Vertiport_6': 15, 'Vertiport_7': 15, 'Vertiport_8': 15, 'Vertiport_9': 15, 'Vertiport_10': 15}"
477,366.0,122,5506.848298287984,3978420.540441123,"{'Vertiport_1': 15, 'Vertiport_2': 15, 'Vertiport_3': 15, 'Vertiport_4': 15, 'Vertiport_5': 15, 'Vertiport_6': 15, 'Vertiport_7': 15, 'Vertiport_8': 15, 'Vertiport_9': 15, 'Vertiport_10': 15}"
478,282.0,94,3889.912359399997,3982310.452800523,"{'Vertiport_1': 15, 'Vertiport_2': 15, 'Vertiport_3': 15, 'Vertiport_4': 15, 'Vertiport_5': 15, 'Vertiport_6': 15, 'Vertiport_7': 15, 'Vertiport_8': 15, 'Vertiport_9': 15, 'Vertiport_10': 15}"
479,237.0,79,3798.469163695998,3986108.921964219,"{'Vertiport_1': 15, 'Vertiport_2': 15, 'Vertiport_3': 15, 'Vertiport_4': 15, 'Vertiport_5': 15, 'Vertiport_6': 15, 'Vertiport_7': 15, 'Vertiport_8': 15, 'Vertiport_9': 15, 'Vertiport_10': 15}"
480,141.0,47,1779.5226177360003,3987888.4445819547,"{'Vertiport_1': 15, 'Vertiport_2': 15, 'Vertiport_3': 15, 'Vertiport_4': 15, 'Vertiport_5': 15, 'Vertiport_6': 15, 'Vertiport_7': 15, 'Vertiport_8': 15, 'Vertiport_9': 15, 'Vertiport_10': 15}"
481,99.0,33,1577.5693521120004,3989466.0139340665,"{'Vertiport_1': 15, 'Vertiport_2': 15, 'Vertiport_3': 15, 'Vertiport_4': 15, 'Vertiport_5': 15, 'Vertiport_6': 15, 'Vertiport_7': 15, 'Vertiport_8': 15, 'Vertiport_9': 15, 'Vertiport_10': 15}"
482,114.0,38,1775.5279967920007,3991241.5419308585,"{'Vertiport_1': 15, 'Vertiport_2': 15, 'Vertiport_3': 15, 'Vertiport_4': 15, 'Vertiport_5': 15, 'Vertiport_6': 15, 'Vertiport_7': 15, 'Vertiport_8': 15, 'Vertiport_9': 15, 'Vertiport_10': 15}"
483,102.0,34,1546.663913896,3992788.2058447544,"{'Vertiport_1': 15, 'Vertiport_2': 15, 'Vertiport_3': 15, 'Vertiport_4': 15, 'Vertiport_5': 15, 'Vertiport_6': 15, 'Vertiport_7': 15, 'Vertiport_8': 15, 'Vertiport_9': 15, 'Vertiport_10': 15}"
484,96.0,32,1163.2328861040005,3993951.4387308583,"{'Vertiport_1': 15, 'Vertiport_2': 15, 'Vertiport_3': 15, 'Vertiport_4': 15, 'Vertiport_5': 15, 'Vertiport_6': 15, 'Vertiport_7': 15, 'Vertiport_8': 15, 'Vertiport_9': 15, 'Vertiport_10': 15}"
485,99.0,33,1467.04162732,3995418.4803581783,"{'Vertiport_1': 15, 'Vertiport_2': 15, 'Vertiport_3': 15, 'Vertiport_4': 15, 'Vertiport_5': 15, 'Vertiport_6': 15, 'Vertiport_7': 15, 'Vertiport_8': 15, 'Vertiport_9': 15, 'Vertiport_10': 15}"
486,126.0,42,2264.1892352799996,3997682.669593458,"{'Vertiport_1': 15, 'Vertiport_2': 15, 'Vertiport_3': 15, 'Vertiport_4': 15, 'Vertiport_5': 15, 'Vertiport_6': 15, 'Vertiport_7': 15, 'Vertiport_8': 15, 'Vertiport_9': 15, 'Vertiport_10': 15}"
487,120.0,40,2072.7397647520006,3999755.40935821,"{'Vertiport_1': 15, 'Vertiport_2': 15, 'Vertiport_3': 15, 'Vertiport_4': 15, 'Vertiport_5': 15, 'Vertiport_6': 15, 'Vertiport_7': 15, 'Vertiport_8': 15, 'Vertiport_9': 15, 'Vertiport_10': 15}"
488,162.0,54,2436.6345633599994,4002192.04392157,"{'Vertiport_1': 15, 'Vertiport_2': 15, 'Vertiport_3': 15, 'Vertiport_4': 15, 'Vertiport_5': 15, 'Vertiport_6': 15, 'Vertiport_7': 15, 'Vertiport_8': 15, 'Vertiport_9': 15, 'Vertiport_10': 15}"
489,159.0,53,2981.8674570479975,4005173.911378618,"{'Vertiport_1': 15, 'Vertiport_2': 15, 'Vertiport_3': 15, 'Vertiport_4': 15, 'Vertiport_5': 15, 'Vertiport_6': 15, 'Vertiport_7': 15, 'Vertiport_8': 15, 'Vertiport_9': 15, 'Vertiport_10': 15}"
490,174.0,58,2523.1275658159993,4007697.038944434,"{'Vertiport_1': 15, 'Vertiport_2': 15, 'Vertiport_3': 15, 'Vertiport_4': 15, 'Vertiport_5': 15, 'Vertiport_6': 15, 'Vertiport_7': 15, 'Vertiport_8': 15, 'Vertiport_9': 15, 'Vertiport_10': 15}"
491,270.0,90,3872.7007489119947,4011569.739693346,"{'Vertiport_1': 15, 'Vertiport_2': 15, 'Vertiport_3': 15, 'Vertiport_4': 15, 'Vertiport_5': 15, 'Vertiport_6': 15, 'Vertiport_7': 15, 'Vertiport_8': 15, 'Vertiport_9': 15, 'Vertiport_10': 15}"
492,216.0,72,2863.552875288,4014433.292568634,"{'Vertiport_1': 15, 'Vertiport_2': 15, 'Vertiport_3': 15, 'Vertiport_4': 15, 'Vertiport_5': 15, 'Vertiport_6': 15, 'Vertiport_7': 15, 'Vertiport_8': 15, 'Vertiport_9': 15, 'Vertiport_10': 15}"
493,231.0,77,3074.164253143999,4017507.456821778,"{'Vertiport_1': 15, 'Vertiport_2': 15, 'Vertiport_3': 15, 'Vertiport_4': 15, 'Vertiport_5': 15, 'Vertiport_6': 15, 'Vertiport_7': 15, 'Vertiport_8': 15, 'Vertiport_9': 15, 'Vertiport_10': 15}"
494,297.0,99,4198.760473487995,4021706.2172952658,"{'Vertiport_1': 15, 'Vertiport_2': 15, 'Vertiport_3': 15, 'Vertiport_4': 15, 'Vertiport_5': 15, 'Vertiport_6': 15, 'Vertiport_7': 15, 'Vertiport_8': 15, 'Vertiport_9': 15, 'Vertiport_10': 15}"
495,327.0,109,4639.15397985599,4026345.371275122,"{'Vertiport_1': 15, 'Vertiport_2': 15, 'Vertiport_3': 15, 'Vertiport_4': 15, 'Vertiport_5': 15, 'Vertiport_6': 15, 'Vertiport_7': 15, 'Vertiport_8': 15, 'Vertiport_9': 15, 'Vertiport_10': 15}"
496,339.0,113,4764.684260455991,4031110.0555355777,"{'Vertiport_1': 15, 'Vertiport_2': 15, 'Vertiport_3': 15, 'Vertiport_4': 15, 'Vertiport_5': 15, 'Vertiport_6': 15, 'Vertiport_7': 15, 'Vertiport_8': 15, 'Vertiport_9': 15, 'Vertiport_10': 15}"
497,342.0,114,5304.698472471985,4036414.7540080496,"{'Vertiport_1': 15, 'Vertiport_2': 15, 'Vertiport_3': 15, 'Vertiport_4': 15, 'Vertiport_5': 15, 'Vertiport_6': 15, 'Vertiport_7': 15, 'Vertiport_8': 15, 'Vertiport_9': 15, 'Vertiport_10': 15}"
498,402.0,134,5967.33871908798,4042382.0927271377,"{'Vertiport_1': 15, 'Vertiport_2': 15, 'Vertiport_3': 15, 'Vertiport_4': 15, 'Vertiport_5': 15, 'Vertiport_6': 15, 'Vertiport_7': 15, 'Vertiport_8': 15, 'Vertiport_9': 15, 'Vertiport_10': 15}"
499,561.0,187,8167.1785476239675,4050549.2712747618,"{'Vertiport_1': 15, 'Vertiport_2': 15, 'Vertiport_3': 15, 'Vertiport_4': 15, 'Vertiport_5': 15, 'Vertiport_6': 15, 'Vertiport_7': 15, 'Vertiport_8': 15, 'Vertiport_9': 15, 'Vertiport_10': 15}"
500,549.0,183,7555.081951295972,4058104.3532260577,"{'Vertiport_1': 15, 'Vertiport_2': 15, 'Vertiport_3': 15, 'Vertiport_4': 15, 'Vertiport_5': 15, 'Vertiport_6': 15, 'Vertiport_7': 15, 'Vertiport_8': 15, 'Vertiport_9': 15, 'Vertiport_10': 15}"
