time_step,met_demand,unmet_demand,iteration_cost,cumulative_cost,vertiport_counts
1,733.0,197,9155.173746603976,9155.173746603976,"{'Vertiport_1': 20, 'Vertiport_2': 13, 'Vertiport_3': 20, 'Vertiport_4': 19, 'Vertiport_5': 20, 'Vertiport_6': 3, 'Vertiport_7': 31, 'Vertiport_8': 27, 'Vertiport_9': 27, 'Vertiport_10': 20}"
2,360.0,72,4682.02508588799,13837.198832491966,"{'Vertiport_1': 20, 'Vertiport_2': 18, 'Vertiport_3': 20, 'Vertiport_4': 21, 'Vertiport_5': 20, 'Vertiport_6': 0, 'Vertiport_7': 35, 'Vertiport_8': 25, 'Vertiport_9': 21, 'Vertiport_10': 20}"
3,300.0,70,3822.326738263997,17659.525570755963,"{'Vertiport_1': 20, 'Vertiport_2': 21, 'Vertiport_3': 20, 'Vertiport_4': 2, 'Vertiport_5': 20, 'Vertiport_6': 0, 'Vertiport_7': 50, 'Vertiport_8': 28, 'Vertiport_9': 19, 'Vertiport_10': 20}"
4,262.0,56,3846.0756181239963,21505.60118887996,"{'Vertiport_1': 20, 'Vertiport_2': 16, 'Vertiport_3': 20, 'Vertiport_4': 1, 'Vertiport_5': 20, 'Vertiport_6': 0, 'Vertiport_7': 43, 'Vertiport_8': 36, 'Vertiport_9': 24, 'Vertiport_10': 20}"
5,226.0,60,3011.4868502719983,24517.088039151957,"{'Vertiport_1': 20, 'Vertiport_2': 21, 'Vertiport_3': 20, 'Vertiport_4': 1, 'Vertiport_5': 20, 'Vertiport_6': 22, 'Vertiport_7': 19, 'Vertiport_8': 37, 'Vertiport_9': 20, 'Vertiport_10': 20}"
6,230.0,74,3312.2676692319983,27829.355708383955,"{'Vertiport_1': 20, 'Vertiport_2': 22, 'Vertiport_3': 20, 'Vertiport_4': 20, 'Vertiport_5': 20, 'Vertiport_6': 20, 'Vertiport_7': 20, 'Vertiport_8': 20, 'Vertiport_9': 18, 'Vertiport_10': 20}"
7,241.0,77,3313.4728224079986,31142.828530791954,"{'Vertiport_1': 20, 'Vertiport_2': 21, 'Vertiport_3': 20, 'Vertiport_4': 20, 'Vertiport_5': 20, 'Vertiport_6': 23, 'Vertiport_7': 17, 'Vertiport_8': 21, 'Vertiport_9': 18, 'Vertiport_10': 20}"
8,266.0,88,3374.352160779998,34517.18069157195,"{'Vertiport_1': 20, 'Vertiport_2': 20, 'Vertiport_3': 20, 'Vertiport_4': 20, 'Vertiport_5': 20, 'Vertiport_6': 20, 'Vertiport_7': 20, 'Vertiport_8': 21, 'Vertiport_9': 19, 'Vertiport_10': 20}"
9,199.0,63,3135.7822402880006,37652.96293185995,"{'Vertiport_1': 20, 'Vertiport_2': 21, 'Vertiport_3': 20, 'Vertiport_4': 21, 'Vertiport_5': 20, 'Vertiport_6': 22, 'Vertiport_7': 19, 'Vertiport_8': 17, 'Vertiport_9': 20, 'Vertiport_10': 20}"
10,179.0,59,2291.9702597999994,39944.93319165995,"{'Vertiport_1': 20, 'Vertiport_2': 20, 'Vertiport_3': 20, 'Vertiport_4': 21, 'Vertiport_5': 20, 'Vertiport_6': 20, 'Vertiport_7': 20, 'Vertiport_8': 19, 'Vertiport_9': 20, 'Vertiport_10': 20}"
11,192.0,62,2813.757114683998,42758.690306343946,"{'Vertiport_1': 20, 'Vertiport_2': 22, 'Vertiport_3': 20, 'Vertiport_4': 20, 'Vertiport_5': 20, 'Vertiport_6': 20, 'Vertiport_7': 20, 'Vertiport_8': 19, 'Vertiport_9': 19, 'Vertiport_10': 20}"
12,243.0,79,3554.9442520319976,46313.63455837595,"{'Vertiport_1': 20, 'Vertiport_2': 22, 'Vertiport_3': 20, 'Vertiport_4': 20, 'Vertiport_5': 20, 'Vertiport_6': 21, 'Vertiport_7': 20, 'Vertiport_8': 19, 'Vertiport_9': 18, 'Vertiport_10': 20}"
13,195.0,63,2275.339386875999,48588.97394525194,"{'Vertiport_1': 20, 'Vertiport_2': 21, 'Vertiport_3': 20, 'Vertiport_4': 20, 'Vertiport_5': 20, 'Vertiport_6': 20, 'Vertiport_7': 19, 'Vertiport_8': 21, 'Vertiport_9': 19, 'Vertiport_10': 20}"
14,202.0,66,2385.964469819999,50974.93841507194,"{'Vertiport_1': 20, 'Vertiport_2': 20, 'Vertiport_3': 20, 'Vertiport_4': 21, 'Vertiport_5': 20, 'Vertiport_6': 20, 'Vertiport_7': 20, 'Vertiport_8': 20, 'Vertiport_9': 19, 'Vertiport_10': 20}"
15,309.0,101,4010.5987080079963,54985.537123079936,"{'Vertiport_1': 20, 'Vertiport_2': 22, 'Vertiport_3': 20, 'Vertiport_4': 20, 'Vertiport_5': 20, 'Vertiport_6': 19, 'Vertiport_7': 20, 'Vertiport_8': 21, 'Vertiport_9': 18, 'Vertiport_10': 20}"
16,268.0,86,3474.9923165719965,58460.52943965193,"{'Vertiport_1': 20, 'Vertiport_2': 20, 'Vertiport_3': 20, 'Vertiport_4': 21, 'Vertiport_5': 20, 'Vertiport_6': 21, 'Vertiport_7': 20, 'Vertiport_8': 17, 'Vertiport_9': 21, 'Vertiport_10': 20}"
17,309.0,101,4189.323232695997,62649.85267234793,"{'Vertiport_1': 20, 'Vertiport_2': 20, 'Vertiport_3': 20, 'Vertiport_4': 21, 'Vertiport_5': 20, 'Vertiport_6': 22, 'Vertiport_7': 20, 'Vertiport_8': 17, 'Vertiport_9': 20, 'Vertiport_10': 20}"
18,292.0,96,4409.596538119991,67059.44921046792,"{'Vertiport_1': 20, 'Vertiport_2': 20, 'Vertiport_3': 20, 'Vertiport_4': 21, 'Vertiport_5': 20, 'Vertiport_6': 19, 'Vertiport_7': 20, 'Vertiport_8': 20, 'Vertiport_9': 20, 'Vertiport_10': 20}"
19,387.0,129,5602.151216519986,72661.6004269879,"{'Vertiport_1': 20, 'Vertiport_2': 20, 'Vertiport_3': 20, 'Vertiport_4': 20, 'Vertiport_5': 20, 'Vertiport_6': 20, 'Vertiport_7': 20, 'Vertiport_8': 20, 'Vertiport_9': 20, 'Vertiport_10': 20}"
20,401.0,133,5498.881213751981,78160.48164073989,"{'Vertiport_1': 20, 'Vertiport_2': 20, 'Vertiport_3': 20, 'Vertiport_4': 20, 'Vertiport_5': 20, 'Vertiport_6': 21, 'Vertiport_7': 20, 'Vertiport_8': 19, 'Vertiport_9': 20, 'Vertiport_10': 20}"
21,361.0,119,4843.38838831199,83003.87002905188,"{'Vertiport_1': 20, 'Vertiport_2': 20, 'Vertiport_3': 20, 'Vertiport_4': 20, 'Vertiport_5': 20, 'Vertiport_6': 20, 'Vertiport_7': 20, 'Vertiport_8': 20, 'Vertiport_9': 20, 'Vertiport_10': 20}"
22,438.0,144,6507.825074355978,89511.69510340785,"{'Vertiport_1': 20, 'Vertiport_2': 20, 'Vertiport_3': 20, 'Vertiport_4': 22, 'Vertiport_5': 20, 'Vertiport_6': 20, 'Vertiport_7': 20, 'Vertiport_8': 19, 'Vertiport_9': 19, 'Vertiport_10': 20}"
23,531.0,177,6870.328223239971,96382.02332664782,"{'Vertiport_1': 20, 'Vertiport_2': 20, 'Vertiport_3': 20, 'Vertiport_4': 20, 'Vertiport_5': 20, 'Vertiport_6': 20, 'Vertiport_7': 20, 'Vertiport_8': 20, 'Vertiport_9': 20, 'Vertiport_10': 20}"
24,580.0,190,7930.307483887971,104312.33081053579,"{'Vertiport_1': 20, 'Vertiport_2': 20, 'Vertiport_3': 20, 'Vertiport_4': 22, 'Vertiport_5': 20, 'Vertiport_6': 20, 'Vertiport_7': 19, 'Vertiport_8': 18, 'Vertiport_9': 21, 'Vertiport_10': 20}"
25,470.0,154,6506.520555063972,110818.85136559975,"{'Vertiport_1': 20, 'Vertiport_2': 20, 'Vertiport_3': 20, 'Vertiport_4': 21, 'Vertiport_5': 20, 'Vertiport_6': 23, 'Vertiport_7': 18, 'Vertiport_8': 18, 'Vertiport_9': 20, 'Vertiport_10': 20}"
26,449.0,149,6680.77565355998,117499.62701915973,"{'Vertiport_1': 20, 'Vertiport_2': 20, 'Vertiport_3': 20, 'Vertiport_4': 20, 'Vertiport_5': 20, 'Vertiport_6': 21, 'Vertiport_7': 20, 'Vertiport_8': 19, 'Vertiport_9': 20, 'Vertiport_10': 20}"
27,656.0,218,8899.623255071978,126399.2502742317,"{'Vertiport_1': 20, 'Vertiport_2': 20, 'Vertiport_3': 20, 'Vertiport_4': 20, 'Vertiport_5': 20, 'Vertiport_6': 21, 'Vertiport_7': 20, 'Vertiport_8': 19, 'Vertiport_9': 20, 'Vertiport_10': 20}"
28,604.0,200,8467.183125883967,134866.43340011567,"{'Vertiport_1': 20, 'Vertiport_2': 20, 'Vertiport_3': 20, 'Vertiport_4': 21, 'Vertiport_5': 20, 'Vertiport_6': 20, 'Vertiport_7': 20, 'Vertiport_8': 18, 'Vertiport_9': 21, 'Vertiport_10': 20}"
29,668.0,220,9097.710433719976,143964.14383383564,"{'Vertiport_1': 20, 'Vertiport_2': 20, 'Vertiport_3': 20, 'Vertiport_4': 21, 'Vertiport_5': 20, 'Vertiport_6': 21, 'Vertiport_7': 20, 'Vertiport_8': 18, 'Vertiport_9': 20, 'Vertiport_10': 20}"
30,618.0,202,7961.843084019972,151925.9869178556,"{'Vertiport_1': 20, 'Vertiport_2': 20, 'Vertiport_3': 20, 'Vertiport_4': 20, 'Vertiport_5': 20, 'Vertiport_6': 20, 'Vertiport_7': 19, 'Vertiport_8': 21, 'Vertiport_9': 20, 'Vertiport_10': 20}"
31,687.0,227,9476.049487939983,161402.03640579557,"{'Vertiport_1': 20, 'Vertiport_2': 20, 'Vertiport_3': 20, 'Vertiport_4': 20, 'Vertiport_5': 20, 'Vertiport_6': 22, 'Vertiport_7': 20, 'Vertiport_8': 17, 'Vertiport_9': 21, 'Vertiport_10': 20}"
32,667.0,221,9860.814476943986,171262.85088273956,"{'Vertiport_1': 20, 'Vertiport_2': 20, 'Vertiport_3': 20, 'Vertiport_4': 20, 'Vertiport_5': 20, 'Vertiport_6': 21, 'Vertiport_7': 19, 'Vertiport_8': 21, 'Vertiport_9': 19, 'Vertiport_10': 20}"
33,701.0,229,9820.099148523992,181082.95003126355,"{'Vertiport_1': 20, 'Vertiport_2': 20, 'Vertiport_3': 20, 'Vertiport_4': 22, 'Vertiport_5': 20, 'Vertiport_6': 20, 'Vertiport_7': 20, 'Vertiport_8': 17, 'Vertiport_9': 21, 'Vertiport_10': 20}"
34,663.0,219,8992.649001987984,190075.59903325152,"{'Vertiport_1': 20, 'Vertiport_2': 20, 'Vertiport_3': 20, 'Vertiport_4': 21, 'Vertiport_5': 20, 'Vertiport_6': 19, 'Vertiport_7': 20, 'Vertiport_8': 21, 'Vertiport_9': 19, 'Vertiport_10': 20}"
35,604.0,200,8481.010171939966,198556.6092051915,"{'Vertiport_1': 20, 'Vertiport_2': 20, 'Vertiport_3': 20, 'Vertiport_4': 20, 'Vertiport_5': 20, 'Vertiport_6': 20, 'Vertiport_7': 19, 'Vertiport_8': 21, 'Vertiport_9': 20, 'Vertiport_10': 20}"
36,697.0,229,9838.71002386,208395.3192290515,"{'Vertiport_1': 20, 'Vertiport_2': 20, 'Vertiport_3': 20, 'Vertiport_4': 23, 'Vertiport_5': 20, 'Vertiport_6': 20, 'Vertiport_7': 19, 'Vertiport_8': 18, 'Vertiport_9': 20, 'Vertiport_10': 20}"
37,739.0,243,10384.563618435996,218779.8828474875,"{'Vertiport_1': 20, 'Vertiport_2': 20, 'Vertiport_3': 20, 'Vertiport_4': 20, 'Vertiport_5': 20, 'Vertiport_6': 23, 'Vertiport_7': 19, 'Vertiport_8': 18, 'Vertiport_9': 20, 'Vertiport_10': 20}"
38,667.0,221,9932.527216271998,228712.41006375948,"{'Vertiport_1': 20, 'Vertiport_2': 20, 'Vertiport_3': 20, 'Vertiport_4': 20, 'Vertiport_5': 20, 'Vertiport_6': 20, 'Vertiport_7': 20, 'Vertiport_8': 20, 'Vertiport_9': 20, 'Vertiport_10': 20}"
39,703.0,231,9319.043154871983,238031.45321863148,"{'Vertiport_1': 20, 'Vertiport_2': 20, 'Vertiport_3': 20, 'Vertiport_4': 23, 'Vertiport_5': 20, 'Vertiport_6': 22, 'Vertiport_7': 20, 'Vertiport_8': 15, 'Vertiport_9': 20, 'Vertiport_10': 20}"
40,686.0,228,10049.753600295988,248081.20681892746,"{'Vertiport_1': 20, 'Vertiport_2': 20, 'Vertiport_3': 20, 'Vertiport_4': 21, 'Vertiport_5': 20, 'Vertiport_6': 20, 'Vertiport_7': 20, 'Vertiport_8': 19, 'Vertiport_9': 20, 'Vertiport_10': 20}"
41,722.0,240,10076.164117547982,258157.37093647543,"{'Vertiport_1': 20, 'Vertiport_2': 20, 'Vertiport_3': 20, 'Vertiport_4': 20, 'Vertiport_5': 20, 'Vertiport_6': 21, 'Vertiport_7': 19, 'Vertiport_8': 20, 'Vertiport_9': 20, 'Vertiport_10': 20}"
42,674.0,222,9709.028632515989,267866.39956899144,"{'Vertiport_1': 20, 'Vertiport_2': 20, 'Vertiport_3': 20, 'Vertiport_4': 20, 'Vertiport_5': 20, 'Vertiport_6': 21, 'Vertiport_7': 20, 'Vertiport_8': 20, 'Vertiport_9': 19, 'Vertiport_10': 20}"
43,704.0,234,9759.758617767979,277626.15818675945,"{'Vertiport_1': 20, 'Vertiport_2': 20, 'Vertiport_3': 20, 'Vertiport_4': 21, 'Vertiport_5': 20, 'Vertiport_6': 20, 'Vertiport_7': 20, 'Vertiport_8': 19, 'Vertiport_9': 20, 'Vertiport_10': 20}"
44,698.0,230,9648.776871983984,287274.93505874346,"{'Vertiport_1': 20, 'Vertiport_2': 20, 'Vertiport_3': 20, 'Vertiport_4': 22, 'Vertiport_5': 20, 'Vertiport_6': 18, 'Vertiport_7': 20, 'Vertiport_8': 20, 'Vertiport_9': 20, 'Vertiport_10': 20}"
45,704.0,234,9954.314113959983,297229.2491727034,"{'Vertiport_1': 20, 'Vertiport_2': 20, 'Vertiport_3': 20, 'Vertiport_4': 20, 'Vertiport_5': 20, 'Vertiport_6': 21, 'Vertiport_7': 20, 'Vertiport_8': 19, 'Vertiport_9': 20, 'Vertiport_10': 20}"
46,715.0,237,9931.730984487982,307160.9801571914,"{'Vertiport_1': 20, 'Vertiport_2': 20, 'Vertiport_3': 20, 'Vertiport_4': 21, 'Vertiport_5': 20, 'Vertiport_6': 19, 'Vertiport_7': 20, 'Vertiport_8': 20, 'Vertiport_9': 20, 'Vertiport_10': 20}"
47,792.0,264,11062.223480495993,318223.2036376874,"{'Vertiport_1': 20, 'Vertiport_2': 20, 'Vertiport_3': 20, 'Vertiport_4': 20, 'Vertiport_5': 20, 'Vertiport_6': 20, 'Vertiport_7': 20, 'Vertiport_8': 20, 'Vertiport_9': 20, 'Vertiport_10': 20}"
48,707.0,235,10606.822462719985,328830.02610040735,"{'Vertiport_1': 20, 'Vertiport_2': 20, 'Vertiport_3': 20, 'Vertiport_4': 20, 'Vertiport_5': 20, 'Vertiport_6': 19, 'Vertiport_7': 20, 'Vertiport_8': 21, 'Vertiport_9': 20, 'Vertiport_10': 20}"
49,676.0,222,9699.158916779987,338529.1850171873,"{'Vertiport_1': 20, 'Vertiport_2': 20, 'Vertiport_3': 20, 'Vertiport_4': 20, 'Vertiport_5': 20, 'Vertiport_6': 19, 'Vertiport_7': 19, 'Vertiport_8': 22, 'Vertiport_9': 20, 'Vertiport_10': 20}"
50,655.0,217,9180.25175765598,347709.4367748433,"{'Vertiport_1': 20, 'Vertiport_2': 20, 'Vertiport_3': 20, 'Vertiport_4': 21, 'Vertiport_5': 20, 'Vertiport_6': 21, 'Vertiport_7': 20, 'Vertiport_8': 18, 'Vertiport_9': 20, 'Vertiport_10': 20}"
51,697.0,229,9749.84648165598,357459.2832564993,"{'Vertiport_1': 20, 'Vertiport_2': 20, 'Vertiport_3': 19, 'Vertiport_4': 20, 'Vertiport_5': 20, 'Vertiport_6': 20, 'Vertiport_7': 20, 'Vertiport_8': 20, 'Vertiport_9': 20, 'Vertiport_10': 21}"
52,593.0,195,7774.681961351963,365233.9652178512,"{'Vertiport_1': 20, 'Vertiport_2': 20, 'Vertiport_3': 21, 'Vertiport_4': 21, 'Vertiport_5': 20, 'Vertiport_6': 22, 'Vertiport_7': 20, 'Vertiport_8': 17, 'Vertiport_9': 20, 'Vertiport_10': 19}"
53,606.0,198,8061.597085679965,373295.56230353116,"{'Vertiport_1': 20, 'Vertiport_2': 20, 'Vertiport_3': 20, 'Vertiport_4': 22, 'Vertiport_5': 20, 'Vertiport_6': 22, 'Vertiport_7': 18, 'Vertiport_8': 16, 'Vertiport_9': 22, 'Vertiport_10': 20}"
54,602.0,200,8858.707314391982,382154.2696179231,"{'Vertiport_1': 20, 'Vertiport_2': 20, 'Vertiport_3': 20, 'Vertiport_4': 20, 'Vertiport_5': 20, 'Vertiport_6': 21, 'Vertiport_7': 20, 'Vertiport_8': 19, 'Vertiport_9': 20, 'Vertiport_10': 20}"
55,589.0,195,8260.110947591967,390414.3805655151,"{'Vertiport_1': 20, 'Vertiport_2': 20, 'Vertiport_3': 20, 'Vertiport_4': 22, 'Vertiport_5': 20, 'Vertiport_6': 20, 'Vertiport_7': 20, 'Vertiport_8': 18, 'Vertiport_9': 20, 'Vertiport_10': 20}"
56,530.0,176,7636.824549039973,398051.2051145551,"{'Vertiport_1': 20, 'Vertiport_2': 20, 'Vertiport_3': 20, 'Vertiport_4': 20, 'Vertiport_5': 20, 'Vertiport_6': 21, 'Vertiport_7': 20, 'Vertiport_8': 19, 'Vertiport_9': 20, 'Vertiport_10': 20}"
57,632.0,210,8870.584423471973,406921.7895380271,"{'Vertiport_1': 20, 'Vertiport_2': 20, 'Vertiport_3': 20, 'Vertiport_4': 20, 'Vertiport_5': 20, 'Vertiport_6': 21, 'Vertiport_7': 20, 'Vertiport_8': 19, 'Vertiport_9': 20, 'Vertiport_10': 20}"
58,836.0,278,11303.007469483982,418224.7970075111,"{'Vertiport_1': 20, 'Vertiport_2': 20, 'Vertiport_3': 20, 'Vertiport_4': 20, 'Vertiport_5': 20, 'Vertiport_6': 21, 'Vertiport_7': 19, 'Vertiport_8': 20, 'Vertiport_9': 20, 'Vertiport_10': 20}"
59,783.0,261,11198.943741391995,429423.7407489031,"{'Vertiport_1': 20, 'Vertiport_2': 20, 'Vertiport_3': 20, 'Vertiport_4': 20, 'Vertiport_5': 20, 'Vertiport_6': 20, 'Vertiport_7': 20, 'Vertiport_8': 20, 'Vertiport_9': 20, 'Vertiport_10': 20}"
60,911.0,301,13052.771988064002,442476.51273696707,"{'Vertiport_1': 20, 'Vertiport_2': 20, 'Vertiport_3': 19, 'Vertiport_4': 21, 'Vertiport_5': 20, 'Vertiport_6': 22, 'Vertiport_7': 20, 'Vertiport_8': 17, 'Vertiport_9': 20, 'Vertiport_10': 21}"
61,987.0,327,13609.820254548005,456086.33299151505,"{'Vertiport_1': 20, 'Vertiport_2': 20, 'Vertiport_3': 20, 'Vertiport_4': 22, 'Vertiport_5': 20, 'Vertiport_6': 20, 'Vertiport_7': 20, 'Vertiport_8': 17, 'Vertiport_9': 21, 'Vertiport_10': 20}"
62,965.0,321,13698.298183744007,469784.63117525907,"{'Vertiport_1': 20, 'Vertiport_2': 20, 'Vertiport_3': 20, 'Vertiport_4': 21, 'Vertiport_5': 20, 'Vertiport_6': 20, 'Vertiport_7': 20, 'Vertiport_8': 19, 'Vertiport_9': 20, 'Vertiport_10': 20}"
63,919.0,303,12737.02768106399,482521.65885632305,"{'Vertiport_1': 20, 'Vertiport_2': 20, 'Vertiport_3': 19, 'Vertiport_4': 22, 'Vertiport_5': 20, 'Vertiport_6': 22, 'Vertiport_7': 20, 'Vertiport_8': 16, 'Vertiport_9': 20, 'Vertiport_10': 21}"
64,976.0,324,13951.663697252005,496473.32255357504,"{'Vertiport_1': 20, 'Vertiport_2': 20, 'Vertiport_3': 20, 'Vertiport_4': 21, 'Vertiport_5': 20, 'Vertiport_6': 20, 'Vertiport_7': 20, 'Vertiport_8': 18, 'Vertiport_9': 21, 'Vertiport_10': 20}"
65,1149.0,381,16293.586526720012,512766.90908029507,"{'Vertiport_1': 20, 'Vertiport_2': 20, 'Vertiport_3': 20, 'Vertiport_4': 21, 'Vertiport_5': 20, 'Vertiport_6': 20, 'Vertiport_7': 20, 'Vertiport_8': 19, 'Vertiport_9': 20, 'Vertiport_10': 20}"
66,1129.0,375,15743.059175952014,528509.9682562471,"{'Vertiport_1': 20, 'Vertiport_2': 20, 'Vertiport_3': 20, 'Vertiport_4': 22, 'Vertiport_5': 20, 'Vertiport_6': 20, 'Vertiport_7': 20, 'Vertiport_8': 18, 'Vertiport_9': 20, 'Vertiport_10': 20}"
67,1176.0,390,16111.956005040016,544621.9242612871,"{'Vertiport_1': 20, 'Vertiport_2': 20, 'Vertiport_3': 19, 'Vertiport_4': 20, 'Vertiport_5': 20, 'Vertiport_6': 22, 'Vertiport_7': 20, 'Vertiport_8': 18, 'Vertiport_9': 20, 'Vertiport_10': 21}"
68,1251.0,415,17719.13673316802,562341.0609944551,"{'Vertiport_1': 20, 'Vertiport_2': 20, 'Vertiport_3': 20, 'Vertiport_4': 21, 'Vertiport_5': 20, 'Vertiport_6': 20, 'Vertiport_7': 20, 'Vertiport_8': 19, 'Vertiport_9': 20, 'Vertiport_10': 20}"
69,1160.0,384,16213.274841992015,578554.3358364472,"{'Vertiport_1': 20, 'Vertiport_2': 20, 'Vertiport_3': 22, 'Vertiport_4': 21, 'Vertiport_5': 20, 'Vertiport_6': 21, 'Vertiport_7': 20, 'Vertiport_8': 18, 'Vertiport_9': 20, 'Vertiport_10': 18}"
70,1191.0,395,16334.515029440023,594888.8508658872,"{'Vertiport_1': 20, 'Vertiport_2': 20, 'Vertiport_3': 19, 'Vertiport_4': 22, 'Vertiport_5': 20, 'Vertiport_6': 20, 'Vertiport_7': 20, 'Vertiport_8': 18, 'Vertiport_9': 20, 'Vertiport_10': 21}"
71,1200.0,398,17296.16810949603,612185.0189753833,"{'Vertiport_1': 20, 'Vertiport_2': 20, 'Vertiport_3': 18, 'Vertiport_4': 21, 'Vertiport_5': 20, 'Vertiport_6': 20, 'Vertiport_7': 20, 'Vertiport_8': 19, 'Vertiport_9': 20, 'Vertiport_10': 22}"
72,1262.0,418,17659.903653972025,629844.9226293552,"{'Vertiport_1': 20, 'Vertiport_2': 20, 'Vertiport_3': 19, 'Vertiport_4': 20, 'Vertiport_5': 20, 'Vertiport_6': 22, 'Vertiport_7': 20, 'Vertiport_8': 17, 'Vertiport_9': 21, 'Vertiport_10': 21}"
73,1196.0,398,16784.97440302801,646629.8970323832,"{'Vertiport_1': 20, 'Vertiport_2': 20, 'Vertiport_3': 20, 'Vertiport_4': 20, 'Vertiport_5': 20, 'Vertiport_6': 20, 'Vertiport_7': 20, 'Vertiport_8': 21, 'Vertiport_9': 19, 'Vertiport_10': 20}"
74,1215.0,403,17298.462241372028,663928.3592737552,"{'Vertiport_1': 20, 'Vertiport_2': 20, 'Vertiport_3': 20, 'Vertiport_4': 21, 'Vertiport_5': 20, 'Vertiport_6': 21, 'Vertiport_7': 20, 'Vertiport_8': 19, 'Vertiport_9': 19, 'Vertiport_10': 20}"
75,1236.0,410,16834.845869360015,680763.2051431153,"{'Vertiport_1': 20, 'Vertiport_2': 20, 'Vertiport_3': 20, 'Vertiport_4': 20, 'Vertiport_5': 20, 'Vertiport_6': 21, 'Vertiport_7': 20, 'Vertiport_8': 19, 'Vertiport_9': 20, 'Vertiport_10': 20}"
76,1254.0,414,17169.928450364012,697933.1335934793,"{'Vertiport_1': 20, 'Vertiport_2': 20, 'Vertiport_3': 22, 'Vertiport_4': 21, 'Vertiport_5': 20, 'Vertiport_6': 22, 'Vertiport_7': 20, 'Vertiport_8': 18, 'Vertiport_9': 19, 'Vertiport_10': 18}"
77,1300.0,428,18013.738166272036,715946.8717597513,"{'Vertiport_1': 20, 'Vertiport_2': 20, 'Vertiport_3': 21, 'Vertiport_4': 24, 'Vertiport_5': 20, 'Vertiport_6': 23, 'Vertiport_7': 20, 'Vertiport_8': 13, 'Vertiport_9': 20, 'Vertiport_10': 19}"
78,1232.0,408,16972.133035940034,732919.0047956913,"{'Vertiport_1': 20, 'Vertiport_2': 20, 'Vertiport_3': 20, 'Vertiport_4': 21, 'Vertiport_5': 20, 'Vertiport_6': 22, 'Vertiport_7': 20, 'Vertiport_8': 16, 'Vertiport_9': 21, 'Vertiport_10': 20}"
79,1261.0,419,17982.278153304025,750901.2829489954,"{'Vertiport_1': 20, 'Vertiport_2': 20, 'Vertiport_3': 21, 'Vertiport_4': 21, 'Vertiport_5': 20, 'Vertiport_6': 20, 'Vertiport_7': 20, 'Vertiport_8': 19, 'Vertiport_9': 20, 'Vertiport_10': 19}"
80,1320.0,438,18048.262000088034,768949.5449490834,"{'Vertiport_1': 20, 'Vertiport_2': 20, 'Vertiport_3': 19, 'Vertiport_4': 21, 'Vertiport_5': 20, 'Vertiport_6': 21, 'Vertiport_7': 20, 'Vertiport_8': 18, 'Vertiport_9': 20, 'Vertiport_10': 21}"
81,1360.0,452,18602.071534040017,787551.6164831234,"{'Vertiport_1': 20, 'Vertiport_2': 20, 'Vertiport_3': 20, 'Vertiport_4': 21, 'Vertiport_5': 20, 'Vertiport_6': 21, 'Vertiport_7': 20, 'Vertiport_8': 18, 'Vertiport_9': 20, 'Vertiport_10': 20}"
82,1400.0,464,20416.50092353202,807968.1174066555,"{'Vertiport_1': 20, 'Vertiport_2': 20, 'Vertiport_3': 19, 'Vertiport_4': 20, 'Vertiport_5': 20, 'Vertiport_6': 20, 'Vertiport_7': 20, 'Vertiport_8': 19, 'Vertiport_9': 21, 'Vertiport_10': 21}"
83,1445.0,481,20936.584744208005,828904.7021508635,"{'Vertiport_1': 20, 'Vertiport_2': 20, 'Vertiport_3': 20, 'Vertiport_4': 21, 'Vertiport_5': 20, 'Vertiport_6': 20, 'Vertiport_7': 20, 'Vertiport_8': 19, 'Vertiport_9': 20, 'Vertiport_10': 20}"
84,1259.0,417,17275.17832163204,846179.8804724956,"{'Vertiport_1': 20, 'Vertiport_2': 20, 'Vertiport_3': 21, 'Vertiport_4': 21, 'Vertiport_5': 20, 'Vertiport_6': 20, 'Vertiport_7': 20, 'Vertiport_8': 19, 'Vertiport_9': 20, 'Vertiport_10': 19}"
85,1243.0,411,17860.316974664027,864040.1974471596,"{'Vertiport_1': 20, 'Vertiport_2': 20, 'Vertiport_3': 19, 'Vertiport_4': 22, 'Vertiport_5': 20, 'Vertiport_6': 20, 'Vertiport_7': 20, 'Vertiport_8': 18, 'Vertiport_9': 20, 'Vertiport_10': 21}"
86,1262.0,418,17305.54077910803,881345.7382262676,"{'Vertiport_1': 20, 'Vertiport_2': 20, 'Vertiport_3': 20, 'Vertiport_4': 20, 'Vertiport_5': 20, 'Vertiport_6': 21, 'Vertiport_7': 20, 'Vertiport_8': 20, 'Vertiport_9': 19, 'Vertiport_10': 20}"
87,1293.0,431,17871.101132720025,899216.8393589876,"{'Vertiport_1': 20, 'Vertiport_2': 20, 'Vertiport_3': 20, 'Vertiport_4': 20, 'Vertiport_5': 20, 'Vertiport_6': 20, 'Vertiport_7': 20, 'Vertiport_8': 20, 'Vertiport_9': 20, 'Vertiport_10': 20}"
88,1221.0,405,16943.133060120024,916159.9724191077,"{'Vertiport_1': 20, 'Vertiport_2': 20, 'Vertiport_3': 20, 'Vertiport_4': 20, 'Vertiport_5': 20, 'Vertiport_6': 21, 'Vertiport_7': 20, 'Vertiport_8': 19, 'Vertiport_9': 20, 'Vertiport_10': 20}"
89,1105.0,367,15030.32846354401,931190.3008826517,"{'Vertiport_1': 20, 'Vertiport_2': 20, 'Vertiport_3': 20, 'Vertiport_4': 20, 'Vertiport_5': 20, 'Vertiport_6': 20, 'Vertiport_7': 20, 'Vertiport_8': 18, 'Vertiport_9': 22, 'Vertiport_10': 20}"
90,1079.0,357,15550.394789788004,946740.6956724398,"{'Vertiport_1': 20, 'Vertiport_2': 20, 'Vertiport_3': 19, 'Vertiport_4': 20, 'Vertiport_5': 20, 'Vertiport_6': 20, 'Vertiport_7': 20, 'Vertiport_8': 19, 'Vertiport_9': 21, 'Vertiport_10': 21}"
91,1089.0,363,15986.187364400013,962726.8830368398,"{'Vertiport_1': 20, 'Vertiport_2': 20, 'Vertiport_3': 20, 'Vertiport_4': 20, 'Vertiport_5': 20, 'Vertiport_6': 20, 'Vertiport_7': 20, 'Vertiport_8': 20, 'Vertiport_9': 20, 'Vertiport_10': 20}"
92,1219.0,403,17679.84361939602,980406.7266562358,"{'Vertiport_1': 20, 'Vertiport_2': 20, 'Vertiport_3': 17, 'Vertiport_4': 21, 'Vertiport_5': 20, 'Vertiport_6': 20, 'Vertiport_7': 20, 'Vertiport_8': 18, 'Vertiport_9': 21, 'Vertiport_10': 23}"
93,1068.0,354,15710.880983672012,996117.6076399077,"{'Vertiport_1': 20, 'Vertiport_2': 20, 'Vertiport_3': 19, 'Vertiport_4': 21, 'Vertiport_5': 20, 'Vertiport_6': 21, 'Vertiport_7': 20, 'Vertiport_8': 18, 'Vertiport_9': 20, 'Vertiport_10': 21}"
94,947.0,311,13635.40554458001,1009753.0131844877,"{'Vertiport_1': 20, 'Vertiport_2': 20, 'Vertiport_3': 19, 'Vertiport_4': 22, 'Vertiport_5': 20, 'Vertiport_6': 21, 'Vertiport_7': 20, 'Vertiport_8': 16, 'Vertiport_9': 21, 'Vertiport_10': 21}"
95,698.0,230,9705.340000871987,1019458.3531853597,"{'Vertiport_1': 20, 'Vertiport_2': 20, 'Vertiport_3': 19, 'Vertiport_4': 20, 'Vertiport_5': 20, 'Vertiport_6': 21, 'Vertiport_7': 20, 'Vertiport_8': 19, 'Vertiport_9': 20, 'Vertiport_10': 21}"
96,547.0,181,7408.064747591973,1026866.4179329517,"{'Vertiport_1': 20, 'Vertiport_2': 20, 'Vertiport_3': 20, 'Vertiport_4': 22, 'Vertiport_5': 20, 'Vertiport_6': 20, 'Vertiport_7': 20, 'Vertiport_8': 18, 'Vertiport_9': 20, 'Vertiport_10': 20}"
97,433.0,143,5749.064552823982,1032615.4824857757,"{'Vertiport_1': 20, 'Vertiport_2': 20, 'Vertiport_3': 20, 'Vertiport_4': 20, 'Vertiport_5': 20, 'Vertiport_6': 20, 'Vertiport_7': 20, 'Vertiport_8': 20, 'Vertiport_9': 20, 'Vertiport_10': 20}"
98,359.0,119,4939.792971207991,1037555.2754569837,"{'Vertiport_1': 20, 'Vertiport_2': 20, 'Vertiport_3': 20, 'Vertiport_4': 21, 'Vertiport_5': 20, 'Vertiport_6': 20, 'Vertiport_7': 20, 'Vertiport_8': 19, 'Vertiport_9': 20, 'Vertiport_10': 20}"
99,361.0,119,5869.941183671984,1043425.2166406556,"{'Vertiport_1': 20, 'Vertiport_2': 20, 'Vertiport_3': 19, 'Vertiport_4': 21, 'Vertiport_5': 20, 'Vertiport_6': 20, 'Vertiport_7': 20, 'Vertiport_8': 19, 'Vertiport_9': 20, 'Vertiport_10': 21}"
100,264.0,88,3889.4136455679986,1047314.6302862236,"{'Vertiport_1': 20, 'Vertiport_2': 20, 'Vertiport_3': 20, 'Vertiport_4': 20, 'Vertiport_5': 20, 'Vertiport_6': 20, 'Vertiport_7': 20, 'Vertiport_8': 20, 'Vertiport_9': 20, 'Vertiport_10': 20}"
101,255.0,85,3998.887552399997,1051313.5178386236,"{'Vertiport_1': 20, 'Vertiport_2': 20, 'Vertiport_3': 20, 'Vertiport_4': 20, 'Vertiport_5': 20, 'Vertiport_6': 20, 'Vertiport_7': 20, 'Vertiport_8': 20, 'Vertiport_9': 20, 'Vertiport_10': 20}"
102,216.0,72,3332.393552143999,1054645.9113907677,"{'Vertiport_1': 20, 'Vertiport_2': 20, 'Vertiport_3': 20, 'Vertiport_4': 20, 'Vertiport_5': 20, 'Vertiport_6': 20, 'Vertiport_7': 20, 'Vertiport_8': 20, 'Vertiport_9': 20, 'Vertiport_10': 20}"
103,214.0,70,3064.830539107999,1057710.7419298757,"{'Vertiport_1': 20, 'Vertiport_2': 20, 'Vertiport_3': 20, 'Vertiport_4': 21, 'Vertiport_5': 20, 'Vertiport_6': 20, 'Vertiport_7': 20, 'Vertiport_8': 18, 'Vertiport_9': 21, 'Vertiport_10': 20}"
104,238.0,78,3659.728310371997,1061370.4702402477,"{'Vertiport_1': 20, 'Vertiport_2': 20, 'Vertiport_3': 19, 'Vertiport_4': 20, 'Vertiport_5': 20, 'Vertiport_6': 20, 'Vertiport_7': 20, 'Vertiport_8': 19, 'Vertiport_9': 21, 'Vertiport_10': 21}"
105,153.0,51,2231.964962496,1063602.4352027436,"{'Vertiport_1': 20, 'Vertiport_2': 20, 'Vertiport_3': 20, 'Vertiport_4': 20, 'Vertiport_5': 20, 'Vertiport_6': 20, 'Vertiport_7': 20, 'Vertiport_8': 20, 'Vertiport_9': 20, 'Vertiport_10': 20}"
106,185.0,61,2542.5053437759993,1066144.9405465196,"{'Vertiport_1': 20, 'Vertiport_2': 20, 'Vertiport_3': 20, 'Vertiport_4': 20, 'Vertiport_5': 20, 'Vertiport_6': 21, 'Vertiport_7': 20, 'Vertiport_8': 19, 'Vertiport_9': 20, 'Vertiport_10': 20}"
107,179.0,59,2738.4359826399996,1068883.3765291595,"{'Vertiport_1': 20, 'Vertiport_2': 20, 'Vertiport_3': 19, 'Vertiport_4': 20, 'Vertiport_5': 20, 'Vertiport_6': 20, 'Vertiport_7': 20, 'Vertiport_8': 20, 'Vertiport_9': 20, 'Vertiport_10': 21}"
108,214.0,70,3064.211750343999,1071947.5882795034,"{'Vertiport_1': 20, 'Vertiport_2': 20, 'Vertiport_3': 20, 'Vertiport_4': 20, 'Vertiport_5': 20, 'Vertiport_6': 22, 'Vertiport_7': 20, 'Vertiport_8': 18, 'Vertiport_9': 20, 'Vertiport_10': 20}"
109,247.0,81,3288.9215391439984,1075236.5098186473,"{'Vertiport_1': 20, 'Vertiport_2': 20, 'Vertiport_3': 21, 'Vertiport_4': 20, 'Vertiport_5': 20, 'Vertiport_6': 21, 'Vertiport_7': 20, 'Vertiport_8': 19, 'Vertiport_9': 20, 'Vertiport_10': 19}"
110,328.0,108,4579.019454987992,1079815.5292736352,"{'Vertiport_1': 20, 'Vertiport_2': 20, 'Vertiport_3': 20, 'Vertiport_4': 21, 'Vertiport_5': 20, 'Vertiport_6': 20, 'Vertiport_7': 20, 'Vertiport_8': 18, 'Vertiport_9': 21, 'Vertiport_10': 20}"
111,424.0,140,6305.412665931979,1086120.9419395672,"{'Vertiport_1': 20, 'Vertiport_2': 20, 'Vertiport_3': 20, 'Vertiport_4': 21, 'Vertiport_5': 20, 'Vertiport_6': 20, 'Vertiport_7': 20, 'Vertiport_8': 18, 'Vertiport_9': 21, 'Vertiport_10': 20}"
112,476.0,158,6824.318644715978,1092945.2605842832,"{'Vertiport_1': 20, 'Vertiport_2': 20, 'Vertiport_3': 20, 'Vertiport_4': 20, 'Vertiport_5': 20, 'Vertiport_6': 20, 'Vertiport_7': 20, 'Vertiport_8': 19, 'Vertiport_9': 21, 'Vertiport_10': 20}"
113,529.0,175,7445.891814911973,1100391.1523991951,"{'Vertiport_1': 20, 'Vertiport_2': 20, 'Vertiport_3': 19, 'Vertiport_4': 21, 'Vertiport_5': 20, 'Vertiport_6': 20, 'Vertiport_7': 20, 'Vertiport_8': 19, 'Vertiport_9': 20, 'Vertiport_10': 21}"
114,641.0,213,8856.800816831974,1109247.953216027,"{'Vertiport_1': 20, 'Vertiport_2': 20, 'Vertiport_3': 20, 'Vertiport_4': 20, 'Vertiport_5': 20, 'Vertiport_6': 21, 'Vertiport_7': 20, 'Vertiport_8': 19, 'Vertiport_9': 20, 'Vertiport_10': 20}"
115,755.0,249,10088.76518590398,1119336.718401931,"{'Vertiport_1': 20, 'Vertiport_2': 20, 'Vertiport_3': 20, 'Vertiport_4': 21, 'Vertiport_5': 20, 'Vertiport_6': 23, 'Vertiport_7': 20, 'Vertiport_8': 16, 'Vertiport_9': 20, 'Vertiport_10': 20}"
116,741.0,247,10006.443553815989,1129343.161955747,"{'Vertiport_1': 20, 'Vertiport_2': 20, 'Vertiport_3': 20, 'Vertiport_4': 20, 'Vertiport_5': 20, 'Vertiport_6': 20, 'Vertiport_7': 20, 'Vertiport_8': 20, 'Vertiport_9': 20, 'Vertiport_10': 20}"
117,761.0,251,10337.545841983985,1139680.707797731,"{'Vertiport_1': 20, 'Vertiport_2': 20, 'Vertiport_3': 21, 'Vertiport_4': 22, 'Vertiport_5': 20, 'Vertiport_6': 21, 'Vertiport_7': 20, 'Vertiport_8': 17, 'Vertiport_9': 20, 'Vertiport_10': 19}"
118,737.0,245,9955.542823679982,1149636.250621411,"{'Vertiport_1': 20, 'Vertiport_2': 20, 'Vertiport_3': 20, 'Vertiport_4': 21, 'Vertiport_5': 20, 'Vertiport_6': 20, 'Vertiport_7': 20, 'Vertiport_8': 19, 'Vertiport_9': 20, 'Vertiport_10': 20}"
119,765.0,253,10376.180465291984,1160012.431086703,"{'Vertiport_1': 20, 'Vertiport_2': 20, 'Vertiport_3': 20, 'Vertiport_4': 21, 'Vertiport_5': 20, 'Vertiport_6': 21, 'Vertiport_7': 20, 'Vertiport_8': 17, 'Vertiport_9': 21, 'Vertiport_10': 20}"
120,723.0,239,9935.340453379984,1169947.771540083,"{'Vertiport_1': 20, 'Vertiport_2': 20, 'Vertiport_3': 19, 'Vertiport_4': 21, 'Vertiport_5': 20, 'Vertiport_6': 20, 'Vertiport_7': 20, 'Vertiport_8': 18, 'Vertiport_9': 21, 'Vertiport_10': 21}"
121,623.0,207,8871.186313455986,1178818.957853539,"{'Vertiport_1': 20, 'Vertiport_2': 20, 'Vertiport_3': 19, 'Vertiport_4': 20, 'Vertiport_5': 20, 'Vertiport_6': 20, 'Vertiport_7': 20, 'Vertiport_8': 20, 'Vertiport_9': 20, 'Vertiport_10': 21}"
122,616.0,204,8925.241937127983,1187744.1997906668,"{'Vertiport_1': 20, 'Vertiport_2': 20, 'Vertiport_3': 21, 'Vertiport_4': 20, 'Vertiport_5': 20, 'Vertiport_6': 21, 'Vertiport_7': 20, 'Vertiport_8': 19, 'Vertiport_9': 20, 'Vertiport_10': 19}"
123,637.0,211,8837.760859363974,1196581.9606500308,"{'Vertiport_1': 20, 'Vertiport_2': 20, 'Vertiport_3': 20, 'Vertiport_4': 21, 'Vertiport_5': 20, 'Vertiport_6': 20, 'Vertiport_7': 20, 'Vertiport_8': 18, 'Vertiport_9': 21, 'Vertiport_10': 20}"
124,634.0,210,9008.013052079978,1205589.9737021108,"{'Vertiport_1': 20, 'Vertiport_2': 20, 'Vertiport_3': 20, 'Vertiport_4': 21, 'Vertiport_5': 20, 'Vertiport_6': 21, 'Vertiport_7': 20, 'Vertiport_8': 18, 'Vertiport_9': 20, 'Vertiport_10': 20}"
125,543.0,179,7305.521183843973,1212895.4948859548,"{'Vertiport_1': 20, 'Vertiport_2': 20, 'Vertiport_3': 21, 'Vertiport_4': 20, 'Vertiport_5': 20, 'Vertiport_6': 21, 'Vertiport_7': 20, 'Vertiport_8': 18, 'Vertiport_9': 21, 'Vertiport_10': 19}"
126,600.0,198,8559.928775031973,1221455.4236609868,"{'Vertiport_1': 20, 'Vertiport_2': 20, 'Vertiport_3': 19, 'Vertiport_4': 21, 'Vertiport_5': 20, 'Vertiport_6': 21, 'Vertiport_7': 20, 'Vertiport_8': 18, 'Vertiport_9': 20, 'Vertiport_10': 21}"
127,694.0,230,10105.457011219985,1231560.8806722069,"{'Vertiport_1': 20, 'Vertiport_2': 20, 'Vertiport_3': 20, 'Vertiport_4': 21, 'Vertiport_5': 20, 'Vertiport_6': 20, 'Vertiport_7': 20, 'Vertiport_8': 18, 'Vertiport_9': 21, 'Vertiport_10': 20}"
128,678.0,224,9736.966544135985,1241297.8472163428,"{'Vertiport_1': 20, 'Vertiport_2': 20, 'Vertiport_3': 19, 'Vertiport_4': 21, 'Vertiport_5': 20, 'Vertiport_6': 21, 'Vertiport_7': 20, 'Vertiport_8': 18, 'Vertiport_9': 20, 'Vertiport_10': 21}"
129,751.0,249,10604.109441627976,1251901.9566579708,"{'Vertiport_1': 20, 'Vertiport_2': 20, 'Vertiport_3': 21, 'Vertiport_4': 20, 'Vertiport_5': 20, 'Vertiport_6': 20, 'Vertiport_7': 20, 'Vertiport_8': 19, 'Vertiport_9': 21, 'Vertiport_10': 19}"
130,739.0,245,10307.109306535993,1262209.0659645067,"{'Vertiport_1': 20, 'Vertiport_2': 20, 'Vertiport_3': 20, 'Vertiport_4': 20, 'Vertiport_5': 20, 'Vertiport_6': 20, 'Vertiport_7': 20, 'Vertiport_8': 20, 'Vertiport_9': 20, 'Vertiport_10': 20}"
131,783.0,261,11417.072195143983,1273626.1381596506,"{'Vertiport_1': 20, 'Vertiport_2': 20, 'Vertiport_3': 20, 'Vertiport_4': 20, 'Vertiport_5': 20, 'Vertiport_6': 20, 'Vertiport_7': 20, 'Vertiport_8': 20, 'Vertiport_9': 20, 'Vertiport_10': 20}"
132,785.0,261,11452.14727304799,1285078.2854326987,"{'Vertiport_1': 20, 'Vertiport_2': 20, 'Vertiport_3': 19, 'Vertiport_4': 20, 'Vertiport_5': 20, 'Vertiport_6': 20, 'Vertiport_7': 20, 'Vertiport_8': 20, 'Vertiport_9': 20, 'Vertiport_10': 21}"
133,770.0,256,10980.12748723199,1296058.4129199306,"{'Vertiport_1': 20, 'Vertiport_2': 20, 'Vertiport_3': 19, 'Vertiport_4': 20, 'Vertiport_5': 20, 'Vertiport_6': 20, 'Vertiport_7': 20, 'Vertiport_8': 20, 'Vertiport_9': 20, 'Vertiport_10': 21}"
134,732.0,244,9757.538109191986,1305815.9510291226,"{'Vertiport_1': 20, 'Vertiport_2': 20, 'Vertiport_3': 20, 'Vertiport_4': 20, 'Vertiport_5': 20, 'Vertiport_6': 20, 'Vertiport_7': 20, 'Vertiport_8': 20, 'Vertiport_9': 20, 'Vertiport_10': 20}"
135,709.0,235,10102.506445079987,1315918.4574742026,"{'Vertiport_1': 20, 'Vertiport_2': 20, 'Vertiport_3': 22, 'Vertiport_4': 20, 'Vertiport_5': 20, 'Vertiport_6': 20, 'Vertiport_7': 20, 'Vertiport_8': 20, 'Vertiport_9': 20, 'Vertiport_10': 18}"
136,747.0,249,10381.06086777599,1326299.5183419785,"{'Vertiport_1': 20, 'Vertiport_2': 20, 'Vertiport_3': 20, 'Vertiport_4': 20, 'Vertiport_5': 20, 'Vertiport_6': 20, 'Vertiport_7': 20, 'Vertiport_8': 20, 'Vertiport_9': 20, 'Vertiport_10': 20}"
137,806.0,268,11796.292234303994,1338095.8105762824,"{'Vertiport_1': 20, 'Vertiport_2': 20, 'Vertiport_3': 21, 'Vertiport_4': 20, 'Vertiport_5': 20, 'Vertiport_6': 20, 'Vertiport_7': 20, 'Vertiport_8': 20, 'Vertiport_9': 20, 'Vertiport_10': 19}"
138,756.0,252,10149.565021167986,1348245.3755974504,"{'Vertiport_1': 20, 'Vertiport_2': 20, 'Vertiport_3': 20, 'Vertiport_4': 20, 'Vertiport_5': 20, 'Vertiport_6': 20, 'Vertiport_7': 20, 'Vertiport_8': 20, 'Vertiport_9': 20, 'Vertiport_10': 20}"
139,674.0,224,9773.25416616798,1358018.6297636183,"{'Vertiport_1': 20, 'Vertiport_2': 20, 'Vertiport_3': 21, 'Vertiport_4': 20, 'Vertiport_5': 20, 'Vertiport_6': 20, 'Vertiport_7': 20, 'Vertiport_8': 20, 'Vertiport_9': 20, 'Vertiport_10': 19}"
140,799.0,265,11923.872998799989,1369942.5027624182,"{'Vertiport_1': 20, 'Vertiport_2': 20, 'Vertiport_3': 22, 'Vertiport_4': 20, 'Vertiport_5': 20, 'Vertiport_6': 20, 'Vertiport_7': 20, 'Vertiport_8': 20, 'Vertiport_9': 20, 'Vertiport_10': 18}"
141,766.0,254,11196.334410999996,1381138.8371734181,"{'Vertiport_1': 20, 'Vertiport_2': 20, 'Vertiport_3': 22, 'Vertiport_4': 20, 'Vertiport_5': 20, 'Vertiport_6': 20, 'Vertiport_7': 20, 'Vertiport_8': 20, 'Vertiport_9': 20, 'Vertiport_10': 18}"
142,748.0,248,10933.706930519997,1392072.5441039382,"{'Vertiport_1': 20, 'Vertiport_2': 20, 'Vertiport_3': 22, 'Vertiport_4': 20, 'Vertiport_5': 20, 'Vertiport_6': 20, 'Vertiport_7': 20, 'Vertiport_8': 20, 'Vertiport_9': 20, 'Vertiport_10': 18}"
143,807.0,269,10644.343587303993,1402716.8876912422,"{'Vertiport_1': 20, 'Vertiport_2': 20, 'Vertiport_3': 20, 'Vertiport_4': 20, 'Vertiport_5': 20, 'Vertiport_6': 20, 'Vertiport_7': 20, 'Vertiport_8': 20, 'Vertiport_9': 20, 'Vertiport_10': 20}"
144,827.0,275,11617.809687695988,1414334.697378938,"{'Vertiport_1': 20, 'Vertiport_2': 20, 'Vertiport_3': 21, 'Vertiport_4': 20, 'Vertiport_5': 20, 'Vertiport_6': 20, 'Vertiport_7': 20, 'Vertiport_8': 20, 'Vertiport_9': 20, 'Vertiport_10': 19}"
145,677.0,225,9588.88336132798,1423923.580740266,"{'Vertiport_1': 20, 'Vertiport_2': 20, 'Vertiport_3': 21, 'Vertiport_4': 20, 'Vertiport_5': 20, 'Vertiport_6': 20, 'Vertiport_7': 20, 'Vertiport_8': 20, 'Vertiport_9': 20, 'Vertiport_10': 19}"
146,669.0,223,9563.473650383981,1433487.05439065,"{'Vertiport_1': 20, 'Vertiport_2': 20, 'Vertiport_3': 20, 'Vertiport_4': 20, 'Vertiport_5': 20, 'Vertiport_6': 20, 'Vertiport_7': 20, 'Vertiport_8': 20, 'Vertiport_9': 20, 'Vertiport_10': 20}"
147,735.0,245,10248.820604951987,1443735.874995602,"{'Vertiport_1': 20, 'Vertiport_2': 20, 'Vertiport_3': 20, 'Vertiport_4': 20, 'Vertiport_5': 20, 'Vertiport_6': 20, 'Vertiport_7': 20, 'Vertiport_8': 20, 'Vertiport_9': 20, 'Vertiport_10': 20}"
148,690.0,230,9413.917512887985,1453149.7925084902,"{'Vertiport_1': 20, 'Vertiport_2': 20, 'Vertiport_3': 20, 'Vertiport_4': 20, 'Vertiport_5': 20, 'Vertiport_6': 20, 'Vertiport_7': 20, 'Vertiport_8': 20, 'Vertiport_9': 20, 'Vertiport_10': 20}"
149,677.0,225,9172.34190149598,1462322.1344099862,"{'Vertiport_1': 20, 'Vertiport_2': 20, 'Vertiport_3': 21, 'Vertiport_4': 20, 'Vertiport_5': 20, 'Vertiport_6': 20, 'Vertiport_7': 20, 'Vertiport_8': 20, 'Vertiport_9': 20, 'Vertiport_10': 19}"
150,630.0,210,8863.152033759976,1471185.2864437462,"{'Vertiport_1': 20, 'Vertiport_2': 20, 'Vertiport_3': 20, 'Vertiport_4': 20, 'Vertiport_5': 20, 'Vertiport_6': 20, 'Vertiport_7': 20, 'Vertiport_8': 20, 'Vertiport_9': 20, 'Vertiport_10': 20}"
151,684.0,228,9461.839845287981,1480647.1262890343,"{'Vertiport_1': 20, 'Vertiport_2': 20, 'Vertiport_3': 20, 'Vertiport_4': 20, 'Vertiport_5': 20, 'Vertiport_6': 20, 'Vertiport_7': 20, 'Vertiport_8': 20, 'Vertiport_9': 20, 'Vertiport_10': 20}"
152,537.0,179,7976.539458463969,1488623.6657474982,"{'Vertiport_1': 20, 'Vertiport_2': 20, 'Vertiport_3': 20, 'Vertiport_4': 20, 'Vertiport_5': 20, 'Vertiport_6': 20, 'Vertiport_7': 20, 'Vertiport_8': 20, 'Vertiport_9': 20, 'Vertiport_10': 20}"
153,594.0,198,7916.167017791964,1496539.83276529,"{'Vertiport_1': 20, 'Vertiport_2': 20, 'Vertiport_3': 20, 'Vertiport_4': 20, 'Vertiport_5': 20, 'Vertiport_6': 20, 'Vertiport_7': 20, 'Vertiport_8': 20, 'Vertiport_9': 20, 'Vertiport_10': 20}"
154,633.0,211,9239.70750167197,1505779.540266962,"{'Vertiport_1': 20, 'Vertiport_2': 20, 'Vertiport_3': 20, 'Vertiport_4': 20, 'Vertiport_5': 20, 'Vertiport_6': 20, 'Vertiport_7': 20, 'Vertiport_8': 20, 'Vertiport_9': 20, 'Vertiport_10': 20}"
155,690.0,230,9925.62870246399,1515705.168969426,"{'Vertiport_1': 20, 'Vertiport_2': 20, 'Vertiport_3': 20, 'Vertiport_4': 20, 'Vertiport_5': 20, 'Vertiport_6': 20, 'Vertiport_7': 20, 'Vertiport_8': 20, 'Vertiport_9': 20, 'Vertiport_10': 20}"
156,783.0,261,11116.223589351981,1526821.392558778,"{'Vertiport_1': 20, 'Vertiport_2': 20, 'Vertiport_3': 20, 'Vertiport_4': 20, 'Vertiport_5': 20, 'Vertiport_6': 20, 'Vertiport_7': 20, 'Vertiport_8': 20, 'Vertiport_9': 20, 'Vertiport_10': 20}"
157,747.0,249,10332.361087335985,1537153.753646114,"{'Vertiport_1': 20, 'Vertiport_2': 20, 'Vertiport_3': 20, 'Vertiport_4': 20, 'Vertiport_5': 20, 'Vertiport_6': 20, 'Vertiport_7': 20, 'Vertiport_8': 20, 'Vertiport_9': 20, 'Vertiport_10': 20}"
158,828.0,276,11832.47955040799,1548986.2331965219,"{'Vertiport_1': 20, 'Vertiport_2': 20, 'Vertiport_3': 20, 'Vertiport_4': 20, 'Vertiport_5': 20, 'Vertiport_6': 20, 'Vertiport_7': 20, 'Vertiport_8': 20, 'Vertiport_9': 20, 'Vertiport_10': 20}"
159,837.0,279,11831.223851087994,1560817.4570476098,"{'Vertiport_1': 20, 'Vertiport_2': 20, 'Vertiport_3': 20, 'Vertiport_4': 20, 'Vertiport_5': 20, 'Vertiport_6': 20, 'Vertiport_7': 20, 'Vertiport_8': 20, 'Vertiport_9': 20, 'Vertiport_10': 20}"
160,863.0,287,12744.956515951995,1573562.4135635619,"{'Vertiport_1': 20, 'Vertiport_2': 20, 'Vertiport_3': 21, 'Vertiport_4': 20, 'Vertiport_5': 20, 'Vertiport_6': 20, 'Vertiport_7': 20, 'Vertiport_8': 20, 'Vertiport_9': 20, 'Vertiport_10': 19}"
161,891.0,297,13221.788190536006,1586784.2017540978,"{'Vertiport_1': 20, 'Vertiport_2': 20, 'Vertiport_3': 20, 'Vertiport_4': 20, 'Vertiport_5': 20, 'Vertiport_6': 20, 'Vertiport_7': 20, 'Vertiport_8': 20, 'Vertiport_9': 20, 'Vertiport_10': 20}"
162,866.0,288,12102.744179007996,1598886.945933106,"{'Vertiport_1': 20, 'Vertiport_2': 20, 'Vertiport_3': 21, 'Vertiport_4': 20, 'Vertiport_5': 20, 'Vertiport_6': 20, 'Vertiport_7': 20, 'Vertiport_8': 20, 'Vertiport_9': 20, 'Vertiport_10': 19}"
163,783.0,261,11340.155347007982,1610227.101280114,"{'Vertiport_1': 20, 'Vertiport_2': 20, 'Vertiport_3': 20, 'Vertiport_4': 20, 'Vertiport_5': 20, 'Vertiport_6': 20, 'Vertiport_7': 20, 'Vertiport_8': 20, 'Vertiport_9': 20, 'Vertiport_10': 20}"
164,951.0,317,13272.884319744004,1623499.985599858,"{'Vertiport_1': 20, 'Vertiport_2': 20, 'Vertiport_3': 20, 'Vertiport_4': 20, 'Vertiport_5': 20, 'Vertiport_6': 20, 'Vertiport_7': 20, 'Vertiport_8': 20, 'Vertiport_9': 20, 'Vertiport_10': 20}"
165,861.0,287,11864.11339556799,1635364.098995426,"{'Vertiport_1': 20, 'Vertiport_2': 20, 'Vertiport_3': 20, 'Vertiport_4': 20, 'Vertiport_5': 20, 'Vertiport_6': 20, 'Vertiport_7': 20, 'Vertiport_8': 20, 'Vertiport_9': 20, 'Vertiport_10': 20}"
166,801.0,267,10866.619285783994,1646230.71828121,"{'Vertiport_1': 20, 'Vertiport_2': 20, 'Vertiport_3': 20, 'Vertiport_4': 20, 'Vertiport_5': 20, 'Vertiport_6': 20, 'Vertiport_7': 20, 'Vertiport_8': 20, 'Vertiport_9': 20, 'Vertiport_10': 20}"
167,798.0,266,12043.453986383993,1658274.172267594,"{'Vertiport_1': 20, 'Vertiport_2': 20, 'Vertiport_3': 20, 'Vertiport_4': 20, 'Vertiport_5': 20, 'Vertiport_6': 20, 'Vertiport_7': 20, 'Vertiport_8': 20, 'Vertiport_9': 20, 'Vertiport_10': 20}"
168,783.0,261,11515.725681767986,1669789.897949362,"{'Vertiport_1': 20, 'Vertiport_2': 20, 'Vertiport_3': 20, 'Vertiport_4': 20, 'Vertiport_5': 20, 'Vertiport_6': 20, 'Vertiport_7': 20, 'Vertiport_8': 20, 'Vertiport_9': 20, 'Vertiport_10': 20}"
169,822.0,274,12088.748802951986,1681878.646752314,"{'Vertiport_1': 20, 'Vertiport_2': 20, 'Vertiport_3': 20, 'Vertiport_4': 20, 'Vertiport_5': 20, 'Vertiport_6': 20, 'Vertiport_7': 20, 'Vertiport_8': 20, 'Vertiport_9': 20, 'Vertiport_10': 20}"
170,789.0,263,12023.373707200019,1693902.0204595139,"{'Vertiport_1': 20, 'Vertiport_2': 20, 'Vertiport_3': 20, 'Vertiport_4': 20, 'Vertiport_5': 20, 'Vertiport_6': 20, 'Vertiport_7': 20, 'Vertiport_8': 20, 'Vertiport_9': 20, 'Vertiport_10': 20}"
171,783.0,261,10653.432350391975,1704555.4528099059,"{'Vertiport_1': 20, 'Vertiport_2': 20, 'Vertiport_3': 20, 'Vertiport_4': 20, 'Vertiport_5': 20, 'Vertiport_6': 20, 'Vertiport_7': 20, 'Vertiport_8': 20, 'Vertiport_9': 20, 'Vertiport_10': 20}"
172,819.0,273,12318.68894678401,1716874.1417566899,"{'Vertiport_1': 20, 'Vertiport_2': 20, 'Vertiport_3': 20, 'Vertiport_4': 20, 'Vertiport_5': 20, 'Vertiport_6': 20, 'Vertiport_7': 20, 'Vertiport_8': 20, 'Vertiport_9': 20, 'Vertiport_10': 20}"
173,726.0,242,10384.525788775989,1727258.6675454658,"{'Vertiport_1': 20, 'Vertiport_2': 20, 'Vertiport_3': 20, 'Vertiport_4': 20, 'Vertiport_5': 20, 'Vertiport_6': 20, 'Vertiport_7': 20, 'Vertiport_8': 20, 'Vertiport_9': 20, 'Vertiport_10': 20}"
174,783.0,261,11086.057351319987,1738344.7248967858,"{'Vertiport_1': 20, 'Vertiport_2': 20, 'Vertiport_3': 20, 'Vertiport_4': 20, 'Vertiport_5': 20, 'Vertiport_6': 20, 'Vertiport_7': 20, 'Vertiport_8': 20, 'Vertiport_9': 20, 'Vertiport_10': 20}"
175,750.0,250,10770.73859083199,1749115.463487618,"{'Vertiport_1': 20, 'Vertiport_2': 20, 'Vertiport_3': 20, 'Vertiport_4': 20, 'Vertiport_5': 20, 'Vertiport_6': 20, 'Vertiport_7': 20, 'Vertiport_8': 20, 'Vertiport_9': 20, 'Vertiport_10': 20}"
176,720.0,240,10812.164409231984,1759927.62789685,"{'Vertiport_1': 20, 'Vertiport_2': 20, 'Vertiport_3': 20, 'Vertiport_4': 20, 'Vertiport_5': 20, 'Vertiport_6': 20, 'Vertiport_7': 20, 'Vertiport_8': 20, 'Vertiport_9': 20, 'Vertiport_10': 20}"
177,711.0,237,10174.407363535978,1770102.035260386,"{'Vertiport_1': 20, 'Vertiport_2': 20, 'Vertiport_3': 20, 'Vertiport_4': 20, 'Vertiport_5': 20, 'Vertiport_6': 20, 'Vertiport_7': 20, 'Vertiport_8': 20, 'Vertiport_9': 20, 'Vertiport_10': 20}"
178,657.0,219,9629.515925135987,1779731.551185522,"{'Vertiport_1': 20, 'Vertiport_2': 20, 'Vertiport_3': 20, 'Vertiport_4': 20, 'Vertiport_5': 20, 'Vertiport_6': 20, 'Vertiport_7': 20, 'Vertiport_8': 20, 'Vertiport_9': 20, 'Vertiport_10': 20}"
179,525.0,175,7777.586319239968,1787509.137504762,"{'Vertiport_1': 20, 'Vertiport_2': 20, 'Vertiport_3': 20, 'Vertiport_4': 20, 'Vertiport_5': 20, 'Vertiport_6': 20, 'Vertiport_7': 20, 'Vertiport_8': 20, 'Vertiport_9': 20, 'Vertiport_10': 20}"
180,477.0,159,6517.539007775975,1794026.676512538,"{'Vertiport_1': 20, 'Vertiport_2': 20, 'Vertiport_3': 20, 'Vertiport_4': 20, 'Vertiport_5': 20, 'Vertiport_6': 20, 'Vertiport_7': 20, 'Vertiport_8': 20, 'Vertiport_9': 20, 'Vertiport_10': 20}"
181,453.0,151,6604.317556151975,1800630.9940686899,"{'Vertiport_1': 20, 'Vertiport_2': 20, 'Vertiport_3': 20, 'Vertiport_4': 20, 'Vertiport_5': 20, 'Vertiport_6': 20, 'Vertiport_7': 20, 'Vertiport_8': 20, 'Vertiport_9': 20, 'Vertiport_10': 20}"
182,498.0,166,7156.604218151969,1807787.5982868418,"{'Vertiport_1': 20, 'Vertiport_2': 20, 'Vertiport_3': 20, 'Vertiport_4': 20, 'Vertiport_5': 20, 'Vertiport_6': 20, 'Vertiport_7': 20, 'Vertiport_8': 20, 'Vertiport_9': 20, 'Vertiport_10': 20}"
183,504.0,168,7447.247217639972,1815234.8455044818,"{'Vertiport_1': 20, 'Vertiport_2': 20, 'Vertiport_3': 20, 'Vertiport_4': 20, 'Vertiport_5': 20, 'Vertiport_6': 20, 'Vertiport_7': 20, 'Vertiport_8': 20, 'Vertiport_9': 20, 'Vertiport_10': 20}"
184,438.0,146,6690.417501639977,1821925.2630061219,"{'Vertiport_1': 20, 'Vertiport_2': 20, 'Vertiport_3': 20, 'Vertiport_4': 20, 'Vertiport_5': 20, 'Vertiport_6': 20, 'Vertiport_7': 20, 'Vertiport_8': 20, 'Vertiport_9': 20, 'Vertiport_10': 20}"
185,348.0,116,5042.892543231987,1826968.155549354,"{'Vertiport_1': 20, 'Vertiport_2': 20, 'Vertiport_3': 20, 'Vertiport_4': 20, 'Vertiport_5': 20, 'Vertiport_6': 20, 'Vertiport_7': 20, 'Vertiport_8': 20, 'Vertiport_9': 20, 'Vertiport_10': 20}"
186,279.0,93,4105.824872839995,1831073.9804221939,"{'Vertiport_1': 20, 'Vertiport_2': 20, 'Vertiport_3': 20, 'Vertiport_4': 20, 'Vertiport_5': 20, 'Vertiport_6': 20, 'Vertiport_7': 20, 'Vertiport_8': 20, 'Vertiport_9': 20, 'Vertiport_10': 20}"
187,318.0,106,4759.611670751993,1835833.592092946,"{'Vertiport_1': 20, 'Vertiport_2': 20, 'Vertiport_3': 20, 'Vertiport_4': 20, 'Vertiport_5': 20, 'Vertiport_6': 20, 'Vertiport_7': 20, 'Vertiport_8': 20, 'Vertiport_9': 20, 'Vertiport_10': 20}"
188,333.0,111,5157.2406385119875,1840990.832731458,"{'Vertiport_1': 20, 'Vertiport_2': 20, 'Vertiport_3': 20, 'Vertiport_4': 20, 'Vertiport_5': 20, 'Vertiport_6': 20, 'Vertiport_7': 20, 'Vertiport_8': 20, 'Vertiport_9': 20, 'Vertiport_10': 20}"
189,297.0,99,3873.3930353919955,1844864.22576685,"{'Vertiport_1': 20, 'Vertiport_2': 20, 'Vertiport_3': 20, 'Vertiport_4': 20, 'Vertiport_5': 20, 'Vertiport_6': 20, 'Vertiport_7': 20, 'Vertiport_8': 20, 'Vertiport_9': 20, 'Vertiport_10': 20}"
190,240.0,80,3886.8408921039972,1848751.066658954,"{'Vertiport_1': 20, 'Vertiport_2': 20, 'Vertiport_3': 20, 'Vertiport_4': 20, 'Vertiport_5': 20, 'Vertiport_6': 20, 'Vertiport_7': 20, 'Vertiport_8': 20, 'Vertiport_9': 20, 'Vertiport_10': 20}"
191,147.0,49,2288.0425917919997,1851039.109250746,"{'Vertiport_1': 20, 'Vertiport_2': 20, 'Vertiport_3': 20, 'Vertiport_4': 20, 'Vertiport_5': 20, 'Vertiport_6': 20, 'Vertiport_7': 20, 'Vertiport_8': 20, 'Vertiport_9': 20, 'Vertiport_10': 20}"
192,105.0,35,1597.7706232080004,1852636.879873954,"{'Vertiport_1': 20, 'Vertiport_2': 20, 'Vertiport_3': 20, 'Vertiport_4': 20, 'Vertiport_5': 20, 'Vertiport_6': 20, 'Vertiport_7': 20, 'Vertiport_8': 20, 'Vertiport_9': 20, 'Vertiport_10': 20}"
193,126.0,42,1767.5563463600004,1854404.436220314,"{'Vertiport_1': 20, 'Vertiport_2': 20, 'Vertiport_3': 20, 'Vertiport_4': 20, 'Vertiport_5': 20, 'Vertiport_6': 20, 'Vertiport_7': 20, 'Vertiport_8': 20, 'Vertiport_9': 20, 'Vertiport_10': 20}"
194,120.0,40,1922.1514359200005,1856326.587656234,"{'Vertiport_1': 20, 'Vertiport_2': 20, 'Vertiport_3': 20, 'Vertiport_4': 20, 'Vertiport_5': 20, 'Vertiport_6': 20, 'Vertiport_7': 20, 'Vertiport_8': 20, 'Vertiport_9': 20, 'Vertiport_10': 20}"
195,132.0,44,1893.079337848,1858219.6669940818,"{'Vertiport_1': 20, 'Vertiport_2': 20, 'Vertiport_3': 20, 'Vertiport_4': 20, 'Vertiport_5': 20, 'Vertiport_6': 20, 'Vertiport_7': 20, 'Vertiport_8': 20, 'Vertiport_9': 20, 'Vertiport_10': 20}"
196,147.0,49,1985.664720624,1860205.3317147058,"{'Vertiport_1': 20, 'Vertiport_2': 20, 'Vertiport_3': 20, 'Vertiport_4': 20, 'Vertiport_5': 20, 'Vertiport_6': 20, 'Vertiport_7': 20, 'Vertiport_8': 20, 'Vertiport_9': 20, 'Vertiport_10': 20}"
197,141.0,47,2288.0061210639997,1862493.3378357699,"{'Vertiport_1': 20, 'Vertiport_2': 20, 'Vertiport_3': 20, 'Vertiport_4': 20, 'Vertiport_5': 20, 'Vertiport_6': 20, 'Vertiport_7': 20, 'Vertiport_8': 20, 'Vertiport_9': 20, 'Vertiport_10': 20}"
198,168.0,56,2684.8395121199997,1865178.1773478899,"{'Vertiport_1': 20, 'Vertiport_2': 20, 'Vertiport_3': 20, 'Vertiport_4': 20, 'Vertiport_5': 20, 'Vertiport_6': 20, 'Vertiport_7': 20, 'Vertiport_8': 20, 'Vertiport_9': 20, 'Vertiport_10': 20}"
199,210.0,70,3233.3863136239993,1868411.5636615139,"{'Vertiport_1': 20, 'Vertiport_2': 20, 'Vertiport_3': 20, 'Vertiport_4': 20, 'Vertiport_5': 20, 'Vertiport_6': 20, 'Vertiport_7': 20, 'Vertiport_8': 20, 'Vertiport_9': 20, 'Vertiport_10': 20}"
200,201.0,67,2927.4862813839986,1871339.0499428979,"{'Vertiport_1': 20, 'Vertiport_2': 20, 'Vertiport_3': 20, 'Vertiport_4': 20, 'Vertiport_5': 20, 'Vertiport_6': 20, 'Vertiport_7': 20, 'Vertiport_8': 20, 'Vertiport_9': 20, 'Vertiport_10': 20}"
201,156.0,52,2748.2592334000005,1874087.3091762979,"{'Vertiport_1': 20, 'Vertiport_2': 20, 'Vertiport_3': 20, 'Vertiport_4': 20, 'Vertiport_5': 20, 'Vertiport_6': 20, 'Vertiport_7': 20, 'Vertiport_8': 20, 'Vertiport_9': 20, 'Vertiport_10': 20}"
202,204.0,68,3056.422662607999,1877143.731838906,"{'Vertiport_1': 20, 'Vertiport_2': 20, 'Vertiport_3': 20, 'Vertiport_4': 20, 'Vertiport_5': 20, 'Vertiport_6': 20, 'Vertiport_7': 20, 'Vertiport_8': 20, 'Vertiport_9': 20, 'Vertiport_10': 20}"
203,258.0,86,3513.5900630879983,1880657.321901994,"{'Vertiport_1': 20, 'Vertiport_2': 20, 'Vertiport_3': 20, 'Vertiport_4': 20, 'Vertiport_5': 20, 'Vertiport_6': 20, 'Vertiport_7': 20, 'Vertiport_8': 20, 'Vertiport_9': 20, 'Vertiport_10': 20}"
204,321.0,107,4447.559277511991,1885104.881179506,"{'Vertiport_1': 20, 'Vertiport_2': 20, 'Vertiport_3': 20, 'Vertiport_4': 20, 'Vertiport_5': 20, 'Vertiport_6': 20, 'Vertiport_7': 20, 'Vertiport_8': 20, 'Vertiport_9': 20, 'Vertiport_10': 20}"
205,324.0,108,4689.488296175993,1889794.369475682,"{'Vertiport_1': 20, 'Vertiport_2': 20, 'Vertiport_3': 20, 'Vertiport_4': 20, 'Vertiport_5': 20, 'Vertiport_6': 20, 'Vertiport_7': 20, 'Vertiport_8': 20, 'Vertiport_9': 20, 'Vertiport_10': 20}"
206,333.0,111,4613.729385975993,1894408.098861658,"{'Vertiport_1': 20, 'Vertiport_2': 20, 'Vertiport_3': 20, 'Vertiport_4': 20, 'Vertiport_5': 20, 'Vertiport_6': 20, 'Vertiport_7': 20, 'Vertiport_8': 20, 'Vertiport_9': 20, 'Vertiport_10': 20}"
207,384.0,128,6347.2650275439755,1900755.363889202,"{'Vertiport_1': 20, 'Vertiport_2': 20, 'Vertiport_3': 20, 'Vertiport_4': 20, 'Vertiport_5': 20, 'Vertiport_6': 20, 'Vertiport_7': 20, 'Vertiport_8': 20, 'Vertiport_9': 20, 'Vertiport_10': 20}"
208,438.0,146,6482.724453535976,1907238.0883427379,"{'Vertiport_1': 20, 'Vertiport_2': 20, 'Vertiport_3': 20, 'Vertiport_4': 20, 'Vertiport_5': 20, 'Vertiport_6': 20, 'Vertiport_7': 20, 'Vertiport_8': 20, 'Vertiport_9': 20, 'Vertiport_10': 20}"
209,423.0,141,6221.30424246398,1913459.392585202,"{'Vertiport_1': 20, 'Vertiport_2': 20, 'Vertiport_3': 20, 'Vertiport_4': 20, 'Vertiport_5': 20, 'Vertiport_6': 20, 'Vertiport_7': 20, 'Vertiport_8': 20, 'Vertiport_9': 20, 'Vertiport_10': 20}"
210,456.0,152,6785.056341519977,1920244.448926722,"{'Vertiport_1': 20, 'Vertiport_2': 20, 'Vertiport_3': 20, 'Vertiport_4': 20, 'Vertiport_5': 20, 'Vertiport_6': 20, 'Vertiport_7': 20, 'Vertiport_8': 20, 'Vertiport_9': 20, 'Vertiport_10': 20}"
211,504.0,168,7187.235573727972,1927431.6845004498,"{'Vertiport_1': 20, 'Vertiport_2': 20, 'Vertiport_3': 20, 'Vertiport_4': 20, 'Vertiport_5': 20, 'Vertiport_6': 20, 'Vertiport_7': 20, 'Vertiport_8': 20, 'Vertiport_9': 20, 'Vertiport_10': 20}"
212,615.0,205,9252.927015391982,1936684.6115158417,"{'Vertiport_1': 20, 'Vertiport_2': 20, 'Vertiport_3': 20, 'Vertiport_4': 20, 'Vertiport_5': 20, 'Vertiport_6': 20, 'Vertiport_7': 20, 'Vertiport_8': 20, 'Vertiport_9': 20, 'Vertiport_10': 20}"
213,576.0,192,8764.695017751981,1945449.3065335937,"{'Vertiport_1': 20, 'Vertiport_2': 20, 'Vertiport_3': 20, 'Vertiport_4': 20, 'Vertiport_5': 20, 'Vertiport_6': 20, 'Vertiport_7': 20, 'Vertiport_8': 20, 'Vertiport_9': 20, 'Vertiport_10': 20}"
214,630.0,210,9489.917390135988,1954939.2239237297,"{'Vertiport_1': 20, 'Vertiport_2': 20, 'Vertiport_3': 20, 'Vertiport_4': 20, 'Vertiport_5': 20, 'Vertiport_6': 20, 'Vertiport_7': 20, 'Vertiport_8': 20, 'Vertiport_9': 20, 'Vertiport_10': 20}"
215,663.0,221,9667.689150919976,1964606.9130746496,"{'Vertiport_1': 20, 'Vertiport_2': 20, 'Vertiport_3': 20, 'Vertiport_4': 20, 'Vertiport_5': 20, 'Vertiport_6': 20, 'Vertiport_7': 20, 'Vertiport_8': 20, 'Vertiport_9': 20, 'Vertiport_10': 20}"
216,741.0,247,10540.657739847982,1975147.5708144975,"{'Vertiport_1': 20, 'Vertiport_2': 20, 'Vertiport_3': 20, 'Vertiport_4': 20, 'Vertiport_5': 20, 'Vertiport_6': 20, 'Vertiport_7': 20, 'Vertiport_8': 20, 'Vertiport_9': 20, 'Vertiport_10': 20}"
217,753.0,251,11049.654322095988,1986197.2251365934,"{'Vertiport_1': 20, 'Vertiport_2': 20, 'Vertiport_3': 20, 'Vertiport_4': 20, 'Vertiport_5': 20, 'Vertiport_6': 20, 'Vertiport_7': 20, 'Vertiport_8': 20, 'Vertiport_9': 20, 'Vertiport_10': 20}"
218,657.0,219,9037.10835551997,1995234.3334921135,"{'Vertiport_1': 20, 'Vertiport_2': 20, 'Vertiport_3': 20, 'Vertiport_4': 20, 'Vertiport_5': 20, 'Vertiport_6': 20, 'Vertiport_7': 20, 'Vertiport_8': 20, 'Vertiport_9': 20, 'Vertiport_10': 20}"
219,657.0,219,9713.913062447975,2004948.2465545614,"{'Vertiport_1': 20, 'Vertiport_2': 20, 'Vertiport_3': 20, 'Vertiport_4': 20, 'Vertiport_5': 20, 'Vertiport_6': 20, 'Vertiport_7': 20, 'Vertiport_8': 20, 'Vertiport_9': 20, 'Vertiport_10': 20}"
220,702.0,234,9854.951374287979,2014803.1979288494,"{'Vertiport_1': 20, 'Vertiport_2': 20, 'Vertiport_3': 20, 'Vertiport_4': 20, 'Vertiport_5': 20, 'Vertiport_6': 20, 'Vertiport_7': 20, 'Vertiport_8': 20, 'Vertiport_9': 20, 'Vertiport_10': 20}"
221,780.0,260,11382.87900021599,2026186.0769290654,"{'Vertiport_1': 20, 'Vertiport_2': 20, 'Vertiport_3': 20, 'Vertiport_4': 20, 'Vertiport_5': 20, 'Vertiport_6': 20, 'Vertiport_7': 20, 'Vertiport_8': 20, 'Vertiport_9': 20, 'Vertiport_10': 20}"
222,630.0,210,9296.494112343975,2035482.5710414094,"{'Vertiport_1': 20, 'Vertiport_2': 20, 'Vertiport_3': 20, 'Vertiport_4': 20, 'Vertiport_5': 20, 'Vertiport_6': 20, 'Vertiport_7': 20, 'Vertiport_8': 20, 'Vertiport_9': 20, 'Vertiport_10': 20}"
223,618.0,206,8053.946684167962,2043536.5177255773,"{'Vertiport_1': 20, 'Vertiport_2': 20, 'Vertiport_3': 20, 'Vertiport_4': 20, 'Vertiport_5': 20, 'Vertiport_6': 20, 'Vertiport_7': 20, 'Vertiport_8': 20, 'Vertiport_9': 20, 'Vertiport_10': 20}"
224,681.0,227,10018.950768327984,2053555.4684939054,"{'Vertiport_1': 20, 'Vertiport_2': 20, 'Vertiport_3': 20, 'Vertiport_4': 20, 'Vertiport_5': 20, 'Vertiport_6': 20, 'Vertiport_7': 20, 'Vertiport_8': 20, 'Vertiport_9': 20, 'Vertiport_10': 20}"
225,651.0,217,9217.312229583971,2062772.7807234894,"{'Vertiport_1': 20, 'Vertiport_2': 20, 'Vertiport_3': 20, 'Vertiport_4': 20, 'Vertiport_5': 20, 'Vertiport_6': 20, 'Vertiport_7': 20, 'Vertiport_8': 20, 'Vertiport_9': 20, 'Vertiport_10': 20}"
226,624.0,208,9122.552864711972,2071895.3335882013,"{'Vertiport_1': 20, 'Vertiport_2': 20, 'Vertiport_3': 20, 'Vertiport_4': 20, 'Vertiport_5': 20, 'Vertiport_6': 20, 'Vertiport_7': 20, 'Vertiport_8': 20, 'Vertiport_9': 20, 'Vertiport_10': 20}"
227,657.0,219,9172.893989447966,2081068.2275776493,"{'Vertiport_1': 20, 'Vertiport_2': 20, 'Vertiport_3': 20, 'Vertiport_4': 20, 'Vertiport_5': 20, 'Vertiport_6': 20, 'Vertiport_7': 20, 'Vertiport_8': 20, 'Vertiport_9': 20, 'Vertiport_10': 20}"
228,696.0,232,9901.554518511984,2090969.7820961613,"{'Vertiport_1': 20, 'Vertiport_2': 20, 'Vertiport_3': 20, 'Vertiport_4': 20, 'Vertiport_5': 20, 'Vertiport_6': 20, 'Vertiport_7': 20, 'Vertiport_8': 20, 'Vertiport_9': 20, 'Vertiport_10': 20}"
229,750.0,250,10703.461638631985,2101673.2437347933,"{'Vertiport_1': 20, 'Vertiport_2': 20, 'Vertiport_3': 20, 'Vertiport_4': 20, 'Vertiport_5': 20, 'Vertiport_6': 20, 'Vertiport_7': 20, 'Vertiport_8': 20, 'Vertiport_9': 20, 'Vertiport_10': 20}"
230,657.0,219,9274.209962311978,2110947.4536971054,"{'Vertiport_1': 20, 'Vertiport_2': 20, 'Vertiport_3': 20, 'Vertiport_4': 20, 'Vertiport_5': 20, 'Vertiport_6': 20, 'Vertiport_7': 20, 'Vertiport_8': 20, 'Vertiport_9': 20, 'Vertiport_10': 20}"
231,675.0,225,9552.97721972797,2120500.430916833,"{'Vertiport_1': 20, 'Vertiport_2': 20, 'Vertiport_3': 20, 'Vertiport_4': 20, 'Vertiport_5': 20, 'Vertiport_6': 20, 'Vertiport_7': 20, 'Vertiport_8': 20, 'Vertiport_9': 20, 'Vertiport_10': 20}"
232,621.0,207,9174.72372185598,2129675.154638689,"{'Vertiport_1': 20, 'Vertiport_2': 20, 'Vertiport_3': 20, 'Vertiport_4': 20, 'Vertiport_5': 20, 'Vertiport_6': 20, 'Vertiport_7': 20, 'Vertiport_8': 20, 'Vertiport_9': 20, 'Vertiport_10': 20}"
233,621.0,207,9088.084793751977,2138763.239432441,"{'Vertiport_1': 20, 'Vertiport_2': 20, 'Vertiport_3': 20, 'Vertiport_4': 20, 'Vertiport_5': 20, 'Vertiport_6': 20, 'Vertiport_7': 20, 'Vertiport_8': 20, 'Vertiport_9': 20, 'Vertiport_10': 20}"
234,681.0,227,9798.753673351977,2148561.993105793,"{'Vertiport_1': 20, 'Vertiport_2': 20, 'Vertiport_3': 20, 'Vertiport_4': 20, 'Vertiport_5': 20, 'Vertiport_6': 20, 'Vertiport_7': 20, 'Vertiport_8': 20, 'Vertiport_9': 20, 'Vertiport_10': 20}"
235,603.0,201,8096.824535871963,2156658.8176416648,"{'Vertiport_1': 20, 'Vertiport_2': 20, 'Vertiport_3': 20, 'Vertiport_4': 20, 'Vertiport_5': 20, 'Vertiport_6': 20, 'Vertiport_7': 20, 'Vertiport_8': 20, 'Vertiport_9': 20, 'Vertiport_10': 20}"
236,636.0,212,8858.523539727974,2165517.341181393,"{'Vertiport_1': 20, 'Vertiport_2': 20, 'Vertiport_3': 20, 'Vertiport_4': 20, 'Vertiport_5': 20, 'Vertiport_6': 20, 'Vertiport_7': 20, 'Vertiport_8': 20, 'Vertiport_9': 20, 'Vertiport_10': 20}"
237,540.0,180,7297.128501815971,2172814.469683209,"{'Vertiport_1': 20, 'Vertiport_2': 20, 'Vertiport_3': 20, 'Vertiport_4': 20, 'Vertiport_5': 20, 'Vertiport_6': 20, 'Vertiport_7': 20, 'Vertiport_8': 20, 'Vertiport_9': 20, 'Vertiport_10': 20}"
238,546.0,182,7557.832905999967,2180372.302589209,"{'Vertiport_1': 20, 'Vertiport_2': 20, 'Vertiport_3': 20, 'Vertiport_4': 20, 'Vertiport_5': 20, 'Vertiport_6': 20, 'Vertiport_7': 20, 'Vertiport_8': 20, 'Vertiport_9': 20, 'Vertiport_10': 20}"
239,612.0,204,8574.79555839197,2188947.098147601,"{'Vertiport_1': 20, 'Vertiport_2': 20, 'Vertiport_3': 20, 'Vertiport_4': 20, 'Vertiport_5': 20, 'Vertiport_6': 20, 'Vertiport_7': 20, 'Vertiport_8': 20, 'Vertiport_9': 20, 'Vertiport_10': 20}"
240,546.0,182,7922.48488043997,2196869.583028041,"{'Vertiport_1': 20, 'Vertiport_2': 20, 'Vertiport_3': 20, 'Vertiport_4': 20, 'Vertiport_5': 20, 'Vertiport_6': 20, 'Vertiport_7': 20, 'Vertiport_8': 20, 'Vertiport_9': 20, 'Vertiport_10': 20}"
241,501.0,167,7784.372237335976,2204653.9552653767,"{'Vertiport_1': 20, 'Vertiport_2': 20, 'Vertiport_3': 20, 'Vertiport_4': 20, 'Vertiport_5': 20, 'Vertiport_6': 20, 'Vertiport_7': 20, 'Vertiport_8': 20, 'Vertiport_9': 20, 'Vertiport_10': 20}"
242,504.0,168,7114.908515303971,2211768.8637806806,"{'Vertiport_1': 20, 'Vertiport_2': 20, 'Vertiport_3': 20, 'Vertiport_4': 20, 'Vertiport_5': 20, 'Vertiport_6': 20, 'Vertiport_7': 20, 'Vertiport_8': 20, 'Vertiport_9': 20, 'Vertiport_10': 20}"
243,504.0,168,7249.9414783839775,2219018.805259065,"{'Vertiport_1': 20, 'Vertiport_2': 20, 'Vertiport_3': 20, 'Vertiport_4': 20, 'Vertiport_5': 20, 'Vertiport_6': 20, 'Vertiport_7': 20, 'Vertiport_8': 20, 'Vertiport_9': 20, 'Vertiport_10': 20}"
244,519.0,173,7352.904367175972,2226371.7096262407,"{'Vertiport_1': 20, 'Vertiport_2': 20, 'Vertiport_3': 20, 'Vertiport_4': 20, 'Vertiport_5': 20, 'Vertiport_6': 20, 'Vertiport_7': 20, 'Vertiport_8': 20, 'Vertiport_9': 20, 'Vertiport_10': 20}"
245,576.0,192,7863.738146303967,2234235.447772545,"{'Vertiport_1': 20, 'Vertiport_2': 20, 'Vertiport_3': 20, 'Vertiport_4': 20, 'Vertiport_5': 20, 'Vertiport_6': 20, 'Vertiport_7': 20, 'Vertiport_8': 20, 'Vertiport_9': 20, 'Vertiport_10': 20}"
246,531.0,177,7551.068981647971,2241786.5167541928,"{'Vertiport_1': 20, 'Vertiport_2': 20, 'Vertiport_3': 20, 'Vertiport_4': 20, 'Vertiport_5': 20, 'Vertiport_6': 20, 'Vertiport_7': 20, 'Vertiport_8': 20, 'Vertiport_9': 20, 'Vertiport_10': 20}"
247,540.0,180,7676.64684578397,2249463.163599977,"{'Vertiport_1': 20, 'Vertiport_2': 20, 'Vertiport_3': 20, 'Vertiport_4': 20, 'Vertiport_5': 20, 'Vertiport_6': 20, 'Vertiport_7': 20, 'Vertiport_8': 20, 'Vertiport_9': 20, 'Vertiport_10': 20}"
248,540.0,180,7712.521246287975,2257175.684846265,"{'Vertiport_1': 20, 'Vertiport_2': 20, 'Vertiport_3': 20, 'Vertiport_4': 20, 'Vertiport_5': 20, 'Vertiport_6': 20, 'Vertiport_7': 20, 'Vertiport_8': 20, 'Vertiport_9': 20, 'Vertiport_10': 20}"
249,573.0,191,8272.530206927968,2265448.215053193,"{'Vertiport_1': 20, 'Vertiport_2': 20, 'Vertiport_3': 20, 'Vertiport_4': 20, 'Vertiport_5': 20, 'Vertiport_6': 20, 'Vertiport_7': 20, 'Vertiport_8': 20, 'Vertiport_9': 20, 'Vertiport_10': 20}"
250,573.0,191,8063.213912999971,2273511.428966193,"{'Vertiport_1': 20, 'Vertiport_2': 20, 'Vertiport_3': 20, 'Vertiport_4': 20, 'Vertiport_5': 20, 'Vertiport_6': 20, 'Vertiport_7': 20, 'Vertiport_8': 20, 'Vertiport_9': 20, 'Vertiport_10': 20}"
251,606.0,202,8556.158519055973,2282067.587485249,"{'Vertiport_1': 20, 'Vertiport_2': 20, 'Vertiport_3': 20, 'Vertiport_4': 20, 'Vertiport_5': 20, 'Vertiport_6': 20, 'Vertiport_7': 20, 'Vertiport_8': 20, 'Vertiport_9': 20, 'Vertiport_10': 20}"
252,702.0,234,10329.226498567996,2292396.813983817,"{'Vertiport_1': 20, 'Vertiport_2': 20, 'Vertiport_3': 20, 'Vertiport_4': 20, 'Vertiport_5': 20, 'Vertiport_6': 20, 'Vertiport_7': 20, 'Vertiport_8': 20, 'Vertiport_9': 20, 'Vertiport_10': 20}"
253,669.0,223,9554.965084607975,2301951.7790684253,"{'Vertiport_1': 20, 'Vertiport_2': 20, 'Vertiport_3': 20, 'Vertiport_4': 20, 'Vertiport_5': 20, 'Vertiport_6': 20, 'Vertiport_7': 20, 'Vertiport_8': 20, 'Vertiport_9': 20, 'Vertiport_10': 20}"
254,684.0,228,10270.559091327987,2312222.3381597535,"{'Vertiport_1': 20, 'Vertiport_2': 20, 'Vertiport_3': 20, 'Vertiport_4': 20, 'Vertiport_5': 20, 'Vertiport_6': 20, 'Vertiport_7': 20, 'Vertiport_8': 20, 'Vertiport_9': 20, 'Vertiport_10': 20}"
255,726.0,242,10523.060371751997,2322745.3985315054,"{'Vertiport_1': 20, 'Vertiport_2': 20, 'Vertiport_3': 20, 'Vertiport_4': 20, 'Vertiport_5': 20, 'Vertiport_6': 20, 'Vertiport_7': 20, 'Vertiport_8': 20, 'Vertiport_9': 20, 'Vertiport_10': 20}"
256,693.0,231,9859.489165791972,2332604.887697297,"{'Vertiport_1': 20, 'Vertiport_2': 20, 'Vertiport_3': 20, 'Vertiport_4': 20, 'Vertiport_5': 20, 'Vertiport_6': 20, 'Vertiport_7': 20, 'Vertiport_8': 20, 'Vertiport_9': 20, 'Vertiport_10': 20}"
257,756.0,252,10379.850925199979,2342984.7386224973,"{'Vertiport_1': 20, 'Vertiport_2': 20, 'Vertiport_3': 20, 'Vertiport_4': 20, 'Vertiport_5': 20, 'Vertiport_6': 20, 'Vertiport_7': 20, 'Vertiport_8': 20, 'Vertiport_9': 20, 'Vertiport_10': 20}"
258,762.0,254,10767.685635736001,2353752.4242582335,"{'Vertiport_1': 20, 'Vertiport_2': 20, 'Vertiport_3': 20, 'Vertiport_4': 20, 'Vertiport_5': 20, 'Vertiport_6': 20, 'Vertiport_7': 20, 'Vertiport_8': 20, 'Vertiport_9': 20, 'Vertiport_10': 20}"
259,768.0,256,11250.220756935993,2365002.6450151694,"{'Vertiport_1': 20, 'Vertiport_2': 20, 'Vertiport_3': 20, 'Vertiport_4': 20, 'Vertiport_5': 20, 'Vertiport_6': 20, 'Vertiport_7': 20, 'Vertiport_8': 20, 'Vertiport_9': 20, 'Vertiport_10': 20}"
260,774.0,258,10612.900904159995,2375615.5459193294,"{'Vertiport_1': 20, 'Vertiport_2': 20, 'Vertiport_3': 20, 'Vertiport_4': 20, 'Vertiport_5': 20, 'Vertiport_6': 20, 'Vertiport_7': 20, 'Vertiport_8': 20, 'Vertiport_9': 20, 'Vertiport_10': 20}"
261,819.0,273,11297.806955215989,2386913.3528745454,"{'Vertiport_1': 20, 'Vertiport_2': 20, 'Vertiport_3': 20, 'Vertiport_4': 20, 'Vertiport_5': 20, 'Vertiport_6': 20, 'Vertiport_7': 20, 'Vertiport_8': 20, 'Vertiport_9': 20, 'Vertiport_10': 20}"
262,849.0,283,11113.834982335982,2398027.1878568814,"{'Vertiport_1': 20, 'Vertiport_2': 20, 'Vertiport_3': 20, 'Vertiport_4': 20, 'Vertiport_5': 20, 'Vertiport_6': 20, 'Vertiport_7': 20, 'Vertiport_8': 20, 'Vertiport_9': 20, 'Vertiport_10': 20}"
263,819.0,273,11815.50044379999,2409842.6883006813,"{'Vertiport_1': 20, 'Vertiport_2': 20, 'Vertiport_3': 20, 'Vertiport_4': 20, 'Vertiport_5': 20, 'Vertiport_6': 20, 'Vertiport_7': 20, 'Vertiport_8': 20, 'Vertiport_9': 20, 'Vertiport_10': 20}"
264,783.0,261,10969.67135064799,2420812.3596513295,"{'Vertiport_1': 20, 'Vertiport_2': 20, 'Vertiport_3': 20, 'Vertiport_4': 20, 'Vertiport_5': 20, 'Vertiport_6': 20, 'Vertiport_7': 20, 'Vertiport_8': 20, 'Vertiport_9': 20, 'Vertiport_10': 20}"
265,702.0,234,10413.197822152002,2431225.5574734816,"{'Vertiport_1': 20, 'Vertiport_2': 20, 'Vertiport_3': 20, 'Vertiport_4': 20, 'Vertiport_5': 20, 'Vertiport_6': 20, 'Vertiport_7': 20, 'Vertiport_8': 20, 'Vertiport_9': 20, 'Vertiport_10': 20}"
266,723.0,241,10015.89074750399,2441241.4482209855,"{'Vertiport_1': 20, 'Vertiport_2': 20, 'Vertiport_3': 20, 'Vertiport_4': 20, 'Vertiport_5': 20, 'Vertiport_6': 20, 'Vertiport_7': 20, 'Vertiport_8': 20, 'Vertiport_9': 20, 'Vertiport_10': 20}"
267,699.0,233,10400.194871103982,2451641.6430920893,"{'Vertiport_1': 20, 'Vertiport_2': 20, 'Vertiport_3': 20, 'Vertiport_4': 20, 'Vertiport_5': 20, 'Vertiport_6': 20, 'Vertiport_7': 20, 'Vertiport_8': 20, 'Vertiport_9': 20, 'Vertiport_10': 20}"
268,696.0,232,10399.835940807987,2462041.4790328974,"{'Vertiport_1': 20, 'Vertiport_2': 20, 'Vertiport_3': 20, 'Vertiport_4': 20, 'Vertiport_5': 20, 'Vertiport_6': 20, 'Vertiport_7': 20, 'Vertiport_8': 20, 'Vertiport_9': 20, 'Vertiport_10': 20}"
269,735.0,245,10781.605988207983,2472823.0850211056,"{'Vertiport_1': 20, 'Vertiport_2': 20, 'Vertiport_3': 20, 'Vertiport_4': 20, 'Vertiport_5': 20, 'Vertiport_6': 20, 'Vertiport_7': 20, 'Vertiport_8': 20, 'Vertiport_9': 20, 'Vertiport_10': 20}"
270,657.0,219,9307.310871647982,2482130.3958927537,"{'Vertiport_1': 20, 'Vertiport_2': 20, 'Vertiport_3': 20, 'Vertiport_4': 20, 'Vertiport_5': 20, 'Vertiport_6': 20, 'Vertiport_7': 20, 'Vertiport_8': 20, 'Vertiport_9': 20, 'Vertiport_10': 20}"
271,639.0,213,8547.630394399977,2490678.026287154,"{'Vertiport_1': 20, 'Vertiport_2': 20, 'Vertiport_3': 20, 'Vertiport_4': 20, 'Vertiport_5': 20, 'Vertiport_6': 20, 'Vertiport_7': 20, 'Vertiport_8': 20, 'Vertiport_9': 20, 'Vertiport_10': 20}"
272,579.0,193,8240.309201815966,2498918.33548897,"{'Vertiport_1': 20, 'Vertiport_2': 20, 'Vertiport_3': 20, 'Vertiport_4': 20, 'Vertiport_5': 20, 'Vertiport_6': 20, 'Vertiport_7': 20, 'Vertiport_8': 20, 'Vertiport_9': 20, 'Vertiport_10': 20}"
273,543.0,181,7873.090388903963,2506791.425877874,"{'Vertiport_1': 20, 'Vertiport_2': 20, 'Vertiport_3': 20, 'Vertiport_4': 20, 'Vertiport_5': 20, 'Vertiport_6': 20, 'Vertiport_7': 20, 'Vertiport_8': 20, 'Vertiport_9': 20, 'Vertiport_10': 20}"
274,552.0,184,7868.12262348797,2514659.5485013616,"{'Vertiport_1': 20, 'Vertiport_2': 20, 'Vertiport_3': 20, 'Vertiport_4': 20, 'Vertiport_5': 20, 'Vertiport_6': 20, 'Vertiport_7': 20, 'Vertiport_8': 20, 'Vertiport_9': 20, 'Vertiport_10': 20}"
275,471.0,157,6849.936380815973,2521509.484882178,"{'Vertiport_1': 20, 'Vertiport_2': 20, 'Vertiport_3': 20, 'Vertiport_4': 20, 'Vertiport_5': 20, 'Vertiport_6': 20, 'Vertiport_7': 20, 'Vertiport_8': 20, 'Vertiport_9': 20, 'Vertiport_10': 20}"
276,528.0,176,7165.697672511973,2528675.1825546897,"{'Vertiport_1': 20, 'Vertiport_2': 20, 'Vertiport_3': 20, 'Vertiport_4': 20, 'Vertiport_5': 20, 'Vertiport_6': 20, 'Vertiport_7': 20, 'Vertiport_8': 20, 'Vertiport_9': 20, 'Vertiport_10': 20}"
277,423.0,141,6448.8782123359815,2535124.0607670257,"{'Vertiport_1': 20, 'Vertiport_2': 20, 'Vertiport_3': 20, 'Vertiport_4': 20, 'Vertiport_5': 20, 'Vertiport_6': 20, 'Vertiport_7': 20, 'Vertiport_8': 20, 'Vertiport_9': 20, 'Vertiport_10': 20}"
278,369.0,123,5949.033212199982,2541073.0939792255,"{'Vertiport_1': 20, 'Vertiport_2': 20, 'Vertiport_3': 20, 'Vertiport_4': 20, 'Vertiport_5': 20, 'Vertiport_6': 20, 'Vertiport_7': 20, 'Vertiport_8': 20, 'Vertiport_9': 20, 'Vertiport_10': 20}"
279,321.0,107,4798.959328567988,2545872.0533077936,"{'Vertiport_1': 20, 'Vertiport_2': 20, 'Vertiport_3': 20, 'Vertiport_4': 20, 'Vertiport_5': 20, 'Vertiport_6': 20, 'Vertiport_7': 20, 'Vertiport_8': 20, 'Vertiport_9': 20, 'Vertiport_10': 20}"
280,309.0,103,5017.97601237599,2550890.0293201697,"{'Vertiport_1': 20, 'Vertiport_2': 20, 'Vertiport_3': 20, 'Vertiport_4': 20, 'Vertiport_5': 20, 'Vertiport_6': 20, 'Vertiport_7': 20, 'Vertiport_8': 20, 'Vertiport_9': 20, 'Vertiport_10': 20}"
281,228.0,76,3406.5840994159976,2554296.613419586,"{'Vertiport_1': 20, 'Vertiport_2': 20, 'Vertiport_3': 20, 'Vertiport_4': 20, 'Vertiport_5': 20, 'Vertiport_6': 20, 'Vertiport_7': 20, 'Vertiport_8': 20, 'Vertiport_9': 20, 'Vertiport_10': 20}"
282,189.0,63,2756.7521343599997,2557053.365553946,"{'Vertiport_1': 20, 'Vertiport_2': 20, 'Vertiport_3': 20, 'Vertiport_4': 20, 'Vertiport_5': 20, 'Vertiport_6': 20, 'Vertiport_7': 20, 'Vertiport_8': 20, 'Vertiport_9': 20, 'Vertiport_10': 20}"
283,228.0,76,3677.6431329039983,2560731.00868685,"{'Vertiport_1': 20, 'Vertiport_2': 20, 'Vertiport_3': 20, 'Vertiport_4': 20, 'Vertiport_5': 20, 'Vertiport_6': 20, 'Vertiport_7': 20, 'Vertiport_8': 20, 'Vertiport_9': 20, 'Vertiport_10': 20}"
284,243.0,81,3405.2471960399967,2564136.25588289,"{'Vertiport_1': 20, 'Vertiport_2': 20, 'Vertiport_3': 20, 'Vertiport_4': 20, 'Vertiport_5': 20, 'Vertiport_6': 20, 'Vertiport_7': 20, 'Vertiport_8': 20, 'Vertiport_9': 20, 'Vertiport_10': 20}"
285,219.0,73,3135.4693397679994,2567271.725222658,"{'Vertiport_1': 20, 'Vertiport_2': 20, 'Vertiport_3': 20, 'Vertiport_4': 20, 'Vertiport_5': 20, 'Vertiport_6': 20, 'Vertiport_7': 20, 'Vertiport_8': 20, 'Vertiport_9': 20, 'Vertiport_10': 20}"
286,153.0,51,1936.216340648,2569207.941563306,"{'Vertiport_1': 20, 'Vertiport_2': 20, 'Vertiport_3': 20, 'Vertiport_4': 20, 'Vertiport_5': 20, 'Vertiport_6': 20, 'Vertiport_7': 20, 'Vertiport_8': 20, 'Vertiport_9': 20, 'Vertiport_10': 20}"
287,153.0,51,2730.2295729759994,2571938.171136282,"{'Vertiport_1': 20, 'Vertiport_2': 20, 'Vertiport_3': 20, 'Vertiport_4': 20, 'Vertiport_5': 20, 'Vertiport_6': 20, 'Vertiport_7': 20, 'Vertiport_8': 20, 'Vertiport_9': 20, 'Vertiport_10': 20}"
288,90.0,30,1352.873800552,2573291.044936834,"{'Vertiport_1': 20, 'Vertiport_2': 20, 'Vertiport_3': 20, 'Vertiport_4': 20, 'Vertiport_5': 20, 'Vertiport_6': 20, 'Vertiport_7': 20, 'Vertiport_8': 20, 'Vertiport_9': 20, 'Vertiport_10': 20}"
289,78.0,26,1155.5402497759999,2574446.58518661,"{'Vertiport_1': 20, 'Vertiport_2': 20, 'Vertiport_3': 20, 'Vertiport_4': 20, 'Vertiport_5': 20, 'Vertiport_6': 20, 'Vertiport_7': 20, 'Vertiport_8': 20, 'Vertiport_9': 20, 'Vertiport_10': 20}"
290,87.0,29,1297.938974944,2575744.524161554,"{'Vertiport_1': 20, 'Vertiport_2': 20, 'Vertiport_3': 20, 'Vertiport_4': 20, 'Vertiport_5': 20, 'Vertiport_6': 20, 'Vertiport_7': 20, 'Vertiport_8': 20, 'Vertiport_9': 20, 'Vertiport_10': 20}"
291,81.0,27,1148.890698056,2576893.41485961,"{'Vertiport_1': 20, 'Vertiport_2': 20, 'Vertiport_3': 20, 'Vertiport_4': 20, 'Vertiport_5': 20, 'Vertiport_6': 20, 'Vertiport_7': 20, 'Vertiport_8': 20, 'Vertiport_9': 20, 'Vertiport_10': 20}"
292,81.0,27,1213.2879117200005,2578106.7027713303,"{'Vertiport_1': 20, 'Vertiport_2': 20, 'Vertiport_3': 20, 'Vertiport_4': 20, 'Vertiport_5': 20, 'Vertiport_6': 20, 'Vertiport_7': 20, 'Vertiport_8': 20, 'Vertiport_9': 20, 'Vertiport_10': 20}"
293,57.0,19,1052.4641852240002,2579159.166956554,"{'Vertiport_1': 20, 'Vertiport_2': 20, 'Vertiport_3': 20, 'Vertiport_4': 20, 'Vertiport_5': 20, 'Vertiport_6': 20, 'Vertiport_7': 20, 'Vertiport_8': 20, 'Vertiport_9': 20, 'Vertiport_10': 20}"
294,123.0,41,1551.8034058000003,2580710.970362354,"{'Vertiport_1': 20, 'Vertiport_2': 20, 'Vertiport_3': 20, 'Vertiport_4': 20, 'Vertiport_5': 20, 'Vertiport_6': 20, 'Vertiport_7': 20, 'Vertiport_8': 20, 'Vertiport_9': 20, 'Vertiport_10': 20}"
295,117.0,39,1634.761963144,2582345.732325498,"{'Vertiport_1': 20, 'Vertiport_2': 20, 'Vertiport_3': 20, 'Vertiport_4': 20, 'Vertiport_5': 20, 'Vertiport_6': 20, 'Vertiport_7': 20, 'Vertiport_8': 20, 'Vertiport_9': 20, 'Vertiport_10': 20}"
296,138.0,46,2102.121145656,2584447.853471154,"{'Vertiport_1': 20, 'Vertiport_2': 20, 'Vertiport_3': 20, 'Vertiport_4': 20, 'Vertiport_5': 20, 'Vertiport_6': 20, 'Vertiport_7': 20, 'Vertiport_8': 20, 'Vertiport_9': 20, 'Vertiport_10': 20}"
297,129.0,43,1802.02441732,2586249.8778884737,"{'Vertiport_1': 20, 'Vertiport_2': 20, 'Vertiport_3': 20, 'Vertiport_4': 20, 'Vertiport_5': 20, 'Vertiport_6': 20, 'Vertiport_7': 20, 'Vertiport_8': 20, 'Vertiport_9': 20, 'Vertiport_10': 20}"
298,141.0,47,2215.841106272,2588465.7189947455,"{'Vertiport_1': 20, 'Vertiport_2': 20, 'Vertiport_3': 20, 'Vertiport_4': 20, 'Vertiport_5': 20, 'Vertiport_6': 20, 'Vertiport_7': 20, 'Vertiport_8': 20, 'Vertiport_9': 20, 'Vertiport_10': 20}"
299,180.0,60,2427.6800855999995,2590893.3990803454,"{'Vertiport_1': 20, 'Vertiport_2': 20, 'Vertiport_3': 20, 'Vertiport_4': 20, 'Vertiport_5': 20, 'Vertiport_6': 20, 'Vertiport_7': 20, 'Vertiport_8': 20, 'Vertiport_9': 20, 'Vertiport_10': 20}"
300,204.0,68,3043.404527439999,2593936.8036077856,"{'Vertiport_1': 20, 'Vertiport_2': 20, 'Vertiport_3': 20, 'Vertiport_4': 20, 'Vertiport_5': 20, 'Vertiport_6': 20, 'Vertiport_7': 20, 'Vertiport_8': 20, 'Vertiport_9': 20, 'Vertiport_10': 20}"
301,258.0,86,3745.7998161039986,2597682.6034238897,"{'Vertiport_1': 20, 'Vertiport_2': 20, 'Vertiport_3': 20, 'Vertiport_4': 20, 'Vertiport_5': 20, 'Vertiport_6': 20, 'Vertiport_7': 20, 'Vertiport_8': 20, 'Vertiport_9': 20, 'Vertiport_10': 20}"
302,300.0,100,4708.242542671994,2602390.8459665617,"{'Vertiport_1': 20, 'Vertiport_2': 20, 'Vertiport_3': 20, 'Vertiport_4': 20, 'Vertiport_5': 20, 'Vertiport_6': 20, 'Vertiport_7': 20, 'Vertiport_8': 20, 'Vertiport_9': 20, 'Vertiport_10': 20}"
303,318.0,106,4628.95979383199,2607019.805760394,"{'Vertiport_1': 20, 'Vertiport_2': 20, 'Vertiport_3': 20, 'Vertiport_4': 20, 'Vertiport_5': 20, 'Vertiport_6': 20, 'Vertiport_7': 20, 'Vertiport_8': 20, 'Vertiport_9': 20, 'Vertiport_10': 20}"
304,345.0,115,4988.464694055993,2612008.27045445,"{'Vertiport_1': 20, 'Vertiport_2': 20, 'Vertiport_3': 20, 'Vertiport_4': 20, 'Vertiport_5': 20, 'Vertiport_6': 20, 'Vertiport_7': 20, 'Vertiport_8': 20, 'Vertiport_9': 20, 'Vertiport_10': 20}"
305,72.0,24,892.562385104,2612900.832839554,"{'Vertiport_1': 20, 'Vertiport_2': 20, 'Vertiport_3': 20, 'Vertiport_4': 20, 'Vertiport_5': 20, 'Vertiport_6': 20, 'Vertiport_7': 20, 'Vertiport_8': 20, 'Vertiport_9': 20, 'Vertiport_10': 20}"
306,0.0,0,0.0,2612900.832839554,"{'Vertiport_1': 20, 'Vertiport_2': 20, 'Vertiport_3': 20, 'Vertiport_4': 20, 'Vertiport_5': 20, 'Vertiport_6': 20, 'Vertiport_7': 20, 'Vertiport_8': 20, 'Vertiport_9': 20, 'Vertiport_10': 20}"
307,0.0,0,0.0,2612900.832839554,"{'Vertiport_1': 20, 'Vertiport_2': 20, 'Vertiport_3': 20, 'Vertiport_4': 20, 'Vertiport_5': 20, 'Vertiport_6': 20, 'Vertiport_7': 20, 'Vertiport_8': 20, 'Vertiport_9': 20, 'Vertiport_10': 20}"
308,0.0,0,0.0,2612900.832839554,"{'Vertiport_1': 20, 'Vertiport_2': 20, 'Vertiport_3': 20, 'Vertiport_4': 20, 'Vertiport_5': 20, 'Vertiport_6': 20, 'Vertiport_7': 20, 'Vertiport_8': 20, 'Vertiport_9': 20, 'Vertiport_10': 20}"
309,0.0,0,0.0,2612900.832839554,"{'Vertiport_1': 20, 'Vertiport_2': 20, 'Vertiport_3': 20, 'Vertiport_4': 20, 'Vertiport_5': 20, 'Vertiport_6': 20, 'Vertiport_7': 20, 'Vertiport_8': 20, 'Vertiport_9': 20, 'Vertiport_10': 20}"
310,0.0,0,0.0,2612900.832839554,"{'Vertiport_1': 20, 'Vertiport_2': 20, 'Vertiport_3': 20, 'Vertiport_4': 20, 'Vertiport_5': 20, 'Vertiport_6': 20, 'Vertiport_7': 20, 'Vertiport_8': 20, 'Vertiport_9': 20, 'Vertiport_10': 20}"
311,198.0,66,2600.096018927999,2615500.9288584823,"{'Vertiport_1': 20, 'Vertiport_2': 20, 'Vertiport_3': 20, 'Vertiport_4': 20, 'Vertiport_5': 20, 'Vertiport_6': 20, 'Vertiport_7': 20, 'Vertiport_8': 20, 'Vertiport_9': 20, 'Vertiport_10': 20}"
312,738.0,246,10803.317206015994,2626304.246064498,"{'Vertiport_1': 20, 'Vertiport_2': 20, 'Vertiport_3': 20, 'Vertiport_4': 20, 'Vertiport_5': 20, 'Vertiport_6': 20, 'Vertiport_7': 20, 'Vertiport_8': 20, 'Vertiport_9': 20, 'Vertiport_10': 20}"
313,663.0,221,8979.871681199978,2635284.117745698,"{'Vertiport_1': 20, 'Vertiport_2': 20, 'Vertiport_3': 20, 'Vertiport_4': 20, 'Vertiport_5': 20, 'Vertiport_6': 20, 'Vertiport_7': 20, 'Vertiport_8': 20, 'Vertiport_9': 20, 'Vertiport_10': 20}"
314,660.0,220,9757.026455263978,2645041.144200962,"{'Vertiport_1': 20, 'Vertiport_2': 20, 'Vertiport_3': 20, 'Vertiport_4': 20, 'Vertiport_5': 20, 'Vertiport_6': 20, 'Vertiport_7': 20, 'Vertiport_8': 20, 'Vertiport_9': 20, 'Vertiport_10': 20}"
315,639.0,213,8931.794897727972,2653972.93909869,"{'Vertiport_1': 20, 'Vertiport_2': 20, 'Vertiport_3': 20, 'Vertiport_4': 20, 'Vertiport_5': 20, 'Vertiport_6': 20, 'Vertiport_7': 20, 'Vertiport_8': 20, 'Vertiport_9': 20, 'Vertiport_10': 20}"
316,651.0,217,8759.110553423974,2662732.049652114,"{'Vertiport_1': 20, 'Vertiport_2': 20, 'Vertiport_3': 20, 'Vertiport_4': 20, 'Vertiport_5': 20, 'Vertiport_6': 20, 'Vertiport_7': 20, 'Vertiport_8': 20, 'Vertiport_9': 20, 'Vertiport_10': 20}"
317,669.0,223,9085.18072431997,2671817.230376434,"{'Vertiport_1': 20, 'Vertiport_2': 20, 'Vertiport_3': 20, 'Vertiport_4': 20, 'Vertiport_5': 20, 'Vertiport_6': 20, 'Vertiport_7': 20, 'Vertiport_8': 20, 'Vertiport_9': 20, 'Vertiport_10': 20}"
318,561.0,187,7443.542710351968,2679260.773086786,"{'Vertiport_1': 20, 'Vertiport_2': 20, 'Vertiport_3': 20, 'Vertiport_4': 20, 'Vertiport_5': 20, 'Vertiport_6': 20, 'Vertiport_7': 20, 'Vertiport_8': 20, 'Vertiport_9': 20, 'Vertiport_10': 20}"
319,600.0,200,8350.106715215969,2687610.8798020016,"{'Vertiport_1': 20, 'Vertiport_2': 20, 'Vertiport_3': 20, 'Vertiport_4': 20, 'Vertiport_5': 20, 'Vertiport_6': 20, 'Vertiport_7': 20, 'Vertiport_8': 20, 'Vertiport_9': 20, 'Vertiport_10': 20}"
320,675.0,225,9436.426020855979,2697047.3058228577,"{'Vertiport_1': 20, 'Vertiport_2': 20, 'Vertiport_3': 20, 'Vertiport_4': 20, 'Vertiport_5': 20, 'Vertiport_6': 20, 'Vertiport_7': 20, 'Vertiport_8': 20, 'Vertiport_9': 20, 'Vertiport_10': 20}"
321,612.0,204,9403.153925847975,2706450.459748706,"{'Vertiport_1': 20, 'Vertiport_2': 20, 'Vertiport_3': 20, 'Vertiport_4': 20, 'Vertiport_5': 20, 'Vertiport_6': 20, 'Vertiport_7': 20, 'Vertiport_8': 20, 'Vertiport_9': 20, 'Vertiport_10': 20}"
322,585.0,195,8802.312725471975,2715252.7724741776,"{'Vertiport_1': 20, 'Vertiport_2': 20, 'Vertiport_3': 20, 'Vertiport_4': 20, 'Vertiport_5': 20, 'Vertiport_6': 20, 'Vertiport_7': 20, 'Vertiport_8': 20, 'Vertiport_9': 20, 'Vertiport_10': 20}"
323,609.0,203,8920.22506409598,2724172.9975382737,"{'Vertiport_1': 20, 'Vertiport_2': 20, 'Vertiport_3': 20, 'Vertiport_4': 20, 'Vertiport_5': 20, 'Vertiport_6': 20, 'Vertiport_7': 20, 'Vertiport_8': 20, 'Vertiport_9': 20, 'Vertiport_10': 20}"
324,606.0,202,8439.285987119978,2732612.283525394,"{'Vertiport_1': 20, 'Vertiport_2': 20, 'Vertiport_3': 20, 'Vertiport_4': 20, 'Vertiport_5': 20, 'Vertiport_6': 20, 'Vertiport_7': 20, 'Vertiport_8': 20, 'Vertiport_9': 20, 'Vertiport_10': 20}"
325,666.0,222,9514.021471879978,2742126.3049972737,"{'Vertiport_1': 20, 'Vertiport_2': 20, 'Vertiport_3': 20, 'Vertiport_4': 20, 'Vertiport_5': 20, 'Vertiport_6': 20, 'Vertiport_7': 20, 'Vertiport_8': 20, 'Vertiport_9': 20, 'Vertiport_10': 20}"
326,570.0,190,8147.656145767973,2750273.9611430415,"{'Vertiport_1': 20, 'Vertiport_2': 20, 'Vertiport_3': 20, 'Vertiport_4': 20, 'Vertiport_5': 20, 'Vertiport_6': 20, 'Vertiport_7': 20, 'Vertiport_8': 20, 'Vertiport_9': 20, 'Vertiport_10': 20}"
327,597.0,199,8642.999785215978,2758916.9609282576,"{'Vertiport_1': 20, 'Vertiport_2': 20, 'Vertiport_3': 20, 'Vertiport_4': 20, 'Vertiport_5': 20, 'Vertiport_6': 20, 'Vertiport_7': 20, 'Vertiport_8': 20, 'Vertiport_9': 20, 'Vertiport_10': 20}"
328,600.0,200,8621.02623842397,2767537.9871666813,"{'Vertiport_1': 20, 'Vertiport_2': 20, 'Vertiport_3': 20, 'Vertiport_4': 20, 'Vertiport_5': 20, 'Vertiport_6': 20, 'Vertiport_7': 20, 'Vertiport_8': 20, 'Vertiport_9': 20, 'Vertiport_10': 20}"
329,594.0,198,8746.710076671981,2776284.6972433534,"{'Vertiport_1': 20, 'Vertiport_2': 20, 'Vertiport_3': 20, 'Vertiport_4': 20, 'Vertiport_5': 20, 'Vertiport_6': 20, 'Vertiport_7': 20, 'Vertiport_8': 20, 'Vertiport_9': 20, 'Vertiport_10': 20}"
330,615.0,205,8709.955351367982,2784994.6525947214,"{'Vertiport_1': 20, 'Vertiport_2': 20, 'Vertiport_3': 20, 'Vertiport_4': 20, 'Vertiport_5': 20, 'Vertiport_6': 20, 'Vertiport_7': 20, 'Vertiport_8': 20, 'Vertiport_9': 20, 'Vertiport_10': 20}"
331,606.0,202,8594.234422799973,2793588.8870175215,"{'Vertiport_1': 20, 'Vertiport_2': 20, 'Vertiport_3': 20, 'Vertiport_4': 20, 'Vertiport_5': 20, 'Vertiport_6': 20, 'Vertiport_7': 20, 'Vertiport_8': 20, 'Vertiport_9': 20, 'Vertiport_10': 20}"
332,615.0,205,8675.002777207974,2802263.8897947297,"{'Vertiport_1': 20, 'Vertiport_2': 20, 'Vertiport_3': 20, 'Vertiport_4': 20, 'Vertiport_5': 20, 'Vertiport_6': 20, 'Vertiport_7': 20, 'Vertiport_8': 20, 'Vertiport_9': 20, 'Vertiport_10': 20}"
333,510.0,170,7406.438374751973,2809670.328169482,"{'Vertiport_1': 20, 'Vertiport_2': 20, 'Vertiport_3': 20, 'Vertiport_4': 20, 'Vertiport_5': 20, 'Vertiport_6': 20, 'Vertiport_7': 20, 'Vertiport_8': 20, 'Vertiport_9': 20, 'Vertiport_10': 20}"
334,546.0,182,8473.30799637598,2818143.636165858,"{'Vertiport_1': 20, 'Vertiport_2': 20, 'Vertiport_3': 20, 'Vertiport_4': 20, 'Vertiport_5': 20, 'Vertiport_6': 20, 'Vertiport_7': 20, 'Vertiport_8': 20, 'Vertiport_9': 20, 'Vertiport_10': 20}"
335,552.0,184,8465.305220407972,2826608.9413862657,"{'Vertiport_1': 20, 'Vertiport_2': 20, 'Vertiport_3': 20, 'Vertiport_4': 20, 'Vertiport_5': 20, 'Vertiport_6': 20, 'Vertiport_7': 20, 'Vertiport_8': 20, 'Vertiport_9': 20, 'Vertiport_10': 20}"
336,567.0,189,7661.475534431974,2834270.416920698,"{'Vertiport_1': 20, 'Vertiport_2': 20, 'Vertiport_3': 20, 'Vertiport_4': 20, 'Vertiport_5': 20, 'Vertiport_6': 20, 'Vertiport_7': 20, 'Vertiport_8': 20, 'Vertiport_9': 20, 'Vertiport_10': 20}"
337,606.0,202,9048.582168279981,2843318.999088978,"{'Vertiport_1': 20, 'Vertiport_2': 20, 'Vertiport_3': 20, 'Vertiport_4': 20, 'Vertiport_5': 20, 'Vertiport_6': 20, 'Vertiport_7': 20, 'Vertiport_8': 20, 'Vertiport_9': 20, 'Vertiport_10': 20}"
338,534.0,178,7500.297745663967,2850819.296834642,"{'Vertiport_1': 20, 'Vertiport_2': 20, 'Vertiport_3': 20, 'Vertiport_4': 20, 'Vertiport_5': 20, 'Vertiport_6': 20, 'Vertiport_7': 20, 'Vertiport_8': 20, 'Vertiport_9': 20, 'Vertiport_10': 20}"
339,516.0,172,7045.634238751973,2857864.931073394,"{'Vertiport_1': 20, 'Vertiport_2': 20, 'Vertiport_3': 20, 'Vertiport_4': 20, 'Vertiport_5': 20, 'Vertiport_6': 20, 'Vertiport_7': 20, 'Vertiport_8': 20, 'Vertiport_9': 20, 'Vertiport_10': 20}"
340,549.0,183,7964.02255084797,2865828.953624242,"{'Vertiport_1': 20, 'Vertiport_2': 20, 'Vertiport_3': 20, 'Vertiport_4': 20, 'Vertiport_5': 20, 'Vertiport_6': 20, 'Vertiport_7': 20, 'Vertiport_8': 20, 'Vertiport_9': 20, 'Vertiport_10': 20}"
341,585.0,195,8023.36746413597,2873852.321088378,"{'Vertiport_1': 20, 'Vertiport_2': 20, 'Vertiport_3': 20, 'Vertiport_4': 20, 'Vertiport_5': 20, 'Vertiport_6': 20, 'Vertiport_7': 20, 'Vertiport_8': 20, 'Vertiport_9': 20, 'Vertiport_10': 20}"
342,498.0,166,7139.742481967979,2880992.0635703458,"{'Vertiport_1': 20, 'Vertiport_2': 20, 'Vertiport_3': 20, 'Vertiport_4': 20, 'Vertiport_5': 20, 'Vertiport_6': 20, 'Vertiport_7': 20, 'Vertiport_8': 20, 'Vertiport_9': 20, 'Vertiport_10': 20}"
343,567.0,189,8279.47303659997,2889271.5366069456,"{'Vertiport_1': 20, 'Vertiport_2': 20, 'Vertiport_3': 20, 'Vertiport_4': 20, 'Vertiport_5': 20, 'Vertiport_6': 20, 'Vertiport_7': 20, 'Vertiport_8': 20, 'Vertiport_9': 20, 'Vertiport_10': 20}"
344,582.0,194,8136.624197911967,2897408.1608048575,"{'Vertiport_1': 20, 'Vertiport_2': 20, 'Vertiport_3': 20, 'Vertiport_4': 20, 'Vertiport_5': 20, 'Vertiport_6': 20, 'Vertiport_7': 20, 'Vertiport_8': 20, 'Vertiport_9': 20, 'Vertiport_10': 20}"
345,624.0,208,9482.801156407984,2906890.9619612657,"{'Vertiport_1': 20, 'Vertiport_2': 20, 'Vertiport_3': 20, 'Vertiport_4': 20, 'Vertiport_5': 20, 'Vertiport_6': 20, 'Vertiport_7': 20, 'Vertiport_8': 20, 'Vertiport_9': 20, 'Vertiport_10': 20}"
346,642.0,214,9005.344349559973,2915896.3063108255,"{'Vertiport_1': 20, 'Vertiport_2': 20, 'Vertiport_3': 20, 'Vertiport_4': 20, 'Vertiport_5': 20, 'Vertiport_6': 20, 'Vertiport_7': 20, 'Vertiport_8': 20, 'Vertiport_9': 20, 'Vertiport_10': 20}"
347,717.0,239,9944.271413463977,2925840.5777242896,"{'Vertiport_1': 20, 'Vertiport_2': 20, 'Vertiport_3': 20, 'Vertiport_4': 20, 'Vertiport_5': 20, 'Vertiport_6': 20, 'Vertiport_7': 20, 'Vertiport_8': 20, 'Vertiport_9': 20, 'Vertiport_10': 20}"
348,807.0,269,11199.195047351986,2937039.7727716416,"{'Vertiport_1': 20, 'Vertiport_2': 20, 'Vertiport_3': 20, 'Vertiport_4': 20, 'Vertiport_5': 20, 'Vertiport_6': 20, 'Vertiport_7': 20, 'Vertiport_8': 20, 'Vertiport_9': 20, 'Vertiport_10': 20}"
349,774.0,258,11194.882204471991,2948234.6549761137,"{'Vertiport_1': 20, 'Vertiport_2': 20, 'Vertiport_3': 20, 'Vertiport_4': 20, 'Vertiport_5': 20, 'Vertiport_6': 20, 'Vertiport_7': 20, 'Vertiport_8': 20, 'Vertiport_9': 20, 'Vertiport_10': 20}"
350,816.0,272,11925.404965391992,2960160.0599415055,"{'Vertiport_1': 20, 'Vertiport_2': 20, 'Vertiport_3': 20, 'Vertiport_4': 20, 'Vertiport_5': 20, 'Vertiport_6': 20, 'Vertiport_7': 20, 'Vertiport_8': 20, 'Vertiport_9': 20, 'Vertiport_10': 20}"
351,804.0,268,10777.72740086398,2970937.7873423696,"{'Vertiport_1': 20, 'Vertiport_2': 20, 'Vertiport_3': 20, 'Vertiport_4': 20, 'Vertiport_5': 20, 'Vertiport_6': 20, 'Vertiport_7': 20, 'Vertiport_8': 20, 'Vertiport_9': 20, 'Vertiport_10': 20}"
352,861.0,287,11875.030277431992,2982812.8176198015,"{'Vertiport_1': 20, 'Vertiport_2': 20, 'Vertiport_3': 20, 'Vertiport_4': 20, 'Vertiport_5': 20, 'Vertiport_6': 20, 'Vertiport_7': 20, 'Vertiport_8': 20, 'Vertiport_9': 20, 'Vertiport_10': 20}"
353,828.0,276,11429.665918071985,2994242.4835378733,"{'Vertiport_1': 20, 'Vertiport_2': 20, 'Vertiport_3': 20, 'Vertiport_4': 20, 'Vertiport_5': 20, 'Vertiport_6': 20, 'Vertiport_7': 20, 'Vertiport_8': 20, 'Vertiport_9': 20, 'Vertiport_10': 20}"
354,945.0,315,13392.167578608005,3007634.651116481,"{'Vertiport_1': 20, 'Vertiport_2': 20, 'Vertiport_3': 20, 'Vertiport_4': 20, 'Vertiport_5': 20, 'Vertiport_6': 20, 'Vertiport_7': 20, 'Vertiport_8': 20, 'Vertiport_9': 20, 'Vertiport_10': 20}"
355,825.0,275,11674.30972131198,3019308.960837793,"{'Vertiport_1': 20, 'Vertiport_2': 20, 'Vertiport_3': 20, 'Vertiport_4': 20, 'Vertiport_5': 20, 'Vertiport_6': 20, 'Vertiport_7': 20, 'Vertiport_8': 20, 'Vertiport_9': 20, 'Vertiport_10': 20}"
356,978.0,326,13467.245815120003,3032776.2066529132,"{'Vertiport_1': 20, 'Vertiport_2': 20, 'Vertiport_3': 20, 'Vertiport_4': 20, 'Vertiport_5': 20, 'Vertiport_6': 20, 'Vertiport_7': 20, 'Vertiport_8': 20, 'Vertiport_9': 20, 'Vertiport_10': 20}"
357,993.0,331,13761.915385144002,3046538.122038057,"{'Vertiport_1': 20, 'Vertiport_2': 20, 'Vertiport_3': 20, 'Vertiport_4': 20, 'Vertiport_5': 20, 'Vertiport_6': 20, 'Vertiport_7': 20, 'Vertiport_8': 20, 'Vertiport_9': 20, 'Vertiport_10': 20}"
358,837.0,279,12056.758361351996,3058594.880399409,"{'Vertiport_1': 20, 'Vertiport_2': 20, 'Vertiport_3': 20, 'Vertiport_4': 20, 'Vertiport_5': 20, 'Vertiport_6': 20, 'Vertiport_7': 20, 'Vertiport_8': 20, 'Vertiport_9': 20, 'Vertiport_10': 20}"
359,852.0,284,11838.700576655985,3070433.5809760652,"{'Vertiport_1': 20, 'Vertiport_2': 20, 'Vertiport_3': 20, 'Vertiport_4': 20, 'Vertiport_5': 20, 'Vertiport_6': 20, 'Vertiport_7': 20, 'Vertiport_8': 20, 'Vertiport_9': 20, 'Vertiport_10': 20}"
360,855.0,285,11897.734021839991,3082331.3149979054,"{'Vertiport_1': 20, 'Vertiport_2': 20, 'Vertiport_3': 20, 'Vertiport_4': 20, 'Vertiport_5': 20, 'Vertiport_6': 20, 'Vertiport_7': 20, 'Vertiport_8': 20, 'Vertiport_9': 20, 'Vertiport_10': 20}"
361,831.0,277,11310.910943559986,3093642.2259414652,"{'Vertiport_1': 20, 'Vertiport_2': 20, 'Vertiport_3': 20, 'Vertiport_4': 20, 'Vertiport_5': 20, 'Vertiport_6': 20, 'Vertiport_7': 20, 'Vertiport_8': 20, 'Vertiport_9': 20, 'Vertiport_10': 20}"
362,810.0,270,11506.087843559986,3105148.3137850254,"{'Vertiport_1': 20, 'Vertiport_2': 20, 'Vertiport_3': 20, 'Vertiport_4': 20, 'Vertiport_5': 20, 'Vertiport_6': 20, 'Vertiport_7': 20, 'Vertiport_8': 20, 'Vertiport_9': 20, 'Vertiport_10': 20}"
363,765.0,255,10958.902383687997,3116107.2161687133,"{'Vertiport_1': 20, 'Vertiport_2': 20, 'Vertiport_3': 20, 'Vertiport_4': 20, 'Vertiport_5': 20, 'Vertiport_6': 20, 'Vertiport_7': 20, 'Vertiport_8': 20, 'Vertiport_9': 20, 'Vertiport_10': 20}"
364,789.0,263,11289.261352439988,3127396.477521153,"{'Vertiport_1': 20, 'Vertiport_2': 20, 'Vertiport_3': 20, 'Vertiport_4': 20, 'Vertiport_5': 20, 'Vertiport_6': 20, 'Vertiport_7': 20, 'Vertiport_8': 20, 'Vertiport_9': 20, 'Vertiport_10': 20}"
365,849.0,283,12084.529700536,3139481.007221689,"{'Vertiport_1': 20, 'Vertiport_2': 20, 'Vertiport_3': 20, 'Vertiport_4': 20, 'Vertiport_5': 20, 'Vertiport_6': 20, 'Vertiport_7': 20, 'Vertiport_8': 20, 'Vertiport_9': 20, 'Vertiport_10': 20}"
366,765.0,255,11362.458632231983,3150843.465853921,"{'Vertiport_1': 20, 'Vertiport_2': 20, 'Vertiport_3': 20, 'Vertiport_4': 20, 'Vertiport_5': 20, 'Vertiport_6': 20, 'Vertiport_7': 20, 'Vertiport_8': 20, 'Vertiport_9': 20, 'Vertiport_10': 20}"
367,876.0,292,12981.063153111993,3163824.529007033,"{'Vertiport_1': 20, 'Vertiport_2': 20, 'Vertiport_3': 20, 'Vertiport_4': 20, 'Vertiport_5': 20, 'Vertiport_6': 20, 'Vertiport_7': 20, 'Vertiport_8': 20, 'Vertiport_9': 20, 'Vertiport_10': 20}"
368,696.0,232,10307.892209495987,3174132.421216529,"{'Vertiport_1': 20, 'Vertiport_2': 20, 'Vertiport_3': 20, 'Vertiport_4': 20, 'Vertiport_5': 20, 'Vertiport_6': 20, 'Vertiport_7': 20, 'Vertiport_8': 20, 'Vertiport_9': 20, 'Vertiport_10': 20}"
369,690.0,230,9455.171891647968,3183587.5931081767,"{'Vertiport_1': 20, 'Vertiport_2': 20, 'Vertiport_3': 20, 'Vertiport_4': 20, 'Vertiport_5': 20, 'Vertiport_6': 20, 'Vertiport_7': 20, 'Vertiport_8': 20, 'Vertiport_9': 20, 'Vertiport_10': 20}"
370,645.0,215,9116.049773239974,3192703.6428814167,"{'Vertiport_1': 20, 'Vertiport_2': 20, 'Vertiport_3': 20, 'Vertiport_4': 20, 'Vertiport_5': 20, 'Vertiport_6': 20, 'Vertiport_7': 20, 'Vertiport_8': 20, 'Vertiport_9': 20, 'Vertiport_10': 20}"
371,606.0,202,8435.090805039972,3201138.7336864565,"{'Vertiport_1': 20, 'Vertiport_2': 20, 'Vertiport_3': 20, 'Vertiport_4': 20, 'Vertiport_5': 20, 'Vertiport_6': 20, 'Vertiport_7': 20, 'Vertiport_8': 20, 'Vertiport_9': 20, 'Vertiport_10': 20}"
372,534.0,178,7802.165422599966,3208940.899109056,"{'Vertiport_1': 20, 'Vertiport_2': 20, 'Vertiport_3': 20, 'Vertiport_4': 20, 'Vertiport_5': 20, 'Vertiport_6': 20, 'Vertiport_7': 20, 'Vertiport_8': 20, 'Vertiport_9': 20, 'Vertiport_10': 20}"
373,600.0,200,9237.637713447979,3218178.5368225044,"{'Vertiport_1': 20, 'Vertiport_2': 20, 'Vertiport_3': 20, 'Vertiport_4': 20, 'Vertiport_5': 20, 'Vertiport_6': 20, 'Vertiport_7': 20, 'Vertiport_8': 20, 'Vertiport_9': 20, 'Vertiport_10': 20}"
374,438.0,146,5890.455733591979,3224068.9925560965,"{'Vertiport_1': 20, 'Vertiport_2': 20, 'Vertiport_3': 20, 'Vertiport_4': 20, 'Vertiport_5': 20, 'Vertiport_6': 20, 'Vertiport_7': 20, 'Vertiport_8': 20, 'Vertiport_9': 20, 'Vertiport_10': 20}"
375,483.0,161,6986.325392711971,3231055.3179488084,"{'Vertiport_1': 20, 'Vertiport_2': 20, 'Vertiport_3': 20, 'Vertiport_4': 20, 'Vertiport_5': 20, 'Vertiport_6': 20, 'Vertiport_7': 20, 'Vertiport_8': 20, 'Vertiport_9': 20, 'Vertiport_10': 20}"
376,381.0,127,5456.045420183983,3236511.363368992,"{'Vertiport_1': 20, 'Vertiport_2': 20, 'Vertiport_3': 20, 'Vertiport_4': 20, 'Vertiport_5': 20, 'Vertiport_6': 20, 'Vertiport_7': 20, 'Vertiport_8': 20, 'Vertiport_9': 20, 'Vertiport_10': 20}"
377,333.0,111,4339.160532655993,3240850.5239016484,"{'Vertiport_1': 20, 'Vertiport_2': 20, 'Vertiport_3': 20, 'Vertiport_4': 20, 'Vertiport_5': 20, 'Vertiport_6': 20, 'Vertiport_7': 20, 'Vertiport_8': 20, 'Vertiport_9': 20, 'Vertiport_10': 20}"
378,315.0,105,4458.5985144799915,3245309.1224161284,"{'Vertiport_1': 20, 'Vertiport_2': 20, 'Vertiport_3': 20, 'Vertiport_4': 20, 'Vertiport_5': 20, 'Vertiport_6': 20, 'Vertiport_7': 20, 'Vertiport_8': 20, 'Vertiport_9': 20, 'Vertiport_10': 20}"
379,336.0,112,5372.810493343981,3250681.9329094724,"{'Vertiport_1': 20, 'Vertiport_2': 20, 'Vertiport_3': 20, 'Vertiport_4': 20, 'Vertiport_5': 20, 'Vertiport_6': 20, 'Vertiport_7': 20, 'Vertiport_8': 20, 'Vertiport_9': 20, 'Vertiport_10': 20}"
380,348.0,116,5005.18160190399,3255687.1145113762,"{'Vertiport_1': 20, 'Vertiport_2': 20, 'Vertiport_3': 20, 'Vertiport_4': 20, 'Vertiport_5': 20, 'Vertiport_6': 20, 'Vertiport_7': 20, 'Vertiport_8': 20, 'Vertiport_9': 20, 'Vertiport_10': 20}"
381,288.0,96,4505.329312655994,3260192.4438240323,"{'Vertiport_1': 20, 'Vertiport_2': 20, 'Vertiport_3': 20, 'Vertiport_4': 20, 'Vertiport_5': 20, 'Vertiport_6': 20, 'Vertiport_7': 20, 'Vertiport_8': 20, 'Vertiport_9': 20, 'Vertiport_10': 20}"
382,171.0,57,2387.443984592,3262579.887808624,"{'Vertiport_1': 20, 'Vertiport_2': 20, 'Vertiport_3': 20, 'Vertiport_4': 20, 'Vertiport_5': 20, 'Vertiport_6': 20, 'Vertiport_7': 20, 'Vertiport_8': 20, 'Vertiport_9': 20, 'Vertiport_10': 20}"
383,147.0,49,1679.0553738959998,3264258.94318252,"{'Vertiport_1': 20, 'Vertiport_2': 20, 'Vertiport_3': 20, 'Vertiport_4': 20, 'Vertiport_5': 20, 'Vertiport_6': 20, 'Vertiport_7': 20, 'Vertiport_8': 20, 'Vertiport_9': 20, 'Vertiport_10': 20}"
384,102.0,34,1574.5468886080002,3265833.490071128,"{'Vertiport_1': 20, 'Vertiport_2': 20, 'Vertiport_3': 20, 'Vertiport_4': 20, 'Vertiport_5': 20, 'Vertiport_6': 20, 'Vertiport_7': 20, 'Vertiport_8': 20, 'Vertiport_9': 20, 'Vertiport_10': 20}"
385,96.0,32,1609.4186864240005,3267442.908757552,"{'Vertiport_1': 20, 'Vertiport_2': 20, 'Vertiport_3': 20, 'Vertiport_4': 20, 'Vertiport_5': 20, 'Vertiport_6': 20, 'Vertiport_7': 20, 'Vertiport_8': 20, 'Vertiport_9': 20, 'Vertiport_10': 20}"
386,60.0,20,730.0977577040002,3268173.006515256,"{'Vertiport_1': 20, 'Vertiport_2': 20, 'Vertiport_3': 20, 'Vertiport_4': 20, 'Vertiport_5': 20, 'Vertiport_6': 20, 'Vertiport_7': 20, 'Vertiport_8': 20, 'Vertiport_9': 20, 'Vertiport_10': 20}"
387,93.0,31,1366.936697896,3269539.9432131522,"{'Vertiport_1': 20, 'Vertiport_2': 20, 'Vertiport_3': 20, 'Vertiport_4': 20, 'Vertiport_5': 20, 'Vertiport_6': 20, 'Vertiport_7': 20, 'Vertiport_8': 20, 'Vertiport_9': 20, 'Vertiport_10': 20}"
388,63.0,21,982.6398132480002,3270522.5830264003,"{'Vertiport_1': 20, 'Vertiport_2': 20, 'Vertiport_3': 20, 'Vertiport_4': 20, 'Vertiport_5': 20, 'Vertiport_6': 20, 'Vertiport_7': 20, 'Vertiport_8': 20, 'Vertiport_9': 20, 'Vertiport_10': 20}"
389,87.0,29,1358.5470567600005,3271881.1300831605,"{'Vertiport_1': 20, 'Vertiport_2': 20, 'Vertiport_3': 20, 'Vertiport_4': 20, 'Vertiport_5': 20, 'Vertiport_6': 20, 'Vertiport_7': 20, 'Vertiport_8': 20, 'Vertiport_9': 20, 'Vertiport_10': 20}"
390,117.0,39,1777.7965155680001,3273658.9265987286,"{'Vertiport_1': 20, 'Vertiport_2': 20, 'Vertiport_3': 20, 'Vertiport_4': 20, 'Vertiport_5': 20, 'Vertiport_6': 20, 'Vertiport_7': 20, 'Vertiport_8': 20, 'Vertiport_9': 20, 'Vertiport_10': 20}"
391,129.0,43,1640.5372823040002,3275299.4638810325,"{'Vertiport_1': 20, 'Vertiport_2': 20, 'Vertiport_3': 20, 'Vertiport_4': 20, 'Vertiport_5': 20, 'Vertiport_6': 20, 'Vertiport_7': 20, 'Vertiport_8': 20, 'Vertiport_9': 20, 'Vertiport_10': 20}"
392,135.0,45,1988.7084604880006,3277288.1723415204,"{'Vertiport_1': 20, 'Vertiport_2': 20, 'Vertiport_3': 20, 'Vertiport_4': 20, 'Vertiport_5': 20, 'Vertiport_6': 20, 'Vertiport_7': 20, 'Vertiport_8': 20, 'Vertiport_9': 20, 'Vertiport_10': 20}"
393,105.0,35,1699.8561816160002,3278988.0285231364,"{'Vertiport_1': 20, 'Vertiport_2': 20, 'Vertiport_3': 20, 'Vertiport_4': 20, 'Vertiport_5': 20, 'Vertiport_6': 20, 'Vertiport_7': 20, 'Vertiport_8': 20, 'Vertiport_9': 20, 'Vertiport_10': 20}"
394,147.0,49,2347.2218708319997,3281335.2503939685,"{'Vertiport_1': 20, 'Vertiport_2': 20, 'Vertiport_3': 20, 'Vertiport_4': 20, 'Vertiport_5': 20, 'Vertiport_6': 20, 'Vertiport_7': 20, 'Vertiport_8': 20, 'Vertiport_9': 20, 'Vertiport_10': 20}"
395,243.0,81,3288.5047719199983,3284623.7551658885,"{'Vertiport_1': 20, 'Vertiport_2': 20, 'Vertiport_3': 20, 'Vertiport_4': 20, 'Vertiport_5': 20, 'Vertiport_6': 20, 'Vertiport_7': 20, 'Vertiport_8': 20, 'Vertiport_9': 20, 'Vertiport_10': 20}"
396,219.0,73,2796.7937424479987,3287420.5489083366,"{'Vertiport_1': 20, 'Vertiport_2': 20, 'Vertiport_3': 20, 'Vertiport_4': 20, 'Vertiport_5': 20, 'Vertiport_6': 20, 'Vertiport_7': 20, 'Vertiport_8': 20, 'Vertiport_9': 20, 'Vertiport_10': 20}"
397,222.0,74,3366.3771199039993,3290786.9260282405,"{'Vertiport_1': 20, 'Vertiport_2': 20, 'Vertiport_3': 20, 'Vertiport_4': 20, 'Vertiport_5': 20, 'Vertiport_6': 20, 'Vertiport_7': 20, 'Vertiport_8': 20, 'Vertiport_9': 20, 'Vertiport_10': 20}"
398,282.0,94,4118.192803799998,3294905.1188320406,"{'Vertiport_1': 20, 'Vertiport_2': 20, 'Vertiport_3': 20, 'Vertiport_4': 20, 'Vertiport_5': 20, 'Vertiport_6': 20, 'Vertiport_7': 20, 'Vertiport_8': 20, 'Vertiport_9': 20, 'Vertiport_10': 20}"
399,330.0,110,4453.703049671994,3299358.8218817124,"{'Vertiport_1': 20, 'Vertiport_2': 20, 'Vertiport_3': 20, 'Vertiport_4': 20, 'Vertiport_5': 20, 'Vertiport_6': 20, 'Vertiport_7': 20, 'Vertiport_8': 20, 'Vertiport_9': 20, 'Vertiport_10': 20}"
400,342.0,114,5287.03096014399,3304645.8528418564,"{'Vertiport_1': 20, 'Vertiport_2': 20, 'Vertiport_3': 20, 'Vertiport_4': 20, 'Vertiport_5': 20, 'Vertiport_6': 20, 'Vertiport_7': 20, 'Vertiport_8': 20, 'Vertiport_9': 20, 'Vertiport_10': 20}"
401,363.0,121,4717.0298685839925,3309362.8827104405,"{'Vertiport_1': 20, 'Vertiport_2': 20, 'Vertiport_3': 20, 'Vertiport_4': 20, 'Vertiport_5': 20, 'Vertiport_6': 20, 'Vertiport_7': 20, 'Vertiport_8': 20, 'Vertiport_9': 20, 'Vertiport_10': 20}"
402,438.0,146,6370.925088007976,3315733.8077984485,"{'Vertiport_1': 20, 'Vertiport_2': 20, 'Vertiport_3': 20, 'Vertiport_4': 20, 'Vertiport_5': 20, 'Vertiport_6': 20, 'Vertiport_7': 20, 'Vertiport_8': 20, 'Vertiport_9': 20, 'Vertiport_10': 20}"
403,567.0,189,7324.95934098397,3323058.7671394325,"{'Vertiport_1': 20, 'Vertiport_2': 20, 'Vertiport_3': 20, 'Vertiport_4': 20, 'Vertiport_5': 20, 'Vertiport_6': 20, 'Vertiport_7': 20, 'Vertiport_8': 20, 'Vertiport_9': 20, 'Vertiport_10': 20}"
404,576.0,192,7719.303972719972,3330778.0711121527,"{'Vertiport_1': 20, 'Vertiport_2': 20, 'Vertiport_3': 20, 'Vertiport_4': 20, 'Vertiport_5': 20, 'Vertiport_6': 20, 'Vertiport_7': 20, 'Vertiport_8': 20, 'Vertiport_9': 20, 'Vertiport_10': 20}"
405,639.0,213,8910.281790799982,3339688.3529029526,"{'Vertiport_1': 20, 'Vertiport_2': 20, 'Vertiport_3': 20, 'Vertiport_4': 20, 'Vertiport_5': 20, 'Vertiport_6': 20, 'Vertiport_7': 20, 'Vertiport_8': 20, 'Vertiport_9': 20, 'Vertiport_10': 20}"
406,666.0,222,9934.396156511986,3349622.749059465,"{'Vertiport_1': 20, 'Vertiport_2': 20, 'Vertiport_3': 20, 'Vertiport_4': 20, 'Vertiport_5': 20, 'Vertiport_6': 20, 'Vertiport_7': 20, 'Vertiport_8': 20, 'Vertiport_9': 20, 'Vertiport_10': 20}"
407,651.0,217,9368.554720599972,3358991.303780065,"{'Vertiport_1': 20, 'Vertiport_2': 20, 'Vertiport_3': 20, 'Vertiport_4': 20, 'Vertiport_5': 20, 'Vertiport_6': 20, 'Vertiport_7': 20, 'Vertiport_8': 20, 'Vertiport_9': 20, 'Vertiport_10': 20}"
408,681.0,227,9407.964965975982,3368399.2687460408,"{'Vertiport_1': 20, 'Vertiport_2': 20, 'Vertiport_3': 20, 'Vertiport_4': 20, 'Vertiport_5': 20, 'Vertiport_6': 20, 'Vertiport_7': 20, 'Vertiport_8': 20, 'Vertiport_9': 20, 'Vertiport_10': 20}"
409,660.0,220,9034.140361183978,3377433.4091072246,"{'Vertiport_1': 20, 'Vertiport_2': 20, 'Vertiport_3': 20, 'Vertiport_4': 20, 'Vertiport_5': 20, 'Vertiport_6': 20, 'Vertiport_7': 20, 'Vertiport_8': 20, 'Vertiport_9': 20, 'Vertiport_10': 20}"
410,726.0,242,9873.933569335992,3387307.3426765604,"{'Vertiport_1': 20, 'Vertiport_2': 20, 'Vertiport_3': 20, 'Vertiport_4': 20, 'Vertiport_5': 20, 'Vertiport_6': 20, 'Vertiport_7': 20, 'Vertiport_8': 20, 'Vertiport_9': 20, 'Vertiport_10': 20}"
411,615.0,205,8606.396323847976,3395913.7390004084,"{'Vertiport_1': 20, 'Vertiport_2': 20, 'Vertiport_3': 20, 'Vertiport_4': 20, 'Vertiport_5': 20, 'Vertiport_6': 20, 'Vertiport_7': 20, 'Vertiport_8': 20, 'Vertiport_9': 20, 'Vertiport_10': 20}"
412,666.0,222,9401.030522255982,3405314.7695226646,"{'Vertiport_1': 20, 'Vertiport_2': 20, 'Vertiport_3': 20, 'Vertiport_4': 20, 'Vertiport_5': 20, 'Vertiport_6': 20, 'Vertiport_7': 20, 'Vertiport_8': 20, 'Vertiport_9': 20, 'Vertiport_10': 20}"
413,501.0,167,6771.6771177919745,3412086.4466404566,"{'Vertiport_1': 20, 'Vertiport_2': 20, 'Vertiport_3': 20, 'Vertiport_4': 20, 'Vertiport_5': 20, 'Vertiport_6': 20, 'Vertiport_7': 20, 'Vertiport_8': 20, 'Vertiport_9': 20, 'Vertiport_10': 20}"
414,552.0,184,7379.22513627997,3419465.6717767366,"{'Vertiport_1': 20, 'Vertiport_2': 20, 'Vertiport_3': 20, 'Vertiport_4': 20, 'Vertiport_5': 20, 'Vertiport_6': 20, 'Vertiport_7': 20, 'Vertiport_8': 20, 'Vertiport_9': 20, 'Vertiport_10': 20}"
415,591.0,197,8506.148279751971,3427971.8200564887,"{'Vertiport_1': 20, 'Vertiport_2': 20, 'Vertiport_3': 20, 'Vertiport_4': 20, 'Vertiport_5': 20, 'Vertiport_6': 20, 'Vertiport_7': 20, 'Vertiport_8': 20, 'Vertiport_9': 20, 'Vertiport_10': 20}"
416,630.0,210,9483.358197583977,3437455.1782540726,"{'Vertiport_1': 20, 'Vertiport_2': 20, 'Vertiport_3': 20, 'Vertiport_4': 20, 'Vertiport_5': 20, 'Vertiport_6': 20, 'Vertiport_7': 20, 'Vertiport_8': 20, 'Vertiport_9': 20, 'Vertiport_10': 20}"
417,600.0,200,8232.080720135966,3445687.2589742085,"{'Vertiport_1': 20, 'Vertiport_2': 20, 'Vertiport_3': 20, 'Vertiport_4': 20, 'Vertiport_5': 20, 'Vertiport_6': 20, 'Vertiport_7': 20, 'Vertiport_8': 20, 'Vertiport_9': 20, 'Vertiport_10': 20}"
418,504.0,168,6833.297562367979,3452520.5565365762,"{'Vertiport_1': 20, 'Vertiport_2': 20, 'Vertiport_3': 20, 'Vertiport_4': 20, 'Vertiport_5': 20, 'Vertiport_6': 20, 'Vertiport_7': 20, 'Vertiport_8': 20, 'Vertiport_9': 20, 'Vertiport_10': 20}"
419,0.0,0,0.0,3452520.5565365762,"{'Vertiport_1': 20, 'Vertiport_2': 20, 'Vertiport_3': 20, 'Vertiport_4': 20, 'Vertiport_5': 20, 'Vertiport_6': 20, 'Vertiport_7': 20, 'Vertiport_8': 20, 'Vertiport_9': 20, 'Vertiport_10': 20}"
420,0.0,0,0.0,3452520.5565365762,"{'Vertiport_1': 20, 'Vertiport_2': 20, 'Vertiport_3': 20, 'Vertiport_4': 20, 'Vertiport_5': 20, 'Vertiport_6': 20, 'Vertiport_7': 20, 'Vertiport_8': 20, 'Vertiport_9': 20, 'Vertiport_10': 20}"
421,0.0,0,0.0,3452520.5565365762,"{'Vertiport_1': 20, 'Vertiport_2': 20, 'Vertiport_3': 20, 'Vertiport_4': 20, 'Vertiport_5': 20, 'Vertiport_6': 20, 'Vertiport_7': 20, 'Vertiport_8': 20, 'Vertiport_9': 20, 'Vertiport_10': 20}"
422,450.0,150,6809.8119153359785,3459330.3684519124,"{'Vertiport_1': 20, 'Vertiport_2': 20, 'Vertiport_3': 20, 'Vertiport_4': 20, 'Vertiport_5': 20, 'Vertiport_6': 20, 'Vertiport_7': 20, 'Vertiport_8': 20, 'Vertiport_9': 20, 'Vertiport_10': 20}"
423,606.0,202,9692.813648183983,3469023.1821000963,"{'Vertiport_1': 20, 'Vertiport_2': 20, 'Vertiport_3': 20, 'Vertiport_4': 20, 'Vertiport_5': 20, 'Vertiport_6': 20, 'Vertiport_7': 20, 'Vertiport_8': 20, 'Vertiport_9': 20, 'Vertiport_10': 20}"
424,546.0,182,7864.4266651279695,3476887.608765224,"{'Vertiport_1': 20, 'Vertiport_2': 20, 'Vertiport_3': 20, 'Vertiport_4': 20, 'Vertiport_5': 20, 'Vertiport_6': 20, 'Vertiport_7': 20, 'Vertiport_8': 20, 'Vertiport_9': 20, 'Vertiport_10': 20}"
425,555.0,185,7671.06508549597,3484558.67385072,"{'Vertiport_1': 20, 'Vertiport_2': 20, 'Vertiport_3': 20, 'Vertiport_4': 20, 'Vertiport_5': 20, 'Vertiport_6': 20, 'Vertiport_7': 20, 'Vertiport_8': 20, 'Vertiport_9': 20, 'Vertiport_10': 20}"
426,573.0,191,8162.246725423965,3492720.920576144,"{'Vertiport_1': 20, 'Vertiport_2': 20, 'Vertiport_3': 20, 'Vertiport_4': 20, 'Vertiport_5': 20, 'Vertiport_6': 20, 'Vertiport_7': 20, 'Vertiport_8': 20, 'Vertiport_9': 20, 'Vertiport_10': 20}"
427,561.0,187,7816.150280703967,3500537.070856848,"{'Vertiport_1': 20, 'Vertiport_2': 20, 'Vertiport_3': 20, 'Vertiport_4': 20, 'Vertiport_5': 20, 'Vertiport_6': 20, 'Vertiport_7': 20, 'Vertiport_8': 20, 'Vertiport_9': 20, 'Vertiport_10': 20}"
428,519.0,173,7526.989529511967,3508064.0603863597,"{'Vertiport_1': 20, 'Vertiport_2': 20, 'Vertiport_3': 20, 'Vertiport_4': 20, 'Vertiport_5': 20, 'Vertiport_6': 20, 'Vertiport_7': 20, 'Vertiport_8': 20, 'Vertiport_9': 20, 'Vertiport_10': 20}"
429,567.0,189,8635.522464815976,3516699.5828511757,"{'Vertiport_1': 20, 'Vertiport_2': 20, 'Vertiport_3': 20, 'Vertiport_4': 20, 'Vertiport_5': 20, 'Vertiport_6': 20, 'Vertiport_7': 20, 'Vertiport_8': 20, 'Vertiport_9': 20, 'Vertiport_10': 20}"
430,543.0,181,8037.228316623971,3524736.8111678,"{'Vertiport_1': 20, 'Vertiport_2': 20, 'Vertiport_3': 20, 'Vertiport_4': 20, 'Vertiport_5': 20, 'Vertiport_6': 20, 'Vertiport_7': 20, 'Vertiport_8': 20, 'Vertiport_9': 20, 'Vertiport_10': 20}"
431,495.0,165,7121.944921943973,3531858.7560897437,"{'Vertiport_1': 20, 'Vertiport_2': 20, 'Vertiport_3': 20, 'Vertiport_4': 20, 'Vertiport_5': 20, 'Vertiport_6': 20, 'Vertiport_7': 20, 'Vertiport_8': 20, 'Vertiport_9': 20, 'Vertiport_10': 20}"
432,492.0,164,7162.57075231197,3539021.3268420557,"{'Vertiport_1': 20, 'Vertiport_2': 20, 'Vertiport_3': 20, 'Vertiport_4': 20, 'Vertiport_5': 20, 'Vertiport_6': 20, 'Vertiport_7': 20, 'Vertiport_8': 20, 'Vertiport_9': 20, 'Vertiport_10': 20}"
433,537.0,179,8244.869306399974,3547266.1961484556,"{'Vertiport_1': 20, 'Vertiport_2': 20, 'Vertiport_3': 20, 'Vertiport_4': 20, 'Vertiport_5': 20, 'Vertiport_6': 20, 'Vertiport_7': 20, 'Vertiport_8': 20, 'Vertiport_9': 20, 'Vertiport_10': 20}"
434,429.0,143,6381.428227047976,3553647.6243755035,"{'Vertiport_1': 20, 'Vertiport_2': 20, 'Vertiport_3': 20, 'Vertiport_4': 20, 'Vertiport_5': 20, 'Vertiport_6': 20, 'Vertiport_7': 20, 'Vertiport_8': 20, 'Vertiport_9': 20, 'Vertiport_10': 20}"
435,495.0,165,7126.15737943997,3560773.7817549435,"{'Vertiport_1': 20, 'Vertiport_2': 20, 'Vertiport_3': 20, 'Vertiport_4': 20, 'Vertiport_5': 20, 'Vertiport_6': 20, 'Vertiport_7': 20, 'Vertiport_8': 20, 'Vertiport_9': 20, 'Vertiport_10': 20}"
436,474.0,158,6642.224718127982,3567416.0064730714,"{'Vertiport_1': 20, 'Vertiport_2': 20, 'Vertiport_3': 20, 'Vertiport_4': 20, 'Vertiport_5': 20, 'Vertiport_6': 20, 'Vertiport_7': 20, 'Vertiport_8': 20, 'Vertiport_9': 20, 'Vertiport_10': 20}"
437,516.0,172,7358.464790983976,3574774.4712640555,"{'Vertiport_1': 20, 'Vertiport_2': 20, 'Vertiport_3': 20, 'Vertiport_4': 20, 'Vertiport_5': 20, 'Vertiport_6': 20, 'Vertiport_7': 20, 'Vertiport_8': 20, 'Vertiport_9': 20, 'Vertiport_10': 20}"
438,531.0,177,7822.027552535969,3582596.498816591,"{'Vertiport_1': 20, 'Vertiport_2': 20, 'Vertiport_3': 20, 'Vertiport_4': 20, 'Vertiport_5': 20, 'Vertiport_6': 20, 'Vertiport_7': 20, 'Vertiport_8': 20, 'Vertiport_9': 20, 'Vertiport_10': 20}"
439,558.0,186,7823.28105770397,3590419.779874295,"{'Vertiport_1': 20, 'Vertiport_2': 20, 'Vertiport_3': 20, 'Vertiport_4': 20, 'Vertiport_5': 20, 'Vertiport_6': 20, 'Vertiport_7': 20, 'Vertiport_8': 20, 'Vertiport_9': 20, 'Vertiport_10': 20}"
440,573.0,191,8070.1251502159685,3598489.905024511,"{'Vertiport_1': 20, 'Vertiport_2': 20, 'Vertiport_3': 20, 'Vertiport_4': 20, 'Vertiport_5': 20, 'Vertiport_6': 20, 'Vertiport_7': 20, 'Vertiport_8': 20, 'Vertiport_9': 20, 'Vertiport_10': 20}"
441,615.0,205,8588.803986567975,3607078.709011079,"{'Vertiport_1': 20, 'Vertiport_2': 20, 'Vertiport_3': 20, 'Vertiport_4': 20, 'Vertiport_5': 20, 'Vertiport_6': 20, 'Vertiport_7': 20, 'Vertiport_8': 20, 'Vertiport_9': 20, 'Vertiport_10': 20}"
442,600.0,200,7984.420545631965,3615063.129556711,"{'Vertiport_1': 20, 'Vertiport_2': 20, 'Vertiport_3': 20, 'Vertiport_4': 20, 'Vertiport_5': 20, 'Vertiport_6': 20, 'Vertiport_7': 20, 'Vertiport_8': 20, 'Vertiport_9': 20, 'Vertiport_10': 20}"
443,672.0,224,10052.733498351983,3625115.863055063,"{'Vertiport_1': 20, 'Vertiport_2': 20, 'Vertiport_3': 20, 'Vertiport_4': 20, 'Vertiport_5': 20, 'Vertiport_6': 20, 'Vertiport_7': 20, 'Vertiport_8': 20, 'Vertiport_9': 20, 'Vertiport_10': 20}"
444,747.0,249,10244.14836132797,3635360.011416391,"{'Vertiport_1': 20, 'Vertiport_2': 20, 'Vertiport_3': 20, 'Vertiport_4': 20, 'Vertiport_5': 20, 'Vertiport_6': 20, 'Vertiport_7': 20, 'Vertiport_8': 20, 'Vertiport_9': 20, 'Vertiport_10': 20}"
445,795.0,265,10978.10411077598,3646338.115527167,"{'Vertiport_1': 20, 'Vertiport_2': 20, 'Vertiport_3': 20, 'Vertiport_4': 20, 'Vertiport_5': 20, 'Vertiport_6': 20, 'Vertiport_7': 20, 'Vertiport_8': 20, 'Vertiport_9': 20, 'Vertiport_10': 20}"
446,786.0,262,10715.33265547199,3657053.448182639,"{'Vertiport_1': 20, 'Vertiport_2': 20, 'Vertiport_3': 20, 'Vertiport_4': 20, 'Vertiport_5': 20, 'Vertiport_6': 20, 'Vertiport_7': 20, 'Vertiport_8': 20, 'Vertiport_9': 20, 'Vertiport_10': 20}"
447,819.0,273,12265.931101032,3669319.3792836713,"{'Vertiport_1': 20, 'Vertiport_2': 20, 'Vertiport_3': 20, 'Vertiport_4': 20, 'Vertiport_5': 20, 'Vertiport_6': 20, 'Vertiport_7': 20, 'Vertiport_8': 20, 'Vertiport_9': 20, 'Vertiport_10': 20}"
448,888.0,296,12362.834534751983,3681682.2138184234,"{'Vertiport_1': 20, 'Vertiport_2': 20, 'Vertiport_3': 20, 'Vertiport_4': 20, 'Vertiport_5': 20, 'Vertiport_6': 20, 'Vertiport_7': 20, 'Vertiport_8': 20, 'Vertiport_9': 20, 'Vertiport_10': 20}"
449,861.0,287,11879.416684759988,3693561.630503183,"{'Vertiport_1': 20, 'Vertiport_2': 20, 'Vertiport_3': 20, 'Vertiport_4': 20, 'Vertiport_5': 20, 'Vertiport_6': 20, 'Vertiport_7': 20, 'Vertiport_8': 20, 'Vertiport_9': 20, 'Vertiport_10': 20}"
450,867.0,289,12238.463869655989,3705800.094372839,"{'Vertiport_1': 20, 'Vertiport_2': 20, 'Vertiport_3': 20, 'Vertiport_4': 20, 'Vertiport_5': 20, 'Vertiport_6': 20, 'Vertiport_7': 20, 'Vertiport_8': 20, 'Vertiport_9': 20, 'Vertiport_10': 20}"
451,948.0,316,13386.34953016,3719186.443902999,"{'Vertiport_1': 20, 'Vertiport_2': 20, 'Vertiport_3': 20, 'Vertiport_4': 20, 'Vertiport_5': 20, 'Vertiport_6': 20, 'Vertiport_7': 20, 'Vertiport_8': 20, 'Vertiport_9': 20, 'Vertiport_10': 20}"
452,888.0,296,12633.311856335986,3731819.755759335,"{'Vertiport_1': 20, 'Vertiport_2': 20, 'Vertiport_3': 20, 'Vertiport_4': 20, 'Vertiport_5': 20, 'Vertiport_6': 20, 'Vertiport_7': 20, 'Vertiport_8': 20, 'Vertiport_9': 20, 'Vertiport_10': 20}"
453,894.0,298,12767.567038263998,3744587.3227975992,"{'Vertiport_1': 20, 'Vertiport_2': 20, 'Vertiport_3': 20, 'Vertiport_4': 20, 'Vertiport_5': 20, 'Vertiport_6': 20, 'Vertiport_7': 20, 'Vertiport_8': 20, 'Vertiport_9': 20, 'Vertiport_10': 20}"
454,891.0,297,11941.239690775994,3756528.562488375,"{'Vertiport_1': 20, 'Vertiport_2': 20, 'Vertiport_3': 20, 'Vertiport_4': 20, 'Vertiport_5': 20, 'Vertiport_6': 20, 'Vertiport_7': 20, 'Vertiport_8': 20, 'Vertiport_9': 20, 'Vertiport_10': 20}"
455,936.0,312,13643.030722288018,3770171.593210663,"{'Vertiport_1': 20, 'Vertiport_2': 20, 'Vertiport_3': 20, 'Vertiport_4': 20, 'Vertiport_5': 20, 'Vertiport_6': 20, 'Vertiport_7': 20, 'Vertiport_8': 20, 'Vertiport_9': 20, 'Vertiport_10': 20}"
456,819.0,273,12076.969168927999,3782248.562379591,"{'Vertiport_1': 20, 'Vertiport_2': 20, 'Vertiport_3': 20, 'Vertiport_4': 20, 'Vertiport_5': 20, 'Vertiport_6': 20, 'Vertiport_7': 20, 'Vertiport_8': 20, 'Vertiport_9': 20, 'Vertiport_10': 20}"
457,924.0,308,12547.924323159996,3794796.4867027514,"{'Vertiport_1': 20, 'Vertiport_2': 20, 'Vertiport_3': 20, 'Vertiport_4': 20, 'Vertiport_5': 20, 'Vertiport_6': 20, 'Vertiport_7': 20, 'Vertiport_8': 20, 'Vertiport_9': 20, 'Vertiport_10': 20}"
458,879.0,293,12880.856787808007,3807677.3434905596,"{'Vertiport_1': 20, 'Vertiport_2': 20, 'Vertiport_3': 20, 'Vertiport_4': 20, 'Vertiport_5': 20, 'Vertiport_6': 20, 'Vertiport_7': 20, 'Vertiport_8': 20, 'Vertiport_9': 20, 'Vertiport_10': 20}"
459,849.0,283,11999.787567191997,3819677.131057752,"{'Vertiport_1': 20, 'Vertiport_2': 20, 'Vertiport_3': 20, 'Vertiport_4': 20, 'Vertiport_5': 20, 'Vertiport_6': 20, 'Vertiport_7': 20, 'Vertiport_8': 20, 'Vertiport_9': 20, 'Vertiport_10': 20}"
460,876.0,292,12493.867138464002,3832170.998196216,"{'Vertiport_1': 20, 'Vertiport_2': 20, 'Vertiport_3': 20, 'Vertiport_4': 20, 'Vertiport_5': 20, 'Vertiport_6': 20, 'Vertiport_7': 20, 'Vertiport_8': 20, 'Vertiport_9': 20, 'Vertiport_10': 20}"
461,912.0,304,12863.547788311998,3845034.545984528,"{'Vertiport_1': 20, 'Vertiport_2': 20, 'Vertiport_3': 20, 'Vertiport_4': 20, 'Vertiport_5': 20, 'Vertiport_6': 20, 'Vertiport_7': 20, 'Vertiport_8': 20, 'Vertiport_9': 20, 'Vertiport_10': 20}"
462,888.0,296,12351.306759367995,3857385.852743896,"{'Vertiport_1': 20, 'Vertiport_2': 20, 'Vertiport_3': 20, 'Vertiport_4': 20, 'Vertiport_5': 20, 'Vertiport_6': 20, 'Vertiport_7': 20, 'Vertiport_8': 20, 'Vertiport_9': 20, 'Vertiport_10': 20}"
463,765.0,255,10754.098335031977,3868139.951078928,"{'Vertiport_1': 20, 'Vertiport_2': 20, 'Vertiport_3': 20, 'Vertiport_4': 20, 'Vertiport_5': 20, 'Vertiport_6': 20, 'Vertiport_7': 20, 'Vertiport_8': 20, 'Vertiport_9': 20, 'Vertiport_10': 20}"
464,756.0,252,10978.24747588799,3879118.198554816,"{'Vertiport_1': 20, 'Vertiport_2': 20, 'Vertiport_3': 20, 'Vertiport_4': 20, 'Vertiport_5': 20, 'Vertiport_6': 20, 'Vertiport_7': 20, 'Vertiport_8': 20, 'Vertiport_9': 20, 'Vertiport_10': 20}"
465,780.0,260,10835.580279623984,3889953.7788344403,"{'Vertiport_1': 20, 'Vertiport_2': 20, 'Vertiport_3': 20, 'Vertiport_4': 20, 'Vertiport_5': 20, 'Vertiport_6': 20, 'Vertiport_7': 20, 'Vertiport_8': 20, 'Vertiport_9': 20, 'Vertiport_10': 20}"
466,798.0,266,11625.058507423986,3901578.837341864,"{'Vertiport_1': 20, 'Vertiport_2': 20, 'Vertiport_3': 20, 'Vertiport_4': 20, 'Vertiport_5': 20, 'Vertiport_6': 20, 'Vertiport_7': 20, 'Vertiport_8': 20, 'Vertiport_9': 20, 'Vertiport_10': 20}"
467,690.0,230,9876.145979151983,3911454.983321016,"{'Vertiport_1': 20, 'Vertiport_2': 20, 'Vertiport_3': 20, 'Vertiport_4': 20, 'Vertiport_5': 20, 'Vertiport_6': 20, 'Vertiport_7': 20, 'Vertiport_8': 20, 'Vertiport_9': 20, 'Vertiport_10': 20}"
468,684.0,228,9524.530162343977,3920979.51348336,"{'Vertiport_1': 20, 'Vertiport_2': 20, 'Vertiport_3': 20, 'Vertiport_4': 20, 'Vertiport_5': 20, 'Vertiport_6': 20, 'Vertiport_7': 20, 'Vertiport_8': 20, 'Vertiport_9': 20, 'Vertiport_10': 20}"
469,672.0,224,9420.340702631984,3930399.854185992,"{'Vertiport_1': 20, 'Vertiport_2': 20, 'Vertiport_3': 20, 'Vertiport_4': 20, 'Vertiport_5': 20, 'Vertiport_6': 20, 'Vertiport_7': 20, 'Vertiport_8': 20, 'Vertiport_9': 20, 'Vertiport_10': 20}"
470,624.0,208,8861.854588655973,3939261.7087746477,"{'Vertiport_1': 20, 'Vertiport_2': 20, 'Vertiport_3': 20, 'Vertiport_4': 20, 'Vertiport_5': 20, 'Vertiport_6': 20, 'Vertiport_7': 20, 'Vertiport_8': 20, 'Vertiport_9': 20, 'Vertiport_10': 20}"
471,525.0,175,7212.681667351974,3946474.390442,"{'Vertiport_1': 20, 'Vertiport_2': 20, 'Vertiport_3': 20, 'Vertiport_4': 20, 'Vertiport_5': 20, 'Vertiport_6': 20, 'Vertiport_7': 20, 'Vertiport_8': 20, 'Vertiport_9': 20, 'Vertiport_10': 20}"
472,447.0,149,6816.64076207997,3953291.0312040797,"{'Vertiport_1': 20, 'Vertiport_2': 20, 'Vertiport_3': 20, 'Vertiport_4': 20, 'Vertiport_5': 20, 'Vertiport_6': 20, 'Vertiport_7': 20, 'Vertiport_8': 20, 'Vertiport_9': 20, 'Vertiport_10': 20}"
473,420.0,140,5955.9270041519785,3959246.9582082317,"{'Vertiport_1': 20, 'Vertiport_2': 20, 'Vertiport_3': 20, 'Vertiport_4': 20, 'Vertiport_5': 20, 'Vertiport_6': 20, 'Vertiport_7': 20, 'Vertiport_8': 20, 'Vertiport_9': 20, 'Vertiport_10': 20}"
474,384.0,128,5772.257745671984,3965019.2159539037,"{'Vertiport_1': 20, 'Vertiport_2': 20, 'Vertiport_3': 20, 'Vertiport_4': 20, 'Vertiport_5': 20, 'Vertiport_6': 20, 'Vertiport_7': 20, 'Vertiport_8': 20, 'Vertiport_9': 20, 'Vertiport_10': 20}"
475,354.0,118,5237.387390071989,3970256.6033439757,"{'Vertiport_1': 20, 'Vertiport_2': 20, 'Vertiport_3': 20, 'Vertiport_4': 20, 'Vertiport_5': 20, 'Vertiport_6': 20, 'Vertiport_7': 20, 'Vertiport_8': 20, 'Vertiport_9': 20, 'Vertiport_10': 20}"
476,465.0,155,6710.581002279977,3976967.184346256,"{'Vertiport_1': 20, 'Vertiport_2': 20, 'Vertiport_3': 20, 'Vertiport_4': 20, 'Vertiport_5': 20, 'Vertiport_6': 20, 'Vertiport_7': 20, 'Vertiport_8': 20, 'Vertiport_9': 20, 'Vertiport_10': 20}"
477,366.0,122,5506.848298287984,3982474.032644544,"{'Vertiport_1': 20, 'Vertiport_2': 20, 'Vertiport_3': 20, 'Vertiport_4': 20, 'Vertiport_5': 20, 'Vertiport_6': 20, 'Vertiport_7': 20, 'Vertiport_8': 20, 'Vertiport_9': 20, 'Vertiport_10': 20}"
478,282.0,94,3889.912359399997,3986363.945003944,"{'Vertiport_1': 20, 'Vertiport_2': 20, 'Vertiport_3': 20, 'Vertiport_4': 20, 'Vertiport_5': 20, 'Vertiport_6': 20, 'Vertiport_7': 20, 'Vertiport_8': 20, 'Vertiport_9': 20, 'Vertiport_10': 20}"
479,237.0,79,3798.469163695998,3990162.41416764,"{'Vertiport_1': 20, 'Vertiport_2': 20, 'Vertiport_3': 20, 'Vertiport_4': 20, 'Vertiport_5': 20, 'Vertiport_6': 20, 'Vertiport_7': 20, 'Vertiport_8': 20, 'Vertiport_9': 20, 'Vertiport_10': 20}"
480,141.0,47,1779.5226177360003,3991941.9367853757,"{'Vertiport_1': 20, 'Vertiport_2': 20, 'Vertiport_3': 20, 'Vertiport_4': 20, 'Vertiport_5': 20, 'Vertiport_6': 20, 'Vertiport_7': 20, 'Vertiport_8': 20, 'Vertiport_9': 20, 'Vertiport_10': 20}"
481,99.0,33,1577.5693521120004,3993519.5061374875,"{'Vertiport_1': 20, 'Vertiport_2': 20, 'Vertiport_3': 20, 'Vertiport_4': 20, 'Vertiport_5': 20, 'Vertiport_6': 20, 'Vertiport_7': 20, 'Vertiport_8': 20, 'Vertiport_9': 20, 'Vertiport_10': 20}"
482,114.0,38,1775.5279967920007,3995295.0341342795,"{'Vertiport_1': 20, 'Vertiport_2': 20, 'Vertiport_3': 20, 'Vertiport_4': 20, 'Vertiport_5': 20, 'Vertiport_6': 20, 'Vertiport_7': 20, 'Vertiport_8': 20, 'Vertiport_9': 20, 'Vertiport_10': 20}"
483,102.0,34,1546.663913896,3996841.6980481753,"{'Vertiport_1': 20, 'Vertiport_2': 20, 'Vertiport_3': 20, 'Vertiport_4': 20, 'Vertiport_5': 20, 'Vertiport_6': 20, 'Vertiport_7': 20, 'Vertiport_8': 20, 'Vertiport_9': 20, 'Vertiport_10': 20}"
484,96.0,32,1163.2328861040005,3998004.930934279,"{'Vertiport_1': 20, 'Vertiport_2': 20, 'Vertiport_3': 20, 'Vertiport_4': 20, 'Vertiport_5': 20, 'Vertiport_6': 20, 'Vertiport_7': 20, 'Vertiport_8': 20, 'Vertiport_9': 20, 'Vertiport_10': 20}"
485,99.0,33,1467.04162732,3999471.972561599,"{'Vertiport_1': 20, 'Vertiport_2': 20, 'Vertiport_3': 20, 'Vertiport_4': 20, 'Vertiport_5': 20, 'Vertiport_6': 20, 'Vertiport_7': 20, 'Vertiport_8': 20, 'Vertiport_9': 20, 'Vertiport_10': 20}"
486,126.0,42,2264.1892352799996,4001736.161796879,"{'Vertiport_1': 20, 'Vertiport_2': 20, 'Vertiport_3': 20, 'Vertiport_4': 20, 'Vertiport_5': 20, 'Vertiport_6': 20, 'Vertiport_7': 20, 'Vertiport_8': 20, 'Vertiport_9': 20, 'Vertiport_10': 20}"
487,120.0,40,2072.7397647520006,4003808.901561631,"{'Vertiport_1': 20, 'Vertiport_2': 20, 'Vertiport_3': 20, 'Vertiport_4': 20, 'Vertiport_5': 20, 'Vertiport_6': 20, 'Vertiport_7': 20, 'Vertiport_8': 20, 'Vertiport_9': 20, 'Vertiport_10': 20}"
488,162.0,54,2436.6345633599994,4006245.536124991,"{'Vertiport_1': 20, 'Vertiport_2': 20, 'Vertiport_3': 20, 'Vertiport_4': 20, 'Vertiport_5': 20, 'Vertiport_6': 20, 'Vertiport_7': 20, 'Vertiport_8': 20, 'Vertiport_9': 20, 'Vertiport_10': 20}"
489,159.0,53,2981.8674570479975,4009227.403582039,"{'Vertiport_1': 20, 'Vertiport_2': 20, 'Vertiport_3': 20, 'Vertiport_4': 20, 'Vertiport_5': 20, 'Vertiport_6': 20, 'Vertiport_7': 20, 'Vertiport_8': 20, 'Vertiport_9': 20, 'Vertiport_10': 20}"
490,174.0,58,2523.1275658159993,4011750.531147855,"{'Vertiport_1': 20, 'Vertiport_2': 20, 'Vertiport_3': 20, 'Vertiport_4': 20, 'Vertiport_5': 20, 'Vertiport_6': 20, 'Vertiport_7': 20, 'Vertiport_8': 20, 'Vertiport_9': 20, 'Vertiport_10': 20}"
491,270.0,90,3872.7007489119947,4015623.231896767,"{'Vertiport_1': 20, 'Vertiport_2': 20, 'Vertiport_3': 20, 'Vertiport_4': 20, 'Vertiport_5': 20, 'Vertiport_6': 20, 'Vertiport_7': 20, 'Vertiport_8': 20, 'Vertiport_9': 20, 'Vertiport_10': 20}"
492,216.0,72,2863.552875288,4018486.7847720548,"{'Vertiport_1': 20, 'Vertiport_2': 20, 'Vertiport_3': 20, 'Vertiport_4': 20, 'Vertiport_5': 20, 'Vertiport_6': 20, 'Vertiport_7': 20, 'Vertiport_8': 20, 'Vertiport_9': 20, 'Vertiport_10': 20}"
493,231.0,77,3074.164253143999,4021560.949025199,"{'Vertiport_1': 20, 'Vertiport_2': 20, 'Vertiport_3': 20, 'Vertiport_4': 20, 'Vertiport_5': 20, 'Vertiport_6': 20, 'Vertiport_7': 20, 'Vertiport_8': 20, 'Vertiport_9': 20, 'Vertiport_10': 20}"
494,297.0,99,4198.760473487995,4025759.7094986867,"{'Vertiport_1': 20, 'Vertiport_2': 20, 'Vertiport_3': 20, 'Vertiport_4': 20, 'Vertiport_5': 20, 'Vertiport_6': 20, 'Vertiport_7': 20, 'Vertiport_8': 20, 'Vertiport_9': 20, 'Vertiport_10': 20}"
495,327.0,109,4639.15397985599,4030398.863478543,"{'Vertiport_1': 20, 'Vertiport_2': 20, 'Vertiport_3': 20, 'Vertiport_4': 20, 'Vertiport_5': 20, 'Vertiport_6': 20, 'Vertiport_7': 20, 'Vertiport_8': 20, 'Vertiport_9': 20, 'Vertiport_10': 20}"
496,339.0,113,4764.684260455991,4035163.5477389987,"{'Vertiport_1': 20, 'Vertiport_2': 20, 'Vertiport_3': 20, 'Vertiport_4': 20, 'Vertiport_5': 20, 'Vertiport_6': 20, 'Vertiport_7': 20, 'Vertiport_8': 20, 'Vertiport_9': 20, 'Vertiport_10': 20}"
497,342.0,114,5304.698472471985,4040468.2462114706,"{'Vertiport_1': 20, 'Vertiport_2': 20, 'Vertiport_3': 20, 'Vertiport_4': 20, 'Vertiport_5': 20, 'Vertiport_6': 20, 'Vertiport_7': 20, 'Vertiport_8': 20, 'Vertiport_9': 20, 'Vertiport_10': 20}"
498,402.0,134,5967.33871908798,4046435.5849305587,"{'Vertiport_1': 20, 'Vertiport_2': 20, 'Vertiport_3': 20, 'Vertiport_4': 20, 'Vertiport_5': 20, 'Vertiport_6': 20, 'Vertiport_7': 20, 'Vertiport_8': 20, 'Vertiport_9': 20, 'Vertiport_10': 20}"
499,561.0,187,8167.1785476239675,4054602.7634781827,"{'Vertiport_1': 20, 'Vertiport_2': 20, 'Vertiport_3': 20, 'Vertiport_4': 20, 'Vertiport_5': 20, 'Vertiport_6': 20, 'Vertiport_7': 20, 'Vertiport_8': 20, 'Vertiport_9': 20, 'Vertiport_10': 20}"
500,549.0,183,7555.081951295972,4062157.8454294787,"{'Vertiport_1': 20, 'Vertiport_2': 20, 'Vertiport_3': 20, 'Vertiport_4': 20, 'Vertiport_5': 20, 'Vertiport_6': 20, 'Vertiport_7': 20, 'Vertiport_8': 20, 'Vertiport_9': 20, 'Vertiport_10': 20}"
