time_step,met_demand,unmet_demand,iteration_cost,cumulative_cost,vertiport_counts
1,748.0,212,9453.996708499984,9453.996708499984,"{'Vertiport_1': 15, 'Vertiport_2': 8, 'Vertiport_3': 15, 'Vertiport_4': 14, 'Vertiport_5': 15, 'Vertiport_6': 3, 'Vertiport_7': 24, 'Vertiport_8': 19, 'Vertiport_9': 22, 'Vertiport_10': 15}"
2,375.0,87,5021.2966503999905,14475.293358899975,"{'Vertiport_1': 15, 'Vertiport_2': 13, 'Vertiport_3': 15, 'Vertiport_4': 16, 'Vertiport_5': 15, 'Vertiport_6': 0, 'Vertiport_7': 26, 'Vertiport_8': 19, 'Vertiport_9': 16, 'Vertiport_10': 15}"
3,310.0,80,3984.8709502599963,18460.164309159973,"{'Vertiport_1': 15, 'Vertiport_2': 16, 'Vertiport_3': 15, 'Vertiport_4': 2, 'Vertiport_5': 15, 'Vertiport_6': 0, 'Vertiport_7': 38, 'Vertiport_8': 20, 'Vertiport_9': 14, 'Vertiport_10': 15}"
4,277.0,71,4341.491926919993,22801.656236079965,"{'Vertiport_1': 15, 'Vertiport_2': 16, 'Vertiport_3': 15, 'Vertiport_4': 1, 'Vertiport_5': 15, 'Vertiport_6': 0, 'Vertiport_7': 31, 'Vertiport_8': 28, 'Vertiport_9': 14, 'Vertiport_10': 15}"
5,230.0,64,3039.612644959998,25841.268881039963,"{'Vertiport_1': 15, 'Vertiport_2': 16, 'Vertiport_3': 15, 'Vertiport_4': 0, 'Vertiport_5': 15, 'Vertiport_6': 17, 'Vertiport_7': 14, 'Vertiport_8': 28, 'Vertiport_9': 15, 'Vertiport_10': 15}"
6,231.0,75,3319.299117903998,29160.56799894396,"{'Vertiport_1': 15, 'Vertiport_2': 17, 'Vertiport_3': 15, 'Vertiport_4': 16, 'Vertiport_5': 15, 'Vertiport_6': 15, 'Vertiport_7': 15, 'Vertiport_8': 14, 'Vertiport_9': 13, 'Vertiport_10': 15}"
7,241.0,77,3313.4728224079986,32474.04082135196,"{'Vertiport_1': 15, 'Vertiport_2': 16, 'Vertiport_3': 15, 'Vertiport_4': 15, 'Vertiport_5': 15, 'Vertiport_6': 18, 'Vertiport_7': 12, 'Vertiport_8': 16, 'Vertiport_9': 13, 'Vertiport_10': 15}"
8,266.0,88,3374.352160779998,35848.392982131954,"{'Vertiport_1': 15, 'Vertiport_2': 15, 'Vertiport_3': 15, 'Vertiport_4': 15, 'Vertiport_5': 15, 'Vertiport_6': 15, 'Vertiport_7': 15, 'Vertiport_8': 16, 'Vertiport_9': 14, 'Vertiport_10': 15}"
9,199.0,63,3135.7822402880006,38984.17522241995,"{'Vertiport_1': 15, 'Vertiport_2': 16, 'Vertiport_3': 15, 'Vertiport_4': 16, 'Vertiport_5': 15, 'Vertiport_6': 17, 'Vertiport_7': 14, 'Vertiport_8': 12, 'Vertiport_9': 15, 'Vertiport_10': 15}"
10,179.0,59,2291.9702597999994,41276.14548221995,"{'Vertiport_1': 15, 'Vertiport_2': 15, 'Vertiport_3': 15, 'Vertiport_4': 16, 'Vertiport_5': 15, 'Vertiport_6': 15, 'Vertiport_7': 15, 'Vertiport_8': 14, 'Vertiport_9': 15, 'Vertiport_10': 15}"
11,192.0,62,2813.757114683998,44089.90259690395,"{'Vertiport_1': 15, 'Vertiport_2': 17, 'Vertiport_3': 15, 'Vertiport_4': 15, 'Vertiport_5': 15, 'Vertiport_6': 15, 'Vertiport_7': 15, 'Vertiport_8': 14, 'Vertiport_9': 14, 'Vertiport_10': 15}"
12,245.0,81,3688.0930907519974,47777.995687655944,"{'Vertiport_1': 15, 'Vertiport_2': 15, 'Vertiport_3': 15, 'Vertiport_4': 15, 'Vertiport_5': 15, 'Vertiport_6': 16, 'Vertiport_7': 15, 'Vertiport_8': 14, 'Vertiport_9': 15, 'Vertiport_10': 15}"
13,196.0,64,2341.9138062359984,50119.909493891944,"{'Vertiport_1': 15, 'Vertiport_2': 15, 'Vertiport_3': 15, 'Vertiport_4': 15, 'Vertiport_5': 15, 'Vertiport_6': 15, 'Vertiport_7': 14, 'Vertiport_8': 16, 'Vertiport_9': 15, 'Vertiport_10': 15}"
14,202.0,66,2385.964469819999,52505.87396371194,"{'Vertiport_1': 15, 'Vertiport_2': 15, 'Vertiport_3': 15, 'Vertiport_4': 16, 'Vertiport_5': 15, 'Vertiport_6': 15, 'Vertiport_7': 15, 'Vertiport_8': 15, 'Vertiport_9': 14, 'Vertiport_10': 15}"
15,311.0,103,4143.747546727995,56649.62151043994,"{'Vertiport_1': 15, 'Vertiport_2': 15, 'Vertiport_3': 15, 'Vertiport_4': 15, 'Vertiport_5': 15, 'Vertiport_6': 14, 'Vertiport_7': 15, 'Vertiport_8': 16, 'Vertiport_9': 15, 'Vertiport_10': 15}"
16,268.0,86,3474.9923165719965,60124.61382701193,"{'Vertiport_1': 15, 'Vertiport_2': 15, 'Vertiport_3': 15, 'Vertiport_4': 16, 'Vertiport_5': 15, 'Vertiport_6': 16, 'Vertiport_7': 15, 'Vertiport_8': 12, 'Vertiport_9': 16, 'Vertiport_10': 15}"
17,309.0,101,4189.323232695997,64313.93705970793,"{'Vertiport_1': 15, 'Vertiport_2': 15, 'Vertiport_3': 15, 'Vertiport_4': 16, 'Vertiport_5': 15, 'Vertiport_6': 17, 'Vertiport_7': 15, 'Vertiport_8': 12, 'Vertiport_9': 15, 'Vertiport_10': 15}"
18,292.0,96,4409.596538119991,68723.53359782792,"{'Vertiport_1': 15, 'Vertiport_2': 15, 'Vertiport_3': 15, 'Vertiport_4': 16, 'Vertiport_5': 15, 'Vertiport_6': 14, 'Vertiport_7': 15, 'Vertiport_8': 15, 'Vertiport_9': 15, 'Vertiport_10': 15}"
19,387.0,129,5602.151216519986,74325.6848143479,"{'Vertiport_1': 15, 'Vertiport_2': 15, 'Vertiport_3': 15, 'Vertiport_4': 15, 'Vertiport_5': 15, 'Vertiport_6': 15, 'Vertiport_7': 15, 'Vertiport_8': 15, 'Vertiport_9': 15, 'Vertiport_10': 15}"
20,401.0,133,5498.881213751981,79824.56602809989,"{'Vertiport_1': 15, 'Vertiport_2': 15, 'Vertiport_3': 15, 'Vertiport_4': 15, 'Vertiport_5': 15, 'Vertiport_6': 16, 'Vertiport_7': 15, 'Vertiport_8': 14, 'Vertiport_9': 15, 'Vertiport_10': 15}"
21,361.0,119,4843.38838831199,84667.95441641187,"{'Vertiport_1': 15, 'Vertiport_2': 15, 'Vertiport_3': 15, 'Vertiport_4': 15, 'Vertiport_5': 15, 'Vertiport_6': 15, 'Vertiport_7': 15, 'Vertiport_8': 15, 'Vertiport_9': 15, 'Vertiport_10': 15}"
22,438.0,144,6507.825074355978,91175.77949076785,"{'Vertiport_1': 15, 'Vertiport_2': 15, 'Vertiport_3': 15, 'Vertiport_4': 17, 'Vertiport_5': 15, 'Vertiport_6': 15, 'Vertiport_7': 15, 'Vertiport_8': 14, 'Vertiport_9': 14, 'Vertiport_10': 15}"
23,531.0,177,6870.328223239971,98046.10771400781,"{'Vertiport_1': 15, 'Vertiport_2': 15, 'Vertiport_3': 15, 'Vertiport_4': 15, 'Vertiport_5': 15, 'Vertiport_6': 15, 'Vertiport_7': 15, 'Vertiport_8': 15, 'Vertiport_9': 15, 'Vertiport_10': 15}"
24,580.0,190,7930.307483887971,105976.41519789578,"{'Vertiport_1': 15, 'Vertiport_2': 15, 'Vertiport_3': 15, 'Vertiport_4': 17, 'Vertiport_5': 15, 'Vertiport_6': 15, 'Vertiport_7': 14, 'Vertiport_8': 13, 'Vertiport_9': 16, 'Vertiport_10': 15}"
25,470.0,154,6506.520555063972,112482.93575295975,"{'Vertiport_1': 15, 'Vertiport_2': 15, 'Vertiport_3': 15, 'Vertiport_4': 16, 'Vertiport_5': 15, 'Vertiport_6': 18, 'Vertiport_7': 13, 'Vertiport_8': 13, 'Vertiport_9': 15, 'Vertiport_10': 15}"
26,449.0,149,6680.77565355998,119163.71140651972,"{'Vertiport_1': 15, 'Vertiport_2': 15, 'Vertiport_3': 15, 'Vertiport_4': 15, 'Vertiport_5': 15, 'Vertiport_6': 16, 'Vertiport_7': 15, 'Vertiport_8': 14, 'Vertiport_9': 15, 'Vertiport_10': 15}"
27,656.0,218,8899.623255071978,128063.3346615917,"{'Vertiport_1': 15, 'Vertiport_2': 15, 'Vertiport_3': 15, 'Vertiport_4': 15, 'Vertiport_5': 15, 'Vertiport_6': 16, 'Vertiport_7': 15, 'Vertiport_8': 14, 'Vertiport_9': 15, 'Vertiport_10': 15}"
28,604.0,200,8467.183125883967,136530.51778747566,"{'Vertiport_1': 15, 'Vertiport_2': 15, 'Vertiport_3': 15, 'Vertiport_4': 16, 'Vertiport_5': 15, 'Vertiport_6': 15, 'Vertiport_7': 15, 'Vertiport_8': 13, 'Vertiport_9': 16, 'Vertiport_10': 15}"
29,668.0,220,9097.710433719976,145628.22822119563,"{'Vertiport_1': 15, 'Vertiport_2': 15, 'Vertiport_3': 15, 'Vertiport_4': 16, 'Vertiport_5': 15, 'Vertiport_6': 16, 'Vertiport_7': 15, 'Vertiport_8': 13, 'Vertiport_9': 15, 'Vertiport_10': 15}"
30,618.0,202,7961.843084019972,153590.0713052156,"{'Vertiport_1': 15, 'Vertiport_2': 15, 'Vertiport_3': 15, 'Vertiport_4': 15, 'Vertiport_5': 15, 'Vertiport_6': 15, 'Vertiport_7': 14, 'Vertiport_8': 16, 'Vertiport_9': 15, 'Vertiport_10': 15}"
31,687.0,227,9476.049487939983,163066.12079315557,"{'Vertiport_1': 15, 'Vertiport_2': 15, 'Vertiport_3': 15, 'Vertiport_4': 15, 'Vertiport_5': 15, 'Vertiport_6': 17, 'Vertiport_7': 15, 'Vertiport_8': 12, 'Vertiport_9': 16, 'Vertiport_10': 15}"
32,667.0,221,9860.814476943986,172926.93527009955,"{'Vertiport_1': 15, 'Vertiport_2': 15, 'Vertiport_3': 15, 'Vertiport_4': 15, 'Vertiport_5': 15, 'Vertiport_6': 16, 'Vertiport_7': 14, 'Vertiport_8': 16, 'Vertiport_9': 14, 'Vertiport_10': 15}"
33,701.0,229,9820.099148523992,182747.03441862355,"{'Vertiport_1': 15, 'Vertiport_2': 15, 'Vertiport_3': 15, 'Vertiport_4': 17, 'Vertiport_5': 15, 'Vertiport_6': 15, 'Vertiport_7': 15, 'Vertiport_8': 12, 'Vertiport_9': 16, 'Vertiport_10': 15}"
34,663.0,219,8992.649001987984,191739.68342061152,"{'Vertiport_1': 15, 'Vertiport_2': 15, 'Vertiport_3': 15, 'Vertiport_4': 16, 'Vertiport_5': 15, 'Vertiport_6': 14, 'Vertiport_7': 15, 'Vertiport_8': 16, 'Vertiport_9': 14, 'Vertiport_10': 15}"
35,604.0,200,8481.010171939966,200220.69359255148,"{'Vertiport_1': 15, 'Vertiport_2': 15, 'Vertiport_3': 15, 'Vertiport_4': 15, 'Vertiport_5': 15, 'Vertiport_6': 15, 'Vertiport_7': 14, 'Vertiport_8': 16, 'Vertiport_9': 15, 'Vertiport_10': 15}"
36,697.0,229,9838.71002386,210059.4036164115,"{'Vertiport_1': 15, 'Vertiport_2': 15, 'Vertiport_3': 15, 'Vertiport_4': 18, 'Vertiport_5': 15, 'Vertiport_6': 15, 'Vertiport_7': 14, 'Vertiport_8': 13, 'Vertiport_9': 15, 'Vertiport_10': 15}"
37,739.0,243,10384.563618435996,220443.96723484749,"{'Vertiport_1': 15, 'Vertiport_2': 15, 'Vertiport_3': 15, 'Vertiport_4': 15, 'Vertiport_5': 15, 'Vertiport_6': 18, 'Vertiport_7': 14, 'Vertiport_8': 13, 'Vertiport_9': 15, 'Vertiport_10': 15}"
38,667.0,221,9932.527216271998,230376.49445111948,"{'Vertiport_1': 15, 'Vertiport_2': 15, 'Vertiport_3': 15, 'Vertiport_4': 15, 'Vertiport_5': 15, 'Vertiport_6': 15, 'Vertiport_7': 15, 'Vertiport_8': 15, 'Vertiport_9': 15, 'Vertiport_10': 15}"
39,703.0,231,9319.043154871983,239695.53760599147,"{'Vertiport_1': 15, 'Vertiport_2': 15, 'Vertiport_3': 15, 'Vertiport_4': 18, 'Vertiport_5': 15, 'Vertiport_6': 17, 'Vertiport_7': 15, 'Vertiport_8': 10, 'Vertiport_9': 15, 'Vertiport_10': 15}"
40,686.0,228,10049.753600295988,249745.29120628745,"{'Vertiport_1': 15, 'Vertiport_2': 15, 'Vertiport_3': 15, 'Vertiport_4': 16, 'Vertiport_5': 15, 'Vertiport_6': 15, 'Vertiport_7': 15, 'Vertiport_8': 14, 'Vertiport_9': 15, 'Vertiport_10': 15}"
41,723.0,241,10093.55179075198,259838.84299703944,"{'Vertiport_1': 15, 'Vertiport_2': 15, 'Vertiport_3': 15, 'Vertiport_4': 15, 'Vertiport_5': 15, 'Vertiport_6': 15, 'Vertiport_7': 15, 'Vertiport_8': 15, 'Vertiport_9': 15, 'Vertiport_10': 15}"
42,674.0,222,9709.028632515989,269547.8716295554,"{'Vertiport_1': 15, 'Vertiport_2': 15, 'Vertiport_3': 15, 'Vertiport_4': 15, 'Vertiport_5': 15, 'Vertiport_6': 16, 'Vertiport_7': 15, 'Vertiport_8': 15, 'Vertiport_9': 14, 'Vertiport_10': 15}"
43,704.0,234,9759.758617767979,279307.6302473234,"{'Vertiport_1': 15, 'Vertiport_2': 15, 'Vertiport_3': 15, 'Vertiport_4': 16, 'Vertiport_5': 15, 'Vertiport_6': 15, 'Vertiport_7': 15, 'Vertiport_8': 14, 'Vertiport_9': 15, 'Vertiport_10': 15}"
44,698.0,230,9648.776871983984,288956.40711930743,"{'Vertiport_1': 15, 'Vertiport_2': 15, 'Vertiport_3': 15, 'Vertiport_4': 17, 'Vertiport_5': 15, 'Vertiport_6': 13, 'Vertiport_7': 15, 'Vertiport_8': 15, 'Vertiport_9': 15, 'Vertiport_10': 15}"
45,704.0,234,9954.314113959983,298910.7212332674,"{'Vertiport_1': 15, 'Vertiport_2': 15, 'Vertiport_3': 15, 'Vertiport_4': 15, 'Vertiport_5': 15, 'Vertiport_6': 16, 'Vertiport_7': 15, 'Vertiport_8': 14, 'Vertiport_9': 15, 'Vertiport_10': 15}"
46,715.0,237,9931.730984487982,308842.4522177554,"{'Vertiport_1': 15, 'Vertiport_2': 15, 'Vertiport_3': 15, 'Vertiport_4': 16, 'Vertiport_5': 15, 'Vertiport_6': 14, 'Vertiport_7': 15, 'Vertiport_8': 15, 'Vertiport_9': 15, 'Vertiport_10': 15}"
47,792.0,264,11062.223480495993,319904.67569825135,"{'Vertiport_1': 15, 'Vertiport_2': 15, 'Vertiport_3': 15, 'Vertiport_4': 15, 'Vertiport_5': 15, 'Vertiport_6': 15, 'Vertiport_7': 15, 'Vertiport_8': 15, 'Vertiport_9': 15, 'Vertiport_10': 15}"
48,708.0,236,10614.284034047985,330518.9597322993,"{'Vertiport_1': 15, 'Vertiport_2': 15, 'Vertiport_3': 15, 'Vertiport_4': 15, 'Vertiport_5': 15, 'Vertiport_6': 15, 'Vertiport_7': 15, 'Vertiport_8': 15, 'Vertiport_9': 15, 'Vertiport_10': 15}"
49,680.0,226,9738.931303967987,340257.89103626733,"{'Vertiport_1': 15, 'Vertiport_2': 15, 'Vertiport_3': 15, 'Vertiport_4': 15, 'Vertiport_5': 15, 'Vertiport_6': 16, 'Vertiport_7': 15, 'Vertiport_8': 14, 'Vertiport_9': 15, 'Vertiport_10': 15}"
50,655.0,217,9180.25175765598,349438.1427939233,"{'Vertiport_1': 15, 'Vertiport_2': 15, 'Vertiport_3': 15, 'Vertiport_4': 16, 'Vertiport_5': 15, 'Vertiport_6': 16, 'Vertiport_7': 15, 'Vertiport_8': 13, 'Vertiport_9': 15, 'Vertiport_10': 15}"
51,698.0,230,9757.30805298398,359195.45084690733,"{'Vertiport_1': 15, 'Vertiport_2': 15, 'Vertiport_3': 14, 'Vertiport_4': 15, 'Vertiport_5': 15, 'Vertiport_6': 16, 'Vertiport_7': 15, 'Vertiport_8': 14, 'Vertiport_9': 15, 'Vertiport_10': 16}"
52,593.0,195,7774.681961351963,366970.1328082593,"{'Vertiport_1': 15, 'Vertiport_2': 15, 'Vertiport_3': 16, 'Vertiport_4': 16, 'Vertiport_5': 15, 'Vertiport_6': 17, 'Vertiport_7': 15, 'Vertiport_8': 12, 'Vertiport_9': 15, 'Vertiport_10': 14}"
53,608.0,200,8096.372432087965,375066.50524034724,"{'Vertiport_1': 15, 'Vertiport_2': 15, 'Vertiport_3': 15, 'Vertiport_4': 17, 'Vertiport_5': 15, 'Vertiport_6': 15, 'Vertiport_7': 15, 'Vertiport_8': 11, 'Vertiport_9': 17, 'Vertiport_10': 15}"
54,602.0,200,8858.707314391982,383925.2125547392,"{'Vertiport_1': 15, 'Vertiport_2': 15, 'Vertiport_3': 15, 'Vertiport_4': 15, 'Vertiport_5': 15, 'Vertiport_6': 16, 'Vertiport_7': 15, 'Vertiport_8': 14, 'Vertiport_9': 15, 'Vertiport_10': 15}"
55,589.0,195,8260.110947591967,392185.32350233116,"{'Vertiport_1': 15, 'Vertiport_2': 15, 'Vertiport_3': 15, 'Vertiport_4': 17, 'Vertiport_5': 15, 'Vertiport_6': 15, 'Vertiport_7': 15, 'Vertiport_8': 13, 'Vertiport_9': 15, 'Vertiport_10': 15}"
56,530.0,176,7636.824549039973,399822.14805137116,"{'Vertiport_1': 15, 'Vertiport_2': 15, 'Vertiport_3': 15, 'Vertiport_4': 15, 'Vertiport_5': 15, 'Vertiport_6': 16, 'Vertiport_7': 15, 'Vertiport_8': 14, 'Vertiport_9': 15, 'Vertiport_10': 15}"
57,632.0,210,8870.584423471973,408692.73247484316,"{'Vertiport_1': 15, 'Vertiport_2': 15, 'Vertiport_3': 15, 'Vertiport_4': 15, 'Vertiport_5': 15, 'Vertiport_6': 16, 'Vertiport_7': 15, 'Vertiport_8': 14, 'Vertiport_9': 15, 'Vertiport_10': 15}"
58,837.0,279,11320.395142687981,420013.12761753117,"{'Vertiport_1': 15, 'Vertiport_2': 15, 'Vertiport_3': 15, 'Vertiport_4': 15, 'Vertiport_5': 15, 'Vertiport_6': 15, 'Vertiport_7': 15, 'Vertiport_8': 15, 'Vertiport_9': 15, 'Vertiport_10': 15}"
59,783.0,261,11198.943741391995,431212.07135892316,"{'Vertiport_1': 15, 'Vertiport_2': 15, 'Vertiport_3': 15, 'Vertiport_4': 15, 'Vertiport_5': 15, 'Vertiport_6': 15, 'Vertiport_7': 15, 'Vertiport_8': 15, 'Vertiport_9': 15, 'Vertiport_10': 15}"
60,911.0,301,13052.771988064002,444264.84334698715,"{'Vertiport_1': 15, 'Vertiport_2': 15, 'Vertiport_3': 14, 'Vertiport_4': 16, 'Vertiport_5': 15, 'Vertiport_6': 17, 'Vertiport_7': 15, 'Vertiport_8': 12, 'Vertiport_9': 15, 'Vertiport_10': 16}"
61,987.0,327,13609.820254548005,457874.66360153514,"{'Vertiport_1': 15, 'Vertiport_2': 15, 'Vertiport_3': 15, 'Vertiport_4': 17, 'Vertiport_5': 15, 'Vertiport_6': 15, 'Vertiport_7': 15, 'Vertiport_8': 12, 'Vertiport_9': 16, 'Vertiport_10': 15}"
62,965.0,321,13698.298183744007,471572.96178527916,"{'Vertiport_1': 15, 'Vertiport_2': 15, 'Vertiport_3': 15, 'Vertiport_4': 16, 'Vertiport_5': 15, 'Vertiport_6': 15, 'Vertiport_7': 15, 'Vertiport_8': 14, 'Vertiport_9': 15, 'Vertiport_10': 15}"
63,919.0,303,12737.02768106399,484309.98946634313,"{'Vertiport_1': 15, 'Vertiport_2': 15, 'Vertiport_3': 14, 'Vertiport_4': 17, 'Vertiport_5': 15, 'Vertiport_6': 17, 'Vertiport_7': 15, 'Vertiport_8': 11, 'Vertiport_9': 15, 'Vertiport_10': 16}"
64,976.0,324,13951.663697252005,498261.6531635951,"{'Vertiport_1': 15, 'Vertiport_2': 15, 'Vertiport_3': 15, 'Vertiport_4': 16, 'Vertiport_5': 15, 'Vertiport_6': 15, 'Vertiport_7': 15, 'Vertiport_8': 13, 'Vertiport_9': 16, 'Vertiport_10': 15}"
65,1149.0,381,16293.586526720012,514555.23969031515,"{'Vertiport_1': 15, 'Vertiport_2': 15, 'Vertiport_3': 15, 'Vertiport_4': 16, 'Vertiport_5': 15, 'Vertiport_6': 15, 'Vertiport_7': 15, 'Vertiport_8': 14, 'Vertiport_9': 15, 'Vertiport_10': 15}"
66,1129.0,375,15743.059175952014,530298.2988662672,"{'Vertiport_1': 15, 'Vertiport_2': 15, 'Vertiport_3': 15, 'Vertiport_4': 17, 'Vertiport_5': 15, 'Vertiport_6': 15, 'Vertiport_7': 15, 'Vertiport_8': 13, 'Vertiport_9': 15, 'Vertiport_10': 15}"
67,1176.0,390,16111.956005040016,546410.2548713072,"{'Vertiport_1': 15, 'Vertiport_2': 15, 'Vertiport_3': 14, 'Vertiport_4': 15, 'Vertiport_5': 15, 'Vertiport_6': 17, 'Vertiport_7': 15, 'Vertiport_8': 13, 'Vertiport_9': 15, 'Vertiport_10': 16}"
68,1251.0,415,17719.13673316802,564129.3916044752,"{'Vertiport_1': 15, 'Vertiport_2': 15, 'Vertiport_3': 15, 'Vertiport_4': 16, 'Vertiport_5': 15, 'Vertiport_6': 15, 'Vertiport_7': 15, 'Vertiport_8': 14, 'Vertiport_9': 15, 'Vertiport_10': 15}"
69,1160.0,384,16213.274841992015,580342.6664464673,"{'Vertiport_1': 15, 'Vertiport_2': 15, 'Vertiport_3': 17, 'Vertiport_4': 16, 'Vertiport_5': 15, 'Vertiport_6': 16, 'Vertiport_7': 15, 'Vertiport_8': 13, 'Vertiport_9': 15, 'Vertiport_10': 13}"
70,1191.0,395,16334.515029440023,596677.1814759073,"{'Vertiport_1': 15, 'Vertiport_2': 15, 'Vertiport_3': 14, 'Vertiport_4': 17, 'Vertiport_5': 15, 'Vertiport_6': 15, 'Vertiport_7': 15, 'Vertiport_8': 13, 'Vertiport_9': 15, 'Vertiport_10': 16}"
71,1200.0,398,17296.16810949603,613973.3495854033,"{'Vertiport_1': 15, 'Vertiport_2': 15, 'Vertiport_3': 13, 'Vertiport_4': 16, 'Vertiport_5': 15, 'Vertiport_6': 15, 'Vertiport_7': 15, 'Vertiport_8': 14, 'Vertiport_9': 15, 'Vertiport_10': 17}"
72,1262.0,418,17659.903653972025,631633.2532393753,"{'Vertiport_1': 15, 'Vertiport_2': 15, 'Vertiport_3': 14, 'Vertiport_4': 15, 'Vertiport_5': 15, 'Vertiport_6': 17, 'Vertiport_7': 15, 'Vertiport_8': 12, 'Vertiport_9': 16, 'Vertiport_10': 16}"
73,1196.0,398,16784.97440302801,648418.2276424033,"{'Vertiport_1': 15, 'Vertiport_2': 15, 'Vertiport_3': 15, 'Vertiport_4': 15, 'Vertiport_5': 15, 'Vertiport_6': 15, 'Vertiport_7': 15, 'Vertiport_8': 16, 'Vertiport_9': 14, 'Vertiport_10': 15}"
74,1216.0,404,17307.94901963203,665726.1766620354,"{'Vertiport_1': 15, 'Vertiport_2': 15, 'Vertiport_3': 15, 'Vertiport_4': 16, 'Vertiport_5': 15, 'Vertiport_6': 16, 'Vertiport_7': 15, 'Vertiport_8': 13, 'Vertiport_9': 15, 'Vertiport_10': 15}"
75,1236.0,410,16834.845869360015,682561.0225313954,"{'Vertiport_1': 15, 'Vertiport_2': 15, 'Vertiport_3': 15, 'Vertiport_4': 15, 'Vertiport_5': 15, 'Vertiport_6': 16, 'Vertiport_7': 15, 'Vertiport_8': 14, 'Vertiport_9': 15, 'Vertiport_10': 15}"
76,1255.0,415,17179.41522862401,699740.4377600194,"{'Vertiport_1': 15, 'Vertiport_2': 15, 'Vertiport_3': 17, 'Vertiport_4': 16, 'Vertiport_5': 15, 'Vertiport_6': 17, 'Vertiport_7': 15, 'Vertiport_8': 12, 'Vertiport_9': 15, 'Vertiport_10': 13}"
77,1303.0,431,18035.262634944036,717775.7003949635,"{'Vertiport_1': 15, 'Vertiport_2': 15, 'Vertiport_3': 16, 'Vertiport_4': 17, 'Vertiport_5': 15, 'Vertiport_6': 17, 'Vertiport_7': 15, 'Vertiport_8': 11, 'Vertiport_9': 15, 'Vertiport_10': 14}"
78,1232.0,408,16972.133035940034,734747.8334309035,"{'Vertiport_1': 15, 'Vertiport_2': 15, 'Vertiport_3': 15, 'Vertiport_4': 16, 'Vertiport_5': 15, 'Vertiport_6': 17, 'Vertiport_7': 15, 'Vertiport_8': 11, 'Vertiport_9': 16, 'Vertiport_10': 15}"
79,1261.0,419,17982.278153304025,752730.1115842075,"{'Vertiport_1': 15, 'Vertiport_2': 15, 'Vertiport_3': 16, 'Vertiport_4': 16, 'Vertiport_5': 15, 'Vertiport_6': 15, 'Vertiport_7': 15, 'Vertiport_8': 14, 'Vertiport_9': 15, 'Vertiport_10': 14}"
80,1320.0,438,18048.262000088034,770778.3735842955,"{'Vertiport_1': 15, 'Vertiport_2': 15, 'Vertiport_3': 14, 'Vertiport_4': 16, 'Vertiport_5': 15, 'Vertiport_6': 16, 'Vertiport_7': 15, 'Vertiport_8': 13, 'Vertiport_9': 15, 'Vertiport_10': 16}"
81,1360.0,452,18602.071534040017,789380.4451183355,"{'Vertiport_1': 15, 'Vertiport_2': 15, 'Vertiport_3': 15, 'Vertiport_4': 16, 'Vertiport_5': 15, 'Vertiport_6': 16, 'Vertiport_7': 15, 'Vertiport_8': 13, 'Vertiport_9': 15, 'Vertiport_10': 15}"
82,1401.0,465,20425.987701792023,809806.4328201276,"{'Vertiport_1': 15, 'Vertiport_2': 15, 'Vertiport_3': 14, 'Vertiport_4': 15, 'Vertiport_5': 15, 'Vertiport_6': 15, 'Vertiport_7': 15, 'Vertiport_8': 13, 'Vertiport_9': 17, 'Vertiport_10': 16}"
83,1445.0,481,20936.584744208005,830743.0175643356,"{'Vertiport_1': 15, 'Vertiport_2': 15, 'Vertiport_3': 15, 'Vertiport_4': 16, 'Vertiport_5': 15, 'Vertiport_6': 15, 'Vertiport_7': 15, 'Vertiport_8': 14, 'Vertiport_9': 15, 'Vertiport_10': 15}"
84,1260.0,418,17284.665099892038,848027.6826642277,"{'Vertiport_1': 15, 'Vertiport_2': 15, 'Vertiport_3': 16, 'Vertiport_4': 16, 'Vertiport_5': 15, 'Vertiport_6': 15, 'Vertiport_7': 15, 'Vertiport_8': 13, 'Vertiport_9': 16, 'Vertiport_10': 14}"
85,1243.0,411,17860.316974664027,865887.9996388917,"{'Vertiport_1': 15, 'Vertiport_2': 15, 'Vertiport_3': 14, 'Vertiport_4': 17, 'Vertiport_5': 15, 'Vertiport_6': 15, 'Vertiport_7': 15, 'Vertiport_8': 13, 'Vertiport_9': 15, 'Vertiport_10': 16}"
86,1263.0,419,17315.027557368026,883203.0271962597,"{'Vertiport_1': 15, 'Vertiport_2': 15, 'Vertiport_3': 15, 'Vertiport_4': 15, 'Vertiport_5': 15, 'Vertiport_6': 16, 'Vertiport_7': 15, 'Vertiport_8': 14, 'Vertiport_9': 15, 'Vertiport_10': 15}"
87,1293.0,431,17871.101132720025,901074.1283289797,"{'Vertiport_1': 15, 'Vertiport_2': 15, 'Vertiport_3': 15, 'Vertiport_4': 15, 'Vertiport_5': 15, 'Vertiport_6': 15, 'Vertiport_7': 15, 'Vertiport_8': 15, 'Vertiport_9': 15, 'Vertiport_10': 15}"
88,1221.0,405,16943.133060120024,918017.2613890998,"{'Vertiport_1': 15, 'Vertiport_2': 15, 'Vertiport_3': 15, 'Vertiport_4': 15, 'Vertiport_5': 15, 'Vertiport_6': 16, 'Vertiport_7': 15, 'Vertiport_8': 14, 'Vertiport_9': 15, 'Vertiport_10': 15}"
89,1105.0,367,15030.32846354401,933047.5898526438,"{'Vertiport_1': 15, 'Vertiport_2': 15, 'Vertiport_3': 15, 'Vertiport_4': 15, 'Vertiport_5': 15, 'Vertiport_6': 15, 'Vertiport_7': 15, 'Vertiport_8': 13, 'Vertiport_9': 17, 'Vertiport_10': 15}"
90,1079.0,357,15550.394789788004,948597.9846424318,"{'Vertiport_1': 15, 'Vertiport_2': 15, 'Vertiport_3': 14, 'Vertiport_4': 15, 'Vertiport_5': 15, 'Vertiport_6': 15, 'Vertiport_7': 15, 'Vertiport_8': 14, 'Vertiport_9': 16, 'Vertiport_10': 16}"
91,1089.0,363,15986.187364400013,964584.1720068319,"{'Vertiport_1': 15, 'Vertiport_2': 15, 'Vertiport_3': 15, 'Vertiport_4': 15, 'Vertiport_5': 15, 'Vertiport_6': 15, 'Vertiport_7': 15, 'Vertiport_8': 15, 'Vertiport_9': 15, 'Vertiport_10': 15}"
92,1219.0,403,17679.84361939602,982264.0156262278,"{'Vertiport_1': 15, 'Vertiport_2': 15, 'Vertiport_3': 12, 'Vertiport_4': 16, 'Vertiport_5': 15, 'Vertiport_6': 15, 'Vertiport_7': 15, 'Vertiport_8': 13, 'Vertiport_9': 16, 'Vertiport_10': 18}"
93,1069.0,355,15717.912432344012,997981.9280585719,"{'Vertiport_1': 15, 'Vertiport_2': 15, 'Vertiport_3': 14, 'Vertiport_4': 15, 'Vertiport_5': 15, 'Vertiport_6': 16, 'Vertiport_7': 15, 'Vertiport_8': 14, 'Vertiport_9': 15, 'Vertiport_10': 16}"
94,950.0,314,13658.955220184009,1011640.8832787559,"{'Vertiport_1': 15, 'Vertiport_2': 15, 'Vertiport_3': 14, 'Vertiport_4': 15, 'Vertiport_5': 15, 'Vertiport_6': 16, 'Vertiport_7': 15, 'Vertiport_8': 14, 'Vertiport_9': 15, 'Vertiport_10': 16}"
95,698.0,230,9705.340000871987,1021346.223279628,"{'Vertiport_1': 15, 'Vertiport_2': 15, 'Vertiport_3': 14, 'Vertiport_4': 15, 'Vertiport_5': 15, 'Vertiport_6': 16, 'Vertiport_7': 15, 'Vertiport_8': 14, 'Vertiport_9': 15, 'Vertiport_10': 16}"
96,548.0,182,7415.096196263973,1028761.319475892,"{'Vertiport_1': 15, 'Vertiport_2': 15, 'Vertiport_3': 15, 'Vertiport_4': 16, 'Vertiport_5': 15, 'Vertiport_6': 15, 'Vertiport_7': 15, 'Vertiport_8': 14, 'Vertiport_9': 15, 'Vertiport_10': 15}"
97,433.0,143,5749.064552823982,1034510.384028716,"{'Vertiport_1': 15, 'Vertiport_2': 15, 'Vertiport_3': 15, 'Vertiport_4': 15, 'Vertiport_5': 15, 'Vertiport_6': 15, 'Vertiport_7': 15, 'Vertiport_8': 15, 'Vertiport_9': 15, 'Vertiport_10': 15}"
98,359.0,119,4939.792971207991,1039450.176999924,"{'Vertiport_1': 15, 'Vertiport_2': 15, 'Vertiport_3': 15, 'Vertiport_4': 16, 'Vertiport_5': 15, 'Vertiport_6': 15, 'Vertiport_7': 15, 'Vertiport_8': 14, 'Vertiport_9': 15, 'Vertiport_10': 15}"
99,362.0,120,5876.972632343984,1045327.149632268,"{'Vertiport_1': 15, 'Vertiport_2': 15, 'Vertiport_3': 14, 'Vertiport_4': 15, 'Vertiport_5': 15, 'Vertiport_6': 15, 'Vertiport_7': 15, 'Vertiport_8': 15, 'Vertiport_9': 15, 'Vertiport_10': 16}"
100,264.0,88,3889.4136455679986,1049216.563277836,"{'Vertiport_1': 15, 'Vertiport_2': 15, 'Vertiport_3': 15, 'Vertiport_4': 15, 'Vertiport_5': 15, 'Vertiport_6': 15, 'Vertiport_7': 15, 'Vertiport_8': 15, 'Vertiport_9': 15, 'Vertiport_10': 15}"
101,255.0,85,3998.887552399997,1053215.4508302358,"{'Vertiport_1': 15, 'Vertiport_2': 15, 'Vertiport_3': 15, 'Vertiport_4': 15, 'Vertiport_5': 15, 'Vertiport_6': 15, 'Vertiport_7': 15, 'Vertiport_8': 15, 'Vertiport_9': 15, 'Vertiport_10': 15}"
102,216.0,72,3332.393552143999,1056547.84438238,"{'Vertiport_1': 15, 'Vertiport_2': 15, 'Vertiport_3': 15, 'Vertiport_4': 15, 'Vertiport_5': 15, 'Vertiport_6': 15, 'Vertiport_7': 15, 'Vertiport_8': 15, 'Vertiport_9': 15, 'Vertiport_10': 15}"
103,216.0,72,3081.3487660399987,1059629.19314842,"{'Vertiport_1': 15, 'Vertiport_2': 15, 'Vertiport_3': 15, 'Vertiport_4': 15, 'Vertiport_5': 15, 'Vertiport_6': 15, 'Vertiport_7': 15, 'Vertiport_8': 15, 'Vertiport_9': 15, 'Vertiport_10': 15}"
104,240.0,80,3699.7736513919967,1063328.966799812,"{'Vertiport_1': 15, 'Vertiport_2': 15, 'Vertiport_3': 15, 'Vertiport_4': 15, 'Vertiport_5': 15, 'Vertiport_6': 15, 'Vertiport_7': 15, 'Vertiport_8': 15, 'Vertiport_9': 15, 'Vertiport_10': 15}"
105,153.0,51,2231.964962496,1065560.9317623079,"{'Vertiport_1': 15, 'Vertiport_2': 15, 'Vertiport_3': 15, 'Vertiport_4': 15, 'Vertiport_5': 15, 'Vertiport_6': 15, 'Vertiport_7': 15, 'Vertiport_8': 15, 'Vertiport_9': 15, 'Vertiport_10': 15}"
106,186.0,62,2549.9669151039993,1068110.898677412,"{'Vertiport_1': 15, 'Vertiport_2': 15, 'Vertiport_3': 15, 'Vertiport_4': 15, 'Vertiport_5': 15, 'Vertiport_6': 15, 'Vertiport_7': 15, 'Vertiport_8': 15, 'Vertiport_9': 15, 'Vertiport_10': 15}"
107,180.0,60,2768.994545399999,1070879.8932228119,"{'Vertiport_1': 15, 'Vertiport_2': 15, 'Vertiport_3': 15, 'Vertiport_4': 15, 'Vertiport_5': 15, 'Vertiport_6': 15, 'Vertiport_7': 15, 'Vertiport_8': 15, 'Vertiport_9': 15, 'Vertiport_10': 15}"
108,216.0,72,3079.134892999999,1073959.0281158118,"{'Vertiport_1': 15, 'Vertiport_2': 15, 'Vertiport_3': 15, 'Vertiport_4': 15, 'Vertiport_5': 15, 'Vertiport_6': 15, 'Vertiport_7': 15, 'Vertiport_8': 15, 'Vertiport_9': 15, 'Vertiport_10': 15}"
109,248.0,82,3296.3831104719984,1077255.4112262838,"{'Vertiport_1': 15, 'Vertiport_2': 15, 'Vertiport_3': 16, 'Vertiport_4': 15, 'Vertiport_5': 15, 'Vertiport_6': 15, 'Vertiport_7': 15, 'Vertiport_8': 15, 'Vertiport_9': 15, 'Vertiport_10': 14}"
110,330.0,110,4595.537681919992,1081850.9489082037,"{'Vertiport_1': 15, 'Vertiport_2': 15, 'Vertiport_3': 15, 'Vertiport_4': 15, 'Vertiport_5': 15, 'Vertiport_6': 15, 'Vertiport_7': 15, 'Vertiport_8': 15, 'Vertiport_9': 15, 'Vertiport_10': 15}"
111,426.0,142,6321.930892863978,1088172.8798010678,"{'Vertiport_1': 15, 'Vertiport_2': 15, 'Vertiport_3': 15, 'Vertiport_4': 15, 'Vertiport_5': 15, 'Vertiport_6': 15, 'Vertiport_7': 15, 'Vertiport_8': 15, 'Vertiport_9': 15, 'Vertiport_10': 15}"
112,477.0,159,6833.805422975977,1095006.6852240437,"{'Vertiport_1': 15, 'Vertiport_2': 15, 'Vertiport_3': 15, 'Vertiport_4': 15, 'Vertiport_5': 15, 'Vertiport_6': 15, 'Vertiport_7': 15, 'Vertiport_8': 15, 'Vertiport_9': 15, 'Vertiport_10': 15}"
113,531.0,177,7483.481826343973,1102490.1670503877,"{'Vertiport_1': 15, 'Vertiport_2': 15, 'Vertiport_3': 15, 'Vertiport_4': 15, 'Vertiport_5': 15, 'Vertiport_6': 15, 'Vertiport_7': 15, 'Vertiport_8': 15, 'Vertiport_9': 15, 'Vertiport_10': 15}"
114,642.0,214,8864.262388159974,1111354.4294385477,"{'Vertiport_1': 15, 'Vertiport_2': 15, 'Vertiport_3': 15, 'Vertiport_4': 15, 'Vertiport_5': 15, 'Vertiport_6': 15, 'Vertiport_7': 15, 'Vertiport_8': 15, 'Vertiport_9': 15, 'Vertiport_10': 15}"
115,759.0,253,10118.18134855998,1121472.6107871076,"{'Vertiport_1': 15, 'Vertiport_2': 15, 'Vertiport_3': 15, 'Vertiport_4': 15, 'Vertiport_5': 15, 'Vertiport_6': 15, 'Vertiport_7': 15, 'Vertiport_8': 15, 'Vertiport_9': 15, 'Vertiport_10': 15}"
116,741.0,247,10006.443553815989,1131479.0543409237,"{'Vertiport_1': 15, 'Vertiport_2': 15, 'Vertiport_3': 15, 'Vertiport_4': 15, 'Vertiport_5': 15, 'Vertiport_6': 15, 'Vertiport_7': 15, 'Vertiport_8': 15, 'Vertiport_9': 15, 'Vertiport_10': 15}"
117,764.0,254,10359.070310655985,1141838.1246515797,"{'Vertiport_1': 15, 'Vertiport_2': 15, 'Vertiport_3': 16, 'Vertiport_4': 15, 'Vertiport_5': 15, 'Vertiport_6': 15, 'Vertiport_7': 15, 'Vertiport_8': 15, 'Vertiport_9': 15, 'Vertiport_10': 14}"
118,738.0,246,9962.574272351982,1151800.6989239317,"{'Vertiport_1': 15, 'Vertiport_2': 15, 'Vertiport_3': 15, 'Vertiport_4': 15, 'Vertiport_5': 15, 'Vertiport_6': 15, 'Vertiport_7': 15, 'Vertiport_8': 15, 'Vertiport_9': 15, 'Vertiport_10': 15}"
119,768.0,256,10400.160263551985,1162200.8591874838,"{'Vertiport_1': 15, 'Vertiport_2': 15, 'Vertiport_3': 15, 'Vertiport_4': 15, 'Vertiport_5': 15, 'Vertiport_6': 15, 'Vertiport_7': 15, 'Vertiport_8': 15, 'Vertiport_9': 15, 'Vertiport_10': 15}"
120,726.0,242,9982.417243071985,1172183.2764305559,"{'Vertiport_1': 15, 'Vertiport_2': 15, 'Vertiport_3': 15, 'Vertiport_4': 15, 'Vertiport_5': 15, 'Vertiport_6': 15, 'Vertiport_7': 15, 'Vertiport_8': 15, 'Vertiport_9': 15, 'Vertiport_10': 15}"
121,624.0,208,8901.744876215986,1181085.0213067718,"{'Vertiport_1': 15, 'Vertiport_2': 15, 'Vertiport_3': 15, 'Vertiport_4': 15, 'Vertiport_5': 15, 'Vertiport_6': 15, 'Vertiport_7': 15, 'Vertiport_8': 15, 'Vertiport_9': 15, 'Vertiport_10': 15}"
122,617.0,205,8932.703508455983,1190017.7248152278,"{'Vertiport_1': 15, 'Vertiport_2': 15, 'Vertiport_3': 16, 'Vertiport_4': 15, 'Vertiport_5': 15, 'Vertiport_6': 15, 'Vertiport_7': 15, 'Vertiport_8': 15, 'Vertiport_9': 15, 'Vertiport_10': 14}"
123,639.0,213,8854.279086295976,1198872.0039015238,"{'Vertiport_1': 15, 'Vertiport_2': 15, 'Vertiport_3': 15, 'Vertiport_4': 15, 'Vertiport_5': 15, 'Vertiport_6': 15, 'Vertiport_7': 15, 'Vertiport_8': 15, 'Vertiport_9': 15, 'Vertiport_10': 15}"
124,636.0,212,9022.506072079977,1207894.5099736038,"{'Vertiport_1': 15, 'Vertiport_2': 15, 'Vertiport_3': 15, 'Vertiport_4': 15, 'Vertiport_5': 15, 'Vertiport_6': 15, 'Vertiport_7': 15, 'Vertiport_8': 15, 'Vertiport_9': 15, 'Vertiport_10': 15}"
125,545.0,181,7322.469533431972,1215216.9795070358,"{'Vertiport_1': 15, 'Vertiport_2': 15, 'Vertiport_3': 16, 'Vertiport_4': 15, 'Vertiport_5': 15, 'Vertiport_6': 15, 'Vertiport_7': 15, 'Vertiport_8': 15, 'Vertiport_9': 15, 'Vertiport_10': 14}"
126,603.0,201,8604.980357791972,1223821.9598648278,"{'Vertiport_1': 15, 'Vertiport_2': 15, 'Vertiport_3': 15, 'Vertiport_4': 15, 'Vertiport_5': 15, 'Vertiport_6': 15, 'Vertiport_7': 15, 'Vertiport_8': 15, 'Vertiport_9': 15, 'Vertiport_10': 15}"
127,696.0,232,10121.975238151985,1233943.93510298,"{'Vertiport_1': 15, 'Vertiport_2': 15, 'Vertiport_3': 15, 'Vertiport_4': 15, 'Vertiport_5': 15, 'Vertiport_6': 15, 'Vertiport_7': 15, 'Vertiport_8': 15, 'Vertiport_9': 15, 'Vertiport_10': 15}"
128,681.0,227,9782.018126895984,1243725.9532298758,"{'Vertiport_1': 15, 'Vertiport_2': 15, 'Vertiport_3': 15, 'Vertiport_4': 15, 'Vertiport_5': 15, 'Vertiport_6': 15, 'Vertiport_7': 15, 'Vertiport_8': 15, 'Vertiport_9': 15, 'Vertiport_10': 15}"
129,752.0,250,10613.596219887975,1254339.5494497637,"{'Vertiport_1': 15, 'Vertiport_2': 15, 'Vertiport_3': 16, 'Vertiport_4': 15, 'Vertiport_5': 15, 'Vertiport_6': 15, 'Vertiport_7': 15, 'Vertiport_8': 15, 'Vertiport_9': 15, 'Vertiport_10': 14}"
130,740.0,246,10337.667869295992,1264677.2173190597,"{'Vertiport_1': 15, 'Vertiport_2': 15, 'Vertiport_3': 16, 'Vertiport_4': 15, 'Vertiport_5': 15, 'Vertiport_6': 15, 'Vertiport_7': 15, 'Vertiport_8': 15, 'Vertiport_9': 15, 'Vertiport_10': 14}"
131,783.0,261,11417.072195143983,1276094.2895142036,"{'Vertiport_1': 15, 'Vertiport_2': 15, 'Vertiport_3': 15, 'Vertiport_4': 15, 'Vertiport_5': 15, 'Vertiport_6': 15, 'Vertiport_7': 15, 'Vertiport_8': 15, 'Vertiport_9': 15, 'Vertiport_10': 15}"
132,786.0,262,11482.705835807992,1287576.9953500116,"{'Vertiport_1': 15, 'Vertiport_2': 15, 'Vertiport_3': 15, 'Vertiport_4': 15, 'Vertiport_5': 15, 'Vertiport_6': 15, 'Vertiport_7': 15, 'Vertiport_8': 15, 'Vertiport_9': 15, 'Vertiport_10': 15}"
133,771.0,257,11010.68604999199,1298587.6814000036,"{'Vertiport_1': 15, 'Vertiport_2': 15, 'Vertiport_3': 15, 'Vertiport_4': 15, 'Vertiport_5': 15, 'Vertiport_6': 15, 'Vertiport_7': 15, 'Vertiport_8': 15, 'Vertiport_9': 15, 'Vertiport_10': 15}"
134,732.0,244,9757.538109191986,1308345.2195091955,"{'Vertiport_1': 15, 'Vertiport_2': 15, 'Vertiport_3': 15, 'Vertiport_4': 15, 'Vertiport_5': 15, 'Vertiport_6': 15, 'Vertiport_7': 15, 'Vertiport_8': 15, 'Vertiport_9': 15, 'Vertiport_10': 15}"
135,709.0,235,10102.506445079987,1318447.7259542756,"{'Vertiport_1': 15, 'Vertiport_2': 15, 'Vertiport_3': 17, 'Vertiport_4': 15, 'Vertiport_5': 15, 'Vertiport_6': 15, 'Vertiport_7': 15, 'Vertiport_8': 15, 'Vertiport_9': 15, 'Vertiport_10': 13}"
136,747.0,249,10381.06086777599,1328828.7868220515,"{'Vertiport_1': 15, 'Vertiport_2': 15, 'Vertiport_3': 15, 'Vertiport_4': 15, 'Vertiport_5': 15, 'Vertiport_6': 15, 'Vertiport_7': 15, 'Vertiport_8': 15, 'Vertiport_9': 15, 'Vertiport_10': 15}"
137,806.0,268,11796.292234303994,1340625.0790563554,"{'Vertiport_1': 15, 'Vertiport_2': 15, 'Vertiport_3': 16, 'Vertiport_4': 15, 'Vertiport_5': 15, 'Vertiport_6': 15, 'Vertiport_7': 15, 'Vertiport_8': 15, 'Vertiport_9': 15, 'Vertiport_10': 14}"
138,756.0,252,10149.565021167986,1350774.6440775234,"{'Vertiport_1': 15, 'Vertiport_2': 15, 'Vertiport_3': 15, 'Vertiport_4': 15, 'Vertiport_5': 15, 'Vertiport_6': 15, 'Vertiport_7': 15, 'Vertiport_8': 15, 'Vertiport_9': 15, 'Vertiport_10': 15}"
139,674.0,224,9773.25416616798,1360547.8982436913,"{'Vertiport_1': 15, 'Vertiport_2': 15, 'Vertiport_3': 16, 'Vertiport_4': 15, 'Vertiport_5': 15, 'Vertiport_6': 15, 'Vertiport_7': 15, 'Vertiport_8': 15, 'Vertiport_9': 15, 'Vertiport_10': 14}"
140,800.0,266,11954.431561559988,1372502.3298052512,"{'Vertiport_1': 15, 'Vertiport_2': 15, 'Vertiport_3': 16, 'Vertiport_4': 15, 'Vertiport_5': 15, 'Vertiport_6': 15, 'Vertiport_7': 15, 'Vertiport_8': 15, 'Vertiport_9': 15, 'Vertiport_10': 14}"
141,768.0,256,11257.451536519997,1383759.7813417711,"{'Vertiport_1': 15, 'Vertiport_2': 15, 'Vertiport_3': 15, 'Vertiport_4': 15, 'Vertiport_5': 15, 'Vertiport_6': 15, 'Vertiport_7': 15, 'Vertiport_8': 15, 'Vertiport_9': 15, 'Vertiport_10': 15}"
142,750.0,250,10994.824056039997,1394754.6053978112,"{'Vertiport_1': 15, 'Vertiport_2': 15, 'Vertiport_3': 15, 'Vertiport_4': 15, 'Vertiport_5': 15, 'Vertiport_6': 15, 'Vertiport_7': 15, 'Vertiport_8': 15, 'Vertiport_9': 15, 'Vertiport_10': 15}"
143,807.0,269,10644.343587303993,1405398.9489851152,"{'Vertiport_1': 15, 'Vertiport_2': 15, 'Vertiport_3': 15, 'Vertiport_4': 15, 'Vertiport_5': 15, 'Vertiport_6': 15, 'Vertiport_7': 15, 'Vertiport_8': 15, 'Vertiport_9': 15, 'Vertiport_10': 15}"
144,828.0,276,11648.368250455987,1417047.317235571,"{'Vertiport_1': 15, 'Vertiport_2': 15, 'Vertiport_3': 15, 'Vertiport_4': 15, 'Vertiport_5': 15, 'Vertiport_6': 15, 'Vertiport_7': 15, 'Vertiport_8': 15, 'Vertiport_9': 15, 'Vertiport_10': 15}"
145,678.0,226,9619.44192408798,1426666.759159659,"{'Vertiport_1': 15, 'Vertiport_2': 15, 'Vertiport_3': 15, 'Vertiport_4': 15, 'Vertiport_5': 15, 'Vertiport_6': 15, 'Vertiport_7': 15, 'Vertiport_8': 15, 'Vertiport_9': 15, 'Vertiport_10': 15}"
146,669.0,223,9563.473650383981,1436230.232810043,"{'Vertiport_1': 15, 'Vertiport_2': 15, 'Vertiport_3': 15, 'Vertiport_4': 15, 'Vertiport_5': 15, 'Vertiport_6': 15, 'Vertiport_7': 15, 'Vertiport_8': 15, 'Vertiport_9': 15, 'Vertiport_10': 15}"
147,735.0,245,10248.820604951987,1446479.053414995,"{'Vertiport_1': 15, 'Vertiport_2': 15, 'Vertiport_3': 15, 'Vertiport_4': 15, 'Vertiport_5': 15, 'Vertiport_6': 15, 'Vertiport_7': 15, 'Vertiport_8': 15, 'Vertiport_9': 15, 'Vertiport_10': 15}"
148,690.0,230,9413.917512887985,1455892.9709278832,"{'Vertiport_1': 15, 'Vertiport_2': 15, 'Vertiport_3': 15, 'Vertiport_4': 15, 'Vertiport_5': 15, 'Vertiport_6': 15, 'Vertiport_7': 15, 'Vertiport_8': 15, 'Vertiport_9': 15, 'Vertiport_10': 15}"
149,678.0,226,9202.90046425598,1465095.8713921392,"{'Vertiport_1': 15, 'Vertiport_2': 15, 'Vertiport_3': 15, 'Vertiport_4': 15, 'Vertiport_5': 15, 'Vertiport_6': 15, 'Vertiport_7': 15, 'Vertiport_8': 15, 'Vertiport_9': 15, 'Vertiport_10': 15}"
150,630.0,210,8863.152033759976,1473959.0234258992,"{'Vertiport_1': 15, 'Vertiport_2': 15, 'Vertiport_3': 15, 'Vertiport_4': 15, 'Vertiport_5': 15, 'Vertiport_6': 15, 'Vertiport_7': 15, 'Vertiport_8': 15, 'Vertiport_9': 15, 'Vertiport_10': 15}"
151,684.0,228,9461.839845287981,1483420.8632711873,"{'Vertiport_1': 15, 'Vertiport_2': 15, 'Vertiport_3': 15, 'Vertiport_4': 15, 'Vertiport_5': 15, 'Vertiport_6': 15, 'Vertiport_7': 15, 'Vertiport_8': 15, 'Vertiport_9': 15, 'Vertiport_10': 15}"
152,537.0,179,7976.539458463969,1491397.4027296512,"{'Vertiport_1': 15, 'Vertiport_2': 15, 'Vertiport_3': 15, 'Vertiport_4': 15, 'Vertiport_5': 15, 'Vertiport_6': 15, 'Vertiport_7': 15, 'Vertiport_8': 15, 'Vertiport_9': 15, 'Vertiport_10': 15}"
153,594.0,198,7916.167017791964,1499313.569747443,"{'Vertiport_1': 15, 'Vertiport_2': 15, 'Vertiport_3': 15, 'Vertiport_4': 15, 'Vertiport_5': 15, 'Vertiport_6': 15, 'Vertiport_7': 15, 'Vertiport_8': 15, 'Vertiport_9': 15, 'Vertiport_10': 15}"
154,633.0,211,9239.70750167197,1508553.277249115,"{'Vertiport_1': 15, 'Vertiport_2': 15, 'Vertiport_3': 15, 'Vertiport_4': 15, 'Vertiport_5': 15, 'Vertiport_6': 15, 'Vertiport_7': 15, 'Vertiport_8': 15, 'Vertiport_9': 15, 'Vertiport_10': 15}"
155,690.0,230,9925.62870246399,1518478.905951579,"{'Vertiport_1': 15, 'Vertiport_2': 15, 'Vertiport_3': 15, 'Vertiport_4': 15, 'Vertiport_5': 15, 'Vertiport_6': 15, 'Vertiport_7': 15, 'Vertiport_8': 15, 'Vertiport_9': 15, 'Vertiport_10': 15}"
156,783.0,261,11116.223589351981,1529595.129540931,"{'Vertiport_1': 15, 'Vertiport_2': 15, 'Vertiport_3': 15, 'Vertiport_4': 15, 'Vertiport_5': 15, 'Vertiport_6': 15, 'Vertiport_7': 15, 'Vertiport_8': 15, 'Vertiport_9': 15, 'Vertiport_10': 15}"
157,747.0,249,10332.361087335985,1539927.490628267,"{'Vertiport_1': 15, 'Vertiport_2': 15, 'Vertiport_3': 15, 'Vertiport_4': 15, 'Vertiport_5': 15, 'Vertiport_6': 15, 'Vertiport_7': 15, 'Vertiport_8': 15, 'Vertiport_9': 15, 'Vertiport_10': 15}"
158,828.0,276,11832.47955040799,1551759.970178675,"{'Vertiport_1': 15, 'Vertiport_2': 15, 'Vertiport_3': 15, 'Vertiport_4': 15, 'Vertiport_5': 15, 'Vertiport_6': 15, 'Vertiport_7': 15, 'Vertiport_8': 15, 'Vertiport_9': 15, 'Vertiport_10': 15}"
159,837.0,279,11831.223851087994,1563591.1940297629,"{'Vertiport_1': 15, 'Vertiport_2': 15, 'Vertiport_3': 15, 'Vertiport_4': 15, 'Vertiport_5': 15, 'Vertiport_6': 15, 'Vertiport_7': 15, 'Vertiport_8': 15, 'Vertiport_9': 15, 'Vertiport_10': 15}"
160,864.0,288,12775.515078711996,1576366.709108475,"{'Vertiport_1': 15, 'Vertiport_2': 15, 'Vertiport_3': 15, 'Vertiport_4': 15, 'Vertiport_5': 15, 'Vertiport_6': 15, 'Vertiport_7': 15, 'Vertiport_8': 15, 'Vertiport_9': 15, 'Vertiport_10': 15}"
161,891.0,297,13221.788190536006,1589588.4972990109,"{'Vertiport_1': 15, 'Vertiport_2': 15, 'Vertiport_3': 15, 'Vertiport_4': 15, 'Vertiport_5': 15, 'Vertiport_6': 15, 'Vertiport_7': 15, 'Vertiport_8': 15, 'Vertiport_9': 15, 'Vertiport_10': 15}"
162,867.0,289,12133.302741767995,1601721.800040779,"{'Vertiport_1': 15, 'Vertiport_2': 15, 'Vertiport_3': 15, 'Vertiport_4': 15, 'Vertiport_5': 15, 'Vertiport_6': 15, 'Vertiport_7': 15, 'Vertiport_8': 15, 'Vertiport_9': 15, 'Vertiport_10': 15}"
163,783.0,261,11340.155347007982,1613061.955387787,"{'Vertiport_1': 15, 'Vertiport_2': 15, 'Vertiport_3': 15, 'Vertiport_4': 15, 'Vertiport_5': 15, 'Vertiport_6': 15, 'Vertiport_7': 15, 'Vertiport_8': 15, 'Vertiport_9': 15, 'Vertiport_10': 15}"
164,951.0,317,13272.884319744004,1626334.839707531,"{'Vertiport_1': 15, 'Vertiport_2': 15, 'Vertiport_3': 15, 'Vertiport_4': 15, 'Vertiport_5': 15, 'Vertiport_6': 15, 'Vertiport_7': 15, 'Vertiport_8': 15, 'Vertiport_9': 15, 'Vertiport_10': 15}"
165,861.0,287,11864.11339556799,1638198.953103099,"{'Vertiport_1': 15, 'Vertiport_2': 15, 'Vertiport_3': 15, 'Vertiport_4': 15, 'Vertiport_5': 15, 'Vertiport_6': 15, 'Vertiport_7': 15, 'Vertiport_8': 15, 'Vertiport_9': 15, 'Vertiport_10': 15}"
166,801.0,267,10866.619285783994,1649065.572388883,"{'Vertiport_1': 15, 'Vertiport_2': 15, 'Vertiport_3': 15, 'Vertiport_4': 15, 'Vertiport_5': 15, 'Vertiport_6': 15, 'Vertiport_7': 15, 'Vertiport_8': 15, 'Vertiport_9': 15, 'Vertiport_10': 15}"
167,798.0,266,12043.453986383993,1661109.026375267,"{'Vertiport_1': 15, 'Vertiport_2': 15, 'Vertiport_3': 15, 'Vertiport_4': 15, 'Vertiport_5': 15, 'Vertiport_6': 15, 'Vertiport_7': 15, 'Vertiport_8': 15, 'Vertiport_9': 15, 'Vertiport_10': 15}"
168,783.0,261,11515.725681767986,1672624.752057035,"{'Vertiport_1': 15, 'Vertiport_2': 15, 'Vertiport_3': 15, 'Vertiport_4': 15, 'Vertiport_5': 15, 'Vertiport_6': 15, 'Vertiport_7': 15, 'Vertiport_8': 15, 'Vertiport_9': 15, 'Vertiport_10': 15}"
169,822.0,274,12088.748802951986,1684713.500859987,"{'Vertiport_1': 15, 'Vertiport_2': 15, 'Vertiport_3': 15, 'Vertiport_4': 15, 'Vertiport_5': 15, 'Vertiport_6': 15, 'Vertiport_7': 15, 'Vertiport_8': 15, 'Vertiport_9': 15, 'Vertiport_10': 15}"
170,789.0,263,12023.373707200019,1696736.874567187,"{'Vertiport_1': 15, 'Vertiport_2': 15, 'Vertiport_3': 15, 'Vertiport_4': 15, 'Vertiport_5': 15, 'Vertiport_6': 15, 'Vertiport_7': 15, 'Vertiport_8': 15, 'Vertiport_9': 15, 'Vertiport_10': 15}"
171,783.0,261,10653.432350391975,1707390.306917579,"{'Vertiport_1': 15, 'Vertiport_2': 15, 'Vertiport_3': 15, 'Vertiport_4': 15, 'Vertiport_5': 15, 'Vertiport_6': 15, 'Vertiport_7': 15, 'Vertiport_8': 15, 'Vertiport_9': 15, 'Vertiport_10': 15}"
172,819.0,273,12318.68894678401,1719708.995864363,"{'Vertiport_1': 15, 'Vertiport_2': 15, 'Vertiport_3': 15, 'Vertiport_4': 15, 'Vertiport_5': 15, 'Vertiport_6': 15, 'Vertiport_7': 15, 'Vertiport_8': 15, 'Vertiport_9': 15, 'Vertiport_10': 15}"
173,726.0,242,10384.525788775989,1730093.5216531388,"{'Vertiport_1': 15, 'Vertiport_2': 15, 'Vertiport_3': 15, 'Vertiport_4': 15, 'Vertiport_5': 15, 'Vertiport_6': 15, 'Vertiport_7': 15, 'Vertiport_8': 15, 'Vertiport_9': 15, 'Vertiport_10': 15}"
174,783.0,261,11086.057351319987,1741179.5790044589,"{'Vertiport_1': 15, 'Vertiport_2': 15, 'Vertiport_3': 15, 'Vertiport_4': 15, 'Vertiport_5': 15, 'Vertiport_6': 15, 'Vertiport_7': 15, 'Vertiport_8': 15, 'Vertiport_9': 15, 'Vertiport_10': 15}"
175,750.0,250,10770.73859083199,1751950.317595291,"{'Vertiport_1': 15, 'Vertiport_2': 15, 'Vertiport_3': 15, 'Vertiport_4': 15, 'Vertiport_5': 15, 'Vertiport_6': 15, 'Vertiport_7': 15, 'Vertiport_8': 15, 'Vertiport_9': 15, 'Vertiport_10': 15}"
176,720.0,240,10812.164409231984,1762762.482004523,"{'Vertiport_1': 15, 'Vertiport_2': 15, 'Vertiport_3': 15, 'Vertiport_4': 15, 'Vertiport_5': 15, 'Vertiport_6': 15, 'Vertiport_7': 15, 'Vertiport_8': 15, 'Vertiport_9': 15, 'Vertiport_10': 15}"
177,711.0,237,10174.407363535978,1772936.889368059,"{'Vertiport_1': 15, 'Vertiport_2': 15, 'Vertiport_3': 15, 'Vertiport_4': 15, 'Vertiport_5': 15, 'Vertiport_6': 15, 'Vertiport_7': 15, 'Vertiport_8': 15, 'Vertiport_9': 15, 'Vertiport_10': 15}"
178,657.0,219,9629.515925135987,1782566.405293195,"{'Vertiport_1': 15, 'Vertiport_2': 15, 'Vertiport_3': 15, 'Vertiport_4': 15, 'Vertiport_5': 15, 'Vertiport_6': 15, 'Vertiport_7': 15, 'Vertiport_8': 15, 'Vertiport_9': 15, 'Vertiport_10': 15}"
179,525.0,175,7777.586319239968,1790343.991612435,"{'Vertiport_1': 15, 'Vertiport_2': 15, 'Vertiport_3': 15, 'Vertiport_4': 15, 'Vertiport_5': 15, 'Vertiport_6': 15, 'Vertiport_7': 15, 'Vertiport_8': 15, 'Vertiport_9': 15, 'Vertiport_10': 15}"
180,477.0,159,6517.539007775975,1796861.530620211,"{'Vertiport_1': 15, 'Vertiport_2': 15, 'Vertiport_3': 15, 'Vertiport_4': 15, 'Vertiport_5': 15, 'Vertiport_6': 15, 'Vertiport_7': 15, 'Vertiport_8': 15, 'Vertiport_9': 15, 'Vertiport_10': 15}"
181,453.0,151,6604.317556151975,1803465.848176363,"{'Vertiport_1': 15, 'Vertiport_2': 15, 'Vertiport_3': 15, 'Vertiport_4': 15, 'Vertiport_5': 15, 'Vertiport_6': 15, 'Vertiport_7': 15, 'Vertiport_8': 15, 'Vertiport_9': 15, 'Vertiport_10': 15}"
182,498.0,166,7156.604218151969,1810622.4523945148,"{'Vertiport_1': 15, 'Vertiport_2': 15, 'Vertiport_3': 15, 'Vertiport_4': 15, 'Vertiport_5': 15, 'Vertiport_6': 15, 'Vertiport_7': 15, 'Vertiport_8': 15, 'Vertiport_9': 15, 'Vertiport_10': 15}"
183,504.0,168,7447.247217639972,1818069.6996121549,"{'Vertiport_1': 15, 'Vertiport_2': 15, 'Vertiport_3': 15, 'Vertiport_4': 15, 'Vertiport_5': 15, 'Vertiport_6': 15, 'Vertiport_7': 15, 'Vertiport_8': 15, 'Vertiport_9': 15, 'Vertiport_10': 15}"
184,438.0,146,6690.417501639977,1824760.117113795,"{'Vertiport_1': 15, 'Vertiport_2': 15, 'Vertiport_3': 15, 'Vertiport_4': 15, 'Vertiport_5': 15, 'Vertiport_6': 15, 'Vertiport_7': 15, 'Vertiport_8': 15, 'Vertiport_9': 15, 'Vertiport_10': 15}"
185,348.0,116,5042.892543231987,1829803.009657027,"{'Vertiport_1': 15, 'Vertiport_2': 15, 'Vertiport_3': 15, 'Vertiport_4': 15, 'Vertiport_5': 15, 'Vertiport_6': 15, 'Vertiport_7': 15, 'Vertiport_8': 15, 'Vertiport_9': 15, 'Vertiport_10': 15}"
186,279.0,93,4105.824872839995,1833908.834529867,"{'Vertiport_1': 15, 'Vertiport_2': 15, 'Vertiport_3': 15, 'Vertiport_4': 15, 'Vertiport_5': 15, 'Vertiport_6': 15, 'Vertiport_7': 15, 'Vertiport_8': 15, 'Vertiport_9': 15, 'Vertiport_10': 15}"
187,318.0,106,4759.611670751993,1838668.446200619,"{'Vertiport_1': 15, 'Vertiport_2': 15, 'Vertiport_3': 15, 'Vertiport_4': 15, 'Vertiport_5': 15, 'Vertiport_6': 15, 'Vertiport_7': 15, 'Vertiport_8': 15, 'Vertiport_9': 15, 'Vertiport_10': 15}"
188,333.0,111,5157.2406385119875,1843825.686839131,"{'Vertiport_1': 15, 'Vertiport_2': 15, 'Vertiport_3': 15, 'Vertiport_4': 15, 'Vertiport_5': 15, 'Vertiport_6': 15, 'Vertiport_7': 15, 'Vertiport_8': 15, 'Vertiport_9': 15, 'Vertiport_10': 15}"
189,297.0,99,3873.3930353919955,1847699.079874523,"{'Vertiport_1': 15, 'Vertiport_2': 15, 'Vertiport_3': 15, 'Vertiport_4': 15, 'Vertiport_5': 15, 'Vertiport_6': 15, 'Vertiport_7': 15, 'Vertiport_8': 15, 'Vertiport_9': 15, 'Vertiport_10': 15}"
190,240.0,80,3886.8408921039972,1851585.920766627,"{'Vertiport_1': 15, 'Vertiport_2': 15, 'Vertiport_3': 15, 'Vertiport_4': 15, 'Vertiport_5': 15, 'Vertiport_6': 15, 'Vertiport_7': 15, 'Vertiport_8': 15, 'Vertiport_9': 15, 'Vertiport_10': 15}"
191,147.0,49,2288.0425917919997,1853873.963358419,"{'Vertiport_1': 15, 'Vertiport_2': 15, 'Vertiport_3': 15, 'Vertiport_4': 15, 'Vertiport_5': 15, 'Vertiport_6': 15, 'Vertiport_7': 15, 'Vertiport_8': 15, 'Vertiport_9': 15, 'Vertiport_10': 15}"
192,105.0,35,1597.7706232080004,1855471.733981627,"{'Vertiport_1': 15, 'Vertiport_2': 15, 'Vertiport_3': 15, 'Vertiport_4': 15, 'Vertiport_5': 15, 'Vertiport_6': 15, 'Vertiport_7': 15, 'Vertiport_8': 15, 'Vertiport_9': 15, 'Vertiport_10': 15}"
193,126.0,42,1767.5563463600004,1857239.290327987,"{'Vertiport_1': 15, 'Vertiport_2': 15, 'Vertiport_3': 15, 'Vertiport_4': 15, 'Vertiport_5': 15, 'Vertiport_6': 15, 'Vertiport_7': 15, 'Vertiport_8': 15, 'Vertiport_9': 15, 'Vertiport_10': 15}"
194,120.0,40,1922.1514359200005,1859161.441763907,"{'Vertiport_1': 15, 'Vertiport_2': 15, 'Vertiport_3': 15, 'Vertiport_4': 15, 'Vertiport_5': 15, 'Vertiport_6': 15, 'Vertiport_7': 15, 'Vertiport_8': 15, 'Vertiport_9': 15, 'Vertiport_10': 15}"
195,132.0,44,1893.079337848,1861054.5211017549,"{'Vertiport_1': 15, 'Vertiport_2': 15, 'Vertiport_3': 15, 'Vertiport_4': 15, 'Vertiport_5': 15, 'Vertiport_6': 15, 'Vertiport_7': 15, 'Vertiport_8': 15, 'Vertiport_9': 15, 'Vertiport_10': 15}"
196,147.0,49,1985.664720624,1863040.1858223788,"{'Vertiport_1': 15, 'Vertiport_2': 15, 'Vertiport_3': 15, 'Vertiport_4': 15, 'Vertiport_5': 15, 'Vertiport_6': 15, 'Vertiport_7': 15, 'Vertiport_8': 15, 'Vertiport_9': 15, 'Vertiport_10': 15}"
197,141.0,47,2288.0061210639997,1865328.191943443,"{'Vertiport_1': 15, 'Vertiport_2': 15, 'Vertiport_3': 15, 'Vertiport_4': 15, 'Vertiport_5': 15, 'Vertiport_6': 15, 'Vertiport_7': 15, 'Vertiport_8': 15, 'Vertiport_9': 15, 'Vertiport_10': 15}"
198,168.0,56,2684.8395121199997,1868013.031455563,"{'Vertiport_1': 15, 'Vertiport_2': 15, 'Vertiport_3': 15, 'Vertiport_4': 15, 'Vertiport_5': 15, 'Vertiport_6': 15, 'Vertiport_7': 15, 'Vertiport_8': 15, 'Vertiport_9': 15, 'Vertiport_10': 15}"
199,210.0,70,3233.3863136239993,1871246.417769187,"{'Vertiport_1': 15, 'Vertiport_2': 15, 'Vertiport_3': 15, 'Vertiport_4': 15, 'Vertiport_5': 15, 'Vertiport_6': 15, 'Vertiport_7': 15, 'Vertiport_8': 15, 'Vertiport_9': 15, 'Vertiport_10': 15}"
200,201.0,67,2927.4862813839986,1874173.904050571,"{'Vertiport_1': 15, 'Vertiport_2': 15, 'Vertiport_3': 15, 'Vertiport_4': 15, 'Vertiport_5': 15, 'Vertiport_6': 15, 'Vertiport_7': 15, 'Vertiport_8': 15, 'Vertiport_9': 15, 'Vertiport_10': 15}"
201,156.0,52,2748.2592334000005,1876922.163283971,"{'Vertiport_1': 15, 'Vertiport_2': 15, 'Vertiport_3': 15, 'Vertiport_4': 15, 'Vertiport_5': 15, 'Vertiport_6': 15, 'Vertiport_7': 15, 'Vertiport_8': 15, 'Vertiport_9': 15, 'Vertiport_10': 15}"
202,204.0,68,3056.422662607999,1879978.585946579,"{'Vertiport_1': 15, 'Vertiport_2': 15, 'Vertiport_3': 15, 'Vertiport_4': 15, 'Vertiport_5': 15, 'Vertiport_6': 15, 'Vertiport_7': 15, 'Vertiport_8': 15, 'Vertiport_9': 15, 'Vertiport_10': 15}"
203,258.0,86,3513.5900630879983,1883492.176009667,"{'Vertiport_1': 15, 'Vertiport_2': 15, 'Vertiport_3': 15, 'Vertiport_4': 15, 'Vertiport_5': 15, 'Vertiport_6': 15, 'Vertiport_7': 15, 'Vertiport_8': 15, 'Vertiport_9': 15, 'Vertiport_10': 15}"
204,321.0,107,4447.559277511991,1887939.735287179,"{'Vertiport_1': 15, 'Vertiport_2': 15, 'Vertiport_3': 15, 'Vertiport_4': 15, 'Vertiport_5': 15, 'Vertiport_6': 15, 'Vertiport_7': 15, 'Vertiport_8': 15, 'Vertiport_9': 15, 'Vertiport_10': 15}"
205,324.0,108,4689.488296175993,1892629.223583355,"{'Vertiport_1': 15, 'Vertiport_2': 15, 'Vertiport_3': 15, 'Vertiport_4': 15, 'Vertiport_5': 15, 'Vertiport_6': 15, 'Vertiport_7': 15, 'Vertiport_8': 15, 'Vertiport_9': 15, 'Vertiport_10': 15}"
206,333.0,111,4613.729385975993,1897242.952969331,"{'Vertiport_1': 15, 'Vertiport_2': 15, 'Vertiport_3': 15, 'Vertiport_4': 15, 'Vertiport_5': 15, 'Vertiport_6': 15, 'Vertiport_7': 15, 'Vertiport_8': 15, 'Vertiport_9': 15, 'Vertiport_10': 15}"
207,384.0,128,6347.2650275439755,1903590.217996875,"{'Vertiport_1': 15, 'Vertiport_2': 15, 'Vertiport_3': 15, 'Vertiport_4': 15, 'Vertiport_5': 15, 'Vertiport_6': 15, 'Vertiport_7': 15, 'Vertiport_8': 15, 'Vertiport_9': 15, 'Vertiport_10': 15}"
208,438.0,146,6482.724453535976,1910072.942450411,"{'Vertiport_1': 15, 'Vertiport_2': 15, 'Vertiport_3': 15, 'Vertiport_4': 15, 'Vertiport_5': 15, 'Vertiport_6': 15, 'Vertiport_7': 15, 'Vertiport_8': 15, 'Vertiport_9': 15, 'Vertiport_10': 15}"
209,423.0,141,6221.30424246398,1916294.246692875,"{'Vertiport_1': 15, 'Vertiport_2': 15, 'Vertiport_3': 15, 'Vertiport_4': 15, 'Vertiport_5': 15, 'Vertiport_6': 15, 'Vertiport_7': 15, 'Vertiport_8': 15, 'Vertiport_9': 15, 'Vertiport_10': 15}"
210,456.0,152,6785.056341519977,1923079.303034395,"{'Vertiport_1': 15, 'Vertiport_2': 15, 'Vertiport_3': 15, 'Vertiport_4': 15, 'Vertiport_5': 15, 'Vertiport_6': 15, 'Vertiport_7': 15, 'Vertiport_8': 15, 'Vertiport_9': 15, 'Vertiport_10': 15}"
211,504.0,168,7187.235573727972,1930266.5386081228,"{'Vertiport_1': 15, 'Vertiport_2': 15, 'Vertiport_3': 15, 'Vertiport_4': 15, 'Vertiport_5': 15, 'Vertiport_6': 15, 'Vertiport_7': 15, 'Vertiport_8': 15, 'Vertiport_9': 15, 'Vertiport_10': 15}"
212,615.0,205,9252.927015391982,1939519.4656235147,"{'Vertiport_1': 15, 'Vertiport_2': 15, 'Vertiport_3': 15, 'Vertiport_4': 15, 'Vertiport_5': 15, 'Vertiport_6': 15, 'Vertiport_7': 15, 'Vertiport_8': 15, 'Vertiport_9': 15, 'Vertiport_10': 15}"
213,576.0,192,8764.695017751981,1948284.1606412667,"{'Vertiport_1': 15, 'Vertiport_2': 15, 'Vertiport_3': 15, 'Vertiport_4': 15, 'Vertiport_5': 15, 'Vertiport_6': 15, 'Vertiport_7': 15, 'Vertiport_8': 15, 'Vertiport_9': 15, 'Vertiport_10': 15}"
214,630.0,210,9489.917390135988,1957774.0780314028,"{'Vertiport_1': 15, 'Vertiport_2': 15, 'Vertiport_3': 15, 'Vertiport_4': 15, 'Vertiport_5': 15, 'Vertiport_6': 15, 'Vertiport_7': 15, 'Vertiport_8': 15, 'Vertiport_9': 15, 'Vertiport_10': 15}"
215,663.0,221,9667.689150919976,1967441.7671823227,"{'Vertiport_1': 15, 'Vertiport_2': 15, 'Vertiport_3': 15, 'Vertiport_4': 15, 'Vertiport_5': 15, 'Vertiport_6': 15, 'Vertiport_7': 15, 'Vertiport_8': 15, 'Vertiport_9': 15, 'Vertiport_10': 15}"
216,741.0,247,10540.657739847982,1977982.4249221706,"{'Vertiport_1': 15, 'Vertiport_2': 15, 'Vertiport_3': 15, 'Vertiport_4': 15, 'Vertiport_5': 15, 'Vertiport_6': 15, 'Vertiport_7': 15, 'Vertiport_8': 15, 'Vertiport_9': 15, 'Vertiport_10': 15}"
217,753.0,251,11049.654322095988,1989032.0792442665,"{'Vertiport_1': 15, 'Vertiport_2': 15, 'Vertiport_3': 15, 'Vertiport_4': 15, 'Vertiport_5': 15, 'Vertiport_6': 15, 'Vertiport_7': 15, 'Vertiport_8': 15, 'Vertiport_9': 15, 'Vertiport_10': 15}"
218,657.0,219,9037.10835551997,1998069.1875997866,"{'Vertiport_1': 15, 'Vertiport_2': 15, 'Vertiport_3': 15, 'Vertiport_4': 15, 'Vertiport_5': 15, 'Vertiport_6': 15, 'Vertiport_7': 15, 'Vertiport_8': 15, 'Vertiport_9': 15, 'Vertiport_10': 15}"
219,657.0,219,9713.913062447975,2007783.1006622345,"{'Vertiport_1': 15, 'Vertiport_2': 15, 'Vertiport_3': 15, 'Vertiport_4': 15, 'Vertiport_5': 15, 'Vertiport_6': 15, 'Vertiport_7': 15, 'Vertiport_8': 15, 'Vertiport_9': 15, 'Vertiport_10': 15}"
220,702.0,234,9854.951374287979,2017638.0520365224,"{'Vertiport_1': 15, 'Vertiport_2': 15, 'Vertiport_3': 15, 'Vertiport_4': 15, 'Vertiport_5': 15, 'Vertiport_6': 15, 'Vertiport_7': 15, 'Vertiport_8': 15, 'Vertiport_9': 15, 'Vertiport_10': 15}"
221,780.0,260,11382.87900021599,2029020.9310367384,"{'Vertiport_1': 15, 'Vertiport_2': 15, 'Vertiport_3': 15, 'Vertiport_4': 15, 'Vertiport_5': 15, 'Vertiport_6': 15, 'Vertiport_7': 15, 'Vertiport_8': 15, 'Vertiport_9': 15, 'Vertiport_10': 15}"
222,630.0,210,9296.494112343975,2038317.4251490824,"{'Vertiport_1': 15, 'Vertiport_2': 15, 'Vertiport_3': 15, 'Vertiport_4': 15, 'Vertiport_5': 15, 'Vertiport_6': 15, 'Vertiport_7': 15, 'Vertiport_8': 15, 'Vertiport_9': 15, 'Vertiport_10': 15}"
223,618.0,206,8053.946684167962,2046371.3718332504,"{'Vertiport_1': 15, 'Vertiport_2': 15, 'Vertiport_3': 15, 'Vertiport_4': 15, 'Vertiport_5': 15, 'Vertiport_6': 15, 'Vertiport_7': 15, 'Vertiport_8': 15, 'Vertiport_9': 15, 'Vertiport_10': 15}"
224,681.0,227,10018.950768327984,2056390.3226015784,"{'Vertiport_1': 15, 'Vertiport_2': 15, 'Vertiport_3': 15, 'Vertiport_4': 15, 'Vertiport_5': 15, 'Vertiport_6': 15, 'Vertiport_7': 15, 'Vertiport_8': 15, 'Vertiport_9': 15, 'Vertiport_10': 15}"
225,651.0,217,9217.312229583971,2065607.6348311624,"{'Vertiport_1': 15, 'Vertiport_2': 15, 'Vertiport_3': 15, 'Vertiport_4': 15, 'Vertiport_5': 15, 'Vertiport_6': 15, 'Vertiport_7': 15, 'Vertiport_8': 15, 'Vertiport_9': 15, 'Vertiport_10': 15}"
226,624.0,208,9122.552864711972,2074730.1876958744,"{'Vertiport_1': 15, 'Vertiport_2': 15, 'Vertiport_3': 15, 'Vertiport_4': 15, 'Vertiport_5': 15, 'Vertiport_6': 15, 'Vertiport_7': 15, 'Vertiport_8': 15, 'Vertiport_9': 15, 'Vertiport_10': 15}"
227,657.0,219,9172.893989447966,2083903.0816853223,"{'Vertiport_1': 15, 'Vertiport_2': 15, 'Vertiport_3': 15, 'Vertiport_4': 15, 'Vertiport_5': 15, 'Vertiport_6': 15, 'Vertiport_7': 15, 'Vertiport_8': 15, 'Vertiport_9': 15, 'Vertiport_10': 15}"
228,696.0,232,9901.554518511984,2093804.6362038343,"{'Vertiport_1': 15, 'Vertiport_2': 15, 'Vertiport_3': 15, 'Vertiport_4': 15, 'Vertiport_5': 15, 'Vertiport_6': 15, 'Vertiport_7': 15, 'Vertiport_8': 15, 'Vertiport_9': 15, 'Vertiport_10': 15}"
229,750.0,250,10703.461638631985,2104508.097842466,"{'Vertiport_1': 15, 'Vertiport_2': 15, 'Vertiport_3': 15, 'Vertiport_4': 15, 'Vertiport_5': 15, 'Vertiport_6': 15, 'Vertiport_7': 15, 'Vertiport_8': 15, 'Vertiport_9': 15, 'Vertiport_10': 15}"
230,657.0,219,9274.209962311978,2113782.307804778,"{'Vertiport_1': 15, 'Vertiport_2': 15, 'Vertiport_3': 15, 'Vertiport_4': 15, 'Vertiport_5': 15, 'Vertiport_6': 15, 'Vertiport_7': 15, 'Vertiport_8': 15, 'Vertiport_9': 15, 'Vertiport_10': 15}"
231,675.0,225,9552.97721972797,2123335.285024506,"{'Vertiport_1': 15, 'Vertiport_2': 15, 'Vertiport_3': 15, 'Vertiport_4': 15, 'Vertiport_5': 15, 'Vertiport_6': 15, 'Vertiport_7': 15, 'Vertiport_8': 15, 'Vertiport_9': 15, 'Vertiport_10': 15}"
232,621.0,207,9174.72372185598,2132510.008746362,"{'Vertiport_1': 15, 'Vertiport_2': 15, 'Vertiport_3': 15, 'Vertiport_4': 15, 'Vertiport_5': 15, 'Vertiport_6': 15, 'Vertiport_7': 15, 'Vertiport_8': 15, 'Vertiport_9': 15, 'Vertiport_10': 15}"
233,621.0,207,9088.084793751977,2141598.093540114,"{'Vertiport_1': 15, 'Vertiport_2': 15, 'Vertiport_3': 15, 'Vertiport_4': 15, 'Vertiport_5': 15, 'Vertiport_6': 15, 'Vertiport_7': 15, 'Vertiport_8': 15, 'Vertiport_9': 15, 'Vertiport_10': 15}"
234,681.0,227,9798.753673351977,2151396.8472134657,"{'Vertiport_1': 15, 'Vertiport_2': 15, 'Vertiport_3': 15, 'Vertiport_4': 15, 'Vertiport_5': 15, 'Vertiport_6': 15, 'Vertiport_7': 15, 'Vertiport_8': 15, 'Vertiport_9': 15, 'Vertiport_10': 15}"
235,603.0,201,8096.824535871963,2159493.6717493376,"{'Vertiport_1': 15, 'Vertiport_2': 15, 'Vertiport_3': 15, 'Vertiport_4': 15, 'Vertiport_5': 15, 'Vertiport_6': 15, 'Vertiport_7': 15, 'Vertiport_8': 15, 'Vertiport_9': 15, 'Vertiport_10': 15}"
236,636.0,212,8858.523539727974,2168352.1952890656,"{'Vertiport_1': 15, 'Vertiport_2': 15, 'Vertiport_3': 15, 'Vertiport_4': 15, 'Vertiport_5': 15, 'Vertiport_6': 15, 'Vertiport_7': 15, 'Vertiport_8': 15, 'Vertiport_9': 15, 'Vertiport_10': 15}"
237,540.0,180,7297.128501815971,2175649.323790882,"{'Vertiport_1': 15, 'Vertiport_2': 15, 'Vertiport_3': 15, 'Vertiport_4': 15, 'Vertiport_5': 15, 'Vertiport_6': 15, 'Vertiport_7': 15, 'Vertiport_8': 15, 'Vertiport_9': 15, 'Vertiport_10': 15}"
238,546.0,182,7557.832905999967,2183207.1566968816,"{'Vertiport_1': 15, 'Vertiport_2': 15, 'Vertiport_3': 15, 'Vertiport_4': 15, 'Vertiport_5': 15, 'Vertiport_6': 15, 'Vertiport_7': 15, 'Vertiport_8': 15, 'Vertiport_9': 15, 'Vertiport_10': 15}"
239,612.0,204,8574.79555839197,2191781.9522552737,"{'Vertiport_1': 15, 'Vertiport_2': 15, 'Vertiport_3': 15, 'Vertiport_4': 15, 'Vertiport_5': 15, 'Vertiport_6': 15, 'Vertiport_7': 15, 'Vertiport_8': 15, 'Vertiport_9': 15, 'Vertiport_10': 15}"
240,546.0,182,7922.48488043997,2199704.4371357136,"{'Vertiport_1': 15, 'Vertiport_2': 15, 'Vertiport_3': 15, 'Vertiport_4': 15, 'Vertiport_5': 15, 'Vertiport_6': 15, 'Vertiport_7': 15, 'Vertiport_8': 15, 'Vertiport_9': 15, 'Vertiport_10': 15}"
241,501.0,167,7784.372237335976,2207488.8093730495,"{'Vertiport_1': 15, 'Vertiport_2': 15, 'Vertiport_3': 15, 'Vertiport_4': 15, 'Vertiport_5': 15, 'Vertiport_6': 15, 'Vertiport_7': 15, 'Vertiport_8': 15, 'Vertiport_9': 15, 'Vertiport_10': 15}"
242,504.0,168,7114.908515303971,2214603.7178883534,"{'Vertiport_1': 15, 'Vertiport_2': 15, 'Vertiport_3': 15, 'Vertiport_4': 15, 'Vertiport_5': 15, 'Vertiport_6': 15, 'Vertiport_7': 15, 'Vertiport_8': 15, 'Vertiport_9': 15, 'Vertiport_10': 15}"
243,504.0,168,7249.9414783839775,2221853.6593667376,"{'Vertiport_1': 15, 'Vertiport_2': 15, 'Vertiport_3': 15, 'Vertiport_4': 15, 'Vertiport_5': 15, 'Vertiport_6': 15, 'Vertiport_7': 15, 'Vertiport_8': 15, 'Vertiport_9': 15, 'Vertiport_10': 15}"
244,519.0,173,7352.904367175972,2229206.5637339135,"{'Vertiport_1': 15, 'Vertiport_2': 15, 'Vertiport_3': 15, 'Vertiport_4': 15, 'Vertiport_5': 15, 'Vertiport_6': 15, 'Vertiport_7': 15, 'Vertiport_8': 15, 'Vertiport_9': 15, 'Vertiport_10': 15}"
245,576.0,192,7863.738146303967,2237070.3018802176,"{'Vertiport_1': 15, 'Vertiport_2': 15, 'Vertiport_3': 15, 'Vertiport_4': 15, 'Vertiport_5': 15, 'Vertiport_6': 15, 'Vertiport_7': 15, 'Vertiport_8': 15, 'Vertiport_9': 15, 'Vertiport_10': 15}"
246,531.0,177,7551.068981647971,2244621.3708618656,"{'Vertiport_1': 15, 'Vertiport_2': 15, 'Vertiport_3': 15, 'Vertiport_4': 15, 'Vertiport_5': 15, 'Vertiport_6': 15, 'Vertiport_7': 15, 'Vertiport_8': 15, 'Vertiport_9': 15, 'Vertiport_10': 15}"
247,540.0,180,7676.64684578397,2252298.0177076496,"{'Vertiport_1': 15, 'Vertiport_2': 15, 'Vertiport_3': 15, 'Vertiport_4': 15, 'Vertiport_5': 15, 'Vertiport_6': 15, 'Vertiport_7': 15, 'Vertiport_8': 15, 'Vertiport_9': 15, 'Vertiport_10': 15}"
248,540.0,180,7712.521246287975,2260010.5389539376,"{'Vertiport_1': 15, 'Vertiport_2': 15, 'Vertiport_3': 15, 'Vertiport_4': 15, 'Vertiport_5': 15, 'Vertiport_6': 15, 'Vertiport_7': 15, 'Vertiport_8': 15, 'Vertiport_9': 15, 'Vertiport_10': 15}"
249,573.0,191,8272.530206927968,2268283.0691608656,"{'Vertiport_1': 15, 'Vertiport_2': 15, 'Vertiport_3': 15, 'Vertiport_4': 15, 'Vertiport_5': 15, 'Vertiport_6': 15, 'Vertiport_7': 15, 'Vertiport_8': 15, 'Vertiport_9': 15, 'Vertiport_10': 15}"
250,573.0,191,8063.213912999971,2276346.283073866,"{'Vertiport_1': 15, 'Vertiport_2': 15, 'Vertiport_3': 15, 'Vertiport_4': 15, 'Vertiport_5': 15, 'Vertiport_6': 15, 'Vertiport_7': 15, 'Vertiport_8': 15, 'Vertiport_9': 15, 'Vertiport_10': 15}"
251,606.0,202,8556.158519055973,2284902.441592922,"{'Vertiport_1': 15, 'Vertiport_2': 15, 'Vertiport_3': 15, 'Vertiport_4': 15, 'Vertiport_5': 15, 'Vertiport_6': 15, 'Vertiport_7': 15, 'Vertiport_8': 15, 'Vertiport_9': 15, 'Vertiport_10': 15}"
252,702.0,234,10329.226498567996,2295231.66809149,"{'Vertiport_1': 15, 'Vertiport_2': 15, 'Vertiport_3': 15, 'Vertiport_4': 15, 'Vertiport_5': 15, 'Vertiport_6': 15, 'Vertiport_7': 15, 'Vertiport_8': 15, 'Vertiport_9': 15, 'Vertiport_10': 15}"
253,669.0,223,9554.965084607975,2304786.633176098,"{'Vertiport_1': 15, 'Vertiport_2': 15, 'Vertiport_3': 15, 'Vertiport_4': 15, 'Vertiport_5': 15, 'Vertiport_6': 15, 'Vertiport_7': 15, 'Vertiport_8': 15, 'Vertiport_9': 15, 'Vertiport_10': 15}"
254,684.0,228,10270.559091327987,2315057.1922674263,"{'Vertiport_1': 15, 'Vertiport_2': 15, 'Vertiport_3': 15, 'Vertiport_4': 15, 'Vertiport_5': 15, 'Vertiport_6': 15, 'Vertiport_7': 15, 'Vertiport_8': 15, 'Vertiport_9': 15, 'Vertiport_10': 15}"
255,726.0,242,10523.060371751997,2325580.252639178,"{'Vertiport_1': 15, 'Vertiport_2': 15, 'Vertiport_3': 15, 'Vertiport_4': 15, 'Vertiport_5': 15, 'Vertiport_6': 15, 'Vertiport_7': 15, 'Vertiport_8': 15, 'Vertiport_9': 15, 'Vertiport_10': 15}"
256,693.0,231,9859.489165791972,2335439.74180497,"{'Vertiport_1': 15, 'Vertiport_2': 15, 'Vertiport_3': 15, 'Vertiport_4': 15, 'Vertiport_5': 15, 'Vertiport_6': 15, 'Vertiport_7': 15, 'Vertiport_8': 15, 'Vertiport_9': 15, 'Vertiport_10': 15}"
257,756.0,252,10379.850925199979,2345819.59273017,"{'Vertiport_1': 15, 'Vertiport_2': 15, 'Vertiport_3': 15, 'Vertiport_4': 15, 'Vertiport_5': 15, 'Vertiport_6': 15, 'Vertiport_7': 15, 'Vertiport_8': 15, 'Vertiport_9': 15, 'Vertiport_10': 15}"
258,762.0,254,10767.685635736001,2356587.2783659063,"{'Vertiport_1': 15, 'Vertiport_2': 15, 'Vertiport_3': 15, 'Vertiport_4': 15, 'Vertiport_5': 15, 'Vertiport_6': 15, 'Vertiport_7': 15, 'Vertiport_8': 15, 'Vertiport_9': 15, 'Vertiport_10': 15}"
259,768.0,256,11250.220756935993,2367837.499122842,"{'Vertiport_1': 15, 'Vertiport_2': 15, 'Vertiport_3': 15, 'Vertiport_4': 15, 'Vertiport_5': 15, 'Vertiport_6': 15, 'Vertiport_7': 15, 'Vertiport_8': 15, 'Vertiport_9': 15, 'Vertiport_10': 15}"
260,774.0,258,10612.900904159995,2378450.400027002,"{'Vertiport_1': 15, 'Vertiport_2': 15, 'Vertiport_3': 15, 'Vertiport_4': 15, 'Vertiport_5': 15, 'Vertiport_6': 15, 'Vertiport_7': 15, 'Vertiport_8': 15, 'Vertiport_9': 15, 'Vertiport_10': 15}"
261,819.0,273,11297.806955215989,2389748.206982218,"{'Vertiport_1': 15, 'Vertiport_2': 15, 'Vertiport_3': 15, 'Vertiport_4': 15, 'Vertiport_5': 15, 'Vertiport_6': 15, 'Vertiport_7': 15, 'Vertiport_8': 15, 'Vertiport_9': 15, 'Vertiport_10': 15}"
262,849.0,283,11113.834982335982,2400862.041964554,"{'Vertiport_1': 15, 'Vertiport_2': 15, 'Vertiport_3': 15, 'Vertiport_4': 15, 'Vertiport_5': 15, 'Vertiport_6': 15, 'Vertiport_7': 15, 'Vertiport_8': 15, 'Vertiport_9': 15, 'Vertiport_10': 15}"
263,819.0,273,11815.50044379999,2412677.542408354,"{'Vertiport_1': 15, 'Vertiport_2': 15, 'Vertiport_3': 15, 'Vertiport_4': 15, 'Vertiport_5': 15, 'Vertiport_6': 15, 'Vertiport_7': 15, 'Vertiport_8': 15, 'Vertiport_9': 15, 'Vertiport_10': 15}"
264,783.0,261,10969.67135064799,2423647.2137590023,"{'Vertiport_1': 15, 'Vertiport_2': 15, 'Vertiport_3': 15, 'Vertiport_4': 15, 'Vertiport_5': 15, 'Vertiport_6': 15, 'Vertiport_7': 15, 'Vertiport_8': 15, 'Vertiport_9': 15, 'Vertiport_10': 15}"
265,702.0,234,10413.197822152002,2434060.4115811544,"{'Vertiport_1': 15, 'Vertiport_2': 15, 'Vertiport_3': 15, 'Vertiport_4': 15, 'Vertiport_5': 15, 'Vertiport_6': 15, 'Vertiport_7': 15, 'Vertiport_8': 15, 'Vertiport_9': 15, 'Vertiport_10': 15}"
266,723.0,241,10015.89074750399,2444076.3023286583,"{'Vertiport_1': 15, 'Vertiport_2': 15, 'Vertiport_3': 15, 'Vertiport_4': 15, 'Vertiport_5': 15, 'Vertiport_6': 15, 'Vertiport_7': 15, 'Vertiport_8': 15, 'Vertiport_9': 15, 'Vertiport_10': 15}"
267,699.0,233,10400.194871103982,2454476.497199762,"{'Vertiport_1': 15, 'Vertiport_2': 15, 'Vertiport_3': 15, 'Vertiport_4': 15, 'Vertiport_5': 15, 'Vertiport_6': 15, 'Vertiport_7': 15, 'Vertiport_8': 15, 'Vertiport_9': 15, 'Vertiport_10': 15}"
268,696.0,232,10399.835940807987,2464876.33314057,"{'Vertiport_1': 15, 'Vertiport_2': 15, 'Vertiport_3': 15, 'Vertiport_4': 15, 'Vertiport_5': 15, 'Vertiport_6': 15, 'Vertiport_7': 15, 'Vertiport_8': 15, 'Vertiport_9': 15, 'Vertiport_10': 15}"
269,735.0,245,10781.605988207983,2475657.9391287784,"{'Vertiport_1': 15, 'Vertiport_2': 15, 'Vertiport_3': 15, 'Vertiport_4': 15, 'Vertiport_5': 15, 'Vertiport_6': 15, 'Vertiport_7': 15, 'Vertiport_8': 15, 'Vertiport_9': 15, 'Vertiport_10': 15}"
270,657.0,219,9307.310871647982,2484965.2500004265,"{'Vertiport_1': 15, 'Vertiport_2': 15, 'Vertiport_3': 15, 'Vertiport_4': 15, 'Vertiport_5': 15, 'Vertiport_6': 15, 'Vertiport_7': 15, 'Vertiport_8': 15, 'Vertiport_9': 15, 'Vertiport_10': 15}"
271,639.0,213,8547.630394399977,2493512.8803948266,"{'Vertiport_1': 15, 'Vertiport_2': 15, 'Vertiport_3': 15, 'Vertiport_4': 15, 'Vertiport_5': 15, 'Vertiport_6': 15, 'Vertiport_7': 15, 'Vertiport_8': 15, 'Vertiport_9': 15, 'Vertiport_10': 15}"
272,579.0,193,8240.309201815966,2501753.1895966427,"{'Vertiport_1': 15, 'Vertiport_2': 15, 'Vertiport_3': 15, 'Vertiport_4': 15, 'Vertiport_5': 15, 'Vertiport_6': 15, 'Vertiport_7': 15, 'Vertiport_8': 15, 'Vertiport_9': 15, 'Vertiport_10': 15}"
273,543.0,181,7873.090388903963,2509626.2799855466,"{'Vertiport_1': 15, 'Vertiport_2': 15, 'Vertiport_3': 15, 'Vertiport_4': 15, 'Vertiport_5': 15, 'Vertiport_6': 15, 'Vertiport_7': 15, 'Vertiport_8': 15, 'Vertiport_9': 15, 'Vertiport_10': 15}"
274,552.0,184,7868.12262348797,2517494.4026090344,"{'Vertiport_1': 15, 'Vertiport_2': 15, 'Vertiport_3': 15, 'Vertiport_4': 15, 'Vertiport_5': 15, 'Vertiport_6': 15, 'Vertiport_7': 15, 'Vertiport_8': 15, 'Vertiport_9': 15, 'Vertiport_10': 15}"
275,471.0,157,6849.936380815973,2524344.3389898506,"{'Vertiport_1': 15, 'Vertiport_2': 15, 'Vertiport_3': 15, 'Vertiport_4': 15, 'Vertiport_5': 15, 'Vertiport_6': 15, 'Vertiport_7': 15, 'Vertiport_8': 15, 'Vertiport_9': 15, 'Vertiport_10': 15}"
276,528.0,176,7165.697672511973,2531510.0366623625,"{'Vertiport_1': 15, 'Vertiport_2': 15, 'Vertiport_3': 15, 'Vertiport_4': 15, 'Vertiport_5': 15, 'Vertiport_6': 15, 'Vertiport_7': 15, 'Vertiport_8': 15, 'Vertiport_9': 15, 'Vertiport_10': 15}"
277,423.0,141,6448.8782123359815,2537958.9148746985,"{'Vertiport_1': 15, 'Vertiport_2': 15, 'Vertiport_3': 15, 'Vertiport_4': 15, 'Vertiport_5': 15, 'Vertiport_6': 15, 'Vertiport_7': 15, 'Vertiport_8': 15, 'Vertiport_9': 15, 'Vertiport_10': 15}"
278,369.0,123,5949.033212199982,2543907.9480868983,"{'Vertiport_1': 15, 'Vertiport_2': 15, 'Vertiport_3': 15, 'Vertiport_4': 15, 'Vertiport_5': 15, 'Vertiport_6': 15, 'Vertiport_7': 15, 'Vertiport_8': 15, 'Vertiport_9': 15, 'Vertiport_10': 15}"
279,321.0,107,4798.959328567988,2548706.9074154664,"{'Vertiport_1': 15, 'Vertiport_2': 15, 'Vertiport_3': 15, 'Vertiport_4': 15, 'Vertiport_5': 15, 'Vertiport_6': 15, 'Vertiport_7': 15, 'Vertiport_8': 15, 'Vertiport_9': 15, 'Vertiport_10': 15}"
280,309.0,103,5017.97601237599,2553724.8834278425,"{'Vertiport_1': 15, 'Vertiport_2': 15, 'Vertiport_3': 15, 'Vertiport_4': 15, 'Vertiport_5': 15, 'Vertiport_6': 15, 'Vertiport_7': 15, 'Vertiport_8': 15, 'Vertiport_9': 15, 'Vertiport_10': 15}"
281,228.0,76,3406.5840994159976,2557131.4675272587,"{'Vertiport_1': 15, 'Vertiport_2': 15, 'Vertiport_3': 15, 'Vertiport_4': 15, 'Vertiport_5': 15, 'Vertiport_6': 15, 'Vertiport_7': 15, 'Vertiport_8': 15, 'Vertiport_9': 15, 'Vertiport_10': 15}"
282,189.0,63,2756.7521343599997,2559888.2196616186,"{'Vertiport_1': 15, 'Vertiport_2': 15, 'Vertiport_3': 15, 'Vertiport_4': 15, 'Vertiport_5': 15, 'Vertiport_6': 15, 'Vertiport_7': 15, 'Vertiport_8': 15, 'Vertiport_9': 15, 'Vertiport_10': 15}"
283,228.0,76,3677.6431329039983,2563565.8627945227,"{'Vertiport_1': 15, 'Vertiport_2': 15, 'Vertiport_3': 15, 'Vertiport_4': 15, 'Vertiport_5': 15, 'Vertiport_6': 15, 'Vertiport_7': 15, 'Vertiport_8': 15, 'Vertiport_9': 15, 'Vertiport_10': 15}"
284,243.0,81,3405.2471960399967,2566971.109990563,"{'Vertiport_1': 15, 'Vertiport_2': 15, 'Vertiport_3': 15, 'Vertiport_4': 15, 'Vertiport_5': 15, 'Vertiport_6': 15, 'Vertiport_7': 15, 'Vertiport_8': 15, 'Vertiport_9': 15, 'Vertiport_10': 15}"
285,219.0,73,3135.4693397679994,2570106.5793303307,"{'Vertiport_1': 15, 'Vertiport_2': 15, 'Vertiport_3': 15, 'Vertiport_4': 15, 'Vertiport_5': 15, 'Vertiport_6': 15, 'Vertiport_7': 15, 'Vertiport_8': 15, 'Vertiport_9': 15, 'Vertiport_10': 15}"
286,153.0,51,1936.216340648,2572042.7956709787,"{'Vertiport_1': 15, 'Vertiport_2': 15, 'Vertiport_3': 15, 'Vertiport_4': 15, 'Vertiport_5': 15, 'Vertiport_6': 15, 'Vertiport_7': 15, 'Vertiport_8': 15, 'Vertiport_9': 15, 'Vertiport_10': 15}"
287,153.0,51,2730.2295729759994,2574773.0252439547,"{'Vertiport_1': 15, 'Vertiport_2': 15, 'Vertiport_3': 15, 'Vertiport_4': 15, 'Vertiport_5': 15, 'Vertiport_6': 15, 'Vertiport_7': 15, 'Vertiport_8': 15, 'Vertiport_9': 15, 'Vertiport_10': 15}"
288,90.0,30,1352.873800552,2576125.8990445067,"{'Vertiport_1': 15, 'Vertiport_2': 15, 'Vertiport_3': 15, 'Vertiport_4': 15, 'Vertiport_5': 15, 'Vertiport_6': 15, 'Vertiport_7': 15, 'Vertiport_8': 15, 'Vertiport_9': 15, 'Vertiport_10': 15}"
289,78.0,26,1155.5402497759999,2577281.439294283,"{'Vertiport_1': 15, 'Vertiport_2': 15, 'Vertiport_3': 15, 'Vertiport_4': 15, 'Vertiport_5': 15, 'Vertiport_6': 15, 'Vertiport_7': 15, 'Vertiport_8': 15, 'Vertiport_9': 15, 'Vertiport_10': 15}"
290,87.0,29,1297.938974944,2578579.3782692268,"{'Vertiport_1': 15, 'Vertiport_2': 15, 'Vertiport_3': 15, 'Vertiport_4': 15, 'Vertiport_5': 15, 'Vertiport_6': 15, 'Vertiport_7': 15, 'Vertiport_8': 15, 'Vertiport_9': 15, 'Vertiport_10': 15}"
291,81.0,27,1148.890698056,2579728.268967283,"{'Vertiport_1': 15, 'Vertiport_2': 15, 'Vertiport_3': 15, 'Vertiport_4': 15, 'Vertiport_5': 15, 'Vertiport_6': 15, 'Vertiport_7': 15, 'Vertiport_8': 15, 'Vertiport_9': 15, 'Vertiport_10': 15}"
292,81.0,27,1213.2879117200005,2580941.556879003,"{'Vertiport_1': 15, 'Vertiport_2': 15, 'Vertiport_3': 15, 'Vertiport_4': 15, 'Vertiport_5': 15, 'Vertiport_6': 15, 'Vertiport_7': 15, 'Vertiport_8': 15, 'Vertiport_9': 15, 'Vertiport_10': 15}"
293,57.0,19,1052.4641852240002,2581994.021064227,"{'Vertiport_1': 15, 'Vertiport_2': 15, 'Vertiport_3': 15, 'Vertiport_4': 15, 'Vertiport_5': 15, 'Vertiport_6': 15, 'Vertiport_7': 15, 'Vertiport_8': 15, 'Vertiport_9': 15, 'Vertiport_10': 15}"
294,123.0,41,1551.8034058000003,2583545.824470027,"{'Vertiport_1': 15, 'Vertiport_2': 15, 'Vertiport_3': 15, 'Vertiport_4': 15, 'Vertiport_5': 15, 'Vertiport_6': 15, 'Vertiport_7': 15, 'Vertiport_8': 15, 'Vertiport_9': 15, 'Vertiport_10': 15}"
295,117.0,39,1634.761963144,2585180.586433171,"{'Vertiport_1': 15, 'Vertiport_2': 15, 'Vertiport_3': 15, 'Vertiport_4': 15, 'Vertiport_5': 15, 'Vertiport_6': 15, 'Vertiport_7': 15, 'Vertiport_8': 15, 'Vertiport_9': 15, 'Vertiport_10': 15}"
296,138.0,46,2102.121145656,2587282.7075788267,"{'Vertiport_1': 15, 'Vertiport_2': 15, 'Vertiport_3': 15, 'Vertiport_4': 15, 'Vertiport_5': 15, 'Vertiport_6': 15, 'Vertiport_7': 15, 'Vertiport_8': 15, 'Vertiport_9': 15, 'Vertiport_10': 15}"
297,129.0,43,1802.02441732,2589084.7319961465,"{'Vertiport_1': 15, 'Vertiport_2': 15, 'Vertiport_3': 15, 'Vertiport_4': 15, 'Vertiport_5': 15, 'Vertiport_6': 15, 'Vertiport_7': 15, 'Vertiport_8': 15, 'Vertiport_9': 15, 'Vertiport_10': 15}"
298,141.0,47,2215.841106272,2591300.5731024183,"{'Vertiport_1': 15, 'Vertiport_2': 15, 'Vertiport_3': 15, 'Vertiport_4': 15, 'Vertiport_5': 15, 'Vertiport_6': 15, 'Vertiport_7': 15, 'Vertiport_8': 15, 'Vertiport_9': 15, 'Vertiport_10': 15}"
299,180.0,60,2427.6800855999995,2593728.253188018,"{'Vertiport_1': 15, 'Vertiport_2': 15, 'Vertiport_3': 15, 'Vertiport_4': 15, 'Vertiport_5': 15, 'Vertiport_6': 15, 'Vertiport_7': 15, 'Vertiport_8': 15, 'Vertiport_9': 15, 'Vertiport_10': 15}"
300,204.0,68,3043.404527439999,2596771.6577154584,"{'Vertiport_1': 15, 'Vertiport_2': 15, 'Vertiport_3': 15, 'Vertiport_4': 15, 'Vertiport_5': 15, 'Vertiport_6': 15, 'Vertiport_7': 15, 'Vertiport_8': 15, 'Vertiport_9': 15, 'Vertiport_10': 15}"
301,258.0,86,3745.7998161039986,2600517.4575315625,"{'Vertiport_1': 15, 'Vertiport_2': 15, 'Vertiport_3': 15, 'Vertiport_4': 15, 'Vertiport_5': 15, 'Vertiport_6': 15, 'Vertiport_7': 15, 'Vertiport_8': 15, 'Vertiport_9': 15, 'Vertiport_10': 15}"
302,300.0,100,4708.242542671994,2605225.7000742345,"{'Vertiport_1': 15, 'Vertiport_2': 15, 'Vertiport_3': 15, 'Vertiport_4': 15, 'Vertiport_5': 15, 'Vertiport_6': 15, 'Vertiport_7': 15, 'Vertiport_8': 15, 'Vertiport_9': 15, 'Vertiport_10': 15}"
303,318.0,106,4628.95979383199,2609854.6598680667,"{'Vertiport_1': 15, 'Vertiport_2': 15, 'Vertiport_3': 15, 'Vertiport_4': 15, 'Vertiport_5': 15, 'Vertiport_6': 15, 'Vertiport_7': 15, 'Vertiport_8': 15, 'Vertiport_9': 15, 'Vertiport_10': 15}"
304,345.0,115,4988.464694055993,2614843.124562123,"{'Vertiport_1': 15, 'Vertiport_2': 15, 'Vertiport_3': 15, 'Vertiport_4': 15, 'Vertiport_5': 15, 'Vertiport_6': 15, 'Vertiport_7': 15, 'Vertiport_8': 15, 'Vertiport_9': 15, 'Vertiport_10': 15}"
305,72.0,24,892.562385104,2615735.686947227,"{'Vertiport_1': 15, 'Vertiport_2': 15, 'Vertiport_3': 15, 'Vertiport_4': 15, 'Vertiport_5': 15, 'Vertiport_6': 15, 'Vertiport_7': 15, 'Vertiport_8': 15, 'Vertiport_9': 15, 'Vertiport_10': 15}"
306,0.0,0,0.0,2615735.686947227,"{'Vertiport_1': 15, 'Vertiport_2': 15, 'Vertiport_3': 15, 'Vertiport_4': 15, 'Vertiport_5': 15, 'Vertiport_6': 15, 'Vertiport_7': 15, 'Vertiport_8': 15, 'Vertiport_9': 15, 'Vertiport_10': 15}"
307,0.0,0,0.0,2615735.686947227,"{'Vertiport_1': 15, 'Vertiport_2': 15, 'Vertiport_3': 15, 'Vertiport_4': 15, 'Vertiport_5': 15, 'Vertiport_6': 15, 'Vertiport_7': 15, 'Vertiport_8': 15, 'Vertiport_9': 15, 'Vertiport_10': 15}"
308,0.0,0,0.0,2615735.686947227,"{'Vertiport_1': 15, 'Vertiport_2': 15, 'Vertiport_3': 15, 'Vertiport_4': 15, 'Vertiport_5': 15, 'Vertiport_6': 15, 'Vertiport_7': 15, 'Vertiport_8': 15, 'Vertiport_9': 15, 'Vertiport_10': 15}"
309,0.0,0,0.0,2615735.686947227,"{'Vertiport_1': 15, 'Vertiport_2': 15, 'Vertiport_3': 15, 'Vertiport_4': 15, 'Vertiport_5': 15, 'Vertiport_6': 15, 'Vertiport_7': 15, 'Vertiport_8': 15, 'Vertiport_9': 15, 'Vertiport_10': 15}"
310,0.0,0,0.0,2615735.686947227,"{'Vertiport_1': 15, 'Vertiport_2': 15, 'Vertiport_3': 15, 'Vertiport_4': 15, 'Vertiport_5': 15, 'Vertiport_6': 15, 'Vertiport_7': 15, 'Vertiport_8': 15, 'Vertiport_9': 15, 'Vertiport_10': 15}"
311,198.0,66,2600.096018927999,2618335.782966155,"{'Vertiport_1': 15, 'Vertiport_2': 15, 'Vertiport_3': 15, 'Vertiport_4': 15, 'Vertiport_5': 15, 'Vertiport_6': 15, 'Vertiport_7': 15, 'Vertiport_8': 15, 'Vertiport_9': 15, 'Vertiport_10': 15}"
312,738.0,246,10803.317206015994,2629139.100172171,"{'Vertiport_1': 15, 'Vertiport_2': 15, 'Vertiport_3': 15, 'Vertiport_4': 15, 'Vertiport_5': 15, 'Vertiport_6': 15, 'Vertiport_7': 15, 'Vertiport_8': 15, 'Vertiport_9': 15, 'Vertiport_10': 15}"
313,663.0,221,8979.871681199978,2638118.971853371,"{'Vertiport_1': 15, 'Vertiport_2': 15, 'Vertiport_3': 15, 'Vertiport_4': 15, 'Vertiport_5': 15, 'Vertiport_6': 15, 'Vertiport_7': 15, 'Vertiport_8': 15, 'Vertiport_9': 15, 'Vertiport_10': 15}"
314,660.0,220,9757.026455263978,2647875.998308635,"{'Vertiport_1': 15, 'Vertiport_2': 15, 'Vertiport_3': 15, 'Vertiport_4': 15, 'Vertiport_5': 15, 'Vertiport_6': 15, 'Vertiport_7': 15, 'Vertiport_8': 15, 'Vertiport_9': 15, 'Vertiport_10': 15}"
315,639.0,213,8931.794897727972,2656807.793206363,"{'Vertiport_1': 15, 'Vertiport_2': 15, 'Vertiport_3': 15, 'Vertiport_4': 15, 'Vertiport_5': 15, 'Vertiport_6': 15, 'Vertiport_7': 15, 'Vertiport_8': 15, 'Vertiport_9': 15, 'Vertiport_10': 15}"
316,651.0,217,8759.110553423974,2665566.903759787,"{'Vertiport_1': 15, 'Vertiport_2': 15, 'Vertiport_3': 15, 'Vertiport_4': 15, 'Vertiport_5': 15, 'Vertiport_6': 15, 'Vertiport_7': 15, 'Vertiport_8': 15, 'Vertiport_9': 15, 'Vertiport_10': 15}"
317,669.0,223,9085.18072431997,2674652.084484107,"{'Vertiport_1': 15, 'Vertiport_2': 15, 'Vertiport_3': 15, 'Vertiport_4': 15, 'Vertiport_5': 15, 'Vertiport_6': 15, 'Vertiport_7': 15, 'Vertiport_8': 15, 'Vertiport_9': 15, 'Vertiport_10': 15}"
318,561.0,187,7443.542710351968,2682095.6271944586,"{'Vertiport_1': 15, 'Vertiport_2': 15, 'Vertiport_3': 15, 'Vertiport_4': 15, 'Vertiport_5': 15, 'Vertiport_6': 15, 'Vertiport_7': 15, 'Vertiport_8': 15, 'Vertiport_9': 15, 'Vertiport_10': 15}"
319,600.0,200,8350.106715215969,2690445.7339096745,"{'Vertiport_1': 15, 'Vertiport_2': 15, 'Vertiport_3': 15, 'Vertiport_4': 15, 'Vertiport_5': 15, 'Vertiport_6': 15, 'Vertiport_7': 15, 'Vertiport_8': 15, 'Vertiport_9': 15, 'Vertiport_10': 15}"
320,675.0,225,9436.426020855979,2699882.1599305305,"{'Vertiport_1': 15, 'Vertiport_2': 15, 'Vertiport_3': 15, 'Vertiport_4': 15, 'Vertiport_5': 15, 'Vertiport_6': 15, 'Vertiport_7': 15, 'Vertiport_8': 15, 'Vertiport_9': 15, 'Vertiport_10': 15}"
321,612.0,204,9403.153925847975,2709285.3138563787,"{'Vertiport_1': 15, 'Vertiport_2': 15, 'Vertiport_3': 15, 'Vertiport_4': 15, 'Vertiport_5': 15, 'Vertiport_6': 15, 'Vertiport_7': 15, 'Vertiport_8': 15, 'Vertiport_9': 15, 'Vertiport_10': 15}"
322,585.0,195,8802.312725471975,2718087.6265818505,"{'Vertiport_1': 15, 'Vertiport_2': 15, 'Vertiport_3': 15, 'Vertiport_4': 15, 'Vertiport_5': 15, 'Vertiport_6': 15, 'Vertiport_7': 15, 'Vertiport_8': 15, 'Vertiport_9': 15, 'Vertiport_10': 15}"
323,609.0,203,8920.22506409598,2727007.8516459465,"{'Vertiport_1': 15, 'Vertiport_2': 15, 'Vertiport_3': 15, 'Vertiport_4': 15, 'Vertiport_5': 15, 'Vertiport_6': 15, 'Vertiport_7': 15, 'Vertiport_8': 15, 'Vertiport_9': 15, 'Vertiport_10': 15}"
324,606.0,202,8439.285987119978,2735447.1376330666,"{'Vertiport_1': 15, 'Vertiport_2': 15, 'Vertiport_3': 15, 'Vertiport_4': 15, 'Vertiport_5': 15, 'Vertiport_6': 15, 'Vertiport_7': 15, 'Vertiport_8': 15, 'Vertiport_9': 15, 'Vertiport_10': 15}"
325,666.0,222,9514.021471879978,2744961.1591049465,"{'Vertiport_1': 15, 'Vertiport_2': 15, 'Vertiport_3': 15, 'Vertiport_4': 15, 'Vertiport_5': 15, 'Vertiport_6': 15, 'Vertiport_7': 15, 'Vertiport_8': 15, 'Vertiport_9': 15, 'Vertiport_10': 15}"
326,570.0,190,8147.656145767973,2753108.8152507143,"{'Vertiport_1': 15, 'Vertiport_2': 15, 'Vertiport_3': 15, 'Vertiport_4': 15, 'Vertiport_5': 15, 'Vertiport_6': 15, 'Vertiport_7': 15, 'Vertiport_8': 15, 'Vertiport_9': 15, 'Vertiport_10': 15}"
327,597.0,199,8642.999785215978,2761751.8150359304,"{'Vertiport_1': 15, 'Vertiport_2': 15, 'Vertiport_3': 15, 'Vertiport_4': 15, 'Vertiport_5': 15, 'Vertiport_6': 15, 'Vertiport_7': 15, 'Vertiport_8': 15, 'Vertiport_9': 15, 'Vertiport_10': 15}"
328,600.0,200,8621.02623842397,2770372.841274354,"{'Vertiport_1': 15, 'Vertiport_2': 15, 'Vertiport_3': 15, 'Vertiport_4': 15, 'Vertiport_5': 15, 'Vertiport_6': 15, 'Vertiport_7': 15, 'Vertiport_8': 15, 'Vertiport_9': 15, 'Vertiport_10': 15}"
329,594.0,198,8746.710076671981,2779119.551351026,"{'Vertiport_1': 15, 'Vertiport_2': 15, 'Vertiport_3': 15, 'Vertiport_4': 15, 'Vertiport_5': 15, 'Vertiport_6': 15, 'Vertiport_7': 15, 'Vertiport_8': 15, 'Vertiport_9': 15, 'Vertiport_10': 15}"
330,615.0,205,8709.955351367982,2787829.506702394,"{'Vertiport_1': 15, 'Vertiport_2': 15, 'Vertiport_3': 15, 'Vertiport_4': 15, 'Vertiport_5': 15, 'Vertiport_6': 15, 'Vertiport_7': 15, 'Vertiport_8': 15, 'Vertiport_9': 15, 'Vertiport_10': 15}"
331,606.0,202,8594.234422799973,2796423.7411251944,"{'Vertiport_1': 15, 'Vertiport_2': 15, 'Vertiport_3': 15, 'Vertiport_4': 15, 'Vertiport_5': 15, 'Vertiport_6': 15, 'Vertiport_7': 15, 'Vertiport_8': 15, 'Vertiport_9': 15, 'Vertiport_10': 15}"
332,615.0,205,8675.002777207974,2805098.7439024025,"{'Vertiport_1': 15, 'Vertiport_2': 15, 'Vertiport_3': 15, 'Vertiport_4': 15, 'Vertiport_5': 15, 'Vertiport_6': 15, 'Vertiport_7': 15, 'Vertiport_8': 15, 'Vertiport_9': 15, 'Vertiport_10': 15}"
333,510.0,170,7406.438374751973,2812505.1822771546,"{'Vertiport_1': 15, 'Vertiport_2': 15, 'Vertiport_3': 15, 'Vertiport_4': 15, 'Vertiport_5': 15, 'Vertiport_6': 15, 'Vertiport_7': 15, 'Vertiport_8': 15, 'Vertiport_9': 15, 'Vertiport_10': 15}"
334,546.0,182,8473.30799637598,2820978.4902735306,"{'Vertiport_1': 15, 'Vertiport_2': 15, 'Vertiport_3': 15, 'Vertiport_4': 15, 'Vertiport_5': 15, 'Vertiport_6': 15, 'Vertiport_7': 15, 'Vertiport_8': 15, 'Vertiport_9': 15, 'Vertiport_10': 15}"
335,552.0,184,8465.305220407972,2829443.7954939385,"{'Vertiport_1': 15, 'Vertiport_2': 15, 'Vertiport_3': 15, 'Vertiport_4': 15, 'Vertiport_5': 15, 'Vertiport_6': 15, 'Vertiport_7': 15, 'Vertiport_8': 15, 'Vertiport_9': 15, 'Vertiport_10': 15}"
336,567.0,189,7661.475534431974,2837105.2710283706,"{'Vertiport_1': 15, 'Vertiport_2': 15, 'Vertiport_3': 15, 'Vertiport_4': 15, 'Vertiport_5': 15, 'Vertiport_6': 15, 'Vertiport_7': 15, 'Vertiport_8': 15, 'Vertiport_9': 15, 'Vertiport_10': 15}"
337,606.0,202,9048.582168279981,2846153.8531966507,"{'Vertiport_1': 15, 'Vertiport_2': 15, 'Vertiport_3': 15, 'Vertiport_4': 15, 'Vertiport_5': 15, 'Vertiport_6': 15, 'Vertiport_7': 15, 'Vertiport_8': 15, 'Vertiport_9': 15, 'Vertiport_10': 15}"
338,534.0,178,7500.297745663967,2853654.150942315,"{'Vertiport_1': 15, 'Vertiport_2': 15, 'Vertiport_3': 15, 'Vertiport_4': 15, 'Vertiport_5': 15, 'Vertiport_6': 15, 'Vertiport_7': 15, 'Vertiport_8': 15, 'Vertiport_9': 15, 'Vertiport_10': 15}"
339,516.0,172,7045.634238751973,2860699.785181067,"{'Vertiport_1': 15, 'Vertiport_2': 15, 'Vertiport_3': 15, 'Vertiport_4': 15, 'Vertiport_5': 15, 'Vertiport_6': 15, 'Vertiport_7': 15, 'Vertiport_8': 15, 'Vertiport_9': 15, 'Vertiport_10': 15}"
340,549.0,183,7964.02255084797,2868663.807731915,"{'Vertiport_1': 15, 'Vertiport_2': 15, 'Vertiport_3': 15, 'Vertiport_4': 15, 'Vertiport_5': 15, 'Vertiport_6': 15, 'Vertiport_7': 15, 'Vertiport_8': 15, 'Vertiport_9': 15, 'Vertiport_10': 15}"
341,585.0,195,8023.36746413597,2876687.1751960507,"{'Vertiport_1': 15, 'Vertiport_2': 15, 'Vertiport_3': 15, 'Vertiport_4': 15, 'Vertiport_5': 15, 'Vertiport_6': 15, 'Vertiport_7': 15, 'Vertiport_8': 15, 'Vertiport_9': 15, 'Vertiport_10': 15}"
342,498.0,166,7139.742481967979,2883826.9176780186,"{'Vertiport_1': 15, 'Vertiport_2': 15, 'Vertiport_3': 15, 'Vertiport_4': 15, 'Vertiport_5': 15, 'Vertiport_6': 15, 'Vertiport_7': 15, 'Vertiport_8': 15, 'Vertiport_9': 15, 'Vertiport_10': 15}"
343,567.0,189,8279.47303659997,2892106.3907146184,"{'Vertiport_1': 15, 'Vertiport_2': 15, 'Vertiport_3': 15, 'Vertiport_4': 15, 'Vertiport_5': 15, 'Vertiport_6': 15, 'Vertiport_7': 15, 'Vertiport_8': 15, 'Vertiport_9': 15, 'Vertiport_10': 15}"
344,582.0,194,8136.624197911967,2900243.0149125303,"{'Vertiport_1': 15, 'Vertiport_2': 15, 'Vertiport_3': 15, 'Vertiport_4': 15, 'Vertiport_5': 15, 'Vertiport_6': 15, 'Vertiport_7': 15, 'Vertiport_8': 15, 'Vertiport_9': 15, 'Vertiport_10': 15}"
345,624.0,208,9482.801156407984,2909725.8160689385,"{'Vertiport_1': 15, 'Vertiport_2': 15, 'Vertiport_3': 15, 'Vertiport_4': 15, 'Vertiport_5': 15, 'Vertiport_6': 15, 'Vertiport_7': 15, 'Vertiport_8': 15, 'Vertiport_9': 15, 'Vertiport_10': 15}"
346,642.0,214,9005.344349559973,2918731.1604184983,"{'Vertiport_1': 15, 'Vertiport_2': 15, 'Vertiport_3': 15, 'Vertiport_4': 15, 'Vertiport_5': 15, 'Vertiport_6': 15, 'Vertiport_7': 15, 'Vertiport_8': 15, 'Vertiport_9': 15, 'Vertiport_10': 15}"
347,717.0,239,9944.271413463977,2928675.4318319624,"{'Vertiport_1': 15, 'Vertiport_2': 15, 'Vertiport_3': 15, 'Vertiport_4': 15, 'Vertiport_5': 15, 'Vertiport_6': 15, 'Vertiport_7': 15, 'Vertiport_8': 15, 'Vertiport_9': 15, 'Vertiport_10': 15}"
348,807.0,269,11199.195047351986,2939874.6268793144,"{'Vertiport_1': 15, 'Vertiport_2': 15, 'Vertiport_3': 15, 'Vertiport_4': 15, 'Vertiport_5': 15, 'Vertiport_6': 15, 'Vertiport_7': 15, 'Vertiport_8': 15, 'Vertiport_9': 15, 'Vertiport_10': 15}"
349,774.0,258,11194.882204471991,2951069.5090837865,"{'Vertiport_1': 15, 'Vertiport_2': 15, 'Vertiport_3': 15, 'Vertiport_4': 15, 'Vertiport_5': 15, 'Vertiport_6': 15, 'Vertiport_7': 15, 'Vertiport_8': 15, 'Vertiport_9': 15, 'Vertiport_10': 15}"
350,816.0,272,11925.404965391992,2962994.9140491784,"{'Vertiport_1': 15, 'Vertiport_2': 15, 'Vertiport_3': 15, 'Vertiport_4': 15, 'Vertiport_5': 15, 'Vertiport_6': 15, 'Vertiport_7': 15, 'Vertiport_8': 15, 'Vertiport_9': 15, 'Vertiport_10': 15}"
351,804.0,268,10777.72740086398,2973772.6414500424,"{'Vertiport_1': 15, 'Vertiport_2': 15, 'Vertiport_3': 15, 'Vertiport_4': 15, 'Vertiport_5': 15, 'Vertiport_6': 15, 'Vertiport_7': 15, 'Vertiport_8': 15, 'Vertiport_9': 15, 'Vertiport_10': 15}"
352,861.0,287,11875.030277431992,2985647.6717274743,"{'Vertiport_1': 15, 'Vertiport_2': 15, 'Vertiport_3': 15, 'Vertiport_4': 15, 'Vertiport_5': 15, 'Vertiport_6': 15, 'Vertiport_7': 15, 'Vertiport_8': 15, 'Vertiport_9': 15, 'Vertiport_10': 15}"
353,828.0,276,11429.665918071985,2997077.337645546,"{'Vertiport_1': 15, 'Vertiport_2': 15, 'Vertiport_3': 15, 'Vertiport_4': 15, 'Vertiport_5': 15, 'Vertiport_6': 15, 'Vertiport_7': 15, 'Vertiport_8': 15, 'Vertiport_9': 15, 'Vertiport_10': 15}"
354,945.0,315,13392.167578608005,3010469.505224154,"{'Vertiport_1': 15, 'Vertiport_2': 15, 'Vertiport_3': 15, 'Vertiport_4': 15, 'Vertiport_5': 15, 'Vertiport_6': 15, 'Vertiport_7': 15, 'Vertiport_8': 15, 'Vertiport_9': 15, 'Vertiport_10': 15}"
355,825.0,275,11674.30972131198,3022143.814945466,"{'Vertiport_1': 15, 'Vertiport_2': 15, 'Vertiport_3': 15, 'Vertiport_4': 15, 'Vertiport_5': 15, 'Vertiport_6': 15, 'Vertiport_7': 15, 'Vertiport_8': 15, 'Vertiport_9': 15, 'Vertiport_10': 15}"
356,978.0,326,13467.245815120003,3035611.060760586,"{'Vertiport_1': 15, 'Vertiport_2': 15, 'Vertiport_3': 15, 'Vertiport_4': 15, 'Vertiport_5': 15, 'Vertiport_6': 15, 'Vertiport_7': 15, 'Vertiport_8': 15, 'Vertiport_9': 15, 'Vertiport_10': 15}"
357,993.0,331,13761.915385144002,3049372.97614573,"{'Vertiport_1': 15, 'Vertiport_2': 15, 'Vertiport_3': 15, 'Vertiport_4': 15, 'Vertiport_5': 15, 'Vertiport_6': 15, 'Vertiport_7': 15, 'Vertiport_8': 15, 'Vertiport_9': 15, 'Vertiport_10': 15}"
358,837.0,279,12056.758361351996,3061429.734507082,"{'Vertiport_1': 15, 'Vertiport_2': 15, 'Vertiport_3': 15, 'Vertiport_4': 15, 'Vertiport_5': 15, 'Vertiport_6': 15, 'Vertiport_7': 15, 'Vertiport_8': 15, 'Vertiport_9': 15, 'Vertiport_10': 15}"
359,852.0,284,11838.700576655985,3073268.435083738,"{'Vertiport_1': 15, 'Vertiport_2': 15, 'Vertiport_3': 15, 'Vertiport_4': 15, 'Vertiport_5': 15, 'Vertiport_6': 15, 'Vertiport_7': 15, 'Vertiport_8': 15, 'Vertiport_9': 15, 'Vertiport_10': 15}"
360,855.0,285,11897.734021839991,3085166.169105578,"{'Vertiport_1': 15, 'Vertiport_2': 15, 'Vertiport_3': 15, 'Vertiport_4': 15, 'Vertiport_5': 15, 'Vertiport_6': 15, 'Vertiport_7': 15, 'Vertiport_8': 15, 'Vertiport_9': 15, 'Vertiport_10': 15}"
361,831.0,277,11310.910943559986,3096477.080049138,"{'Vertiport_1': 15, 'Vertiport_2': 15, 'Vertiport_3': 15, 'Vertiport_4': 15, 'Vertiport_5': 15, 'Vertiport_6': 15, 'Vertiport_7': 15, 'Vertiport_8': 15, 'Vertiport_9': 15, 'Vertiport_10': 15}"
362,810.0,270,11506.087843559986,3107983.167892698,"{'Vertiport_1': 15, 'Vertiport_2': 15, 'Vertiport_3': 15, 'Vertiport_4': 15, 'Vertiport_5': 15, 'Vertiport_6': 15, 'Vertiport_7': 15, 'Vertiport_8': 15, 'Vertiport_9': 15, 'Vertiport_10': 15}"
363,765.0,255,10958.902383687997,3118942.070276386,"{'Vertiport_1': 15, 'Vertiport_2': 15, 'Vertiport_3': 15, 'Vertiport_4': 15, 'Vertiport_5': 15, 'Vertiport_6': 15, 'Vertiport_7': 15, 'Vertiport_8': 15, 'Vertiport_9': 15, 'Vertiport_10': 15}"
364,789.0,263,11289.261352439988,3130231.331628826,"{'Vertiport_1': 15, 'Vertiport_2': 15, 'Vertiport_3': 15, 'Vertiport_4': 15, 'Vertiport_5': 15, 'Vertiport_6': 15, 'Vertiport_7': 15, 'Vertiport_8': 15, 'Vertiport_9': 15, 'Vertiport_10': 15}"
365,849.0,283,12084.529700536,3142315.861329362,"{'Vertiport_1': 15, 'Vertiport_2': 15, 'Vertiport_3': 15, 'Vertiport_4': 15, 'Vertiport_5': 15, 'Vertiport_6': 15, 'Vertiport_7': 15, 'Vertiport_8': 15, 'Vertiport_9': 15, 'Vertiport_10': 15}"
366,765.0,255,11362.458632231983,3153678.319961594,"{'Vertiport_1': 15, 'Vertiport_2': 15, 'Vertiport_3': 15, 'Vertiport_4': 15, 'Vertiport_5': 15, 'Vertiport_6': 15, 'Vertiport_7': 15, 'Vertiport_8': 15, 'Vertiport_9': 15, 'Vertiport_10': 15}"
367,876.0,292,12981.063153111993,3166659.383114706,"{'Vertiport_1': 15, 'Vertiport_2': 15, 'Vertiport_3': 15, 'Vertiport_4': 15, 'Vertiport_5': 15, 'Vertiport_6': 15, 'Vertiport_7': 15, 'Vertiport_8': 15, 'Vertiport_9': 15, 'Vertiport_10': 15}"
368,696.0,232,10307.892209495987,3176967.2753242017,"{'Vertiport_1': 15, 'Vertiport_2': 15, 'Vertiport_3': 15, 'Vertiport_4': 15, 'Vertiport_5': 15, 'Vertiport_6': 15, 'Vertiport_7': 15, 'Vertiport_8': 15, 'Vertiport_9': 15, 'Vertiport_10': 15}"
369,690.0,230,9455.171891647968,3186422.4472158495,"{'Vertiport_1': 15, 'Vertiport_2': 15, 'Vertiport_3': 15, 'Vertiport_4': 15, 'Vertiport_5': 15, 'Vertiport_6': 15, 'Vertiport_7': 15, 'Vertiport_8': 15, 'Vertiport_9': 15, 'Vertiport_10': 15}"
370,645.0,215,9116.049773239974,3195538.4969890895,"{'Vertiport_1': 15, 'Vertiport_2': 15, 'Vertiport_3': 15, 'Vertiport_4': 15, 'Vertiport_5': 15, 'Vertiport_6': 15, 'Vertiport_7': 15, 'Vertiport_8': 15, 'Vertiport_9': 15, 'Vertiport_10': 15}"
371,606.0,202,8435.090805039972,3203973.5877941293,"{'Vertiport_1': 15, 'Vertiport_2': 15, 'Vertiport_3': 15, 'Vertiport_4': 15, 'Vertiport_5': 15, 'Vertiport_6': 15, 'Vertiport_7': 15, 'Vertiport_8': 15, 'Vertiport_9': 15, 'Vertiport_10': 15}"
372,534.0,178,7802.165422599966,3211775.753216729,"{'Vertiport_1': 15, 'Vertiport_2': 15, 'Vertiport_3': 15, 'Vertiport_4': 15, 'Vertiport_5': 15, 'Vertiport_6': 15, 'Vertiport_7': 15, 'Vertiport_8': 15, 'Vertiport_9': 15, 'Vertiport_10': 15}"
373,600.0,200,9237.637713447979,3221013.390930177,"{'Vertiport_1': 15, 'Vertiport_2': 15, 'Vertiport_3': 15, 'Vertiport_4': 15, 'Vertiport_5': 15, 'Vertiport_6': 15, 'Vertiport_7': 15, 'Vertiport_8': 15, 'Vertiport_9': 15, 'Vertiport_10': 15}"
374,438.0,146,5890.455733591979,3226903.8466637693,"{'Vertiport_1': 15, 'Vertiport_2': 15, 'Vertiport_3': 15, 'Vertiport_4': 15, 'Vertiport_5': 15, 'Vertiport_6': 15, 'Vertiport_7': 15, 'Vertiport_8': 15, 'Vertiport_9': 15, 'Vertiport_10': 15}"
375,483.0,161,6986.325392711971,3233890.1720564812,"{'Vertiport_1': 15, 'Vertiport_2': 15, 'Vertiport_3': 15, 'Vertiport_4': 15, 'Vertiport_5': 15, 'Vertiport_6': 15, 'Vertiport_7': 15, 'Vertiport_8': 15, 'Vertiport_9': 15, 'Vertiport_10': 15}"
376,381.0,127,5456.045420183983,3239346.217476665,"{'Vertiport_1': 15, 'Vertiport_2': 15, 'Vertiport_3': 15, 'Vertiport_4': 15, 'Vertiport_5': 15, 'Vertiport_6': 15, 'Vertiport_7': 15, 'Vertiport_8': 15, 'Vertiport_9': 15, 'Vertiport_10': 15}"
377,333.0,111,4339.160532655993,3243685.378009321,"{'Vertiport_1': 15, 'Vertiport_2': 15, 'Vertiport_3': 15, 'Vertiport_4': 15, 'Vertiport_5': 15, 'Vertiport_6': 15, 'Vertiport_7': 15, 'Vertiport_8': 15, 'Vertiport_9': 15, 'Vertiport_10': 15}"
378,315.0,105,4458.5985144799915,3248143.976523801,"{'Vertiport_1': 15, 'Vertiport_2': 15, 'Vertiport_3': 15, 'Vertiport_4': 15, 'Vertiport_5': 15, 'Vertiport_6': 15, 'Vertiport_7': 15, 'Vertiport_8': 15, 'Vertiport_9': 15, 'Vertiport_10': 15}"
379,336.0,112,5372.810493343981,3253516.787017145,"{'Vertiport_1': 15, 'Vertiport_2': 15, 'Vertiport_3': 15, 'Vertiport_4': 15, 'Vertiport_5': 15, 'Vertiport_6': 15, 'Vertiport_7': 15, 'Vertiport_8': 15, 'Vertiport_9': 15, 'Vertiport_10': 15}"
380,348.0,116,5005.18160190399,3258521.968619049,"{'Vertiport_1': 15, 'Vertiport_2': 15, 'Vertiport_3': 15, 'Vertiport_4': 15, 'Vertiport_5': 15, 'Vertiport_6': 15, 'Vertiport_7': 15, 'Vertiport_8': 15, 'Vertiport_9': 15, 'Vertiport_10': 15}"
381,288.0,96,4505.329312655994,3263027.297931705,"{'Vertiport_1': 15, 'Vertiport_2': 15, 'Vertiport_3': 15, 'Vertiport_4': 15, 'Vertiport_5': 15, 'Vertiport_6': 15, 'Vertiport_7': 15, 'Vertiport_8': 15, 'Vertiport_9': 15, 'Vertiport_10': 15}"
382,171.0,57,2387.443984592,3265414.741916297,"{'Vertiport_1': 15, 'Vertiport_2': 15, 'Vertiport_3': 15, 'Vertiport_4': 15, 'Vertiport_5': 15, 'Vertiport_6': 15, 'Vertiport_7': 15, 'Vertiport_8': 15, 'Vertiport_9': 15, 'Vertiport_10': 15}"
383,147.0,49,1679.0553738959998,3267093.797290193,"{'Vertiport_1': 15, 'Vertiport_2': 15, 'Vertiport_3': 15, 'Vertiport_4': 15, 'Vertiport_5': 15, 'Vertiport_6': 15, 'Vertiport_7': 15, 'Vertiport_8': 15, 'Vertiport_9': 15, 'Vertiport_10': 15}"
384,102.0,34,1574.5468886080002,3268668.344178801,"{'Vertiport_1': 15, 'Vertiport_2': 15, 'Vertiport_3': 15, 'Vertiport_4': 15, 'Vertiport_5': 15, 'Vertiport_6': 15, 'Vertiport_7': 15, 'Vertiport_8': 15, 'Vertiport_9': 15, 'Vertiport_10': 15}"
385,96.0,32,1609.4186864240005,3270277.762865225,"{'Vertiport_1': 15, 'Vertiport_2': 15, 'Vertiport_3': 15, 'Vertiport_4': 15, 'Vertiport_5': 15, 'Vertiport_6': 15, 'Vertiport_7': 15, 'Vertiport_8': 15, 'Vertiport_9': 15, 'Vertiport_10': 15}"
386,60.0,20,730.0977577040002,3271007.860622929,"{'Vertiport_1': 15, 'Vertiport_2': 15, 'Vertiport_3': 15, 'Vertiport_4': 15, 'Vertiport_5': 15, 'Vertiport_6': 15, 'Vertiport_7': 15, 'Vertiport_8': 15, 'Vertiport_9': 15, 'Vertiport_10': 15}"
387,93.0,31,1366.936697896,3272374.797320825,"{'Vertiport_1': 15, 'Vertiport_2': 15, 'Vertiport_3': 15, 'Vertiport_4': 15, 'Vertiport_5': 15, 'Vertiport_6': 15, 'Vertiport_7': 15, 'Vertiport_8': 15, 'Vertiport_9': 15, 'Vertiport_10': 15}"
388,63.0,21,982.6398132480002,3273357.437134073,"{'Vertiport_1': 15, 'Vertiport_2': 15, 'Vertiport_3': 15, 'Vertiport_4': 15, 'Vertiport_5': 15, 'Vertiport_6': 15, 'Vertiport_7': 15, 'Vertiport_8': 15, 'Vertiport_9': 15, 'Vertiport_10': 15}"
389,87.0,29,1358.5470567600005,3274715.9841908333,"{'Vertiport_1': 15, 'Vertiport_2': 15, 'Vertiport_3': 15, 'Vertiport_4': 15, 'Vertiport_5': 15, 'Vertiport_6': 15, 'Vertiport_7': 15, 'Vertiport_8': 15, 'Vertiport_9': 15, 'Vertiport_10': 15}"
390,117.0,39,1777.7965155680001,3276493.7807064014,"{'Vertiport_1': 15, 'Vertiport_2': 15, 'Vertiport_3': 15, 'Vertiport_4': 15, 'Vertiport_5': 15, 'Vertiport_6': 15, 'Vertiport_7': 15, 'Vertiport_8': 15, 'Vertiport_9': 15, 'Vertiport_10': 15}"
391,129.0,43,1640.5372823040002,3278134.3179887054,"{'Vertiport_1': 15, 'Vertiport_2': 15, 'Vertiport_3': 15, 'Vertiport_4': 15, 'Vertiport_5': 15, 'Vertiport_6': 15, 'Vertiport_7': 15, 'Vertiport_8': 15, 'Vertiport_9': 15, 'Vertiport_10': 15}"
392,135.0,45,1988.7084604880006,3280123.0264491932,"{'Vertiport_1': 15, 'Vertiport_2': 15, 'Vertiport_3': 15, 'Vertiport_4': 15, 'Vertiport_5': 15, 'Vertiport_6': 15, 'Vertiport_7': 15, 'Vertiport_8': 15, 'Vertiport_9': 15, 'Vertiport_10': 15}"
393,105.0,35,1699.8561816160002,3281822.882630809,"{'Vertiport_1': 15, 'Vertiport_2': 15, 'Vertiport_3': 15, 'Vertiport_4': 15, 'Vertiport_5': 15, 'Vertiport_6': 15, 'Vertiport_7': 15, 'Vertiport_8': 15, 'Vertiport_9': 15, 'Vertiport_10': 15}"
394,147.0,49,2347.2218708319997,3284170.1045016414,"{'Vertiport_1': 15, 'Vertiport_2': 15, 'Vertiport_3': 15, 'Vertiport_4': 15, 'Vertiport_5': 15, 'Vertiport_6': 15, 'Vertiport_7': 15, 'Vertiport_8': 15, 'Vertiport_9': 15, 'Vertiport_10': 15}"
395,243.0,81,3288.5047719199983,3287458.6092735613,"{'Vertiport_1': 15, 'Vertiport_2': 15, 'Vertiport_3': 15, 'Vertiport_4': 15, 'Vertiport_5': 15, 'Vertiport_6': 15, 'Vertiport_7': 15, 'Vertiport_8': 15, 'Vertiport_9': 15, 'Vertiport_10': 15}"
396,219.0,73,2796.7937424479987,3290255.4030160094,"{'Vertiport_1': 15, 'Vertiport_2': 15, 'Vertiport_3': 15, 'Vertiport_4': 15, 'Vertiport_5': 15, 'Vertiport_6': 15, 'Vertiport_7': 15, 'Vertiport_8': 15, 'Vertiport_9': 15, 'Vertiport_10': 15}"
397,222.0,74,3366.3771199039993,3293621.7801359133,"{'Vertiport_1': 15, 'Vertiport_2': 15, 'Vertiport_3': 15, 'Vertiport_4': 15, 'Vertiport_5': 15, 'Vertiport_6': 15, 'Vertiport_7': 15, 'Vertiport_8': 15, 'Vertiport_9': 15, 'Vertiport_10': 15}"
398,282.0,94,4118.192803799998,3297739.9729397134,"{'Vertiport_1': 15, 'Vertiport_2': 15, 'Vertiport_3': 15, 'Vertiport_4': 15, 'Vertiport_5': 15, 'Vertiport_6': 15, 'Vertiport_7': 15, 'Vertiport_8': 15, 'Vertiport_9': 15, 'Vertiport_10': 15}"
399,330.0,110,4453.703049671994,3302193.675989385,"{'Vertiport_1': 15, 'Vertiport_2': 15, 'Vertiport_3': 15, 'Vertiport_4': 15, 'Vertiport_5': 15, 'Vertiport_6': 15, 'Vertiport_7': 15, 'Vertiport_8': 15, 'Vertiport_9': 15, 'Vertiport_10': 15}"
400,342.0,114,5287.03096014399,3307480.7069495292,"{'Vertiport_1': 15, 'Vertiport_2': 15, 'Vertiport_3': 15, 'Vertiport_4': 15, 'Vertiport_5': 15, 'Vertiport_6': 15, 'Vertiport_7': 15, 'Vertiport_8': 15, 'Vertiport_9': 15, 'Vertiport_10': 15}"
401,363.0,121,4717.0298685839925,3312197.7368181134,"{'Vertiport_1': 15, 'Vertiport_2': 15, 'Vertiport_3': 15, 'Vertiport_4': 15, 'Vertiport_5': 15, 'Vertiport_6': 15, 'Vertiport_7': 15, 'Vertiport_8': 15, 'Vertiport_9': 15, 'Vertiport_10': 15}"
402,438.0,146,6370.925088007976,3318568.6619061213,"{'Vertiport_1': 15, 'Vertiport_2': 15, 'Vertiport_3': 15, 'Vertiport_4': 15, 'Vertiport_5': 15, 'Vertiport_6': 15, 'Vertiport_7': 15, 'Vertiport_8': 15, 'Vertiport_9': 15, 'Vertiport_10': 15}"
403,567.0,189,7324.95934098397,3325893.6212471053,"{'Vertiport_1': 15, 'Vertiport_2': 15, 'Vertiport_3': 15, 'Vertiport_4': 15, 'Vertiport_5': 15, 'Vertiport_6': 15, 'Vertiport_7': 15, 'Vertiport_8': 15, 'Vertiport_9': 15, 'Vertiport_10': 15}"
404,576.0,192,7719.303972719972,3333612.9252198255,"{'Vertiport_1': 15, 'Vertiport_2': 15, 'Vertiport_3': 15, 'Vertiport_4': 15, 'Vertiport_5': 15, 'Vertiport_6': 15, 'Vertiport_7': 15, 'Vertiport_8': 15, 'Vertiport_9': 15, 'Vertiport_10': 15}"
405,639.0,213,8910.281790799982,3342523.2070106254,"{'Vertiport_1': 15, 'Vertiport_2': 15, 'Vertiport_3': 15, 'Vertiport_4': 15, 'Vertiport_5': 15, 'Vertiport_6': 15, 'Vertiport_7': 15, 'Vertiport_8': 15, 'Vertiport_9': 15, 'Vertiport_10': 15}"
406,666.0,222,9934.396156511986,3352457.6031671376,"{'Vertiport_1': 15, 'Vertiport_2': 15, 'Vertiport_3': 15, 'Vertiport_4': 15, 'Vertiport_5': 15, 'Vertiport_6': 15, 'Vertiport_7': 15, 'Vertiport_8': 15, 'Vertiport_9': 15, 'Vertiport_10': 15}"
407,651.0,217,9368.554720599972,3361826.1578877377,"{'Vertiport_1': 15, 'Vertiport_2': 15, 'Vertiport_3': 15, 'Vertiport_4': 15, 'Vertiport_5': 15, 'Vertiport_6': 15, 'Vertiport_7': 15, 'Vertiport_8': 15, 'Vertiport_9': 15, 'Vertiport_10': 15}"
408,681.0,227,9407.964965975982,3371234.1228537136,"{'Vertiport_1': 15, 'Vertiport_2': 15, 'Vertiport_3': 15, 'Vertiport_4': 15, 'Vertiport_5': 15, 'Vertiport_6': 15, 'Vertiport_7': 15, 'Vertiport_8': 15, 'Vertiport_9': 15, 'Vertiport_10': 15}"
409,660.0,220,9034.140361183978,3380268.2632148974,"{'Vertiport_1': 15, 'Vertiport_2': 15, 'Vertiport_3': 15, 'Vertiport_4': 15, 'Vertiport_5': 15, 'Vertiport_6': 15, 'Vertiport_7': 15, 'Vertiport_8': 15, 'Vertiport_9': 15, 'Vertiport_10': 15}"
410,726.0,242,9873.933569335992,3390142.196784233,"{'Vertiport_1': 15, 'Vertiport_2': 15, 'Vertiport_3': 15, 'Vertiport_4': 15, 'Vertiport_5': 15, 'Vertiport_6': 15, 'Vertiport_7': 15, 'Vertiport_8': 15, 'Vertiport_9': 15, 'Vertiport_10': 15}"
411,615.0,205,8606.396323847976,3398748.5931080813,"{'Vertiport_1': 15, 'Vertiport_2': 15, 'Vertiport_3': 15, 'Vertiport_4': 15, 'Vertiport_5': 15, 'Vertiport_6': 15, 'Vertiport_7': 15, 'Vertiport_8': 15, 'Vertiport_9': 15, 'Vertiport_10': 15}"
412,666.0,222,9401.030522255982,3408149.6236303374,"{'Vertiport_1': 15, 'Vertiport_2': 15, 'Vertiport_3': 15, 'Vertiport_4': 15, 'Vertiport_5': 15, 'Vertiport_6': 15, 'Vertiport_7': 15, 'Vertiport_8': 15, 'Vertiport_9': 15, 'Vertiport_10': 15}"
413,501.0,167,6771.6771177919745,3414921.3007481294,"{'Vertiport_1': 15, 'Vertiport_2': 15, 'Vertiport_3': 15, 'Vertiport_4': 15, 'Vertiport_5': 15, 'Vertiport_6': 15, 'Vertiport_7': 15, 'Vertiport_8': 15, 'Vertiport_9': 15, 'Vertiport_10': 15}"
414,552.0,184,7379.22513627997,3422300.5258844094,"{'Vertiport_1': 15, 'Vertiport_2': 15, 'Vertiport_3': 15, 'Vertiport_4': 15, 'Vertiport_5': 15, 'Vertiport_6': 15, 'Vertiport_7': 15, 'Vertiport_8': 15, 'Vertiport_9': 15, 'Vertiport_10': 15}"
415,591.0,197,8506.148279751971,3430806.6741641616,"{'Vertiport_1': 15, 'Vertiport_2': 15, 'Vertiport_3': 15, 'Vertiport_4': 15, 'Vertiport_5': 15, 'Vertiport_6': 15, 'Vertiport_7': 15, 'Vertiport_8': 15, 'Vertiport_9': 15, 'Vertiport_10': 15}"
416,630.0,210,9483.358197583977,3440290.0323617454,"{'Vertiport_1': 15, 'Vertiport_2': 15, 'Vertiport_3': 15, 'Vertiport_4': 15, 'Vertiport_5': 15, 'Vertiport_6': 15, 'Vertiport_7': 15, 'Vertiport_8': 15, 'Vertiport_9': 15, 'Vertiport_10': 15}"
417,600.0,200,8232.080720135966,3448522.1130818813,"{'Vertiport_1': 15, 'Vertiport_2': 15, 'Vertiport_3': 15, 'Vertiport_4': 15, 'Vertiport_5': 15, 'Vertiport_6': 15, 'Vertiport_7': 15, 'Vertiport_8': 15, 'Vertiport_9': 15, 'Vertiport_10': 15}"
418,504.0,168,6833.297562367979,3455355.410644249,"{'Vertiport_1': 15, 'Vertiport_2': 15, 'Vertiport_3': 15, 'Vertiport_4': 15, 'Vertiport_5': 15, 'Vertiport_6': 15, 'Vertiport_7': 15, 'Vertiport_8': 15, 'Vertiport_9': 15, 'Vertiport_10': 15}"
419,0.0,0,0.0,3455355.410644249,"{'Vertiport_1': 15, 'Vertiport_2': 15, 'Vertiport_3': 15, 'Vertiport_4': 15, 'Vertiport_5': 15, 'Vertiport_6': 15, 'Vertiport_7': 15, 'Vertiport_8': 15, 'Vertiport_9': 15, 'Vertiport_10': 15}"
420,0.0,0,0.0,3455355.410644249,"{'Vertiport_1': 15, 'Vertiport_2': 15, 'Vertiport_3': 15, 'Vertiport_4': 15, 'Vertiport_5': 15, 'Vertiport_6': 15, 'Vertiport_7': 15, 'Vertiport_8': 15, 'Vertiport_9': 15, 'Vertiport_10': 15}"
421,0.0,0,0.0,3455355.410644249,"{'Vertiport_1': 15, 'Vertiport_2': 15, 'Vertiport_3': 15, 'Vertiport_4': 15, 'Vertiport_5': 15, 'Vertiport_6': 15, 'Vertiport_7': 15, 'Vertiport_8': 15, 'Vertiport_9': 15, 'Vertiport_10': 15}"
422,450.0,150,6809.8119153359785,3462165.2225595852,"{'Vertiport_1': 15, 'Vertiport_2': 15, 'Vertiport_3': 15, 'Vertiport_4': 15, 'Vertiport_5': 15, 'Vertiport_6': 15, 'Vertiport_7': 15, 'Vertiport_8': 15, 'Vertiport_9': 15, 'Vertiport_10': 15}"
423,606.0,202,9692.813648183983,3471858.036207769,"{'Vertiport_1': 15, 'Vertiport_2': 15, 'Vertiport_3': 15, 'Vertiport_4': 15, 'Vertiport_5': 15, 'Vertiport_6': 15, 'Vertiport_7': 15, 'Vertiport_8': 15, 'Vertiport_9': 15, 'Vertiport_10': 15}"
424,546.0,182,7864.4266651279695,3479722.462872897,"{'Vertiport_1': 15, 'Vertiport_2': 15, 'Vertiport_3': 15, 'Vertiport_4': 15, 'Vertiport_5': 15, 'Vertiport_6': 15, 'Vertiport_7': 15, 'Vertiport_8': 15, 'Vertiport_9': 15, 'Vertiport_10': 15}"
425,555.0,185,7671.06508549597,3487393.5279583926,"{'Vertiport_1': 15, 'Vertiport_2': 15, 'Vertiport_3': 15, 'Vertiport_4': 15, 'Vertiport_5': 15, 'Vertiport_6': 15, 'Vertiport_7': 15, 'Vertiport_8': 15, 'Vertiport_9': 15, 'Vertiport_10': 15}"
426,573.0,191,8162.246725423965,3495555.774683817,"{'Vertiport_1': 15, 'Vertiport_2': 15, 'Vertiport_3': 15, 'Vertiport_4': 15, 'Vertiport_5': 15, 'Vertiport_6': 15, 'Vertiport_7': 15, 'Vertiport_8': 15, 'Vertiport_9': 15, 'Vertiport_10': 15}"
427,561.0,187,7816.150280703967,3503371.9249645206,"{'Vertiport_1': 15, 'Vertiport_2': 15, 'Vertiport_3': 15, 'Vertiport_4': 15, 'Vertiport_5': 15, 'Vertiport_6': 15, 'Vertiport_7': 15, 'Vertiport_8': 15, 'Vertiport_9': 15, 'Vertiport_10': 15}"
428,519.0,173,7526.989529511967,3510898.9144940325,"{'Vertiport_1': 15, 'Vertiport_2': 15, 'Vertiport_3': 15, 'Vertiport_4': 15, 'Vertiport_5': 15, 'Vertiport_6': 15, 'Vertiport_7': 15, 'Vertiport_8': 15, 'Vertiport_9': 15, 'Vertiport_10': 15}"
429,567.0,189,8635.522464815976,3519534.4369588485,"{'Vertiport_1': 15, 'Vertiport_2': 15, 'Vertiport_3': 15, 'Vertiport_4': 15, 'Vertiport_5': 15, 'Vertiport_6': 15, 'Vertiport_7': 15, 'Vertiport_8': 15, 'Vertiport_9': 15, 'Vertiport_10': 15}"
430,543.0,181,8037.228316623971,3527571.6652754727,"{'Vertiport_1': 15, 'Vertiport_2': 15, 'Vertiport_3': 15, 'Vertiport_4': 15, 'Vertiport_5': 15, 'Vertiport_6': 15, 'Vertiport_7': 15, 'Vertiport_8': 15, 'Vertiport_9': 15, 'Vertiport_10': 15}"
431,495.0,165,7121.944921943973,3534693.6101974165,"{'Vertiport_1': 15, 'Vertiport_2': 15, 'Vertiport_3': 15, 'Vertiport_4': 15, 'Vertiport_5': 15, 'Vertiport_6': 15, 'Vertiport_7': 15, 'Vertiport_8': 15, 'Vertiport_9': 15, 'Vertiport_10': 15}"
432,492.0,164,7162.57075231197,3541856.1809497285,"{'Vertiport_1': 15, 'Vertiport_2': 15, 'Vertiport_3': 15, 'Vertiport_4': 15, 'Vertiport_5': 15, 'Vertiport_6': 15, 'Vertiport_7': 15, 'Vertiport_8': 15, 'Vertiport_9': 15, 'Vertiport_10': 15}"
433,537.0,179,8244.869306399974,3550101.0502561284,"{'Vertiport_1': 15, 'Vertiport_2': 15, 'Vertiport_3': 15, 'Vertiport_4': 15, 'Vertiport_5': 15, 'Vertiport_6': 15, 'Vertiport_7': 15, 'Vertiport_8': 15, 'Vertiport_9': 15, 'Vertiport_10': 15}"
434,429.0,143,6381.428227047976,3556482.4784831763,"{'Vertiport_1': 15, 'Vertiport_2': 15, 'Vertiport_3': 15, 'Vertiport_4': 15, 'Vertiport_5': 15, 'Vertiport_6': 15, 'Vertiport_7': 15, 'Vertiport_8': 15, 'Vertiport_9': 15, 'Vertiport_10': 15}"
435,495.0,165,7126.15737943997,3563608.6358626164,"{'Vertiport_1': 15, 'Vertiport_2': 15, 'Vertiport_3': 15, 'Vertiport_4': 15, 'Vertiport_5': 15, 'Vertiport_6': 15, 'Vertiport_7': 15, 'Vertiport_8': 15, 'Vertiport_9': 15, 'Vertiport_10': 15}"
436,474.0,158,6642.224718127982,3570250.860580744,"{'Vertiport_1': 15, 'Vertiport_2': 15, 'Vertiport_3': 15, 'Vertiport_4': 15, 'Vertiport_5': 15, 'Vertiport_6': 15, 'Vertiport_7': 15, 'Vertiport_8': 15, 'Vertiport_9': 15, 'Vertiport_10': 15}"
437,516.0,172,7358.464790983976,3577609.3253717283,"{'Vertiport_1': 15, 'Vertiport_2': 15, 'Vertiport_3': 15, 'Vertiport_4': 15, 'Vertiport_5': 15, 'Vertiport_6': 15, 'Vertiport_7': 15, 'Vertiport_8': 15, 'Vertiport_9': 15, 'Vertiport_10': 15}"
438,531.0,177,7822.027552535969,3585431.352924264,"{'Vertiport_1': 15, 'Vertiport_2': 15, 'Vertiport_3': 15, 'Vertiport_4': 15, 'Vertiport_5': 15, 'Vertiport_6': 15, 'Vertiport_7': 15, 'Vertiport_8': 15, 'Vertiport_9': 15, 'Vertiport_10': 15}"
439,558.0,186,7823.28105770397,3593254.633981968,"{'Vertiport_1': 15, 'Vertiport_2': 15, 'Vertiport_3': 15, 'Vertiport_4': 15, 'Vertiport_5': 15, 'Vertiport_6': 15, 'Vertiport_7': 15, 'Vertiport_8': 15, 'Vertiport_9': 15, 'Vertiport_10': 15}"
440,573.0,191,8070.1251502159685,3601324.7591321836,"{'Vertiport_1': 15, 'Vertiport_2': 15, 'Vertiport_3': 15, 'Vertiport_4': 15, 'Vertiport_5': 15, 'Vertiport_6': 15, 'Vertiport_7': 15, 'Vertiport_8': 15, 'Vertiport_9': 15, 'Vertiport_10': 15}"
441,615.0,205,8588.803986567975,3609913.5631187516,"{'Vertiport_1': 15, 'Vertiport_2': 15, 'Vertiport_3': 15, 'Vertiport_4': 15, 'Vertiport_5': 15, 'Vertiport_6': 15, 'Vertiport_7': 15, 'Vertiport_8': 15, 'Vertiport_9': 15, 'Vertiport_10': 15}"
442,600.0,200,7984.420545631965,3617897.9836643836,"{'Vertiport_1': 15, 'Vertiport_2': 15, 'Vertiport_3': 15, 'Vertiport_4': 15, 'Vertiport_5': 15, 'Vertiport_6': 15, 'Vertiport_7': 15, 'Vertiport_8': 15, 'Vertiport_9': 15, 'Vertiport_10': 15}"
443,672.0,224,10052.733498351983,3627950.7171627358,"{'Vertiport_1': 15, 'Vertiport_2': 15, 'Vertiport_3': 15, 'Vertiport_4': 15, 'Vertiport_5': 15, 'Vertiport_6': 15, 'Vertiport_7': 15, 'Vertiport_8': 15, 'Vertiport_9': 15, 'Vertiport_10': 15}"
444,747.0,249,10244.14836132797,3638194.865524064,"{'Vertiport_1': 15, 'Vertiport_2': 15, 'Vertiport_3': 15, 'Vertiport_4': 15, 'Vertiport_5': 15, 'Vertiport_6': 15, 'Vertiport_7': 15, 'Vertiport_8': 15, 'Vertiport_9': 15, 'Vertiport_10': 15}"
445,795.0,265,10978.10411077598,3649172.96963484,"{'Vertiport_1': 15, 'Vertiport_2': 15, 'Vertiport_3': 15, 'Vertiport_4': 15, 'Vertiport_5': 15, 'Vertiport_6': 15, 'Vertiport_7': 15, 'Vertiport_8': 15, 'Vertiport_9': 15, 'Vertiport_10': 15}"
446,786.0,262,10715.33265547199,3659888.302290312,"{'Vertiport_1': 15, 'Vertiport_2': 15, 'Vertiport_3': 15, 'Vertiport_4': 15, 'Vertiport_5': 15, 'Vertiport_6': 15, 'Vertiport_7': 15, 'Vertiport_8': 15, 'Vertiport_9': 15, 'Vertiport_10': 15}"
447,819.0,273,12265.931101032,3672154.233391344,"{'Vertiport_1': 15, 'Vertiport_2': 15, 'Vertiport_3': 15, 'Vertiport_4': 15, 'Vertiport_5': 15, 'Vertiport_6': 15, 'Vertiport_7': 15, 'Vertiport_8': 15, 'Vertiport_9': 15, 'Vertiport_10': 15}"
448,888.0,296,12362.834534751983,3684517.0679260963,"{'Vertiport_1': 15, 'Vertiport_2': 15, 'Vertiport_3': 15, 'Vertiport_4': 15, 'Vertiport_5': 15, 'Vertiport_6': 15, 'Vertiport_7': 15, 'Vertiport_8': 15, 'Vertiport_9': 15, 'Vertiport_10': 15}"
449,861.0,287,11879.416684759988,3696396.484610856,"{'Vertiport_1': 15, 'Vertiport_2': 15, 'Vertiport_3': 15, 'Vertiport_4': 15, 'Vertiport_5': 15, 'Vertiport_6': 15, 'Vertiport_7': 15, 'Vertiport_8': 15, 'Vertiport_9': 15, 'Vertiport_10': 15}"
450,867.0,289,12238.463869655989,3708634.948480512,"{'Vertiport_1': 15, 'Vertiport_2': 15, 'Vertiport_3': 15, 'Vertiport_4': 15, 'Vertiport_5': 15, 'Vertiport_6': 15, 'Vertiport_7': 15, 'Vertiport_8': 15, 'Vertiport_9': 15, 'Vertiport_10': 15}"
451,948.0,316,13386.34953016,3722021.298010672,"{'Vertiport_1': 15, 'Vertiport_2': 15, 'Vertiport_3': 15, 'Vertiport_4': 15, 'Vertiport_5': 15, 'Vertiport_6': 15, 'Vertiport_7': 15, 'Vertiport_8': 15, 'Vertiport_9': 15, 'Vertiport_10': 15}"
452,888.0,296,12633.311856335986,3734654.609867008,"{'Vertiport_1': 15, 'Vertiport_2': 15, 'Vertiport_3': 15, 'Vertiport_4': 15, 'Vertiport_5': 15, 'Vertiport_6': 15, 'Vertiport_7': 15, 'Vertiport_8': 15, 'Vertiport_9': 15, 'Vertiport_10': 15}"
453,894.0,298,12767.567038263998,3747422.176905272,"{'Vertiport_1': 15, 'Vertiport_2': 15, 'Vertiport_3': 15, 'Vertiport_4': 15, 'Vertiport_5': 15, 'Vertiport_6': 15, 'Vertiport_7': 15, 'Vertiport_8': 15, 'Vertiport_9': 15, 'Vertiport_10': 15}"
454,891.0,297,11941.239690775994,3759363.416596048,"{'Vertiport_1': 15, 'Vertiport_2': 15, 'Vertiport_3': 15, 'Vertiport_4': 15, 'Vertiport_5': 15, 'Vertiport_6': 15, 'Vertiport_7': 15, 'Vertiport_8': 15, 'Vertiport_9': 15, 'Vertiport_10': 15}"
455,936.0,312,13643.030722288018,3773006.447318336,"{'Vertiport_1': 15, 'Vertiport_2': 15, 'Vertiport_3': 15, 'Vertiport_4': 15, 'Vertiport_5': 15, 'Vertiport_6': 15, 'Vertiport_7': 15, 'Vertiport_8': 15, 'Vertiport_9': 15, 'Vertiport_10': 15}"
456,819.0,273,12076.969168927999,3785083.416487264,"{'Vertiport_1': 15, 'Vertiport_2': 15, 'Vertiport_3': 15, 'Vertiport_4': 15, 'Vertiport_5': 15, 'Vertiport_6': 15, 'Vertiport_7': 15, 'Vertiport_8': 15, 'Vertiport_9': 15, 'Vertiport_10': 15}"
457,924.0,308,12547.924323159996,3797631.340810424,"{'Vertiport_1': 15, 'Vertiport_2': 15, 'Vertiport_3': 15, 'Vertiport_4': 15, 'Vertiport_5': 15, 'Vertiport_6': 15, 'Vertiport_7': 15, 'Vertiport_8': 15, 'Vertiport_9': 15, 'Vertiport_10': 15}"
458,879.0,293,12880.856787808007,3810512.197598232,"{'Vertiport_1': 15, 'Vertiport_2': 15, 'Vertiport_3': 15, 'Vertiport_4': 15, 'Vertiport_5': 15, 'Vertiport_6': 15, 'Vertiport_7': 15, 'Vertiport_8': 15, 'Vertiport_9': 15, 'Vertiport_10': 15}"
459,849.0,283,11999.787567191997,3822511.985165424,"{'Vertiport_1': 15, 'Vertiport_2': 15, 'Vertiport_3': 15, 'Vertiport_4': 15, 'Vertiport_5': 15, 'Vertiport_6': 15, 'Vertiport_7': 15, 'Vertiport_8': 15, 'Vertiport_9': 15, 'Vertiport_10': 15}"
460,876.0,292,12493.867138464002,3835005.852303888,"{'Vertiport_1': 15, 'Vertiport_2': 15, 'Vertiport_3': 15, 'Vertiport_4': 15, 'Vertiport_5': 15, 'Vertiport_6': 15, 'Vertiport_7': 15, 'Vertiport_8': 15, 'Vertiport_9': 15, 'Vertiport_10': 15}"
461,912.0,304,12863.547788311998,3847869.4000922004,"{'Vertiport_1': 15, 'Vertiport_2': 15, 'Vertiport_3': 15, 'Vertiport_4': 15, 'Vertiport_5': 15, 'Vertiport_6': 15, 'Vertiport_7': 15, 'Vertiport_8': 15, 'Vertiport_9': 15, 'Vertiport_10': 15}"
462,888.0,296,12351.306759367995,3860220.7068515685,"{'Vertiport_1': 15, 'Vertiport_2': 15, 'Vertiport_3': 15, 'Vertiport_4': 15, 'Vertiport_5': 15, 'Vertiport_6': 15, 'Vertiport_7': 15, 'Vertiport_8': 15, 'Vertiport_9': 15, 'Vertiport_10': 15}"
463,765.0,255,10754.098335031977,3870974.8051866004,"{'Vertiport_1': 15, 'Vertiport_2': 15, 'Vertiport_3': 15, 'Vertiport_4': 15, 'Vertiport_5': 15, 'Vertiport_6': 15, 'Vertiport_7': 15, 'Vertiport_8': 15, 'Vertiport_9': 15, 'Vertiport_10': 15}"
464,756.0,252,10978.24747588799,3881953.0526624885,"{'Vertiport_1': 15, 'Vertiport_2': 15, 'Vertiport_3': 15, 'Vertiport_4': 15, 'Vertiport_5': 15, 'Vertiport_6': 15, 'Vertiport_7': 15, 'Vertiport_8': 15, 'Vertiport_9': 15, 'Vertiport_10': 15}"
465,780.0,260,10835.580279623984,3892788.6329421126,"{'Vertiport_1': 15, 'Vertiport_2': 15, 'Vertiport_3': 15, 'Vertiport_4': 15, 'Vertiport_5': 15, 'Vertiport_6': 15, 'Vertiport_7': 15, 'Vertiport_8': 15, 'Vertiport_9': 15, 'Vertiport_10': 15}"
466,798.0,266,11625.058507423986,3904413.6914495365,"{'Vertiport_1': 15, 'Vertiport_2': 15, 'Vertiport_3': 15, 'Vertiport_4': 15, 'Vertiport_5': 15, 'Vertiport_6': 15, 'Vertiport_7': 15, 'Vertiport_8': 15, 'Vertiport_9': 15, 'Vertiport_10': 15}"
467,690.0,230,9876.145979151983,3914289.8374286885,"{'Vertiport_1': 15, 'Vertiport_2': 15, 'Vertiport_3': 15, 'Vertiport_4': 15, 'Vertiport_5': 15, 'Vertiport_6': 15, 'Vertiport_7': 15, 'Vertiport_8': 15, 'Vertiport_9': 15, 'Vertiport_10': 15}"
468,684.0,228,9524.530162343977,3923814.3675910323,"{'Vertiport_1': 15, 'Vertiport_2': 15, 'Vertiport_3': 15, 'Vertiport_4': 15, 'Vertiport_5': 15, 'Vertiport_6': 15, 'Vertiport_7': 15, 'Vertiport_8': 15, 'Vertiport_9': 15, 'Vertiport_10': 15}"
469,672.0,224,9420.340702631984,3933234.7082936643,"{'Vertiport_1': 15, 'Vertiport_2': 15, 'Vertiport_3': 15, 'Vertiport_4': 15, 'Vertiport_5': 15, 'Vertiport_6': 15, 'Vertiport_7': 15, 'Vertiport_8': 15, 'Vertiport_9': 15, 'Vertiport_10': 15}"
470,624.0,208,8861.854588655973,3942096.56288232,"{'Vertiport_1': 15, 'Vertiport_2': 15, 'Vertiport_3': 15, 'Vertiport_4': 15, 'Vertiport_5': 15, 'Vertiport_6': 15, 'Vertiport_7': 15, 'Vertiport_8': 15, 'Vertiport_9': 15, 'Vertiport_10': 15}"
471,525.0,175,7212.681667351974,3949309.244549672,"{'Vertiport_1': 15, 'Vertiport_2': 15, 'Vertiport_3': 15, 'Vertiport_4': 15, 'Vertiport_5': 15, 'Vertiport_6': 15, 'Vertiport_7': 15, 'Vertiport_8': 15, 'Vertiport_9': 15, 'Vertiport_10': 15}"
472,447.0,149,6816.64076207997,3956125.885311752,"{'Vertiport_1': 15, 'Vertiport_2': 15, 'Vertiport_3': 15, 'Vertiport_4': 15, 'Vertiport_5': 15, 'Vertiport_6': 15, 'Vertiport_7': 15, 'Vertiport_8': 15, 'Vertiport_9': 15, 'Vertiport_10': 15}"
473,420.0,140,5955.9270041519785,3962081.812315904,"{'Vertiport_1': 15, 'Vertiport_2': 15, 'Vertiport_3': 15, 'Vertiport_4': 15, 'Vertiport_5': 15, 'Vertiport_6': 15, 'Vertiport_7': 15, 'Vertiport_8': 15, 'Vertiport_9': 15, 'Vertiport_10': 15}"
474,384.0,128,5772.257745671984,3967854.070061576,"{'Vertiport_1': 15, 'Vertiport_2': 15, 'Vertiport_3': 15, 'Vertiport_4': 15, 'Vertiport_5': 15, 'Vertiport_6': 15, 'Vertiport_7': 15, 'Vertiport_8': 15, 'Vertiport_9': 15, 'Vertiport_10': 15}"
475,354.0,118,5237.387390071989,3973091.457451648,"{'Vertiport_1': 15, 'Vertiport_2': 15, 'Vertiport_3': 15, 'Vertiport_4': 15, 'Vertiport_5': 15, 'Vertiport_6': 15, 'Vertiport_7': 15, 'Vertiport_8': 15, 'Vertiport_9': 15, 'Vertiport_10': 15}"
476,465.0,155,6710.581002279977,3979802.038453928,"{'Vertiport_1': 15, 'Vertiport_2': 15, 'Vertiport_3': 15, 'Vertiport_4': 15, 'Vertiport_5': 15, 'Vertiport_6': 15, 'Vertiport_7': 15, 'Vertiport_8': 15, 'Vertiport_9': 15, 'Vertiport_10': 15}"
477,366.0,122,5506.848298287984,3985308.886752216,"{'Vertiport_1': 15, 'Vertiport_2': 15, 'Vertiport_3': 15, 'Vertiport_4': 15, 'Vertiport_5': 15, 'Vertiport_6': 15, 'Vertiport_7': 15, 'Vertiport_8': 15, 'Vertiport_9': 15, 'Vertiport_10': 15}"
478,282.0,94,3889.912359399997,3989198.7991116163,"{'Vertiport_1': 15, 'Vertiport_2': 15, 'Vertiport_3': 15, 'Vertiport_4': 15, 'Vertiport_5': 15, 'Vertiport_6': 15, 'Vertiport_7': 15, 'Vertiport_8': 15, 'Vertiport_9': 15, 'Vertiport_10': 15}"
479,237.0,79,3798.469163695998,3992997.268275312,"{'Vertiport_1': 15, 'Vertiport_2': 15, 'Vertiport_3': 15, 'Vertiport_4': 15, 'Vertiport_5': 15, 'Vertiport_6': 15, 'Vertiport_7': 15, 'Vertiport_8': 15, 'Vertiport_9': 15, 'Vertiport_10': 15}"
480,141.0,47,1779.5226177360003,3994776.790893048,"{'Vertiport_1': 15, 'Vertiport_2': 15, 'Vertiport_3': 15, 'Vertiport_4': 15, 'Vertiport_5': 15, 'Vertiport_6': 15, 'Vertiport_7': 15, 'Vertiport_8': 15, 'Vertiport_9': 15, 'Vertiport_10': 15}"
481,99.0,33,1577.5693521120004,3996354.36024516,"{'Vertiport_1': 15, 'Vertiport_2': 15, 'Vertiport_3': 15, 'Vertiport_4': 15, 'Vertiport_5': 15, 'Vertiport_6': 15, 'Vertiport_7': 15, 'Vertiport_8': 15, 'Vertiport_9': 15, 'Vertiport_10': 15}"
482,114.0,38,1775.5279967920007,3998129.888241952,"{'Vertiport_1': 15, 'Vertiport_2': 15, 'Vertiport_3': 15, 'Vertiport_4': 15, 'Vertiport_5': 15, 'Vertiport_6': 15, 'Vertiport_7': 15, 'Vertiport_8': 15, 'Vertiport_9': 15, 'Vertiport_10': 15}"
483,102.0,34,1546.663913896,3999676.5521558477,"{'Vertiport_1': 15, 'Vertiport_2': 15, 'Vertiport_3': 15, 'Vertiport_4': 15, 'Vertiport_5': 15, 'Vertiport_6': 15, 'Vertiport_7': 15, 'Vertiport_8': 15, 'Vertiport_9': 15, 'Vertiport_10': 15}"
484,96.0,32,1163.2328861040005,4000839.7850419516,"{'Vertiport_1': 15, 'Vertiport_2': 15, 'Vertiport_3': 15, 'Vertiport_4': 15, 'Vertiport_5': 15, 'Vertiport_6': 15, 'Vertiport_7': 15, 'Vertiport_8': 15, 'Vertiport_9': 15, 'Vertiport_10': 15}"
485,99.0,33,1467.04162732,4002306.8266692716,"{'Vertiport_1': 15, 'Vertiport_2': 15, 'Vertiport_3': 15, 'Vertiport_4': 15, 'Vertiport_5': 15, 'Vertiport_6': 15, 'Vertiport_7': 15, 'Vertiport_8': 15, 'Vertiport_9': 15, 'Vertiport_10': 15}"
486,126.0,42,2264.1892352799996,4004571.0159045514,"{'Vertiport_1': 15, 'Vertiport_2': 15, 'Vertiport_3': 15, 'Vertiport_4': 15, 'Vertiport_5': 15, 'Vertiport_6': 15, 'Vertiport_7': 15, 'Vertiport_8': 15, 'Vertiport_9': 15, 'Vertiport_10': 15}"
487,120.0,40,2072.7397647520006,4006643.7556693032,"{'Vertiport_1': 15, 'Vertiport_2': 15, 'Vertiport_3': 15, 'Vertiport_4': 15, 'Vertiport_5': 15, 'Vertiport_6': 15, 'Vertiport_7': 15, 'Vertiport_8': 15, 'Vertiport_9': 15, 'Vertiport_10': 15}"
488,162.0,54,2436.6345633599994,4009080.390232663,"{'Vertiport_1': 15, 'Vertiport_2': 15, 'Vertiport_3': 15, 'Vertiport_4': 15, 'Vertiport_5': 15, 'Vertiport_6': 15, 'Vertiport_7': 15, 'Vertiport_8': 15, 'Vertiport_9': 15, 'Vertiport_10': 15}"
489,159.0,53,2981.8674570479975,4012062.257689711,"{'Vertiport_1': 15, 'Vertiport_2': 15, 'Vertiport_3': 15, 'Vertiport_4': 15, 'Vertiport_5': 15, 'Vertiport_6': 15, 'Vertiport_7': 15, 'Vertiport_8': 15, 'Vertiport_9': 15, 'Vertiport_10': 15}"
490,174.0,58,2523.1275658159993,4014585.385255527,"{'Vertiport_1': 15, 'Vertiport_2': 15, 'Vertiport_3': 15, 'Vertiport_4': 15, 'Vertiport_5': 15, 'Vertiport_6': 15, 'Vertiport_7': 15, 'Vertiport_8': 15, 'Vertiport_9': 15, 'Vertiport_10': 15}"
491,270.0,90,3872.7007489119947,4018458.0860044393,"{'Vertiport_1': 15, 'Vertiport_2': 15, 'Vertiport_3': 15, 'Vertiport_4': 15, 'Vertiport_5': 15, 'Vertiport_6': 15, 'Vertiport_7': 15, 'Vertiport_8': 15, 'Vertiport_9': 15, 'Vertiport_10': 15}"
492,216.0,72,2863.552875288,4021321.638879727,"{'Vertiport_1': 15, 'Vertiport_2': 15, 'Vertiport_3': 15, 'Vertiport_4': 15, 'Vertiport_5': 15, 'Vertiport_6': 15, 'Vertiport_7': 15, 'Vertiport_8': 15, 'Vertiport_9': 15, 'Vertiport_10': 15}"
493,231.0,77,3074.164253143999,4024395.803132871,"{'Vertiport_1': 15, 'Vertiport_2': 15, 'Vertiport_3': 15, 'Vertiport_4': 15, 'Vertiport_5': 15, 'Vertiport_6': 15, 'Vertiport_7': 15, 'Vertiport_8': 15, 'Vertiport_9': 15, 'Vertiport_10': 15}"
494,297.0,99,4198.760473487995,4028594.563606359,"{'Vertiport_1': 15, 'Vertiport_2': 15, 'Vertiport_3': 15, 'Vertiport_4': 15, 'Vertiport_5': 15, 'Vertiport_6': 15, 'Vertiport_7': 15, 'Vertiport_8': 15, 'Vertiport_9': 15, 'Vertiport_10': 15}"
495,327.0,109,4639.15397985599,4033233.717586215,"{'Vertiport_1': 15, 'Vertiport_2': 15, 'Vertiport_3': 15, 'Vertiport_4': 15, 'Vertiport_5': 15, 'Vertiport_6': 15, 'Vertiport_7': 15, 'Vertiport_8': 15, 'Vertiport_9': 15, 'Vertiport_10': 15}"
496,339.0,113,4764.684260455991,4037998.401846671,"{'Vertiport_1': 15, 'Vertiport_2': 15, 'Vertiport_3': 15, 'Vertiport_4': 15, 'Vertiport_5': 15, 'Vertiport_6': 15, 'Vertiport_7': 15, 'Vertiport_8': 15, 'Vertiport_9': 15, 'Vertiport_10': 15}"
497,342.0,114,5304.698472471985,4043303.100319143,"{'Vertiport_1': 15, 'Vertiport_2': 15, 'Vertiport_3': 15, 'Vertiport_4': 15, 'Vertiport_5': 15, 'Vertiport_6': 15, 'Vertiport_7': 15, 'Vertiport_8': 15, 'Vertiport_9': 15, 'Vertiport_10': 15}"
498,402.0,134,5967.33871908798,4049270.439038231,"{'Vertiport_1': 15, 'Vertiport_2': 15, 'Vertiport_3': 15, 'Vertiport_4': 15, 'Vertiport_5': 15, 'Vertiport_6': 15, 'Vertiport_7': 15, 'Vertiport_8': 15, 'Vertiport_9': 15, 'Vertiport_10': 15}"
499,561.0,187,8167.1785476239675,4057437.617585855,"{'Vertiport_1': 15, 'Vertiport_2': 15, 'Vertiport_3': 15, 'Vertiport_4': 15, 'Vertiport_5': 15, 'Vertiport_6': 15, 'Vertiport_7': 15, 'Vertiport_8': 15, 'Vertiport_9': 15, 'Vertiport_10': 15}"
500,549.0,183,7555.081951295972,4064992.699537151,"{'Vertiport_1': 15, 'Vertiport_2': 15, 'Vertiport_3': 15, 'Vertiport_4': 15, 'Vertiport_5': 15, 'Vertiport_6': 15, 'Vertiport_7': 15, 'Vertiport_8': 15, 'Vertiport_9': 15, 'Vertiport_10': 15}"
