time_step,met_demand,unmet_demand,iteration_cost,cumulative_cost,vertiport_counts
1,733.0,197,9155.173746603976,9155.173746603976,"{'Vertiport_1': 20, 'Vertiport_2': 13, 'Vertiport_3': 20, 'Vertiport_4': 19, 'Vertiport_5': 20, 'Vertiport_6': 3, 'Vertiport_7': 31, 'Vertiport_8': 27, 'Vertiport_9': 27, 'Vertiport_10': 20}"
2,360.0,72,4682.02508588799,13837.198832491966,"{'Vertiport_1': 20, 'Vertiport_2': 18, 'Vertiport_3': 20, 'Vertiport_4': 21, 'Vertiport_5': 20, 'Vertiport_6': 0, 'Vertiport_7': 35, 'Vertiport_8': 25, 'Vertiport_9': 21, 'Vertiport_10': 20}"
3,281.0,51,3304.467488643998,17141.666321135963,"{'Vertiport_1': 20, 'Vertiport_2': 21, 'Vertiport_3': 20, 'Vertiport_4': 21, 'Vertiport_5': 20, 'Vertiport_6': 0, 'Vertiport_7': 31, 'Vertiport_8': 28, 'Vertiport_9': 19, 'Vertiport_10': 20}"
4,241.0,35,3072.5917886999987,20214.258109835962,"{'Vertiport_1': 20, 'Vertiport_2': 15, 'Vertiport_3': 20, 'Vertiport_4': 21, 'Vertiport_5': 20, 'Vertiport_6': 0, 'Vertiport_7': 31, 'Vertiport_8': 28, 'Vertiport_9': 25, 'Vertiport_10': 20}"
5,203.0,37,2380.853056407998,22595.11116624396,"{'Vertiport_1': 20, 'Vertiport_2': 20, 'Vertiport_3': 20, 'Vertiport_4': 1, 'Vertiport_5': 20, 'Vertiport_6': 2, 'Vertiport_7': 47, 'Vertiport_8': 29, 'Vertiport_9': 21, 'Vertiport_10': 20}"
6,198.0,42,2652.0138874199984,25247.12505366396,"{'Vertiport_1': 20, 'Vertiport_2': 20, 'Vertiport_3': 20, 'Vertiport_4': 1, 'Vertiport_5': 20, 'Vertiport_6': 9, 'Vertiport_7': 41, 'Vertiport_8': 29, 'Vertiport_9': 20, 'Vertiport_10': 20}"
7,206.0,42,2582.449800667999,27829.57485433196,"{'Vertiport_1': 20, 'Vertiport_2': 18, 'Vertiport_3': 20, 'Vertiport_4': 0, 'Vertiport_5': 20, 'Vertiport_6': 11, 'Vertiport_7': 38, 'Vertiport_8': 32, 'Vertiport_9': 21, 'Vertiport_10': 20}"
8,252.0,74,3043.3956158999995,30872.97047023196,"{'Vertiport_1': 20, 'Vertiport_2': 18, 'Vertiport_3': 20, 'Vertiport_4': 17, 'Vertiport_5': 20, 'Vertiport_6': 11, 'Vertiport_7': 30, 'Vertiport_8': 23, 'Vertiport_9': 21, 'Vertiport_10': 20}"
9,185.0,49,2775.8632505600003,33648.83372079196,"{'Vertiport_1': 20, 'Vertiport_2': 18, 'Vertiport_3': 20, 'Vertiport_4': 18, 'Vertiport_5': 20, 'Vertiport_6': 14, 'Vertiport_7': 27, 'Vertiport_8': 20, 'Vertiport_9': 23, 'Vertiport_10': 20}"
10,173.0,53,2071.1526557039992,35719.98637649596,"{'Vertiport_1': 20, 'Vertiport_2': 17, 'Vertiport_3': 20, 'Vertiport_4': 18, 'Vertiport_5': 20, 'Vertiport_6': 20, 'Vertiport_7': 20, 'Vertiport_8': 22, 'Vertiport_9': 23, 'Vertiport_10': 20}"
11,189.0,59,2614.033856603999,38334.02023309996,"{'Vertiport_1': 20, 'Vertiport_2': 19, 'Vertiport_3': 20, 'Vertiport_4': 20, 'Vertiport_5': 20, 'Vertiport_6': 20, 'Vertiport_7': 20, 'Vertiport_8': 19, 'Vertiport_9': 22, 'Vertiport_10': 20}"
12,241.0,77,3421.7954133119983,41755.81564641196,"{'Vertiport_1': 20, 'Vertiport_2': 20, 'Vertiport_3': 20, 'Vertiport_4': 20, 'Vertiport_5': 20, 'Vertiport_6': 21, 'Vertiport_7': 20, 'Vertiport_8': 19, 'Vertiport_9': 20, 'Vertiport_10': 20}"
13,195.0,63,2275.339386875999,44031.155033287956,"{'Vertiport_1': 20, 'Vertiport_2': 21, 'Vertiport_3': 20, 'Vertiport_4': 20, 'Vertiport_5': 20, 'Vertiport_6': 20, 'Vertiport_7': 19, 'Vertiport_8': 21, 'Vertiport_9': 19, 'Vertiport_10': 20}"
14,202.0,66,2385.964469819999,46417.119503107955,"{'Vertiport_1': 20, 'Vertiport_2': 20, 'Vertiport_3': 20, 'Vertiport_4': 21, 'Vertiport_5': 20, 'Vertiport_6': 20, 'Vertiport_7': 20, 'Vertiport_8': 20, 'Vertiport_9': 19, 'Vertiport_10': 20}"
15,308.0,100,3944.024288647996,50361.14379175595,"{'Vertiport_1': 20, 'Vertiport_2': 23, 'Vertiport_3': 20, 'Vertiport_4': 20, 'Vertiport_5': 20, 'Vertiport_6': 19, 'Vertiport_7': 20, 'Vertiport_8': 21, 'Vertiport_9': 17, 'Vertiport_10': 20}"
16,268.0,86,3474.9923165719965,53836.13610832795,"{'Vertiport_1': 20, 'Vertiport_2': 20, 'Vertiport_3': 20, 'Vertiport_4': 21, 'Vertiport_5': 20, 'Vertiport_6': 21, 'Vertiport_7': 20, 'Vertiport_8': 17, 'Vertiport_9': 21, 'Vertiport_10': 20}"
17,307.0,99,4056.1743939759976,57892.310502303946,"{'Vertiport_1': 20, 'Vertiport_2': 22, 'Vertiport_3': 20, 'Vertiport_4': 21, 'Vertiport_5': 20, 'Vertiport_6': 22, 'Vertiport_7': 20, 'Vertiport_8': 17, 'Vertiport_9': 18, 'Vertiport_10': 20}"
18,289.0,93,4209.873280039994,62102.18378234394,"{'Vertiport_1': 20, 'Vertiport_2': 23, 'Vertiport_3': 20, 'Vertiport_4': 21, 'Vertiport_5': 20, 'Vertiport_6': 19, 'Vertiport_7': 20, 'Vertiport_8': 20, 'Vertiport_9': 17, 'Vertiport_10': 20}"
19,386.0,128,5535.576797159986,67637.76057950393,"{'Vertiport_1': 20, 'Vertiport_2': 21, 'Vertiport_3': 20, 'Vertiport_4': 20, 'Vertiport_5': 20, 'Vertiport_6': 20, 'Vertiport_7': 20, 'Vertiport_8': 20, 'Vertiport_9': 19, 'Vertiport_10': 20}"
20,400.0,132,5432.306794391982,73070.06737389592,"{'Vertiport_1': 20, 'Vertiport_2': 21, 'Vertiport_3': 20, 'Vertiport_4': 20, 'Vertiport_5': 20, 'Vertiport_6': 21, 'Vertiport_7': 20, 'Vertiport_8': 19, 'Vertiport_9': 19, 'Vertiport_10': 20}"
21,359.0,117,4710.239549591993,77780.30692348791,"{'Vertiport_1': 20, 'Vertiport_2': 22, 'Vertiport_3': 20, 'Vertiport_4': 20, 'Vertiport_5': 20, 'Vertiport_6': 20, 'Vertiport_7': 20, 'Vertiport_8': 20, 'Vertiport_9': 18, 'Vertiport_10': 20}"
22,437.0,143,6441.25065499598,84221.55757848389,"{'Vertiport_1': 20, 'Vertiport_2': 21, 'Vertiport_3': 20, 'Vertiport_4': 22, 'Vertiport_5': 20, 'Vertiport_6': 20, 'Vertiport_7': 20, 'Vertiport_8': 19, 'Vertiport_9': 18, 'Vertiport_10': 20}"
23,530.0,176,6803.753803879973,91025.31138236386,"{'Vertiport_1': 20, 'Vertiport_2': 21, 'Vertiport_3': 20, 'Vertiport_4': 20, 'Vertiport_5': 20, 'Vertiport_6': 20, 'Vertiport_7': 20, 'Vertiport_8': 20, 'Vertiport_9': 19, 'Vertiport_10': 20}"
24,578.0,188,7797.158645167972,98822.47002753183,"{'Vertiport_1': 20, 'Vertiport_2': 22, 'Vertiport_3': 20, 'Vertiport_4': 22, 'Vertiport_5': 20, 'Vertiport_6': 20, 'Vertiport_7': 19, 'Vertiport_8': 18, 'Vertiport_9': 19, 'Vertiport_10': 20}"
25,467.0,151,6306.797296983975,105129.26732451581,"{'Vertiport_1': 20, 'Vertiport_2': 23, 'Vertiport_3': 20, 'Vertiport_4': 21, 'Vertiport_5': 20, 'Vertiport_6': 23, 'Vertiport_7': 18, 'Vertiport_8': 18, 'Vertiport_9': 17, 'Vertiport_10': 20}"
26,447.0,147,6547.62681483998,111676.89413935579,"{'Vertiport_1': 20, 'Vertiport_2': 22, 'Vertiport_3': 20, 'Vertiport_4': 20, 'Vertiport_5': 20, 'Vertiport_6': 21, 'Vertiport_7': 20, 'Vertiport_8': 19, 'Vertiport_9': 18, 'Vertiport_10': 20}"
27,656.0,218,8899.623255071978,120576.51739442776,"{'Vertiport_1': 20, 'Vertiport_2': 20, 'Vertiport_3': 20, 'Vertiport_4': 20, 'Vertiport_5': 20, 'Vertiport_6': 21, 'Vertiport_7': 20, 'Vertiport_8': 19, 'Vertiport_9': 20, 'Vertiport_10': 20}"
28,604.0,200,8467.183125883967,129043.70052031173,"{'Vertiport_1': 20, 'Vertiport_2': 20, 'Vertiport_3': 20, 'Vertiport_4': 21, 'Vertiport_5': 20, 'Vertiport_6': 20, 'Vertiport_7': 20, 'Vertiport_8': 18, 'Vertiport_9': 21, 'Vertiport_10': 20}"
29,668.0,220,9097.710433719976,138141.41095403171,"{'Vertiport_1': 20, 'Vertiport_2': 20, 'Vertiport_3': 20, 'Vertiport_4': 21, 'Vertiport_5': 20, 'Vertiport_6': 21, 'Vertiport_7': 20, 'Vertiport_8': 18, 'Vertiport_9': 20, 'Vertiport_10': 20}"
30,619.0,203,7971.329862279971,146112.74081631168,"{'Vertiport_1': 20, 'Vertiport_2': 20, 'Vertiport_3': 20, 'Vertiport_4': 20, 'Vertiport_5': 20, 'Vertiport_6': 20, 'Vertiport_7': 19, 'Vertiport_8': 20, 'Vertiport_9': 21, 'Vertiport_10': 20}"
31,687.0,227,9476.049487939983,155588.79030425166,"{'Vertiport_1': 20, 'Vertiport_2': 20, 'Vertiport_3': 20, 'Vertiport_4': 20, 'Vertiport_5': 20, 'Vertiport_6': 22, 'Vertiport_7': 20, 'Vertiport_8': 17, 'Vertiport_9': 21, 'Vertiport_10': 20}"
32,668.0,222,9870.301255203985,165459.09155945564,"{'Vertiport_1': 20, 'Vertiport_2': 20, 'Vertiport_3': 20, 'Vertiport_4': 20, 'Vertiport_5': 20, 'Vertiport_6': 21, 'Vertiport_7': 19, 'Vertiport_8': 20, 'Vertiport_9': 20, 'Vertiport_10': 20}"
33,702.0,230,9829.585926783991,175288.67748623964,"{'Vertiport_1': 20, 'Vertiport_2': 20, 'Vertiport_3': 20, 'Vertiport_4': 22, 'Vertiport_5': 20, 'Vertiport_6': 20, 'Vertiport_7': 20, 'Vertiport_8': 16, 'Vertiport_9': 22, 'Vertiport_10': 20}"
34,664.0,220,9002.135780247985,184290.81326648762,"{'Vertiport_1': 20, 'Vertiport_2': 20, 'Vertiport_3': 20, 'Vertiport_4': 21, 'Vertiport_5': 20, 'Vertiport_6': 19, 'Vertiport_7': 20, 'Vertiport_8': 20, 'Vertiport_9': 20, 'Vertiport_10': 20}"
35,604.0,200,8481.010171939966,192771.8234384276,"{'Vertiport_1': 20, 'Vertiport_2': 20, 'Vertiport_3': 20, 'Vertiport_4': 20, 'Vertiport_5': 20, 'Vertiport_6': 20, 'Vertiport_7': 19, 'Vertiport_8': 21, 'Vertiport_9': 20, 'Vertiport_10': 20}"
36,697.0,229,9838.71002386,202610.5334622876,"{'Vertiport_1': 20, 'Vertiport_2': 20, 'Vertiport_3': 20, 'Vertiport_4': 23, 'Vertiport_5': 20, 'Vertiport_6': 20, 'Vertiport_7': 19, 'Vertiport_8': 18, 'Vertiport_9': 20, 'Vertiport_10': 20}"
37,740.0,244,10394.050396695995,213004.5838589836,"{'Vertiport_1': 20, 'Vertiport_2': 20, 'Vertiport_3': 20, 'Vertiport_4': 20, 'Vertiport_5': 20, 'Vertiport_6': 23, 'Vertiport_7': 19, 'Vertiport_8': 17, 'Vertiport_9': 21, 'Vertiport_10': 20}"
38,668.0,222,9942.013994531997,222946.5978535156,"{'Vertiport_1': 20, 'Vertiport_2': 20, 'Vertiport_3': 20, 'Vertiport_4': 20, 'Vertiport_5': 20, 'Vertiport_6': 20, 'Vertiport_7': 20, 'Vertiport_8': 19, 'Vertiport_9': 21, 'Vertiport_10': 20}"
39,703.0,231,9319.043154871983,232265.64100838758,"{'Vertiport_1': 20, 'Vertiport_2': 20, 'Vertiport_3': 20, 'Vertiport_4': 23, 'Vertiport_5': 20, 'Vertiport_6': 22, 'Vertiport_7': 20, 'Vertiport_8': 15, 'Vertiport_9': 20, 'Vertiport_10': 20}"
40,686.0,228,10049.753600295988,242315.39460868356,"{'Vertiport_1': 20, 'Vertiport_2': 20, 'Vertiport_3': 20, 'Vertiport_4': 21, 'Vertiport_5': 20, 'Vertiport_6': 20, 'Vertiport_7': 20, 'Vertiport_8': 19, 'Vertiport_9': 20, 'Vertiport_10': 20}"
41,722.0,240,10076.164117547982,252391.55872623154,"{'Vertiport_1': 20, 'Vertiport_2': 20, 'Vertiport_3': 20, 'Vertiport_4': 20, 'Vertiport_5': 20, 'Vertiport_6': 21, 'Vertiport_7': 19, 'Vertiport_8': 20, 'Vertiport_9': 20, 'Vertiport_10': 20}"
42,675.0,223,9718.515410775988,262110.07413700753,"{'Vertiport_1': 20, 'Vertiport_2': 20, 'Vertiport_3': 20, 'Vertiport_4': 20, 'Vertiport_5': 20, 'Vertiport_6': 21, 'Vertiport_7': 20, 'Vertiport_8': 19, 'Vertiport_9': 20, 'Vertiport_10': 20}"
43,704.0,234,9759.758617767979,271869.83275477553,"{'Vertiport_1': 20, 'Vertiport_2': 20, 'Vertiport_3': 20, 'Vertiport_4': 21, 'Vertiport_5': 20, 'Vertiport_6': 20, 'Vertiport_7': 20, 'Vertiport_8': 19, 'Vertiport_9': 20, 'Vertiport_10': 20}"
44,698.0,230,9648.776871983984,281518.60962675954,"{'Vertiport_1': 20, 'Vertiport_2': 20, 'Vertiport_3': 20, 'Vertiport_4': 22, 'Vertiport_5': 20, 'Vertiport_6': 18, 'Vertiport_7': 20, 'Vertiport_8': 20, 'Vertiport_9': 20, 'Vertiport_10': 20}"
45,704.0,234,9954.314113959983,291472.9237407195,"{'Vertiport_1': 20, 'Vertiport_2': 20, 'Vertiport_3': 20, 'Vertiport_4': 20, 'Vertiport_5': 20, 'Vertiport_6': 21, 'Vertiport_7': 20, 'Vertiport_8': 19, 'Vertiport_9': 20, 'Vertiport_10': 20}"
46,715.0,237,9931.730984487982,301404.6547252075,"{'Vertiport_1': 20, 'Vertiport_2': 20, 'Vertiport_3': 20, 'Vertiport_4': 21, 'Vertiport_5': 20, 'Vertiport_6': 19, 'Vertiport_7': 20, 'Vertiport_8': 20, 'Vertiport_9': 20, 'Vertiport_10': 20}"
47,792.0,264,11062.223480495993,312466.87820570346,"{'Vertiport_1': 20, 'Vertiport_2': 20, 'Vertiport_3': 20, 'Vertiport_4': 20, 'Vertiport_5': 20, 'Vertiport_6': 20, 'Vertiport_7': 20, 'Vertiport_8': 20, 'Vertiport_9': 20, 'Vertiport_10': 20}"
48,707.0,235,10606.822462719985,323073.70066842344,"{'Vertiport_1': 20, 'Vertiport_2': 20, 'Vertiport_3': 20, 'Vertiport_4': 20, 'Vertiport_5': 20, 'Vertiport_6': 19, 'Vertiport_7': 20, 'Vertiport_8': 21, 'Vertiport_9': 20, 'Vertiport_10': 20}"
49,676.0,222,9699.158916779987,332772.8595852034,"{'Vertiport_1': 20, 'Vertiport_2': 20, 'Vertiport_3': 20, 'Vertiport_4': 20, 'Vertiport_5': 20, 'Vertiport_6': 19, 'Vertiport_7': 19, 'Vertiport_8': 22, 'Vertiport_9': 20, 'Vertiport_10': 20}"
50,655.0,217,9180.25175765598,341953.1113428594,"{'Vertiport_1': 20, 'Vertiport_2': 20, 'Vertiport_3': 20, 'Vertiport_4': 21, 'Vertiport_5': 20, 'Vertiport_6': 21, 'Vertiport_7': 20, 'Vertiport_8': 18, 'Vertiport_9': 20, 'Vertiport_10': 20}"
51,697.0,229,9749.84648165598,351702.95782451535,"{'Vertiport_1': 20, 'Vertiport_2': 20, 'Vertiport_3': 19, 'Vertiport_4': 20, 'Vertiport_5': 20, 'Vertiport_6': 20, 'Vertiport_7': 20, 'Vertiport_8': 20, 'Vertiport_9': 20, 'Vertiport_10': 21}"
52,593.0,195,7774.681961351963,359477.6397858673,"{'Vertiport_1': 20, 'Vertiport_2': 20, 'Vertiport_3': 21, 'Vertiport_4': 21, 'Vertiport_5': 20, 'Vertiport_6': 22, 'Vertiport_7': 20, 'Vertiport_8': 17, 'Vertiport_9': 20, 'Vertiport_10': 19}"
53,606.0,198,8061.597085679965,367539.23687154724,"{'Vertiport_1': 20, 'Vertiport_2': 20, 'Vertiport_3': 20, 'Vertiport_4': 22, 'Vertiport_5': 20, 'Vertiport_6': 22, 'Vertiport_7': 18, 'Vertiport_8': 16, 'Vertiport_9': 22, 'Vertiport_10': 20}"
54,602.0,200,8858.707314391982,376397.9441859392,"{'Vertiport_1': 20, 'Vertiport_2': 20, 'Vertiport_3': 20, 'Vertiport_4': 20, 'Vertiport_5': 20, 'Vertiport_6': 21, 'Vertiport_7': 20, 'Vertiport_8': 19, 'Vertiport_9': 20, 'Vertiport_10': 20}"
55,589.0,195,8260.110947591967,384658.05513353116,"{'Vertiport_1': 20, 'Vertiport_2': 20, 'Vertiport_3': 20, 'Vertiport_4': 22, 'Vertiport_5': 20, 'Vertiport_6': 20, 'Vertiport_7': 20, 'Vertiport_8': 18, 'Vertiport_9': 20, 'Vertiport_10': 20}"
56,530.0,176,7636.824549039973,392294.87968257116,"{'Vertiport_1': 20, 'Vertiport_2': 20, 'Vertiport_3': 20, 'Vertiport_4': 20, 'Vertiport_5': 20, 'Vertiport_6': 21, 'Vertiport_7': 20, 'Vertiport_8': 19, 'Vertiport_9': 20, 'Vertiport_10': 20}"
57,632.0,210,8870.584423471973,401165.46410604316,"{'Vertiport_1': 20, 'Vertiport_2': 20, 'Vertiport_3': 20, 'Vertiport_4': 20, 'Vertiport_5': 20, 'Vertiport_6': 21, 'Vertiport_7': 20, 'Vertiport_8': 19, 'Vertiport_9': 20, 'Vertiport_10': 20}"
58,836.0,278,11303.007469483982,412468.47157552716,"{'Vertiport_1': 20, 'Vertiport_2': 20, 'Vertiport_3': 20, 'Vertiport_4': 20, 'Vertiport_5': 20, 'Vertiport_6': 21, 'Vertiport_7': 19, 'Vertiport_8': 20, 'Vertiport_9': 20, 'Vertiport_10': 20}"
59,783.0,261,11198.943741391995,423667.41531691916,"{'Vertiport_1': 20, 'Vertiport_2': 20, 'Vertiport_3': 20, 'Vertiport_4': 20, 'Vertiport_5': 20, 'Vertiport_6': 20, 'Vertiport_7': 20, 'Vertiport_8': 20, 'Vertiport_9': 20, 'Vertiport_10': 20}"
60,911.0,301,13052.771988064002,436720.18730498315,"{'Vertiport_1': 20, 'Vertiport_2': 20, 'Vertiport_3': 19, 'Vertiport_4': 21, 'Vertiport_5': 20, 'Vertiport_6': 22, 'Vertiport_7': 20, 'Vertiport_8': 17, 'Vertiport_9': 20, 'Vertiport_10': 21}"
61,987.0,327,13609.820254548005,450330.00755953114,"{'Vertiport_1': 20, 'Vertiport_2': 20, 'Vertiport_3': 20, 'Vertiport_4': 22, 'Vertiport_5': 20, 'Vertiport_6': 20, 'Vertiport_7': 20, 'Vertiport_8': 17, 'Vertiport_9': 21, 'Vertiport_10': 20}"
62,965.0,321,13698.298183744007,464028.30574327515,"{'Vertiport_1': 20, 'Vertiport_2': 20, 'Vertiport_3': 20, 'Vertiport_4': 21, 'Vertiport_5': 20, 'Vertiport_6': 20, 'Vertiport_7': 20, 'Vertiport_8': 19, 'Vertiport_9': 20, 'Vertiport_10': 20}"
63,919.0,303,12737.02768106399,476765.33342433913,"{'Vertiport_1': 20, 'Vertiport_2': 20, 'Vertiport_3': 19, 'Vertiport_4': 22, 'Vertiport_5': 20, 'Vertiport_6': 22, 'Vertiport_7': 20, 'Vertiport_8': 16, 'Vertiport_9': 20, 'Vertiport_10': 21}"
64,976.0,324,13951.663697252005,490716.9971215911,"{'Vertiport_1': 20, 'Vertiport_2': 20, 'Vertiport_3': 20, 'Vertiport_4': 21, 'Vertiport_5': 20, 'Vertiport_6': 20, 'Vertiport_7': 20, 'Vertiport_8': 18, 'Vertiport_9': 21, 'Vertiport_10': 20}"
65,1149.0,381,16293.586526720012,507010.58364831115,"{'Vertiport_1': 20, 'Vertiport_2': 20, 'Vertiport_3': 20, 'Vertiport_4': 21, 'Vertiport_5': 20, 'Vertiport_6': 20, 'Vertiport_7': 20, 'Vertiport_8': 19, 'Vertiport_9': 20, 'Vertiport_10': 20}"
66,1129.0,375,15743.059175952014,522753.64282426314,"{'Vertiport_1': 20, 'Vertiport_2': 20, 'Vertiport_3': 20, 'Vertiport_4': 22, 'Vertiport_5': 20, 'Vertiport_6': 20, 'Vertiport_7': 20, 'Vertiport_8': 18, 'Vertiport_9': 20, 'Vertiport_10': 20}"
67,1176.0,390,16111.956005040016,538865.5988293032,"{'Vertiport_1': 20, 'Vertiport_2': 20, 'Vertiport_3': 19, 'Vertiport_4': 20, 'Vertiport_5': 20, 'Vertiport_6': 22, 'Vertiport_7': 20, 'Vertiport_8': 18, 'Vertiport_9': 20, 'Vertiport_10': 21}"
68,1251.0,415,17719.13673316802,556584.7355624712,"{'Vertiport_1': 20, 'Vertiport_2': 20, 'Vertiport_3': 20, 'Vertiport_4': 21, 'Vertiport_5': 20, 'Vertiport_6': 20, 'Vertiport_7': 20, 'Vertiport_8': 19, 'Vertiport_9': 20, 'Vertiport_10': 20}"
69,1160.0,384,16213.274841992015,572798.0104044633,"{'Vertiport_1': 20, 'Vertiport_2': 20, 'Vertiport_3': 22, 'Vertiport_4': 21, 'Vertiport_5': 20, 'Vertiport_6': 21, 'Vertiport_7': 20, 'Vertiport_8': 18, 'Vertiport_9': 20, 'Vertiport_10': 18}"
70,1191.0,395,16334.515029440023,589132.5254339033,"{'Vertiport_1': 20, 'Vertiport_2': 20, 'Vertiport_3': 19, 'Vertiport_4': 22, 'Vertiport_5': 20, 'Vertiport_6': 20, 'Vertiport_7': 20, 'Vertiport_8': 18, 'Vertiport_9': 20, 'Vertiport_10': 21}"
71,1200.0,398,17296.16810949603,606428.6935433993,"{'Vertiport_1': 20, 'Vertiport_2': 20, 'Vertiport_3': 18, 'Vertiport_4': 21, 'Vertiport_5': 20, 'Vertiport_6': 20, 'Vertiport_7': 20, 'Vertiport_8': 19, 'Vertiport_9': 20, 'Vertiport_10': 22}"
72,1262.0,418,17659.903653972025,624088.5971973713,"{'Vertiport_1': 20, 'Vertiport_2': 20, 'Vertiport_3': 19, 'Vertiport_4': 20, 'Vertiport_5': 20, 'Vertiport_6': 22, 'Vertiport_7': 20, 'Vertiport_8': 17, 'Vertiport_9': 21, 'Vertiport_10': 21}"
73,1197.0,399,16794.46118128801,640883.0583786593,"{'Vertiport_1': 20, 'Vertiport_2': 20, 'Vertiport_3': 20, 'Vertiport_4': 20, 'Vertiport_5': 20, 'Vertiport_6': 20, 'Vertiport_7': 20, 'Vertiport_8': 20, 'Vertiport_9': 20, 'Vertiport_10': 20}"
74,1216.0,404,17307.94901963203,658191.0073982914,"{'Vertiport_1': 20, 'Vertiport_2': 20, 'Vertiport_3': 20, 'Vertiport_4': 21, 'Vertiport_5': 20, 'Vertiport_6': 21, 'Vertiport_7': 20, 'Vertiport_8': 18, 'Vertiport_9': 20, 'Vertiport_10': 20}"
75,1236.0,410,16834.845869360015,675025.8532676514,"{'Vertiport_1': 20, 'Vertiport_2': 20, 'Vertiport_3': 20, 'Vertiport_4': 20, 'Vertiport_5': 20, 'Vertiport_6': 21, 'Vertiport_7': 20, 'Vertiport_8': 19, 'Vertiport_9': 20, 'Vertiport_10': 20}"
76,1255.0,415,17179.41522862401,692205.2684962754,"{'Vertiport_1': 20, 'Vertiport_2': 20, 'Vertiport_3': 22, 'Vertiport_4': 21, 'Vertiport_5': 20, 'Vertiport_6': 22, 'Vertiport_7': 20, 'Vertiport_8': 17, 'Vertiport_9': 20, 'Vertiport_10': 18}"
77,1300.0,428,18013.738166272036,710219.0066625475,"{'Vertiport_1': 20, 'Vertiport_2': 20, 'Vertiport_3': 21, 'Vertiport_4': 24, 'Vertiport_5': 20, 'Vertiport_6': 23, 'Vertiport_7': 20, 'Vertiport_8': 13, 'Vertiport_9': 20, 'Vertiport_10': 19}"
78,1232.0,408,16972.133035940034,727191.1396984875,"{'Vertiport_1': 20, 'Vertiport_2': 20, 'Vertiport_3': 20, 'Vertiport_4': 21, 'Vertiport_5': 20, 'Vertiport_6': 22, 'Vertiport_7': 20, 'Vertiport_8': 16, 'Vertiport_9': 21, 'Vertiport_10': 20}"
79,1261.0,419,17982.278153304025,745173.4178517915,"{'Vertiport_1': 20, 'Vertiport_2': 20, 'Vertiport_3': 21, 'Vertiport_4': 21, 'Vertiport_5': 20, 'Vertiport_6': 20, 'Vertiport_7': 20, 'Vertiport_8': 19, 'Vertiport_9': 20, 'Vertiport_10': 19}"
80,1320.0,438,18048.262000088034,763221.6798518795,"{'Vertiport_1': 20, 'Vertiport_2': 20, 'Vertiport_3': 19, 'Vertiport_4': 21, 'Vertiport_5': 20, 'Vertiport_6': 21, 'Vertiport_7': 20, 'Vertiport_8': 18, 'Vertiport_9': 20, 'Vertiport_10': 21}"
81,1360.0,452,18602.071534040017,781823.7513859195,"{'Vertiport_1': 20, 'Vertiport_2': 20, 'Vertiport_3': 20, 'Vertiport_4': 21, 'Vertiport_5': 20, 'Vertiport_6': 21, 'Vertiport_7': 20, 'Vertiport_8': 18, 'Vertiport_9': 20, 'Vertiport_10': 20}"
82,1401.0,465,20425.987701792023,802249.7390877116,"{'Vertiport_1': 20, 'Vertiport_2': 20, 'Vertiport_3': 19, 'Vertiport_4': 20, 'Vertiport_5': 20, 'Vertiport_6': 20, 'Vertiport_7': 20, 'Vertiport_8': 18, 'Vertiport_9': 22, 'Vertiport_10': 21}"
83,1445.0,481,20936.584744208005,823186.3238319196,"{'Vertiport_1': 20, 'Vertiport_2': 20, 'Vertiport_3': 20, 'Vertiport_4': 21, 'Vertiport_5': 20, 'Vertiport_6': 20, 'Vertiport_7': 20, 'Vertiport_8': 19, 'Vertiport_9': 20, 'Vertiport_10': 20}"
84,1260.0,418,17284.665099892038,840470.9889318116,"{'Vertiport_1': 20, 'Vertiport_2': 20, 'Vertiport_3': 21, 'Vertiport_4': 21, 'Vertiport_5': 20, 'Vertiport_6': 20, 'Vertiport_7': 20, 'Vertiport_8': 18, 'Vertiport_9': 21, 'Vertiport_10': 19}"
85,1243.0,411,17860.316974664027,858331.3059064756,"{'Vertiport_1': 20, 'Vertiport_2': 20, 'Vertiport_3': 19, 'Vertiport_4': 22, 'Vertiport_5': 20, 'Vertiport_6': 20, 'Vertiport_7': 20, 'Vertiport_8': 18, 'Vertiport_9': 20, 'Vertiport_10': 21}"
86,1263.0,419,17315.027557368026,875646.3334638437,"{'Vertiport_1': 20, 'Vertiport_2': 20, 'Vertiport_3': 20, 'Vertiport_4': 20, 'Vertiport_5': 20, 'Vertiport_6': 21, 'Vertiport_7': 20, 'Vertiport_8': 19, 'Vertiport_9': 20, 'Vertiport_10': 20}"
87,1293.0,431,17871.101132720025,893517.4345965637,"{'Vertiport_1': 20, 'Vertiport_2': 20, 'Vertiport_3': 20, 'Vertiport_4': 20, 'Vertiport_5': 20, 'Vertiport_6': 20, 'Vertiport_7': 20, 'Vertiport_8': 20, 'Vertiport_9': 20, 'Vertiport_10': 20}"
88,1221.0,405,16943.133060120024,910460.5676566837,"{'Vertiport_1': 20, 'Vertiport_2': 20, 'Vertiport_3': 20, 'Vertiport_4': 20, 'Vertiport_5': 20, 'Vertiport_6': 21, 'Vertiport_7': 20, 'Vertiport_8': 19, 'Vertiport_9': 20, 'Vertiport_10': 20}"
89,1105.0,367,15030.32846354401,925490.8961202278,"{'Vertiport_1': 20, 'Vertiport_2': 20, 'Vertiport_3': 20, 'Vertiport_4': 20, 'Vertiport_5': 20, 'Vertiport_6': 20, 'Vertiport_7': 20, 'Vertiport_8': 18, 'Vertiport_9': 22, 'Vertiport_10': 20}"
90,1079.0,357,15550.394789788004,941041.2909100158,"{'Vertiport_1': 20, 'Vertiport_2': 20, 'Vertiport_3': 19, 'Vertiport_4': 20, 'Vertiport_5': 20, 'Vertiport_6': 20, 'Vertiport_7': 20, 'Vertiport_8': 19, 'Vertiport_9': 21, 'Vertiport_10': 21}"
91,1089.0,363,15986.187364400013,957027.4782744158,"{'Vertiport_1': 20, 'Vertiport_2': 20, 'Vertiport_3': 20, 'Vertiport_4': 20, 'Vertiport_5': 20, 'Vertiport_6': 20, 'Vertiport_7': 20, 'Vertiport_8': 20, 'Vertiport_9': 20, 'Vertiport_10': 20}"
92,1219.0,403,17679.84361939602,974707.3218938118,"{'Vertiport_1': 20, 'Vertiport_2': 20, 'Vertiport_3': 17, 'Vertiport_4': 21, 'Vertiport_5': 20, 'Vertiport_6': 20, 'Vertiport_7': 20, 'Vertiport_8': 18, 'Vertiport_9': 21, 'Vertiport_10': 23}"
93,1068.0,354,15710.880983672012,990418.2028774838,"{'Vertiport_1': 20, 'Vertiport_2': 20, 'Vertiport_3': 19, 'Vertiport_4': 21, 'Vertiport_5': 20, 'Vertiport_6': 21, 'Vertiport_7': 20, 'Vertiport_8': 18, 'Vertiport_9': 20, 'Vertiport_10': 21}"
94,947.0,311,13635.40554458001,1004053.6084220638,"{'Vertiport_1': 20, 'Vertiport_2': 20, 'Vertiport_3': 19, 'Vertiport_4': 22, 'Vertiport_5': 20, 'Vertiport_6': 21, 'Vertiport_7': 20, 'Vertiport_8': 16, 'Vertiport_9': 21, 'Vertiport_10': 21}"
95,698.0,230,9705.340000871987,1013758.9484229358,"{'Vertiport_1': 20, 'Vertiport_2': 20, 'Vertiport_3': 19, 'Vertiport_4': 20, 'Vertiport_5': 20, 'Vertiport_6': 21, 'Vertiport_7': 20, 'Vertiport_8': 19, 'Vertiport_9': 20, 'Vertiport_10': 21}"
96,547.0,181,7408.064747591973,1021167.0131705278,"{'Vertiport_1': 20, 'Vertiport_2': 20, 'Vertiport_3': 20, 'Vertiport_4': 22, 'Vertiport_5': 20, 'Vertiport_6': 20, 'Vertiport_7': 20, 'Vertiport_8': 18, 'Vertiport_9': 20, 'Vertiport_10': 20}"
97,433.0,143,5749.064552823982,1026916.0777233518,"{'Vertiport_1': 20, 'Vertiport_2': 20, 'Vertiport_3': 20, 'Vertiport_4': 20, 'Vertiport_5': 20, 'Vertiport_6': 20, 'Vertiport_7': 20, 'Vertiport_8': 20, 'Vertiport_9': 20, 'Vertiport_10': 20}"
98,359.0,119,4939.792971207991,1031855.8706945598,"{'Vertiport_1': 20, 'Vertiport_2': 20, 'Vertiport_3': 20, 'Vertiport_4': 21, 'Vertiport_5': 20, 'Vertiport_6': 20, 'Vertiport_7': 20, 'Vertiport_8': 19, 'Vertiport_9': 20, 'Vertiport_10': 20}"
99,361.0,119,5869.941183671984,1037725.8118782317,"{'Vertiport_1': 20, 'Vertiport_2': 20, 'Vertiport_3': 19, 'Vertiport_4': 21, 'Vertiport_5': 20, 'Vertiport_6': 20, 'Vertiport_7': 20, 'Vertiport_8': 19, 'Vertiport_9': 20, 'Vertiport_10': 21}"
100,264.0,88,3889.4136455679986,1041615.2255237997,"{'Vertiport_1': 20, 'Vertiport_2': 20, 'Vertiport_3': 20, 'Vertiport_4': 20, 'Vertiport_5': 20, 'Vertiport_6': 20, 'Vertiport_7': 20, 'Vertiport_8': 20, 'Vertiport_9': 20, 'Vertiport_10': 20}"
101,255.0,85,3998.887552399997,1045614.1130761997,"{'Vertiport_1': 20, 'Vertiport_2': 20, 'Vertiport_3': 20, 'Vertiport_4': 20, 'Vertiport_5': 20, 'Vertiport_6': 20, 'Vertiport_7': 20, 'Vertiport_8': 20, 'Vertiport_9': 20, 'Vertiport_10': 20}"
102,216.0,72,3332.393552143999,1048946.5066283436,"{'Vertiport_1': 20, 'Vertiport_2': 20, 'Vertiport_3': 20, 'Vertiport_4': 20, 'Vertiport_5': 20, 'Vertiport_6': 20, 'Vertiport_7': 20, 'Vertiport_8': 20, 'Vertiport_9': 20, 'Vertiport_10': 20}"
103,214.0,70,3064.830539107999,1052011.3371674516,"{'Vertiport_1': 20, 'Vertiport_2': 20, 'Vertiport_3': 20, 'Vertiport_4': 21, 'Vertiport_5': 20, 'Vertiport_6': 20, 'Vertiport_7': 20, 'Vertiport_8': 18, 'Vertiport_9': 21, 'Vertiport_10': 20}"
104,238.0,78,3659.728310371997,1055671.0654778236,"{'Vertiport_1': 20, 'Vertiport_2': 20, 'Vertiport_3': 19, 'Vertiport_4': 20, 'Vertiport_5': 20, 'Vertiport_6': 20, 'Vertiport_7': 20, 'Vertiport_8': 19, 'Vertiport_9': 21, 'Vertiport_10': 21}"
105,153.0,51,2231.964962496,1057903.0304403196,"{'Vertiport_1': 20, 'Vertiport_2': 20, 'Vertiport_3': 20, 'Vertiport_4': 20, 'Vertiport_5': 20, 'Vertiport_6': 20, 'Vertiport_7': 20, 'Vertiport_8': 20, 'Vertiport_9': 20, 'Vertiport_10': 20}"
106,185.0,61,2542.5053437759993,1060445.5357840955,"{'Vertiport_1': 20, 'Vertiport_2': 20, 'Vertiport_3': 20, 'Vertiport_4': 20, 'Vertiport_5': 20, 'Vertiport_6': 21, 'Vertiport_7': 20, 'Vertiport_8': 19, 'Vertiport_9': 20, 'Vertiport_10': 20}"
107,179.0,59,2738.4359826399996,1063183.9717667354,"{'Vertiport_1': 20, 'Vertiport_2': 20, 'Vertiport_3': 19, 'Vertiport_4': 20, 'Vertiport_5': 20, 'Vertiport_6': 20, 'Vertiport_7': 20, 'Vertiport_8': 20, 'Vertiport_9': 20, 'Vertiport_10': 21}"
108,214.0,70,3064.211750343999,1066248.1835170793,"{'Vertiport_1': 20, 'Vertiport_2': 20, 'Vertiport_3': 20, 'Vertiport_4': 20, 'Vertiport_5': 20, 'Vertiport_6': 22, 'Vertiport_7': 20, 'Vertiport_8': 18, 'Vertiport_9': 20, 'Vertiport_10': 20}"
109,247.0,81,3288.9215391439984,1069537.1050562232,"{'Vertiport_1': 20, 'Vertiport_2': 20, 'Vertiport_3': 21, 'Vertiport_4': 20, 'Vertiport_5': 20, 'Vertiport_6': 21, 'Vertiport_7': 20, 'Vertiport_8': 19, 'Vertiport_9': 20, 'Vertiport_10': 19}"
110,328.0,108,4579.019454987992,1074116.1245112112,"{'Vertiport_1': 20, 'Vertiport_2': 20, 'Vertiport_3': 20, 'Vertiport_4': 21, 'Vertiport_5': 20, 'Vertiport_6': 20, 'Vertiport_7': 20, 'Vertiport_8': 18, 'Vertiport_9': 21, 'Vertiport_10': 20}"
111,424.0,140,6305.412665931979,1080421.5371771432,"{'Vertiport_1': 20, 'Vertiport_2': 20, 'Vertiport_3': 20, 'Vertiport_4': 21, 'Vertiport_5': 20, 'Vertiport_6': 20, 'Vertiport_7': 20, 'Vertiport_8': 18, 'Vertiport_9': 21, 'Vertiport_10': 20}"
112,476.0,158,6824.318644715978,1087245.855821859,"{'Vertiport_1': 20, 'Vertiport_2': 20, 'Vertiport_3': 20, 'Vertiport_4': 20, 'Vertiport_5': 20, 'Vertiport_6': 20, 'Vertiport_7': 20, 'Vertiport_8': 19, 'Vertiport_9': 21, 'Vertiport_10': 20}"
113,529.0,175,7445.891814911973,1094691.747636771,"{'Vertiport_1': 20, 'Vertiport_2': 20, 'Vertiport_3': 19, 'Vertiport_4': 21, 'Vertiport_5': 20, 'Vertiport_6': 20, 'Vertiport_7': 20, 'Vertiport_8': 19, 'Vertiport_9': 20, 'Vertiport_10': 21}"
114,641.0,213,8856.800816831974,1103548.548453603,"{'Vertiport_1': 20, 'Vertiport_2': 20, 'Vertiport_3': 20, 'Vertiport_4': 20, 'Vertiport_5': 20, 'Vertiport_6': 21, 'Vertiport_7': 20, 'Vertiport_8': 19, 'Vertiport_9': 20, 'Vertiport_10': 20}"
115,755.0,249,10088.76518590398,1113637.313639507,"{'Vertiport_1': 20, 'Vertiport_2': 20, 'Vertiport_3': 20, 'Vertiport_4': 21, 'Vertiport_5': 20, 'Vertiport_6': 23, 'Vertiport_7': 20, 'Vertiport_8': 16, 'Vertiport_9': 20, 'Vertiport_10': 20}"
116,741.0,247,10006.443553815989,1123643.757193323,"{'Vertiport_1': 20, 'Vertiport_2': 20, 'Vertiport_3': 20, 'Vertiport_4': 20, 'Vertiport_5': 20, 'Vertiport_6': 20, 'Vertiport_7': 20, 'Vertiport_8': 20, 'Vertiport_9': 20, 'Vertiport_10': 20}"
117,761.0,251,10337.545841983985,1133981.303035307,"{'Vertiport_1': 20, 'Vertiport_2': 20, 'Vertiport_3': 21, 'Vertiport_4': 22, 'Vertiport_5': 20, 'Vertiport_6': 21, 'Vertiport_7': 20, 'Vertiport_8': 17, 'Vertiport_9': 20, 'Vertiport_10': 19}"
118,737.0,245,9955.542823679982,1143936.845858987,"{'Vertiport_1': 20, 'Vertiport_2': 20, 'Vertiport_3': 20, 'Vertiport_4': 21, 'Vertiport_5': 20, 'Vertiport_6': 20, 'Vertiport_7': 20, 'Vertiport_8': 19, 'Vertiport_9': 20, 'Vertiport_10': 20}"
119,765.0,253,10376.180465291984,1154313.026324279,"{'Vertiport_1': 20, 'Vertiport_2': 20, 'Vertiport_3': 20, 'Vertiport_4': 21, 'Vertiport_5': 20, 'Vertiport_6': 21, 'Vertiport_7': 20, 'Vertiport_8': 17, 'Vertiport_9': 21, 'Vertiport_10': 20}"
120,723.0,239,9935.340453379984,1164248.366777659,"{'Vertiport_1': 20, 'Vertiport_2': 20, 'Vertiport_3': 19, 'Vertiport_4': 21, 'Vertiport_5': 20, 'Vertiport_6': 20, 'Vertiport_7': 20, 'Vertiport_8': 18, 'Vertiport_9': 21, 'Vertiport_10': 21}"
121,623.0,207,8871.186313455986,1173119.5530911149,"{'Vertiport_1': 20, 'Vertiport_2': 20, 'Vertiport_3': 19, 'Vertiport_4': 20, 'Vertiport_5': 20, 'Vertiport_6': 20, 'Vertiport_7': 20, 'Vertiport_8': 20, 'Vertiport_9': 20, 'Vertiport_10': 21}"
122,616.0,204,8925.241937127983,1182044.7950282427,"{'Vertiport_1': 20, 'Vertiport_2': 20, 'Vertiport_3': 21, 'Vertiport_4': 20, 'Vertiport_5': 20, 'Vertiport_6': 21, 'Vertiport_7': 20, 'Vertiport_8': 19, 'Vertiport_9': 20, 'Vertiport_10': 19}"
123,637.0,211,8837.760859363974,1190882.5558876067,"{'Vertiport_1': 20, 'Vertiport_2': 20, 'Vertiport_3': 20, 'Vertiport_4': 21, 'Vertiport_5': 20, 'Vertiport_6': 20, 'Vertiport_7': 20, 'Vertiport_8': 18, 'Vertiport_9': 21, 'Vertiport_10': 20}"
124,633.0,209,9000.981603407978,1199883.5374910147,"{'Vertiport_1': 20, 'Vertiport_2': 20, 'Vertiport_3': 20, 'Vertiport_4': 22, 'Vertiport_5': 20, 'Vertiport_6': 21, 'Vertiport_7': 20, 'Vertiport_8': 17, 'Vertiport_9': 20, 'Vertiport_10': 20}"
125,543.0,179,7305.521183843973,1207189.0586748587,"{'Vertiport_1': 20, 'Vertiport_2': 20, 'Vertiport_3': 21, 'Vertiport_4': 20, 'Vertiport_5': 20, 'Vertiport_6': 21, 'Vertiport_7': 20, 'Vertiport_8': 18, 'Vertiport_9': 21, 'Vertiport_10': 19}"
126,599.0,197,8552.897326359971,1215741.9560012186,"{'Vertiport_1': 20, 'Vertiport_2': 20, 'Vertiport_3': 19, 'Vertiport_4': 22, 'Vertiport_5': 20, 'Vertiport_6': 21, 'Vertiport_7': 20, 'Vertiport_8': 17, 'Vertiport_9': 20, 'Vertiport_10': 21}"
127,693.0,229,10098.425562547985,1225840.3815637666,"{'Vertiport_1': 20, 'Vertiport_2': 20, 'Vertiport_3': 20, 'Vertiport_4': 22, 'Vertiport_5': 20, 'Vertiport_6': 20, 'Vertiport_7': 20, 'Vertiport_8': 17, 'Vertiport_9': 21, 'Vertiport_10': 20}"
128,678.0,224,9736.966544135985,1235577.3481079026,"{'Vertiport_1': 20, 'Vertiport_2': 20, 'Vertiport_3': 19, 'Vertiport_4': 21, 'Vertiport_5': 20, 'Vertiport_6': 21, 'Vertiport_7': 20, 'Vertiport_8': 18, 'Vertiport_9': 20, 'Vertiport_10': 21}"
129,751.0,249,10604.109441627976,1246181.4575495305,"{'Vertiport_1': 20, 'Vertiport_2': 20, 'Vertiport_3': 21, 'Vertiport_4': 20, 'Vertiport_5': 20, 'Vertiport_6': 20, 'Vertiport_7': 20, 'Vertiport_8': 19, 'Vertiport_9': 21, 'Vertiport_10': 19}"
130,737.0,243,10292.186163879993,1256473.6437134105,"{'Vertiport_1': 20, 'Vertiport_2': 20, 'Vertiport_3': 20, 'Vertiport_4': 20, 'Vertiport_5': 20, 'Vertiport_6': 22, 'Vertiport_7': 20, 'Vertiport_8': 18, 'Vertiport_9': 20, 'Vertiport_10': 20}"
131,783.0,261,11417.072195143983,1267890.7159085544,"{'Vertiport_1': 20, 'Vertiport_2': 20, 'Vertiport_3': 20, 'Vertiport_4': 20, 'Vertiport_5': 20, 'Vertiport_6': 20, 'Vertiport_7': 20, 'Vertiport_8': 20, 'Vertiport_9': 20, 'Vertiport_10': 20}"
132,783.0,259,11435.19892345999,1279325.9148320144,"{'Vertiport_1': 20, 'Vertiport_2': 20, 'Vertiport_3': 19, 'Vertiport_4': 20, 'Vertiport_5': 20, 'Vertiport_6': 21, 'Vertiport_7': 20, 'Vertiport_8': 18, 'Vertiport_9': 21, 'Vertiport_10': 21}"
133,766.0,252,10880.99022762399,1290206.9050596384,"{'Vertiport_1': 20, 'Vertiport_2': 20, 'Vertiport_3': 16, 'Vertiport_4': 20, 'Vertiport_5': 20, 'Vertiport_6': 21, 'Vertiport_7': 20, 'Vertiport_8': 19, 'Vertiport_9': 20, 'Vertiport_10': 24}"
134,730.0,242,9742.614966535984,1299949.5200261744,"{'Vertiport_1': 20, 'Vertiport_2': 20, 'Vertiport_3': 20, 'Vertiport_4': 20, 'Vertiport_5': 20, 'Vertiport_6': 22, 'Vertiport_7': 20, 'Vertiport_8': 18, 'Vertiport_9': 20, 'Vertiport_10': 20}"
135,708.0,234,10095.044873751987,1310044.5648999263,"{'Vertiport_1': 20, 'Vertiport_2': 20, 'Vertiport_3': 22, 'Vertiport_4': 20, 'Vertiport_5': 20, 'Vertiport_6': 21, 'Vertiport_7': 20, 'Vertiport_8': 19, 'Vertiport_9': 20, 'Vertiport_10': 18}"
136,743.0,245,10328.547713687989,1320373.1126136142,"{'Vertiport_1': 20, 'Vertiport_2': 20, 'Vertiport_3': 19, 'Vertiport_4': 21, 'Vertiport_5': 20, 'Vertiport_6': 22, 'Vertiport_7': 20, 'Vertiport_8': 17, 'Vertiport_9': 20, 'Vertiport_10': 21}"
137,802.0,264,11721.112211439991,1332094.2248250542,"{'Vertiport_1': 20, 'Vertiport_2': 20, 'Vertiport_3': 19, 'Vertiport_4': 22, 'Vertiport_5': 20, 'Vertiport_6': 20, 'Vertiport_7': 20, 'Vertiport_8': 18, 'Vertiport_9': 20, 'Vertiport_10': 21}"
138,751.0,247,10087.565088819985,1342181.7899138741,"{'Vertiport_1': 20, 'Vertiport_2': 20, 'Vertiport_3': 19, 'Vertiport_4': 21, 'Vertiport_5': 20, 'Vertiport_6': 22, 'Vertiport_7': 20, 'Vertiport_8': 16, 'Vertiport_9': 21, 'Vertiport_10': 21}"
139,672.0,222,9712.13704064798,1351893.926954522,"{'Vertiport_1': 20, 'Vertiport_2': 20, 'Vertiport_3': 19, 'Vertiport_4': 20, 'Vertiport_5': 20, 'Vertiport_6': 20, 'Vertiport_7': 20, 'Vertiport_8': 20, 'Vertiport_9': 20, 'Vertiport_10': 21}"
140,798.0,264,11893.31443603999,1363787.241390562,"{'Vertiport_1': 20, 'Vertiport_2': 20, 'Vertiport_3': 21, 'Vertiport_4': 20, 'Vertiport_5': 20, 'Vertiport_6': 20, 'Vertiport_7': 20, 'Vertiport_8': 20, 'Vertiport_9': 20, 'Vertiport_10': 19}"
141,763.0,251,11169.899283151997,1374957.140673714,"{'Vertiport_1': 20, 'Vertiport_2': 20, 'Vertiport_3': 22, 'Vertiport_4': 20, 'Vertiport_5': 20, 'Vertiport_6': 21, 'Vertiport_7': 20, 'Vertiport_8': 17, 'Vertiport_9': 22, 'Vertiport_10': 18}"
142,748.0,248,10933.706930519997,1385890.847604234,"{'Vertiport_1': 20, 'Vertiport_2': 20, 'Vertiport_3': 22, 'Vertiport_4': 20, 'Vertiport_5': 20, 'Vertiport_6': 20, 'Vertiport_7': 20, 'Vertiport_8': 20, 'Vertiport_9': 20, 'Vertiport_10': 18}"
143,804.0,266,10622.388995975993,1396513.23660021,"{'Vertiport_1': 20, 'Vertiport_2': 20, 'Vertiport_3': 20, 'Vertiport_4': 21, 'Vertiport_5': 20, 'Vertiport_6': 22, 'Vertiport_7': 20, 'Vertiport_8': 17, 'Vertiport_9': 20, 'Vertiport_10': 20}"
144,824.0,272,11573.188227591989,1408086.424827802,"{'Vertiport_1': 20, 'Vertiport_2': 20, 'Vertiport_3': 20, 'Vertiport_4': 22, 'Vertiport_5': 20, 'Vertiport_6': 20, 'Vertiport_7': 20, 'Vertiport_8': 18, 'Vertiport_9': 20, 'Vertiport_10': 20}"
145,674.0,222,9564.903563067981,1417651.32839087,"{'Vertiport_1': 20, 'Vertiport_2': 20, 'Vertiport_3': 21, 'Vertiport_4': 21, 'Vertiport_5': 20, 'Vertiport_6': 21, 'Vertiport_7': 20, 'Vertiport_8': 17, 'Vertiport_9': 21, 'Vertiport_10': 19}"
146,667.0,221,9546.95542345198,1427198.283814322,"{'Vertiport_1': 20, 'Vertiport_2': 20, 'Vertiport_3': 20, 'Vertiport_4': 21, 'Vertiport_5': 20, 'Vertiport_6': 20, 'Vertiport_7': 20, 'Vertiport_8': 18, 'Vertiport_9': 21, 'Vertiport_10': 20}"
147,734.0,244,10241.789156279987,1437440.072970602,"{'Vertiport_1': 20, 'Vertiport_2': 20, 'Vertiport_3': 20, 'Vertiport_4': 21, 'Vertiport_5': 20, 'Vertiport_6': 20, 'Vertiport_7': 20, 'Vertiport_8': 19, 'Vertiport_9': 20, 'Vertiport_10': 20}"
148,689.0,229,9406.886064215985,1446846.959034818,"{'Vertiport_1': 20, 'Vertiport_2': 20, 'Vertiport_3': 20, 'Vertiport_4': 21, 'Vertiport_5': 20, 'Vertiport_6': 20, 'Vertiport_7': 20, 'Vertiport_8': 19, 'Vertiport_9': 20, 'Vertiport_10': 20}"
149,677.0,225,9172.34190149598,1456019.300936314,"{'Vertiport_1': 20, 'Vertiport_2': 20, 'Vertiport_3': 21, 'Vertiport_4': 20, 'Vertiport_5': 20, 'Vertiport_6': 20, 'Vertiport_7': 20, 'Vertiport_8': 20, 'Vertiport_9': 20, 'Vertiport_10': 19}"
150,630.0,210,8863.152033759976,1464882.452970074,"{'Vertiport_1': 20, 'Vertiport_2': 20, 'Vertiport_3': 20, 'Vertiport_4': 20, 'Vertiport_5': 20, 'Vertiport_6': 20, 'Vertiport_7': 20, 'Vertiport_8': 20, 'Vertiport_9': 20, 'Vertiport_10': 20}"
151,683.0,227,9454.808396615981,1474337.26136669,"{'Vertiport_1': 20, 'Vertiport_2': 20, 'Vertiport_3': 20, 'Vertiport_4': 21, 'Vertiport_5': 20, 'Vertiport_6': 20, 'Vertiport_7': 20, 'Vertiport_8': 19, 'Vertiport_9': 20, 'Vertiport_10': 20}"
152,536.0,178,7969.077887135969,1482306.339253826,"{'Vertiport_1': 20, 'Vertiport_2': 20, 'Vertiport_3': 20, 'Vertiport_4': 20, 'Vertiport_5': 20, 'Vertiport_6': 21, 'Vertiport_7': 20, 'Vertiport_8': 19, 'Vertiport_9': 20, 'Vertiport_10': 20}"
153,591.0,195,7892.187219531964,1490198.526473358,"{'Vertiport_1': 20, 'Vertiport_2': 20, 'Vertiport_3': 20, 'Vertiport_4': 21, 'Vertiport_5': 20, 'Vertiport_6': 21, 'Vertiport_7': 20, 'Vertiport_8': 17, 'Vertiport_9': 21, 'Vertiport_10': 20}"
154,631.0,209,9225.21448167197,1499423.74095503,"{'Vertiport_1': 20, 'Vertiport_2': 20, 'Vertiport_3': 20, 'Vertiport_4': 21, 'Vertiport_5': 20, 'Vertiport_6': 21, 'Vertiport_7': 20, 'Vertiport_8': 18, 'Vertiport_9': 20, 'Vertiport_10': 20}"
155,688.0,228,9910.70555980799,1509334.4465148381,"{'Vertiport_1': 20, 'Vertiport_2': 20, 'Vertiport_3': 20, 'Vertiport_4': 20, 'Vertiport_5': 20, 'Vertiport_6': 22, 'Vertiport_7': 20, 'Vertiport_8': 18, 'Vertiport_9': 20, 'Vertiport_10': 20}"
156,781.0,259,11101.730569351981,1520436.17708419,"{'Vertiport_1': 20, 'Vertiport_2': 20, 'Vertiport_3': 20, 'Vertiport_4': 21, 'Vertiport_5': 20, 'Vertiport_6': 21, 'Vertiport_7': 20, 'Vertiport_8': 18, 'Vertiport_9': 20, 'Vertiport_10': 20}"
157,745.0,247,10294.771075903986,1530730.948160094,"{'Vertiport_1': 20, 'Vertiport_2': 20, 'Vertiport_3': 19, 'Vertiport_4': 21, 'Vertiport_5': 20, 'Vertiport_6': 20, 'Vertiport_7': 20, 'Vertiport_8': 19, 'Vertiport_9': 20, 'Vertiport_10': 21}"
158,825.0,273,11763.90085355999,1542494.849013654,"{'Vertiport_1': 20, 'Vertiport_2': 20, 'Vertiport_3': 18, 'Vertiport_4': 20, 'Vertiport_5': 20, 'Vertiport_6': 21, 'Vertiport_7': 20, 'Vertiport_8': 19, 'Vertiport_9': 20, 'Vertiport_10': 22}"
159,835.0,277,11814.705624155995,1554309.55463781,"{'Vertiport_1': 20, 'Vertiport_2': 20, 'Vertiport_3': 20, 'Vertiport_4': 21, 'Vertiport_5': 20, 'Vertiport_6': 20, 'Vertiport_7': 20, 'Vertiport_8': 18, 'Vertiport_9': 21, 'Vertiport_10': 20}"
160,860.0,284,12697.449603603996,1567007.004241414,"{'Vertiport_1': 20, 'Vertiport_2': 20, 'Vertiport_3': 22, 'Vertiport_4': 20, 'Vertiport_5': 20, 'Vertiport_6': 21, 'Vertiport_7': 20, 'Vertiport_8': 18, 'Vertiport_9': 21, 'Vertiport_10': 18}"
161,891.0,297,13221.788190536006,1580228.7924319499,"{'Vertiport_1': 20, 'Vertiport_2': 20, 'Vertiport_3': 20, 'Vertiport_4': 20, 'Vertiport_5': 20, 'Vertiport_6': 20, 'Vertiport_7': 20, 'Vertiport_8': 20, 'Vertiport_9': 20, 'Vertiport_10': 20}"
162,864.0,286,12085.795829419994,1592314.5882613698,"{'Vertiport_1': 20, 'Vertiport_2': 20, 'Vertiport_3': 21, 'Vertiport_4': 20, 'Vertiport_5': 20, 'Vertiport_6': 21, 'Vertiport_7': 20, 'Vertiport_8': 18, 'Vertiport_9': 21, 'Vertiport_10': 19}"
163,781.0,259,11325.232204351982,1603639.820465722,"{'Vertiport_1': 20, 'Vertiport_2': 20, 'Vertiport_3': 20, 'Vertiport_4': 20, 'Vertiport_5': 20, 'Vertiport_6': 22, 'Vertiport_7': 20, 'Vertiport_8': 18, 'Vertiport_9': 20, 'Vertiport_10': 20}"
164,950.0,316,13263.397541484004,1616903.218007206,"{'Vertiport_1': 20, 'Vertiport_2': 20, 'Vertiport_3': 20, 'Vertiport_4': 20, 'Vertiport_5': 20, 'Vertiport_6': 20, 'Vertiport_7': 20, 'Vertiport_8': 19, 'Vertiport_9': 21, 'Vertiport_10': 20}"
165,859.0,285,11847.59516863599,1628750.813175842,"{'Vertiport_1': 20, 'Vertiport_2': 20, 'Vertiport_3': 20, 'Vertiport_4': 21, 'Vertiport_5': 20, 'Vertiport_6': 20, 'Vertiport_7': 20, 'Vertiport_8': 18, 'Vertiport_9': 21, 'Vertiport_10': 20}"
166,796.0,262,10807.504805679995,1639558.3179815218,"{'Vertiport_1': 20, 'Vertiport_2': 20, 'Vertiport_3': 21, 'Vertiport_4': 23, 'Vertiport_5': 20, 'Vertiport_6': 21, 'Vertiport_7': 20, 'Vertiport_8': 16, 'Vertiport_9': 20, 'Vertiport_10': 19}"
167,794.0,262,11942.291519843993,1651500.6095013658,"{'Vertiport_1': 20, 'Vertiport_2': 20, 'Vertiport_3': 19, 'Vertiport_4': 20, 'Vertiport_5': 20, 'Vertiport_6': 20, 'Vertiport_7': 20, 'Vertiport_8': 19, 'Vertiport_9': 21, 'Vertiport_10': 21}"
168,779.0,257,11486.739641767987,1662987.3491431337,"{'Vertiport_1': 20, 'Vertiport_2': 20, 'Vertiport_3': 20, 'Vertiport_4': 22, 'Vertiport_5': 20, 'Vertiport_6': 22, 'Vertiport_7': 20, 'Vertiport_8': 16, 'Vertiport_9': 20, 'Vertiport_10': 20}"
169,818.0,270,11987.586336411989,1674974.9354795457,"{'Vertiport_1': 20, 'Vertiport_2': 20, 'Vertiport_3': 21, 'Vertiport_4': 20, 'Vertiport_5': 20, 'Vertiport_6': 20, 'Vertiport_7': 20, 'Vertiport_8': 19, 'Vertiport_9': 21, 'Vertiport_10': 19}"
170,786.0,260,11955.225133008014,1686930.1606125538,"{'Vertiport_1': 20, 'Vertiport_2': 20, 'Vertiport_3': 18, 'Vertiport_4': 21, 'Vertiport_5': 20, 'Vertiport_6': 20, 'Vertiport_7': 20, 'Vertiport_8': 19, 'Vertiport_9': 20, 'Vertiport_10': 22}"
171,778.0,256,10592.292663355976,1697522.4532759099,"{'Vertiport_1': 20, 'Vertiport_2': 20, 'Vertiport_3': 19, 'Vertiport_4': 23, 'Vertiport_5': 20, 'Vertiport_6': 20, 'Vertiport_7': 20, 'Vertiport_8': 16, 'Vertiport_9': 21, 'Vertiport_10': 21}"
172,811.0,265,12144.371664312006,1709666.8249402218,"{'Vertiport_1': 20, 'Vertiport_2': 20, 'Vertiport_3': 19, 'Vertiport_4': 22, 'Vertiport_5': 20, 'Vertiport_6': 21, 'Vertiport_7': 20, 'Vertiport_8': 17, 'Vertiport_9': 20, 'Vertiport_10': 21}"
173,721.0,237,10252.804759475988,1719919.629699698,"{'Vertiport_1': 20, 'Vertiport_2': 20, 'Vertiport_3': 20, 'Vertiport_4': 20, 'Vertiport_5': 20, 'Vertiport_6': 20, 'Vertiport_7': 20, 'Vertiport_8': 19, 'Vertiport_9': 21, 'Vertiport_10': 20}"
174,779.0,257,11010.017083143988,1730929.646782842,"{'Vertiport_1': 20, 'Vertiport_2': 20, 'Vertiport_3': 18, 'Vertiport_4': 20, 'Vertiport_5': 20, 'Vertiport_6': 22, 'Vertiport_7': 20, 'Vertiport_8': 18, 'Vertiport_9': 20, 'Vertiport_10': 22}"
175,747.0,247,10702.159893983988,1741631.806676826,"{'Vertiport_1': 20, 'Vertiport_2': 20, 'Vertiport_3': 22, 'Vertiport_4': 20, 'Vertiport_5': 20, 'Vertiport_6': 21, 'Vertiport_7': 20, 'Vertiport_8': 19, 'Vertiport_9': 20, 'Vertiport_10': 18}"
176,716.0,236,10711.001942691983,1752342.808619518,"{'Vertiport_1': 20, 'Vertiport_2': 20, 'Vertiport_3': 19, 'Vertiport_4': 20, 'Vertiport_5': 20, 'Vertiport_6': 20, 'Vertiport_7': 20, 'Vertiport_8': 19, 'Vertiport_9': 21, 'Vertiport_10': 21}"
177,706.0,232,10112.837553843978,1762455.6461733622,"{'Vertiport_1': 20, 'Vertiport_2': 20, 'Vertiport_3': 19, 'Vertiport_4': 22, 'Vertiport_5': 20, 'Vertiport_6': 21, 'Vertiport_7': 20, 'Vertiport_8': 16, 'Vertiport_9': 21, 'Vertiport_10': 21}"
178,650.0,212,9509.284319511986,1771964.9304928742,"{'Vertiport_1': 20, 'Vertiport_2': 20, 'Vertiport_3': 17, 'Vertiport_4': 23, 'Vertiport_5': 20, 'Vertiport_6': 21, 'Vertiport_7': 20, 'Vertiport_8': 16, 'Vertiport_9': 20, 'Vertiport_10': 23}"
179,522.0,172,7730.079406891969,1779695.0098997662,"{'Vertiport_1': 20, 'Vertiport_2': 20, 'Vertiport_3': 21, 'Vertiport_4': 20, 'Vertiport_5': 20, 'Vertiport_6': 21, 'Vertiport_7': 20, 'Vertiport_8': 18, 'Vertiport_9': 21, 'Vertiport_10': 19}"
180,473.0,155,6489.413213087975,1786184.4231128541,"{'Vertiport_1': 20, 'Vertiport_2': 20, 'Vertiport_3': 20, 'Vertiport_4': 24, 'Vertiport_5': 20, 'Vertiport_6': 20, 'Vertiport_7': 20, 'Vertiport_8': 16, 'Vertiport_9': 20, 'Vertiport_10': 20}"
181,450.0,148,6580.7678805479745,1792765.1909934022,"{'Vertiport_1': 20, 'Vertiport_2': 20, 'Vertiport_3': 20, 'Vertiport_4': 22, 'Vertiport_5': 20, 'Vertiport_6': 20, 'Vertiport_7': 20, 'Vertiport_8': 17, 'Vertiport_9': 21, 'Vertiport_10': 20}"
182,498.0,166,7156.604218151969,1799921.795211554,"{'Vertiport_1': 20, 'Vertiport_2': 20, 'Vertiport_3': 20, 'Vertiport_4': 20, 'Vertiport_5': 20, 'Vertiport_6': 20, 'Vertiport_7': 20, 'Vertiport_8': 20, 'Vertiport_9': 20, 'Vertiport_10': 20}"
183,500.0,164,7367.156535599974,1807288.9517471541,"{'Vertiport_1': 20, 'Vertiport_2': 20, 'Vertiport_3': 18, 'Vertiport_4': 20, 'Vertiport_5': 20, 'Vertiport_6': 20, 'Vertiport_7': 20, 'Vertiport_8': 18, 'Vertiport_9': 22, 'Vertiport_10': 22}"
184,435.0,143,6666.8678260359775,1813955.81957319,"{'Vertiport_1': 20, 'Vertiport_2': 20, 'Vertiport_3': 20, 'Vertiport_4': 22, 'Vertiport_5': 20, 'Vertiport_6': 20, 'Vertiport_7': 20, 'Vertiport_8': 17, 'Vertiport_9': 21, 'Vertiport_10': 20}"
185,345.0,113,5021.368074559987,1818977.1876477501,"{'Vertiport_1': 20, 'Vertiport_2': 20, 'Vertiport_3': 20, 'Vertiport_4': 22, 'Vertiport_5': 20, 'Vertiport_6': 21, 'Vertiport_7': 20, 'Vertiport_8': 17, 'Vertiport_9': 20, 'Vertiport_10': 20}"
186,277.0,91,4068.234861407995,1823045.422509158,"{'Vertiport_1': 20, 'Vertiport_2': 20, 'Vertiport_3': 19, 'Vertiport_4': 21, 'Vertiport_5': 20, 'Vertiport_6': 20, 'Vertiport_7': 20, 'Vertiport_8': 19, 'Vertiport_9': 20, 'Vertiport_10': 21}"
187,316.0,104,4698.494545231993,1827743.91705439,"{'Vertiport_1': 20, 'Vertiport_2': 20, 'Vertiport_3': 18, 'Vertiport_4': 20, 'Vertiport_5': 20, 'Vertiport_6': 20, 'Vertiport_7': 20, 'Vertiport_8': 20, 'Vertiport_9': 20, 'Vertiport_10': 22}"
188,332.0,110,5150.209189839988,1832894.12624423,"{'Vertiport_1': 20, 'Vertiport_2': 20, 'Vertiport_3': 20, 'Vertiport_4': 21, 'Vertiport_5': 20, 'Vertiport_6': 20, 'Vertiport_7': 20, 'Vertiport_8': 19, 'Vertiport_9': 20, 'Vertiport_10': 20}"
189,296.0,98,3842.834472631996,1836736.960716862,"{'Vertiport_1': 20, 'Vertiport_2': 20, 'Vertiport_3': 19, 'Vertiport_4': 20, 'Vertiport_5': 20, 'Vertiport_6': 20, 'Vertiport_7': 20, 'Vertiport_8': 20, 'Vertiport_9': 20, 'Vertiport_10': 21}"
190,240.0,80,3886.8408921039972,1840623.801608966,"{'Vertiport_1': 20, 'Vertiport_2': 20, 'Vertiport_3': 20, 'Vertiport_4': 20, 'Vertiport_5': 20, 'Vertiport_6': 20, 'Vertiport_7': 20, 'Vertiport_8': 20, 'Vertiport_9': 20, 'Vertiport_10': 20}"
191,146.0,48,2278.555813532,1842902.357422498,"{'Vertiport_1': 20, 'Vertiport_2': 20, 'Vertiport_3': 20, 'Vertiport_4': 20, 'Vertiport_5': 20, 'Vertiport_6': 20, 'Vertiport_7': 20, 'Vertiport_8': 19, 'Vertiport_9': 21, 'Vertiport_10': 20}"
192,103.0,33,1559.75048912,1844462.107911618,"{'Vertiport_1': 20, 'Vertiport_2': 20, 'Vertiport_3': 19, 'Vertiport_4': 20, 'Vertiport_5': 20, 'Vertiport_6': 21, 'Vertiport_7': 20, 'Vertiport_8': 19, 'Vertiport_9': 20, 'Vertiport_10': 21}"
193,126.0,42,1767.5563463600004,1846229.6642579779,"{'Vertiport_1': 20, 'Vertiport_2': 20, 'Vertiport_3': 20, 'Vertiport_4': 20, 'Vertiport_5': 20, 'Vertiport_6': 20, 'Vertiport_7': 20, 'Vertiport_8': 20, 'Vertiport_9': 20, 'Vertiport_10': 20}"
194,120.0,40,1922.1514359200005,1848151.815693898,"{'Vertiport_1': 20, 'Vertiport_2': 20, 'Vertiport_3': 20, 'Vertiport_4': 20, 'Vertiport_5': 20, 'Vertiport_6': 20, 'Vertiport_7': 20, 'Vertiport_8': 20, 'Vertiport_9': 20, 'Vertiport_10': 20}"
195,132.0,44,1893.079337848,1850044.8950317458,"{'Vertiport_1': 20, 'Vertiport_2': 20, 'Vertiport_3': 20, 'Vertiport_4': 20, 'Vertiport_5': 20, 'Vertiport_6': 20, 'Vertiport_7': 20, 'Vertiport_8': 20, 'Vertiport_9': 20, 'Vertiport_10': 20}"
196,145.0,47,1969.146493692,1852014.0415254377,"{'Vertiport_1': 20, 'Vertiport_2': 20, 'Vertiport_3': 20, 'Vertiport_4': 21, 'Vertiport_5': 20, 'Vertiport_6': 20, 'Vertiport_7': 20, 'Vertiport_8': 18, 'Vertiport_9': 21, 'Vertiport_10': 20}"
197,141.0,47,2288.0061210639997,1854302.0476465018,"{'Vertiport_1': 20, 'Vertiport_2': 20, 'Vertiport_3': 20, 'Vertiport_4': 20, 'Vertiport_5': 20, 'Vertiport_6': 20, 'Vertiport_7': 20, 'Vertiport_8': 20, 'Vertiport_9': 20, 'Vertiport_10': 20}"
198,167.0,55,2675.3527338599997,1856977.4003803618,"{'Vertiport_1': 20, 'Vertiport_2': 20, 'Vertiport_3': 20, 'Vertiport_4': 20, 'Vertiport_5': 20, 'Vertiport_6': 20, 'Vertiport_7': 20, 'Vertiport_8': 19, 'Vertiport_9': 21, 'Vertiport_10': 20}"
199,210.0,70,3233.3863136239993,1860210.7866939858,"{'Vertiport_1': 20, 'Vertiport_2': 20, 'Vertiport_3': 20, 'Vertiport_4': 20, 'Vertiport_5': 20, 'Vertiport_6': 20, 'Vertiport_7': 20, 'Vertiport_8': 20, 'Vertiport_9': 20, 'Vertiport_10': 20}"
200,199.0,65,2913.4233840399984,1863124.2100780257,"{'Vertiport_1': 20, 'Vertiport_2': 20, 'Vertiport_3': 20, 'Vertiport_4': 22, 'Vertiport_5': 20, 'Vertiport_6': 20, 'Vertiport_7': 20, 'Vertiport_8': 18, 'Vertiport_9': 20, 'Vertiport_10': 20}"
201,156.0,52,2748.2592334000005,1865872.4693114257,"{'Vertiport_1': 20, 'Vertiport_2': 20, 'Vertiport_3': 20, 'Vertiport_4': 20, 'Vertiport_5': 20, 'Vertiport_6': 20, 'Vertiport_7': 20, 'Vertiport_8': 20, 'Vertiport_9': 20, 'Vertiport_10': 20}"
202,204.0,68,3056.422662607999,1868928.8919740338,"{'Vertiport_1': 20, 'Vertiport_2': 20, 'Vertiport_3': 20, 'Vertiport_4': 20, 'Vertiport_5': 20, 'Vertiport_6': 20, 'Vertiport_7': 20, 'Vertiport_8': 20, 'Vertiport_9': 20, 'Vertiport_10': 20}"
203,256.0,84,3498.6669204319987,1872427.5588944657,"{'Vertiport_1': 20, 'Vertiport_2': 20, 'Vertiport_3': 20, 'Vertiport_4': 20, 'Vertiport_5': 20, 'Vertiport_6': 22, 'Vertiport_7': 20, 'Vertiport_8': 18, 'Vertiport_9': 20, 'Vertiport_10': 20}"
204,319.0,105,4433.496380167991,1876861.0552746337,"{'Vertiport_1': 20, 'Vertiport_2': 20, 'Vertiport_3': 20, 'Vertiport_4': 22, 'Vertiport_5': 20, 'Vertiport_6': 20, 'Vertiport_7': 20, 'Vertiport_8': 18, 'Vertiport_9': 20, 'Vertiport_10': 20}"
205,324.0,108,4689.488296175993,1881550.5435708098,"{'Vertiport_1': 20, 'Vertiport_2': 20, 'Vertiport_3': 20, 'Vertiport_4': 20, 'Vertiport_5': 20, 'Vertiport_6': 20, 'Vertiport_7': 20, 'Vertiport_8': 20, 'Vertiport_9': 20, 'Vertiport_10': 20}"
206,331.0,109,4599.236365975993,1886149.7799367858,"{'Vertiport_1': 20, 'Vertiport_2': 20, 'Vertiport_3': 20, 'Vertiport_4': 21, 'Vertiport_5': 20, 'Vertiport_6': 21, 'Vertiport_7': 20, 'Vertiport_8': 18, 'Vertiport_9': 20, 'Vertiport_10': 20}"
207,382.0,126,6333.202130199977,1892482.9820669857,"{'Vertiport_1': 20, 'Vertiport_2': 20, 'Vertiport_3': 20, 'Vertiport_4': 22, 'Vertiport_5': 20, 'Vertiport_6': 20, 'Vertiport_7': 20, 'Vertiport_8': 18, 'Vertiport_9': 20, 'Vertiport_10': 20}"
208,436.0,144,6468.231433535977,1898951.2135005216,"{'Vertiport_1': 20, 'Vertiport_2': 20, 'Vertiport_3': 20, 'Vertiport_4': 21, 'Vertiport_5': 20, 'Vertiport_6': 21, 'Vertiport_7': 20, 'Vertiport_8': 18, 'Vertiport_9': 20, 'Vertiport_10': 20}"
209,421.0,139,6204.35589287598,1905155.5693933975,"{'Vertiport_1': 20, 'Vertiport_2': 20, 'Vertiport_3': 20, 'Vertiport_4': 20, 'Vertiport_5': 20, 'Vertiport_6': 21, 'Vertiport_7': 20, 'Vertiport_8': 18, 'Vertiport_9': 21, 'Vertiport_10': 20}"
210,454.0,150,6768.107991931976,1911923.6773853295,"{'Vertiport_1': 20, 'Vertiport_2': 20, 'Vertiport_3': 20, 'Vertiport_4': 20, 'Vertiport_5': 20, 'Vertiport_6': 21, 'Vertiport_7': 20, 'Vertiport_8': 18, 'Vertiport_9': 21, 'Vertiport_10': 20}"
211,503.0,167,7180.204125055972,1919103.8815103855,"{'Vertiport_1': 20, 'Vertiport_2': 20, 'Vertiport_3': 20, 'Vertiport_4': 21, 'Vertiport_5': 20, 'Vertiport_6': 20, 'Vertiport_7': 20, 'Vertiport_8': 19, 'Vertiport_9': 20, 'Vertiport_10': 20}"
212,614.0,204,9245.465444063982,1928349.3469544495,"{'Vertiport_1': 20, 'Vertiport_2': 20, 'Vertiport_3': 20, 'Vertiport_4': 20, 'Vertiport_5': 20, 'Vertiport_6': 21, 'Vertiport_7': 20, 'Vertiport_8': 19, 'Vertiport_9': 20, 'Vertiport_10': 20}"
213,575.0,191,8757.233446423981,1937106.5804008734,"{'Vertiport_1': 20, 'Vertiport_2': 20, 'Vertiport_3': 20, 'Vertiport_4': 20, 'Vertiport_5': 20, 'Vertiport_6': 21, 'Vertiport_7': 20, 'Vertiport_8': 19, 'Vertiport_9': 20, 'Vertiport_10': 20}"
214,629.0,209,9482.455818807988,1946589.0362196814,"{'Vertiport_1': 20, 'Vertiport_2': 20, 'Vertiport_3': 20, 'Vertiport_4': 20, 'Vertiport_5': 20, 'Vertiport_6': 21, 'Vertiport_7': 20, 'Vertiport_8': 19, 'Vertiport_9': 20, 'Vertiport_10': 20}"
215,662.0,220,9660.657702247976,1956249.6939219295,"{'Vertiport_1': 20, 'Vertiport_2': 20, 'Vertiport_3': 20, 'Vertiport_4': 21, 'Vertiport_5': 20, 'Vertiport_6': 20, 'Vertiport_7': 20, 'Vertiport_8': 19, 'Vertiport_9': 20, 'Vertiport_10': 20}"
216,740.0,246,10533.626291175982,1966783.3202131055,"{'Vertiport_1': 20, 'Vertiport_2': 20, 'Vertiport_3': 20, 'Vertiport_4': 21, 'Vertiport_5': 20, 'Vertiport_6': 20, 'Vertiport_7': 20, 'Vertiport_8': 19, 'Vertiport_9': 20, 'Vertiport_10': 20}"
217,753.0,251,11049.654322095988,1977832.9745352014,"{'Vertiport_1': 20, 'Vertiport_2': 20, 'Vertiport_3': 20, 'Vertiport_4': 20, 'Vertiport_5': 20, 'Vertiport_6': 20, 'Vertiport_7': 20, 'Vertiport_8': 20, 'Vertiport_9': 20, 'Vertiport_10': 20}"
218,657.0,219,9037.10835551997,1986870.0828907215,"{'Vertiport_1': 20, 'Vertiport_2': 20, 'Vertiport_3': 20, 'Vertiport_4': 20, 'Vertiport_5': 20, 'Vertiport_6': 20, 'Vertiport_7': 20, 'Vertiport_8': 20, 'Vertiport_9': 20, 'Vertiport_10': 20}"
219,657.0,219,9713.913062447975,1996583.9959531694,"{'Vertiport_1': 20, 'Vertiport_2': 20, 'Vertiport_3': 20, 'Vertiport_4': 20, 'Vertiport_5': 20, 'Vertiport_6': 20, 'Vertiport_7': 20, 'Vertiport_8': 20, 'Vertiport_9': 20, 'Vertiport_10': 20}"
220,702.0,234,9854.951374287979,2006438.9473274574,"{'Vertiport_1': 20, 'Vertiport_2': 20, 'Vertiport_3': 20, 'Vertiport_4': 20, 'Vertiport_5': 20, 'Vertiport_6': 20, 'Vertiport_7': 20, 'Vertiport_8': 20, 'Vertiport_9': 20, 'Vertiport_10': 20}"
221,780.0,260,11382.87900021599,2017821.8263276734,"{'Vertiport_1': 20, 'Vertiport_2': 20, 'Vertiport_3': 20, 'Vertiport_4': 20, 'Vertiport_5': 20, 'Vertiport_6': 20, 'Vertiport_7': 20, 'Vertiport_8': 20, 'Vertiport_9': 20, 'Vertiport_10': 20}"
222,630.0,210,9296.494112343975,2027118.3204400174,"{'Vertiport_1': 20, 'Vertiport_2': 20, 'Vertiport_3': 20, 'Vertiport_4': 20, 'Vertiport_5': 20, 'Vertiport_6': 20, 'Vertiport_7': 20, 'Vertiport_8': 20, 'Vertiport_9': 20, 'Vertiport_10': 20}"
223,618.0,206,8053.946684167962,2035172.2671241853,"{'Vertiport_1': 20, 'Vertiport_2': 20, 'Vertiport_3': 20, 'Vertiport_4': 20, 'Vertiport_5': 20, 'Vertiport_6': 20, 'Vertiport_7': 20, 'Vertiport_8': 20, 'Vertiport_9': 20, 'Vertiport_10': 20}"
224,681.0,227,10018.950768327984,2045191.2178925134,"{'Vertiport_1': 20, 'Vertiport_2': 20, 'Vertiport_3': 20, 'Vertiport_4': 20, 'Vertiport_5': 20, 'Vertiport_6': 20, 'Vertiport_7': 20, 'Vertiport_8': 20, 'Vertiport_9': 20, 'Vertiport_10': 20}"
225,651.0,217,9217.312229583971,2054408.5301220973,"{'Vertiport_1': 20, 'Vertiport_2': 20, 'Vertiport_3': 20, 'Vertiport_4': 20, 'Vertiport_5': 20, 'Vertiport_6': 20, 'Vertiport_7': 20, 'Vertiport_8': 20, 'Vertiport_9': 20, 'Vertiport_10': 20}"
226,624.0,208,9122.552864711972,2063531.0829868093,"{'Vertiport_1': 20, 'Vertiport_2': 20, 'Vertiport_3': 20, 'Vertiport_4': 20, 'Vertiport_5': 20, 'Vertiport_6': 20, 'Vertiport_7': 20, 'Vertiport_8': 20, 'Vertiport_9': 20, 'Vertiport_10': 20}"
227,657.0,219,9172.893989447966,2072703.9769762573,"{'Vertiport_1': 20, 'Vertiport_2': 20, 'Vertiport_3': 20, 'Vertiport_4': 20, 'Vertiport_5': 20, 'Vertiport_6': 20, 'Vertiport_7': 20, 'Vertiport_8': 20, 'Vertiport_9': 20, 'Vertiport_10': 20}"
228,696.0,232,9901.554518511984,2082605.5314947693,"{'Vertiport_1': 20, 'Vertiport_2': 20, 'Vertiport_3': 20, 'Vertiport_4': 20, 'Vertiport_5': 20, 'Vertiport_6': 20, 'Vertiport_7': 20, 'Vertiport_8': 20, 'Vertiport_9': 20, 'Vertiport_10': 20}"
229,750.0,250,10703.461638631985,2093308.9931334013,"{'Vertiport_1': 20, 'Vertiport_2': 20, 'Vertiport_3': 20, 'Vertiport_4': 20, 'Vertiport_5': 20, 'Vertiport_6': 20, 'Vertiport_7': 20, 'Vertiport_8': 20, 'Vertiport_9': 20, 'Vertiport_10': 20}"
230,657.0,219,9274.209962311978,2102583.203095713,"{'Vertiport_1': 20, 'Vertiport_2': 20, 'Vertiport_3': 20, 'Vertiport_4': 20, 'Vertiport_5': 20, 'Vertiport_6': 20, 'Vertiport_7': 20, 'Vertiport_8': 20, 'Vertiport_9': 20, 'Vertiport_10': 20}"
231,675.0,225,9552.97721972797,2112136.180315441,"{'Vertiport_1': 20, 'Vertiport_2': 20, 'Vertiport_3': 20, 'Vertiport_4': 20, 'Vertiport_5': 20, 'Vertiport_6': 20, 'Vertiport_7': 20, 'Vertiport_8': 20, 'Vertiport_9': 20, 'Vertiport_10': 20}"
232,621.0,207,9174.72372185598,2121310.904037297,"{'Vertiport_1': 20, 'Vertiport_2': 20, 'Vertiport_3': 20, 'Vertiport_4': 20, 'Vertiport_5': 20, 'Vertiport_6': 20, 'Vertiport_7': 20, 'Vertiport_8': 20, 'Vertiport_9': 20, 'Vertiport_10': 20}"
233,621.0,207,9088.084793751977,2130398.988831049,"{'Vertiport_1': 20, 'Vertiport_2': 20, 'Vertiport_3': 20, 'Vertiport_4': 20, 'Vertiport_5': 20, 'Vertiport_6': 20, 'Vertiport_7': 20, 'Vertiport_8': 20, 'Vertiport_9': 20, 'Vertiport_10': 20}"
234,681.0,227,9798.753673351977,2140197.7425044007,"{'Vertiport_1': 20, 'Vertiport_2': 20, 'Vertiport_3': 20, 'Vertiport_4': 20, 'Vertiport_5': 20, 'Vertiport_6': 20, 'Vertiport_7': 20, 'Vertiport_8': 20, 'Vertiport_9': 20, 'Vertiport_10': 20}"
235,603.0,201,8096.824535871963,2148294.5670402725,"{'Vertiport_1': 20, 'Vertiport_2': 20, 'Vertiport_3': 20, 'Vertiport_4': 20, 'Vertiport_5': 20, 'Vertiport_6': 20, 'Vertiport_7': 20, 'Vertiport_8': 20, 'Vertiport_9': 20, 'Vertiport_10': 20}"
236,636.0,212,8858.523539727974,2157153.0905800005,"{'Vertiport_1': 20, 'Vertiport_2': 20, 'Vertiport_3': 20, 'Vertiport_4': 20, 'Vertiport_5': 20, 'Vertiport_6': 20, 'Vertiport_7': 20, 'Vertiport_8': 20, 'Vertiport_9': 20, 'Vertiport_10': 20}"
237,540.0,180,7297.128501815971,2164450.2190818167,"{'Vertiport_1': 20, 'Vertiport_2': 20, 'Vertiport_3': 20, 'Vertiport_4': 20, 'Vertiport_5': 20, 'Vertiport_6': 20, 'Vertiport_7': 20, 'Vertiport_8': 20, 'Vertiport_9': 20, 'Vertiport_10': 20}"
238,546.0,182,7557.832905999967,2172008.0519878166,"{'Vertiport_1': 20, 'Vertiport_2': 20, 'Vertiport_3': 20, 'Vertiport_4': 20, 'Vertiport_5': 20, 'Vertiport_6': 20, 'Vertiport_7': 20, 'Vertiport_8': 20, 'Vertiport_9': 20, 'Vertiport_10': 20}"
239,612.0,204,8574.79555839197,2180582.8475462086,"{'Vertiport_1': 20, 'Vertiport_2': 20, 'Vertiport_3': 20, 'Vertiport_4': 20, 'Vertiport_5': 20, 'Vertiport_6': 20, 'Vertiport_7': 20, 'Vertiport_8': 20, 'Vertiport_9': 20, 'Vertiport_10': 20}"
240,546.0,182,7922.48488043997,2188505.3324266486,"{'Vertiport_1': 20, 'Vertiport_2': 20, 'Vertiport_3': 20, 'Vertiport_4': 20, 'Vertiport_5': 20, 'Vertiport_6': 20, 'Vertiport_7': 20, 'Vertiport_8': 20, 'Vertiport_9': 20, 'Vertiport_10': 20}"
241,501.0,167,7784.372237335976,2196289.7046639845,"{'Vertiport_1': 20, 'Vertiport_2': 20, 'Vertiport_3': 20, 'Vertiport_4': 20, 'Vertiport_5': 20, 'Vertiport_6': 20, 'Vertiport_7': 20, 'Vertiport_8': 20, 'Vertiport_9': 20, 'Vertiport_10': 20}"
242,504.0,168,7114.908515303971,2203404.6131792883,"{'Vertiport_1': 20, 'Vertiport_2': 20, 'Vertiport_3': 20, 'Vertiport_4': 20, 'Vertiport_5': 20, 'Vertiport_6': 20, 'Vertiport_7': 20, 'Vertiport_8': 20, 'Vertiport_9': 20, 'Vertiport_10': 20}"
243,504.0,168,7249.9414783839775,2210654.5546576725,"{'Vertiport_1': 20, 'Vertiport_2': 20, 'Vertiport_3': 20, 'Vertiport_4': 20, 'Vertiport_5': 20, 'Vertiport_6': 20, 'Vertiport_7': 20, 'Vertiport_8': 20, 'Vertiport_9': 20, 'Vertiport_10': 20}"
244,519.0,173,7352.904367175972,2218007.4590248484,"{'Vertiport_1': 20, 'Vertiport_2': 20, 'Vertiport_3': 20, 'Vertiport_4': 20, 'Vertiport_5': 20, 'Vertiport_6': 20, 'Vertiport_7': 20, 'Vertiport_8': 20, 'Vertiport_9': 20, 'Vertiport_10': 20}"
245,576.0,192,7863.738146303967,2225871.1971711526,"{'Vertiport_1': 20, 'Vertiport_2': 20, 'Vertiport_3': 20, 'Vertiport_4': 20, 'Vertiport_5': 20, 'Vertiport_6': 20, 'Vertiport_7': 20, 'Vertiport_8': 20, 'Vertiport_9': 20, 'Vertiport_10': 20}"
246,531.0,177,7551.068981647971,2233422.2661528005,"{'Vertiport_1': 20, 'Vertiport_2': 20, 'Vertiport_3': 20, 'Vertiport_4': 20, 'Vertiport_5': 20, 'Vertiport_6': 20, 'Vertiport_7': 20, 'Vertiport_8': 20, 'Vertiport_9': 20, 'Vertiport_10': 20}"
247,540.0,180,7676.64684578397,2241098.9129985846,"{'Vertiport_1': 20, 'Vertiport_2': 20, 'Vertiport_3': 20, 'Vertiport_4': 20, 'Vertiport_5': 20, 'Vertiport_6': 20, 'Vertiport_7': 20, 'Vertiport_8': 20, 'Vertiport_9': 20, 'Vertiport_10': 20}"
248,540.0,180,7712.521246287975,2248811.4342448725,"{'Vertiport_1': 20, 'Vertiport_2': 20, 'Vertiport_3': 20, 'Vertiport_4': 20, 'Vertiport_5': 20, 'Vertiport_6': 20, 'Vertiport_7': 20, 'Vertiport_8': 20, 'Vertiport_9': 20, 'Vertiport_10': 20}"
249,573.0,191,8272.530206927968,2257083.9644518006,"{'Vertiport_1': 20, 'Vertiport_2': 20, 'Vertiport_3': 20, 'Vertiport_4': 20, 'Vertiport_5': 20, 'Vertiport_6': 20, 'Vertiport_7': 20, 'Vertiport_8': 20, 'Vertiport_9': 20, 'Vertiport_10': 20}"
250,573.0,191,8063.213912999971,2265147.1783648008,"{'Vertiport_1': 20, 'Vertiport_2': 20, 'Vertiport_3': 20, 'Vertiport_4': 20, 'Vertiport_5': 20, 'Vertiport_6': 20, 'Vertiport_7': 20, 'Vertiport_8': 20, 'Vertiport_9': 20, 'Vertiport_10': 20}"
251,606.0,202,8556.158519055973,2273703.336883857,"{'Vertiport_1': 20, 'Vertiport_2': 20, 'Vertiport_3': 20, 'Vertiport_4': 20, 'Vertiport_5': 20, 'Vertiport_6': 20, 'Vertiport_7': 20, 'Vertiport_8': 20, 'Vertiport_9': 20, 'Vertiport_10': 20}"
252,702.0,234,10329.226498567996,2284032.563382425,"{'Vertiport_1': 20, 'Vertiport_2': 20, 'Vertiport_3': 20, 'Vertiport_4': 20, 'Vertiport_5': 20, 'Vertiport_6': 20, 'Vertiport_7': 20, 'Vertiport_8': 20, 'Vertiport_9': 20, 'Vertiport_10': 20}"
253,669.0,223,9554.965084607975,2293587.528467033,"{'Vertiport_1': 20, 'Vertiport_2': 20, 'Vertiport_3': 20, 'Vertiport_4': 20, 'Vertiport_5': 20, 'Vertiport_6': 20, 'Vertiport_7': 20, 'Vertiport_8': 20, 'Vertiport_9': 20, 'Vertiport_10': 20}"
254,684.0,228,10270.559091327987,2303858.0875583612,"{'Vertiport_1': 20, 'Vertiport_2': 20, 'Vertiport_3': 20, 'Vertiport_4': 20, 'Vertiport_5': 20, 'Vertiport_6': 20, 'Vertiport_7': 20, 'Vertiport_8': 20, 'Vertiport_9': 20, 'Vertiport_10': 20}"
255,726.0,242,10523.060371751997,2314381.147930113,"{'Vertiport_1': 20, 'Vertiport_2': 20, 'Vertiport_3': 20, 'Vertiport_4': 20, 'Vertiport_5': 20, 'Vertiport_6': 20, 'Vertiport_7': 20, 'Vertiport_8': 20, 'Vertiport_9': 20, 'Vertiport_10': 20}"
256,693.0,231,9859.489165791972,2324240.637095905,"{'Vertiport_1': 20, 'Vertiport_2': 20, 'Vertiport_3': 20, 'Vertiport_4': 20, 'Vertiport_5': 20, 'Vertiport_6': 20, 'Vertiport_7': 20, 'Vertiport_8': 20, 'Vertiport_9': 20, 'Vertiport_10': 20}"
257,756.0,252,10379.850925199979,2334620.488021105,"{'Vertiport_1': 20, 'Vertiport_2': 20, 'Vertiport_3': 20, 'Vertiport_4': 20, 'Vertiport_5': 20, 'Vertiport_6': 20, 'Vertiport_7': 20, 'Vertiport_8': 20, 'Vertiport_9': 20, 'Vertiport_10': 20}"
258,762.0,254,10767.685635736001,2345388.1736568413,"{'Vertiport_1': 20, 'Vertiport_2': 20, 'Vertiport_3': 20, 'Vertiport_4': 20, 'Vertiport_5': 20, 'Vertiport_6': 20, 'Vertiport_7': 20, 'Vertiport_8': 20, 'Vertiport_9': 20, 'Vertiport_10': 20}"
259,768.0,256,11250.220756935993,2356638.394413777,"{'Vertiport_1': 20, 'Vertiport_2': 20, 'Vertiport_3': 20, 'Vertiport_4': 20, 'Vertiport_5': 20, 'Vertiport_6': 20, 'Vertiport_7': 20, 'Vertiport_8': 20, 'Vertiport_9': 20, 'Vertiport_10': 20}"
260,774.0,258,10612.900904159995,2367251.295317937,"{'Vertiport_1': 20, 'Vertiport_2': 20, 'Vertiport_3': 20, 'Vertiport_4': 20, 'Vertiport_5': 20, 'Vertiport_6': 20, 'Vertiport_7': 20, 'Vertiport_8': 20, 'Vertiport_9': 20, 'Vertiport_10': 20}"
261,819.0,273,11297.806955215989,2378549.102273153,"{'Vertiport_1': 20, 'Vertiport_2': 20, 'Vertiport_3': 20, 'Vertiport_4': 20, 'Vertiport_5': 20, 'Vertiport_6': 20, 'Vertiport_7': 20, 'Vertiport_8': 20, 'Vertiport_9': 20, 'Vertiport_10': 20}"
262,849.0,283,11113.834982335982,2389662.937255489,"{'Vertiport_1': 20, 'Vertiport_2': 20, 'Vertiport_3': 20, 'Vertiport_4': 20, 'Vertiport_5': 20, 'Vertiport_6': 20, 'Vertiport_7': 20, 'Vertiport_8': 20, 'Vertiport_9': 20, 'Vertiport_10': 20}"
263,819.0,273,11815.50044379999,2401478.437699289,"{'Vertiport_1': 20, 'Vertiport_2': 20, 'Vertiport_3': 20, 'Vertiport_4': 20, 'Vertiport_5': 20, 'Vertiport_6': 20, 'Vertiport_7': 20, 'Vertiport_8': 20, 'Vertiport_9': 20, 'Vertiport_10': 20}"
264,783.0,261,10969.67135064799,2412448.109049937,"{'Vertiport_1': 20, 'Vertiport_2': 20, 'Vertiport_3': 20, 'Vertiport_4': 20, 'Vertiport_5': 20, 'Vertiport_6': 20, 'Vertiport_7': 20, 'Vertiport_8': 20, 'Vertiport_9': 20, 'Vertiport_10': 20}"
265,702.0,234,10413.197822152002,2422861.3068720894,"{'Vertiport_1': 20, 'Vertiport_2': 20, 'Vertiport_3': 20, 'Vertiport_4': 20, 'Vertiport_5': 20, 'Vertiport_6': 20, 'Vertiport_7': 20, 'Vertiport_8': 20, 'Vertiport_9': 20, 'Vertiport_10': 20}"
266,723.0,241,10015.89074750399,2432877.1976195932,"{'Vertiport_1': 20, 'Vertiport_2': 20, 'Vertiport_3': 20, 'Vertiport_4': 20, 'Vertiport_5': 20, 'Vertiport_6': 20, 'Vertiport_7': 20, 'Vertiport_8': 20, 'Vertiport_9': 20, 'Vertiport_10': 20}"
267,699.0,233,10400.194871103982,2443277.392490697,"{'Vertiport_1': 20, 'Vertiport_2': 20, 'Vertiport_3': 20, 'Vertiport_4': 20, 'Vertiport_5': 20, 'Vertiport_6': 20, 'Vertiport_7': 20, 'Vertiport_8': 20, 'Vertiport_9': 20, 'Vertiport_10': 20}"
268,696.0,232,10399.835940807987,2453677.228431505,"{'Vertiport_1': 20, 'Vertiport_2': 20, 'Vertiport_3': 20, 'Vertiport_4': 20, 'Vertiport_5': 20, 'Vertiport_6': 20, 'Vertiport_7': 20, 'Vertiport_8': 20, 'Vertiport_9': 20, 'Vertiport_10': 20}"
269,735.0,245,10781.605988207983,2464458.8344197134,"{'Vertiport_1': 20, 'Vertiport_2': 20, 'Vertiport_3': 20, 'Vertiport_4': 20, 'Vertiport_5': 20, 'Vertiport_6': 20, 'Vertiport_7': 20, 'Vertiport_8': 20, 'Vertiport_9': 20, 'Vertiport_10': 20}"
270,657.0,219,9307.310871647982,2473766.1452913615,"{'Vertiport_1': 20, 'Vertiport_2': 20, 'Vertiport_3': 20, 'Vertiport_4': 20, 'Vertiport_5': 20, 'Vertiport_6': 20, 'Vertiport_7': 20, 'Vertiport_8': 20, 'Vertiport_9': 20, 'Vertiport_10': 20}"
271,639.0,213,8547.630394399977,2482313.7756857616,"{'Vertiport_1': 20, 'Vertiport_2': 20, 'Vertiport_3': 20, 'Vertiport_4': 20, 'Vertiport_5': 20, 'Vertiport_6': 20, 'Vertiport_7': 20, 'Vertiport_8': 20, 'Vertiport_9': 20, 'Vertiport_10': 20}"
272,579.0,193,8240.309201815966,2490554.0848875777,"{'Vertiport_1': 20, 'Vertiport_2': 20, 'Vertiport_3': 20, 'Vertiport_4': 20, 'Vertiport_5': 20, 'Vertiport_6': 20, 'Vertiport_7': 20, 'Vertiport_8': 20, 'Vertiport_9': 20, 'Vertiport_10': 20}"
273,543.0,181,7873.090388903963,2498427.1752764815,"{'Vertiport_1': 20, 'Vertiport_2': 20, 'Vertiport_3': 20, 'Vertiport_4': 20, 'Vertiport_5': 20, 'Vertiport_6': 20, 'Vertiport_7': 20, 'Vertiport_8': 20, 'Vertiport_9': 20, 'Vertiport_10': 20}"
274,552.0,184,7868.12262348797,2506295.2978999694,"{'Vertiport_1': 20, 'Vertiport_2': 20, 'Vertiport_3': 20, 'Vertiport_4': 20, 'Vertiport_5': 20, 'Vertiport_6': 20, 'Vertiport_7': 20, 'Vertiport_8': 20, 'Vertiport_9': 20, 'Vertiport_10': 20}"
275,471.0,157,6849.936380815973,2513145.2342807855,"{'Vertiport_1': 20, 'Vertiport_2': 20, 'Vertiport_3': 20, 'Vertiport_4': 20, 'Vertiport_5': 20, 'Vertiport_6': 20, 'Vertiport_7': 20, 'Vertiport_8': 20, 'Vertiport_9': 20, 'Vertiport_10': 20}"
276,528.0,176,7165.697672511973,2520310.9319532975,"{'Vertiport_1': 20, 'Vertiport_2': 20, 'Vertiport_3': 20, 'Vertiport_4': 20, 'Vertiport_5': 20, 'Vertiport_6': 20, 'Vertiport_7': 20, 'Vertiport_8': 20, 'Vertiport_9': 20, 'Vertiport_10': 20}"
277,423.0,141,6448.8782123359815,2526759.8101656334,"{'Vertiport_1': 20, 'Vertiport_2': 20, 'Vertiport_3': 20, 'Vertiport_4': 20, 'Vertiport_5': 20, 'Vertiport_6': 20, 'Vertiport_7': 20, 'Vertiport_8': 20, 'Vertiport_9': 20, 'Vertiport_10': 20}"
278,369.0,123,5949.033212199982,2532708.8433778333,"{'Vertiport_1': 20, 'Vertiport_2': 20, 'Vertiport_3': 20, 'Vertiport_4': 20, 'Vertiport_5': 20, 'Vertiport_6': 20, 'Vertiport_7': 20, 'Vertiport_8': 20, 'Vertiport_9': 20, 'Vertiport_10': 20}"
279,321.0,107,4798.959328567988,2537507.8027064013,"{'Vertiport_1': 20, 'Vertiport_2': 20, 'Vertiport_3': 20, 'Vertiport_4': 20, 'Vertiport_5': 20, 'Vertiport_6': 20, 'Vertiport_7': 20, 'Vertiport_8': 20, 'Vertiport_9': 20, 'Vertiport_10': 20}"
280,309.0,103,5017.97601237599,2542525.7787187775,"{'Vertiport_1': 20, 'Vertiport_2': 20, 'Vertiport_3': 20, 'Vertiport_4': 20, 'Vertiport_5': 20, 'Vertiport_6': 20, 'Vertiport_7': 20, 'Vertiport_8': 20, 'Vertiport_9': 20, 'Vertiport_10': 20}"
281,228.0,76,3406.5840994159976,2545932.3628181936,"{'Vertiport_1': 20, 'Vertiport_2': 20, 'Vertiport_3': 20, 'Vertiport_4': 20, 'Vertiport_5': 20, 'Vertiport_6': 20, 'Vertiport_7': 20, 'Vertiport_8': 20, 'Vertiport_9': 20, 'Vertiport_10': 20}"
282,189.0,63,2756.7521343599997,2548689.1149525535,"{'Vertiport_1': 20, 'Vertiport_2': 20, 'Vertiport_3': 20, 'Vertiport_4': 20, 'Vertiport_5': 20, 'Vertiport_6': 20, 'Vertiport_7': 20, 'Vertiport_8': 20, 'Vertiport_9': 20, 'Vertiport_10': 20}"
283,228.0,76,3677.6431329039983,2552366.7580854576,"{'Vertiport_1': 20, 'Vertiport_2': 20, 'Vertiport_3': 20, 'Vertiport_4': 20, 'Vertiport_5': 20, 'Vertiport_6': 20, 'Vertiport_7': 20, 'Vertiport_8': 20, 'Vertiport_9': 20, 'Vertiport_10': 20}"
284,243.0,81,3405.2471960399967,2555772.0052814977,"{'Vertiport_1': 20, 'Vertiport_2': 20, 'Vertiport_3': 20, 'Vertiport_4': 20, 'Vertiport_5': 20, 'Vertiport_6': 20, 'Vertiport_7': 20, 'Vertiport_8': 20, 'Vertiport_9': 20, 'Vertiport_10': 20}"
285,219.0,73,3135.4693397679994,2558907.4746212657,"{'Vertiport_1': 20, 'Vertiport_2': 20, 'Vertiport_3': 20, 'Vertiport_4': 20, 'Vertiport_5': 20, 'Vertiport_6': 20, 'Vertiport_7': 20, 'Vertiport_8': 20, 'Vertiport_9': 20, 'Vertiport_10': 20}"
286,153.0,51,1936.216340648,2560843.6909619137,"{'Vertiport_1': 20, 'Vertiport_2': 20, 'Vertiport_3': 20, 'Vertiport_4': 20, 'Vertiport_5': 20, 'Vertiport_6': 20, 'Vertiport_7': 20, 'Vertiport_8': 20, 'Vertiport_9': 20, 'Vertiport_10': 20}"
287,153.0,51,2730.2295729759994,2563573.9205348897,"{'Vertiport_1': 20, 'Vertiport_2': 20, 'Vertiport_3': 20, 'Vertiport_4': 20, 'Vertiport_5': 20, 'Vertiport_6': 20, 'Vertiport_7': 20, 'Vertiport_8': 20, 'Vertiport_9': 20, 'Vertiport_10': 20}"
288,90.0,30,1352.873800552,2564926.7943354417,"{'Vertiport_1': 20, 'Vertiport_2': 20, 'Vertiport_3': 20, 'Vertiport_4': 20, 'Vertiport_5': 20, 'Vertiport_6': 20, 'Vertiport_7': 20, 'Vertiport_8': 20, 'Vertiport_9': 20, 'Vertiport_10': 20}"
289,78.0,26,1155.5402497759999,2566082.3345852178,"{'Vertiport_1': 20, 'Vertiport_2': 20, 'Vertiport_3': 20, 'Vertiport_4': 20, 'Vertiport_5': 20, 'Vertiport_6': 20, 'Vertiport_7': 20, 'Vertiport_8': 20, 'Vertiport_9': 20, 'Vertiport_10': 20}"
290,87.0,29,1297.938974944,2567380.2735601617,"{'Vertiport_1': 20, 'Vertiport_2': 20, 'Vertiport_3': 20, 'Vertiport_4': 20, 'Vertiport_5': 20, 'Vertiport_6': 20, 'Vertiport_7': 20, 'Vertiport_8': 20, 'Vertiport_9': 20, 'Vertiport_10': 20}"
291,81.0,27,1148.890698056,2568529.164258218,"{'Vertiport_1': 20, 'Vertiport_2': 20, 'Vertiport_3': 20, 'Vertiport_4': 20, 'Vertiport_5': 20, 'Vertiport_6': 20, 'Vertiport_7': 20, 'Vertiport_8': 20, 'Vertiport_9': 20, 'Vertiport_10': 20}"
292,81.0,27,1213.2879117200005,2569742.452169938,"{'Vertiport_1': 20, 'Vertiport_2': 20, 'Vertiport_3': 20, 'Vertiport_4': 20, 'Vertiport_5': 20, 'Vertiport_6': 20, 'Vertiport_7': 20, 'Vertiport_8': 20, 'Vertiport_9': 20, 'Vertiport_10': 20}"
293,57.0,19,1052.4641852240002,2570794.916355162,"{'Vertiport_1': 20, 'Vertiport_2': 20, 'Vertiport_3': 20, 'Vertiport_4': 20, 'Vertiport_5': 20, 'Vertiport_6': 20, 'Vertiport_7': 20, 'Vertiport_8': 20, 'Vertiport_9': 20, 'Vertiport_10': 20}"
294,123.0,41,1551.8034058000003,2572346.719760962,"{'Vertiport_1': 20, 'Vertiport_2': 20, 'Vertiport_3': 20, 'Vertiport_4': 20, 'Vertiport_5': 20, 'Vertiport_6': 20, 'Vertiport_7': 20, 'Vertiport_8': 20, 'Vertiport_9': 20, 'Vertiport_10': 20}"
295,117.0,39,1634.761963144,2573981.481724106,"{'Vertiport_1': 20, 'Vertiport_2': 20, 'Vertiport_3': 20, 'Vertiport_4': 20, 'Vertiport_5': 20, 'Vertiport_6': 20, 'Vertiport_7': 20, 'Vertiport_8': 20, 'Vertiport_9': 20, 'Vertiport_10': 20}"
296,138.0,46,2102.121145656,2576083.6028697616,"{'Vertiport_1': 20, 'Vertiport_2': 20, 'Vertiport_3': 20, 'Vertiport_4': 20, 'Vertiport_5': 20, 'Vertiport_6': 20, 'Vertiport_7': 20, 'Vertiport_8': 20, 'Vertiport_9': 20, 'Vertiport_10': 20}"
297,129.0,43,1802.02441732,2577885.6272870814,"{'Vertiport_1': 20, 'Vertiport_2': 20, 'Vertiport_3': 20, 'Vertiport_4': 20, 'Vertiport_5': 20, 'Vertiport_6': 20, 'Vertiport_7': 20, 'Vertiport_8': 20, 'Vertiport_9': 20, 'Vertiport_10': 20}"
298,141.0,47,2215.841106272,2580101.4683933533,"{'Vertiport_1': 20, 'Vertiport_2': 20, 'Vertiport_3': 20, 'Vertiport_4': 20, 'Vertiport_5': 20, 'Vertiport_6': 20, 'Vertiport_7': 20, 'Vertiport_8': 20, 'Vertiport_9': 20, 'Vertiport_10': 20}"
299,180.0,60,2427.6800855999995,2582529.148478953,"{'Vertiport_1': 20, 'Vertiport_2': 20, 'Vertiport_3': 20, 'Vertiport_4': 20, 'Vertiport_5': 20, 'Vertiport_6': 20, 'Vertiport_7': 20, 'Vertiport_8': 20, 'Vertiport_9': 20, 'Vertiport_10': 20}"
300,204.0,68,3043.404527439999,2585572.5530063934,"{'Vertiport_1': 20, 'Vertiport_2': 20, 'Vertiport_3': 20, 'Vertiport_4': 20, 'Vertiport_5': 20, 'Vertiport_6': 20, 'Vertiport_7': 20, 'Vertiport_8': 20, 'Vertiport_9': 20, 'Vertiport_10': 20}"
301,258.0,86,3745.7998161039986,2589318.3528224975,"{'Vertiport_1': 20, 'Vertiport_2': 20, 'Vertiport_3': 20, 'Vertiport_4': 20, 'Vertiport_5': 20, 'Vertiport_6': 20, 'Vertiport_7': 20, 'Vertiport_8': 20, 'Vertiport_9': 20, 'Vertiport_10': 20}"
302,300.0,100,4708.242542671994,2594026.5953651695,"{'Vertiport_1': 20, 'Vertiport_2': 20, 'Vertiport_3': 20, 'Vertiport_4': 20, 'Vertiport_5': 20, 'Vertiport_6': 20, 'Vertiport_7': 20, 'Vertiport_8': 20, 'Vertiport_9': 20, 'Vertiport_10': 20}"
303,318.0,106,4628.95979383199,2598655.5551590016,"{'Vertiport_1': 20, 'Vertiport_2': 20, 'Vertiport_3': 20, 'Vertiport_4': 20, 'Vertiport_5': 20, 'Vertiport_6': 20, 'Vertiport_7': 20, 'Vertiport_8': 20, 'Vertiport_9': 20, 'Vertiport_10': 20}"
304,345.0,115,4988.464694055993,2603644.019853058,"{'Vertiport_1': 20, 'Vertiport_2': 20, 'Vertiport_3': 20, 'Vertiport_4': 20, 'Vertiport_5': 20, 'Vertiport_6': 20, 'Vertiport_7': 20, 'Vertiport_8': 20, 'Vertiport_9': 20, 'Vertiport_10': 20}"
305,72.0,24,892.562385104,2604536.582238162,"{'Vertiport_1': 20, 'Vertiport_2': 20, 'Vertiport_3': 20, 'Vertiport_4': 20, 'Vertiport_5': 20, 'Vertiport_6': 20, 'Vertiport_7': 20, 'Vertiport_8': 20, 'Vertiport_9': 20, 'Vertiport_10': 20}"
306,0.0,0,0.0,2604536.582238162,"{'Vertiport_1': 20, 'Vertiport_2': 20, 'Vertiport_3': 20, 'Vertiport_4': 20, 'Vertiport_5': 20, 'Vertiport_6': 20, 'Vertiport_7': 20, 'Vertiport_8': 20, 'Vertiport_9': 20, 'Vertiport_10': 20}"
307,0.0,0,0.0,2604536.582238162,"{'Vertiport_1': 20, 'Vertiport_2': 20, 'Vertiport_3': 20, 'Vertiport_4': 20, 'Vertiport_5': 20, 'Vertiport_6': 20, 'Vertiport_7': 20, 'Vertiport_8': 20, 'Vertiport_9': 20, 'Vertiport_10': 20}"
308,0.0,0,0.0,2604536.582238162,"{'Vertiport_1': 20, 'Vertiport_2': 20, 'Vertiport_3': 20, 'Vertiport_4': 20, 'Vertiport_5': 20, 'Vertiport_6': 20, 'Vertiport_7': 20, 'Vertiport_8': 20, 'Vertiport_9': 20, 'Vertiport_10': 20}"
309,0.0,0,0.0,2604536.582238162,"{'Vertiport_1': 20, 'Vertiport_2': 20, 'Vertiport_3': 20, 'Vertiport_4': 20, 'Vertiport_5': 20, 'Vertiport_6': 20, 'Vertiport_7': 20, 'Vertiport_8': 20, 'Vertiport_9': 20, 'Vertiport_10': 20}"
310,0.0,0,0.0,2604536.582238162,"{'Vertiport_1': 20, 'Vertiport_2': 20, 'Vertiport_3': 20, 'Vertiport_4': 20, 'Vertiport_5': 20, 'Vertiport_6': 20, 'Vertiport_7': 20, 'Vertiport_8': 20, 'Vertiport_9': 20, 'Vertiport_10': 20}"
311,198.0,66,2600.096018927999,2607136.67825709,"{'Vertiport_1': 20, 'Vertiport_2': 20, 'Vertiport_3': 20, 'Vertiport_4': 20, 'Vertiport_5': 20, 'Vertiport_6': 20, 'Vertiport_7': 20, 'Vertiport_8': 20, 'Vertiport_9': 20, 'Vertiport_10': 20}"
312,738.0,246,10803.317206015994,2617939.995463106,"{'Vertiport_1': 20, 'Vertiport_2': 20, 'Vertiport_3': 20, 'Vertiport_4': 20, 'Vertiport_5': 20, 'Vertiport_6': 20, 'Vertiport_7': 20, 'Vertiport_8': 20, 'Vertiport_9': 20, 'Vertiport_10': 20}"
313,663.0,221,8979.871681199978,2626919.8671443057,"{'Vertiport_1': 20, 'Vertiport_2': 20, 'Vertiport_3': 20, 'Vertiport_4': 20, 'Vertiport_5': 20, 'Vertiport_6': 20, 'Vertiport_7': 20, 'Vertiport_8': 20, 'Vertiport_9': 20, 'Vertiport_10': 20}"
314,660.0,220,9757.026455263978,2636676.89359957,"{'Vertiport_1': 20, 'Vertiport_2': 20, 'Vertiport_3': 20, 'Vertiport_4': 20, 'Vertiport_5': 20, 'Vertiport_6': 20, 'Vertiport_7': 20, 'Vertiport_8': 20, 'Vertiport_9': 20, 'Vertiport_10': 20}"
315,639.0,213,8931.794897727972,2645608.688497298,"{'Vertiport_1': 20, 'Vertiport_2': 20, 'Vertiport_3': 20, 'Vertiport_4': 20, 'Vertiport_5': 20, 'Vertiport_6': 20, 'Vertiport_7': 20, 'Vertiport_8': 20, 'Vertiport_9': 20, 'Vertiport_10': 20}"
316,651.0,217,8759.110553423974,2654367.799050722,"{'Vertiport_1': 20, 'Vertiport_2': 20, 'Vertiport_3': 20, 'Vertiport_4': 20, 'Vertiport_5': 20, 'Vertiport_6': 20, 'Vertiport_7': 20, 'Vertiport_8': 20, 'Vertiport_9': 20, 'Vertiport_10': 20}"
317,669.0,223,9085.18072431997,2663452.979775042,"{'Vertiport_1': 20, 'Vertiport_2': 20, 'Vertiport_3': 20, 'Vertiport_4': 20, 'Vertiport_5': 20, 'Vertiport_6': 20, 'Vertiport_7': 20, 'Vertiport_8': 20, 'Vertiport_9': 20, 'Vertiport_10': 20}"
318,561.0,187,7443.542710351968,2670896.5224853936,"{'Vertiport_1': 20, 'Vertiport_2': 20, 'Vertiport_3': 20, 'Vertiport_4': 20, 'Vertiport_5': 20, 'Vertiport_6': 20, 'Vertiport_7': 20, 'Vertiport_8': 20, 'Vertiport_9': 20, 'Vertiport_10': 20}"
319,600.0,200,8350.106715215969,2679246.6292006094,"{'Vertiport_1': 20, 'Vertiport_2': 20, 'Vertiport_3': 20, 'Vertiport_4': 20, 'Vertiport_5': 20, 'Vertiport_6': 20, 'Vertiport_7': 20, 'Vertiport_8': 20, 'Vertiport_9': 20, 'Vertiport_10': 20}"
320,675.0,225,9436.426020855979,2688683.0552214654,"{'Vertiport_1': 20, 'Vertiport_2': 20, 'Vertiport_3': 20, 'Vertiport_4': 20, 'Vertiport_5': 20, 'Vertiport_6': 20, 'Vertiport_7': 20, 'Vertiport_8': 20, 'Vertiport_9': 20, 'Vertiport_10': 20}"
321,612.0,204,9403.153925847975,2698086.2091473136,"{'Vertiport_1': 20, 'Vertiport_2': 20, 'Vertiport_3': 20, 'Vertiport_4': 20, 'Vertiport_5': 20, 'Vertiport_6': 20, 'Vertiport_7': 20, 'Vertiport_8': 20, 'Vertiport_9': 20, 'Vertiport_10': 20}"
322,585.0,195,8802.312725471975,2706888.5218727854,"{'Vertiport_1': 20, 'Vertiport_2': 20, 'Vertiport_3': 20, 'Vertiport_4': 20, 'Vertiport_5': 20, 'Vertiport_6': 20, 'Vertiport_7': 20, 'Vertiport_8': 20, 'Vertiport_9': 20, 'Vertiport_10': 20}"
323,609.0,203,8920.22506409598,2715808.7469368814,"{'Vertiport_1': 20, 'Vertiport_2': 20, 'Vertiport_3': 20, 'Vertiport_4': 20, 'Vertiport_5': 20, 'Vertiport_6': 20, 'Vertiport_7': 20, 'Vertiport_8': 20, 'Vertiport_9': 20, 'Vertiport_10': 20}"
324,606.0,202,8439.285987119978,2724248.0329240016,"{'Vertiport_1': 20, 'Vertiport_2': 20, 'Vertiport_3': 20, 'Vertiport_4': 20, 'Vertiport_5': 20, 'Vertiport_6': 20, 'Vertiport_7': 20, 'Vertiport_8': 20, 'Vertiport_9': 20, 'Vertiport_10': 20}"
325,666.0,222,9514.021471879978,2733762.0543958815,"{'Vertiport_1': 20, 'Vertiport_2': 20, 'Vertiport_3': 20, 'Vertiport_4': 20, 'Vertiport_5': 20, 'Vertiport_6': 20, 'Vertiport_7': 20, 'Vertiport_8': 20, 'Vertiport_9': 20, 'Vertiport_10': 20}"
326,570.0,190,8147.656145767973,2741909.7105416493,"{'Vertiport_1': 20, 'Vertiport_2': 20, 'Vertiport_3': 20, 'Vertiport_4': 20, 'Vertiport_5': 20, 'Vertiport_6': 20, 'Vertiport_7': 20, 'Vertiport_8': 20, 'Vertiport_9': 20, 'Vertiport_10': 20}"
327,597.0,199,8642.999785215978,2750552.7103268653,"{'Vertiport_1': 20, 'Vertiport_2': 20, 'Vertiport_3': 20, 'Vertiport_4': 20, 'Vertiport_5': 20, 'Vertiport_6': 20, 'Vertiport_7': 20, 'Vertiport_8': 20, 'Vertiport_9': 20, 'Vertiport_10': 20}"
328,600.0,200,8621.02623842397,2759173.736565289,"{'Vertiport_1': 20, 'Vertiport_2': 20, 'Vertiport_3': 20, 'Vertiport_4': 20, 'Vertiport_5': 20, 'Vertiport_6': 20, 'Vertiport_7': 20, 'Vertiport_8': 20, 'Vertiport_9': 20, 'Vertiport_10': 20}"
329,594.0,198,8746.710076671981,2767920.446641961,"{'Vertiport_1': 20, 'Vertiport_2': 20, 'Vertiport_3': 20, 'Vertiport_4': 20, 'Vertiport_5': 20, 'Vertiport_6': 20, 'Vertiport_7': 20, 'Vertiport_8': 20, 'Vertiport_9': 20, 'Vertiport_10': 20}"
330,615.0,205,8709.955351367982,2776630.401993329,"{'Vertiport_1': 20, 'Vertiport_2': 20, 'Vertiport_3': 20, 'Vertiport_4': 20, 'Vertiport_5': 20, 'Vertiport_6': 20, 'Vertiport_7': 20, 'Vertiport_8': 20, 'Vertiport_9': 20, 'Vertiport_10': 20}"
331,606.0,202,8594.234422799973,2785224.6364161293,"{'Vertiport_1': 20, 'Vertiport_2': 20, 'Vertiport_3': 20, 'Vertiport_4': 20, 'Vertiport_5': 20, 'Vertiport_6': 20, 'Vertiport_7': 20, 'Vertiport_8': 20, 'Vertiport_9': 20, 'Vertiport_10': 20}"
332,615.0,205,8675.002777207974,2793899.6391933374,"{'Vertiport_1': 20, 'Vertiport_2': 20, 'Vertiport_3': 20, 'Vertiport_4': 20, 'Vertiport_5': 20, 'Vertiport_6': 20, 'Vertiport_7': 20, 'Vertiport_8': 20, 'Vertiport_9': 20, 'Vertiport_10': 20}"
333,510.0,170,7406.438374751973,2801306.0775680896,"{'Vertiport_1': 20, 'Vertiport_2': 20, 'Vertiport_3': 20, 'Vertiport_4': 20, 'Vertiport_5': 20, 'Vertiport_6': 20, 'Vertiport_7': 20, 'Vertiport_8': 20, 'Vertiport_9': 20, 'Vertiport_10': 20}"
334,546.0,182,8473.30799637598,2809779.3855644655,"{'Vertiport_1': 20, 'Vertiport_2': 20, 'Vertiport_3': 20, 'Vertiport_4': 20, 'Vertiport_5': 20, 'Vertiport_6': 20, 'Vertiport_7': 20, 'Vertiport_8': 20, 'Vertiport_9': 20, 'Vertiport_10': 20}"
335,552.0,184,8465.305220407972,2818244.6907848734,"{'Vertiport_1': 20, 'Vertiport_2': 20, 'Vertiport_3': 20, 'Vertiport_4': 20, 'Vertiport_5': 20, 'Vertiport_6': 20, 'Vertiport_7': 20, 'Vertiport_8': 20, 'Vertiport_9': 20, 'Vertiport_10': 20}"
336,567.0,189,7661.475534431974,2825906.1663193055,"{'Vertiport_1': 20, 'Vertiport_2': 20, 'Vertiport_3': 20, 'Vertiport_4': 20, 'Vertiport_5': 20, 'Vertiport_6': 20, 'Vertiport_7': 20, 'Vertiport_8': 20, 'Vertiport_9': 20, 'Vertiport_10': 20}"
337,606.0,202,9048.582168279981,2834954.7484875857,"{'Vertiport_1': 20, 'Vertiport_2': 20, 'Vertiport_3': 20, 'Vertiport_4': 20, 'Vertiport_5': 20, 'Vertiport_6': 20, 'Vertiport_7': 20, 'Vertiport_8': 20, 'Vertiport_9': 20, 'Vertiport_10': 20}"
338,534.0,178,7500.297745663967,2842455.04623325,"{'Vertiport_1': 20, 'Vertiport_2': 20, 'Vertiport_3': 20, 'Vertiport_4': 20, 'Vertiport_5': 20, 'Vertiport_6': 20, 'Vertiport_7': 20, 'Vertiport_8': 20, 'Vertiport_9': 20, 'Vertiport_10': 20}"
339,516.0,172,7045.634238751973,2849500.680472002,"{'Vertiport_1': 20, 'Vertiport_2': 20, 'Vertiport_3': 20, 'Vertiport_4': 20, 'Vertiport_5': 20, 'Vertiport_6': 20, 'Vertiport_7': 20, 'Vertiport_8': 20, 'Vertiport_9': 20, 'Vertiport_10': 20}"
340,549.0,183,7964.02255084797,2857464.7030228497,"{'Vertiport_1': 20, 'Vertiport_2': 20, 'Vertiport_3': 20, 'Vertiport_4': 20, 'Vertiport_5': 20, 'Vertiport_6': 20, 'Vertiport_7': 20, 'Vertiport_8': 20, 'Vertiport_9': 20, 'Vertiport_10': 20}"
341,585.0,195,8023.36746413597,2865488.0704869856,"{'Vertiport_1': 20, 'Vertiport_2': 20, 'Vertiport_3': 20, 'Vertiport_4': 20, 'Vertiport_5': 20, 'Vertiport_6': 20, 'Vertiport_7': 20, 'Vertiport_8': 20, 'Vertiport_9': 20, 'Vertiport_10': 20}"
342,498.0,166,7139.742481967979,2872627.8129689535,"{'Vertiport_1': 20, 'Vertiport_2': 20, 'Vertiport_3': 20, 'Vertiport_4': 20, 'Vertiport_5': 20, 'Vertiport_6': 20, 'Vertiport_7': 20, 'Vertiport_8': 20, 'Vertiport_9': 20, 'Vertiport_10': 20}"
343,567.0,189,8279.47303659997,2880907.2860055533,"{'Vertiport_1': 20, 'Vertiport_2': 20, 'Vertiport_3': 20, 'Vertiport_4': 20, 'Vertiport_5': 20, 'Vertiport_6': 20, 'Vertiport_7': 20, 'Vertiport_8': 20, 'Vertiport_9': 20, 'Vertiport_10': 20}"
344,582.0,194,8136.624197911967,2889043.9102034653,"{'Vertiport_1': 20, 'Vertiport_2': 20, 'Vertiport_3': 20, 'Vertiport_4': 20, 'Vertiport_5': 20, 'Vertiport_6': 20, 'Vertiport_7': 20, 'Vertiport_8': 20, 'Vertiport_9': 20, 'Vertiport_10': 20}"
345,624.0,208,9482.801156407984,2898526.7113598734,"{'Vertiport_1': 20, 'Vertiport_2': 20, 'Vertiport_3': 20, 'Vertiport_4': 20, 'Vertiport_5': 20, 'Vertiport_6': 20, 'Vertiport_7': 20, 'Vertiport_8': 20, 'Vertiport_9': 20, 'Vertiport_10': 20}"
346,642.0,214,9005.344349559973,2907532.0557094333,"{'Vertiport_1': 20, 'Vertiport_2': 20, 'Vertiport_3': 20, 'Vertiport_4': 20, 'Vertiport_5': 20, 'Vertiport_6': 20, 'Vertiport_7': 20, 'Vertiport_8': 20, 'Vertiport_9': 20, 'Vertiport_10': 20}"
347,717.0,239,9944.271413463977,2917476.3271228974,"{'Vertiport_1': 20, 'Vertiport_2': 20, 'Vertiport_3': 20, 'Vertiport_4': 20, 'Vertiport_5': 20, 'Vertiport_6': 20, 'Vertiport_7': 20, 'Vertiport_8': 20, 'Vertiport_9': 20, 'Vertiport_10': 20}"
348,807.0,269,11199.195047351986,2928675.5221702494,"{'Vertiport_1': 20, 'Vertiport_2': 20, 'Vertiport_3': 20, 'Vertiport_4': 20, 'Vertiport_5': 20, 'Vertiport_6': 20, 'Vertiport_7': 20, 'Vertiport_8': 20, 'Vertiport_9': 20, 'Vertiport_10': 20}"
349,774.0,258,11194.882204471991,2939870.4043747215,"{'Vertiport_1': 20, 'Vertiport_2': 20, 'Vertiport_3': 20, 'Vertiport_4': 20, 'Vertiport_5': 20, 'Vertiport_6': 20, 'Vertiport_7': 20, 'Vertiport_8': 20, 'Vertiport_9': 20, 'Vertiport_10': 20}"
350,816.0,272,11925.404965391992,2951795.8093401133,"{'Vertiport_1': 20, 'Vertiport_2': 20, 'Vertiport_3': 20, 'Vertiport_4': 20, 'Vertiport_5': 20, 'Vertiport_6': 20, 'Vertiport_7': 20, 'Vertiport_8': 20, 'Vertiport_9': 20, 'Vertiport_10': 20}"
351,804.0,268,10777.72740086398,2962573.5367409773,"{'Vertiport_1': 20, 'Vertiport_2': 20, 'Vertiport_3': 20, 'Vertiport_4': 20, 'Vertiport_5': 20, 'Vertiport_6': 20, 'Vertiport_7': 20, 'Vertiport_8': 20, 'Vertiport_9': 20, 'Vertiport_10': 20}"
352,861.0,287,11875.030277431992,2974448.5670184093,"{'Vertiport_1': 20, 'Vertiport_2': 20, 'Vertiport_3': 20, 'Vertiport_4': 20, 'Vertiport_5': 20, 'Vertiport_6': 20, 'Vertiport_7': 20, 'Vertiport_8': 20, 'Vertiport_9': 20, 'Vertiport_10': 20}"
353,828.0,276,11429.665918071985,2985878.232936481,"{'Vertiport_1': 20, 'Vertiport_2': 20, 'Vertiport_3': 20, 'Vertiport_4': 20, 'Vertiport_5': 20, 'Vertiport_6': 20, 'Vertiport_7': 20, 'Vertiport_8': 20, 'Vertiport_9': 20, 'Vertiport_10': 20}"
354,945.0,315,13392.167578608005,2999270.400515089,"{'Vertiport_1': 20, 'Vertiport_2': 20, 'Vertiport_3': 20, 'Vertiport_4': 20, 'Vertiport_5': 20, 'Vertiport_6': 20, 'Vertiport_7': 20, 'Vertiport_8': 20, 'Vertiport_9': 20, 'Vertiport_10': 20}"
355,825.0,275,11674.30972131198,3010944.710236401,"{'Vertiport_1': 20, 'Vertiport_2': 20, 'Vertiport_3': 20, 'Vertiport_4': 20, 'Vertiport_5': 20, 'Vertiport_6': 20, 'Vertiport_7': 20, 'Vertiport_8': 20, 'Vertiport_9': 20, 'Vertiport_10': 20}"
356,978.0,326,13467.245815120003,3024411.956051521,"{'Vertiport_1': 20, 'Vertiport_2': 20, 'Vertiport_3': 20, 'Vertiport_4': 20, 'Vertiport_5': 20, 'Vertiport_6': 20, 'Vertiport_7': 20, 'Vertiport_8': 20, 'Vertiport_9': 20, 'Vertiport_10': 20}"
357,993.0,331,13761.915385144002,3038173.871436665,"{'Vertiport_1': 20, 'Vertiport_2': 20, 'Vertiport_3': 20, 'Vertiport_4': 20, 'Vertiport_5': 20, 'Vertiport_6': 20, 'Vertiport_7': 20, 'Vertiport_8': 20, 'Vertiport_9': 20, 'Vertiport_10': 20}"
358,837.0,279,12056.758361351996,3050230.629798017,"{'Vertiport_1': 20, 'Vertiport_2': 20, 'Vertiport_3': 20, 'Vertiport_4': 20, 'Vertiport_5': 20, 'Vertiport_6': 20, 'Vertiport_7': 20, 'Vertiport_8': 20, 'Vertiport_9': 20, 'Vertiport_10': 20}"
359,852.0,284,11838.700576655985,3062069.330374673,"{'Vertiport_1': 20, 'Vertiport_2': 20, 'Vertiport_3': 20, 'Vertiport_4': 20, 'Vertiport_5': 20, 'Vertiport_6': 20, 'Vertiport_7': 20, 'Vertiport_8': 20, 'Vertiport_9': 20, 'Vertiport_10': 20}"
360,855.0,285,11897.734021839991,3073967.064396513,"{'Vertiport_1': 20, 'Vertiport_2': 20, 'Vertiport_3': 20, 'Vertiport_4': 20, 'Vertiport_5': 20, 'Vertiport_6': 20, 'Vertiport_7': 20, 'Vertiport_8': 20, 'Vertiport_9': 20, 'Vertiport_10': 20}"
361,831.0,277,11310.910943559986,3085277.975340073,"{'Vertiport_1': 20, 'Vertiport_2': 20, 'Vertiport_3': 20, 'Vertiport_4': 20, 'Vertiport_5': 20, 'Vertiport_6': 20, 'Vertiport_7': 20, 'Vertiport_8': 20, 'Vertiport_9': 20, 'Vertiport_10': 20}"
362,810.0,270,11506.087843559986,3096784.063183633,"{'Vertiport_1': 20, 'Vertiport_2': 20, 'Vertiport_3': 20, 'Vertiport_4': 20, 'Vertiport_5': 20, 'Vertiport_6': 20, 'Vertiport_7': 20, 'Vertiport_8': 20, 'Vertiport_9': 20, 'Vertiport_10': 20}"
363,765.0,255,10958.902383687997,3107742.965567321,"{'Vertiport_1': 20, 'Vertiport_2': 20, 'Vertiport_3': 20, 'Vertiport_4': 20, 'Vertiport_5': 20, 'Vertiport_6': 20, 'Vertiport_7': 20, 'Vertiport_8': 20, 'Vertiport_9': 20, 'Vertiport_10': 20}"
364,789.0,263,11289.261352439988,3119032.226919761,"{'Vertiport_1': 20, 'Vertiport_2': 20, 'Vertiport_3': 20, 'Vertiport_4': 20, 'Vertiport_5': 20, 'Vertiport_6': 20, 'Vertiport_7': 20, 'Vertiport_8': 20, 'Vertiport_9': 20, 'Vertiport_10': 20}"
365,849.0,283,12084.529700536,3131116.7566202967,"{'Vertiport_1': 20, 'Vertiport_2': 20, 'Vertiport_3': 20, 'Vertiport_4': 20, 'Vertiport_5': 20, 'Vertiport_6': 20, 'Vertiport_7': 20, 'Vertiport_8': 20, 'Vertiport_9': 20, 'Vertiport_10': 20}"
366,765.0,255,11362.458632231983,3142479.215252529,"{'Vertiport_1': 20, 'Vertiport_2': 20, 'Vertiport_3': 20, 'Vertiport_4': 20, 'Vertiport_5': 20, 'Vertiport_6': 20, 'Vertiport_7': 20, 'Vertiport_8': 20, 'Vertiport_9': 20, 'Vertiport_10': 20}"
367,876.0,292,12981.063153111993,3155460.2784056407,"{'Vertiport_1': 20, 'Vertiport_2': 20, 'Vertiport_3': 20, 'Vertiport_4': 20, 'Vertiport_5': 20, 'Vertiport_6': 20, 'Vertiport_7': 20, 'Vertiport_8': 20, 'Vertiport_9': 20, 'Vertiport_10': 20}"
368,696.0,232,10307.892209495987,3165768.1706151366,"{'Vertiport_1': 20, 'Vertiport_2': 20, 'Vertiport_3': 20, 'Vertiport_4': 20, 'Vertiport_5': 20, 'Vertiport_6': 20, 'Vertiport_7': 20, 'Vertiport_8': 20, 'Vertiport_9': 20, 'Vertiport_10': 20}"
369,690.0,230,9455.171891647968,3175223.3425067845,"{'Vertiport_1': 20, 'Vertiport_2': 20, 'Vertiport_3': 20, 'Vertiport_4': 20, 'Vertiport_5': 20, 'Vertiport_6': 20, 'Vertiport_7': 20, 'Vertiport_8': 20, 'Vertiport_9': 20, 'Vertiport_10': 20}"
370,645.0,215,9116.049773239974,3184339.3922800245,"{'Vertiport_1': 20, 'Vertiport_2': 20, 'Vertiport_3': 20, 'Vertiport_4': 20, 'Vertiport_5': 20, 'Vertiport_6': 20, 'Vertiport_7': 20, 'Vertiport_8': 20, 'Vertiport_9': 20, 'Vertiport_10': 20}"
371,606.0,202,8435.090805039972,3192774.483085064,"{'Vertiport_1': 20, 'Vertiport_2': 20, 'Vertiport_3': 20, 'Vertiport_4': 20, 'Vertiport_5': 20, 'Vertiport_6': 20, 'Vertiport_7': 20, 'Vertiport_8': 20, 'Vertiport_9': 20, 'Vertiport_10': 20}"
372,534.0,178,7802.165422599966,3200576.648507664,"{'Vertiport_1': 20, 'Vertiport_2': 20, 'Vertiport_3': 20, 'Vertiport_4': 20, 'Vertiport_5': 20, 'Vertiport_6': 20, 'Vertiport_7': 20, 'Vertiport_8': 20, 'Vertiport_9': 20, 'Vertiport_10': 20}"
373,600.0,200,9237.637713447979,3209814.286221112,"{'Vertiport_1': 20, 'Vertiport_2': 20, 'Vertiport_3': 20, 'Vertiport_4': 20, 'Vertiport_5': 20, 'Vertiport_6': 20, 'Vertiport_7': 20, 'Vertiport_8': 20, 'Vertiport_9': 20, 'Vertiport_10': 20}"
374,438.0,146,5890.455733591979,3215704.7419547043,"{'Vertiport_1': 20, 'Vertiport_2': 20, 'Vertiport_3': 20, 'Vertiport_4': 20, 'Vertiport_5': 20, 'Vertiport_6': 20, 'Vertiport_7': 20, 'Vertiport_8': 20, 'Vertiport_9': 20, 'Vertiport_10': 20}"
375,483.0,161,6986.325392711971,3222691.067347416,"{'Vertiport_1': 20, 'Vertiport_2': 20, 'Vertiport_3': 20, 'Vertiport_4': 20, 'Vertiport_5': 20, 'Vertiport_6': 20, 'Vertiport_7': 20, 'Vertiport_8': 20, 'Vertiport_9': 20, 'Vertiport_10': 20}"
376,381.0,127,5456.045420183983,3228147.1127676,"{'Vertiport_1': 20, 'Vertiport_2': 20, 'Vertiport_3': 20, 'Vertiport_4': 20, 'Vertiport_5': 20, 'Vertiport_6': 20, 'Vertiport_7': 20, 'Vertiport_8': 20, 'Vertiport_9': 20, 'Vertiport_10': 20}"
377,333.0,111,4339.160532655993,3232486.273300256,"{'Vertiport_1': 20, 'Vertiport_2': 20, 'Vertiport_3': 20, 'Vertiport_4': 20, 'Vertiport_5': 20, 'Vertiport_6': 20, 'Vertiport_7': 20, 'Vertiport_8': 20, 'Vertiport_9': 20, 'Vertiport_10': 20}"
378,315.0,105,4458.5985144799915,3236944.871814736,"{'Vertiport_1': 20, 'Vertiport_2': 20, 'Vertiport_3': 20, 'Vertiport_4': 20, 'Vertiport_5': 20, 'Vertiport_6': 20, 'Vertiport_7': 20, 'Vertiport_8': 20, 'Vertiport_9': 20, 'Vertiport_10': 20}"
379,336.0,112,5372.810493343981,3242317.68230808,"{'Vertiport_1': 20, 'Vertiport_2': 20, 'Vertiport_3': 20, 'Vertiport_4': 20, 'Vertiport_5': 20, 'Vertiport_6': 20, 'Vertiport_7': 20, 'Vertiport_8': 20, 'Vertiport_9': 20, 'Vertiport_10': 20}"
380,348.0,116,5005.18160190399,3247322.863909984,"{'Vertiport_1': 20, 'Vertiport_2': 20, 'Vertiport_3': 20, 'Vertiport_4': 20, 'Vertiport_5': 20, 'Vertiport_6': 20, 'Vertiport_7': 20, 'Vertiport_8': 20, 'Vertiport_9': 20, 'Vertiport_10': 20}"
381,288.0,96,4505.329312655994,3251828.19322264,"{'Vertiport_1': 20, 'Vertiport_2': 20, 'Vertiport_3': 20, 'Vertiport_4': 20, 'Vertiport_5': 20, 'Vertiport_6': 20, 'Vertiport_7': 20, 'Vertiport_8': 20, 'Vertiport_9': 20, 'Vertiport_10': 20}"
382,171.0,57,2387.443984592,3254215.637207232,"{'Vertiport_1': 20, 'Vertiport_2': 20, 'Vertiport_3': 20, 'Vertiport_4': 20, 'Vertiport_5': 20, 'Vertiport_6': 20, 'Vertiport_7': 20, 'Vertiport_8': 20, 'Vertiport_9': 20, 'Vertiport_10': 20}"
383,147.0,49,1679.0553738959998,3255894.692581128,"{'Vertiport_1': 20, 'Vertiport_2': 20, 'Vertiport_3': 20, 'Vertiport_4': 20, 'Vertiport_5': 20, 'Vertiport_6': 20, 'Vertiport_7': 20, 'Vertiport_8': 20, 'Vertiport_9': 20, 'Vertiport_10': 20}"
384,102.0,34,1574.5468886080002,3257469.239469736,"{'Vertiport_1': 20, 'Vertiport_2': 20, 'Vertiport_3': 20, 'Vertiport_4': 20, 'Vertiport_5': 20, 'Vertiport_6': 20, 'Vertiport_7': 20, 'Vertiport_8': 20, 'Vertiport_9': 20, 'Vertiport_10': 20}"
385,96.0,32,1609.4186864240005,3259078.65815616,"{'Vertiport_1': 20, 'Vertiport_2': 20, 'Vertiport_3': 20, 'Vertiport_4': 20, 'Vertiport_5': 20, 'Vertiport_6': 20, 'Vertiport_7': 20, 'Vertiport_8': 20, 'Vertiport_9': 20, 'Vertiport_10': 20}"
386,60.0,20,730.0977577040002,3259808.755913864,"{'Vertiport_1': 20, 'Vertiport_2': 20, 'Vertiport_3': 20, 'Vertiport_4': 20, 'Vertiport_5': 20, 'Vertiport_6': 20, 'Vertiport_7': 20, 'Vertiport_8': 20, 'Vertiport_9': 20, 'Vertiport_10': 20}"
387,93.0,31,1366.936697896,3261175.69261176,"{'Vertiport_1': 20, 'Vertiport_2': 20, 'Vertiport_3': 20, 'Vertiport_4': 20, 'Vertiport_5': 20, 'Vertiport_6': 20, 'Vertiport_7': 20, 'Vertiport_8': 20, 'Vertiport_9': 20, 'Vertiport_10': 20}"
388,63.0,21,982.6398132480002,3262158.332425008,"{'Vertiport_1': 20, 'Vertiport_2': 20, 'Vertiport_3': 20, 'Vertiport_4': 20, 'Vertiport_5': 20, 'Vertiport_6': 20, 'Vertiport_7': 20, 'Vertiport_8': 20, 'Vertiport_9': 20, 'Vertiport_10': 20}"
389,87.0,29,1358.5470567600005,3263516.8794817682,"{'Vertiport_1': 20, 'Vertiport_2': 20, 'Vertiport_3': 20, 'Vertiport_4': 20, 'Vertiport_5': 20, 'Vertiport_6': 20, 'Vertiport_7': 20, 'Vertiport_8': 20, 'Vertiport_9': 20, 'Vertiport_10': 20}"
390,117.0,39,1777.7965155680001,3265294.6759973364,"{'Vertiport_1': 20, 'Vertiport_2': 20, 'Vertiport_3': 20, 'Vertiport_4': 20, 'Vertiport_5': 20, 'Vertiport_6': 20, 'Vertiport_7': 20, 'Vertiport_8': 20, 'Vertiport_9': 20, 'Vertiport_10': 20}"
391,129.0,43,1640.5372823040002,3266935.2132796403,"{'Vertiport_1': 20, 'Vertiport_2': 20, 'Vertiport_3': 20, 'Vertiport_4': 20, 'Vertiport_5': 20, 'Vertiport_6': 20, 'Vertiport_7': 20, 'Vertiport_8': 20, 'Vertiport_9': 20, 'Vertiport_10': 20}"
392,135.0,45,1988.7084604880006,3268923.921740128,"{'Vertiport_1': 20, 'Vertiport_2': 20, 'Vertiport_3': 20, 'Vertiport_4': 20, 'Vertiport_5': 20, 'Vertiport_6': 20, 'Vertiport_7': 20, 'Vertiport_8': 20, 'Vertiport_9': 20, 'Vertiport_10': 20}"
393,105.0,35,1699.8561816160002,3270623.777921744,"{'Vertiport_1': 20, 'Vertiport_2': 20, 'Vertiport_3': 20, 'Vertiport_4': 20, 'Vertiport_5': 20, 'Vertiport_6': 20, 'Vertiport_7': 20, 'Vertiport_8': 20, 'Vertiport_9': 20, 'Vertiport_10': 20}"
394,147.0,49,2347.2218708319997,3272970.9997925763,"{'Vertiport_1': 20, 'Vertiport_2': 20, 'Vertiport_3': 20, 'Vertiport_4': 20, 'Vertiport_5': 20, 'Vertiport_6': 20, 'Vertiport_7': 20, 'Vertiport_8': 20, 'Vertiport_9': 20, 'Vertiport_10': 20}"
395,243.0,81,3288.5047719199983,3276259.504564496,"{'Vertiport_1': 20, 'Vertiport_2': 20, 'Vertiport_3': 20, 'Vertiport_4': 20, 'Vertiport_5': 20, 'Vertiport_6': 20, 'Vertiport_7': 20, 'Vertiport_8': 20, 'Vertiport_9': 20, 'Vertiport_10': 20}"
396,219.0,73,2796.7937424479987,3279056.2983069443,"{'Vertiport_1': 20, 'Vertiport_2': 20, 'Vertiport_3': 20, 'Vertiport_4': 20, 'Vertiport_5': 20, 'Vertiport_6': 20, 'Vertiport_7': 20, 'Vertiport_8': 20, 'Vertiport_9': 20, 'Vertiport_10': 20}"
397,222.0,74,3366.3771199039993,3282422.675426848,"{'Vertiport_1': 20, 'Vertiport_2': 20, 'Vertiport_3': 20, 'Vertiport_4': 20, 'Vertiport_5': 20, 'Vertiport_6': 20, 'Vertiport_7': 20, 'Vertiport_8': 20, 'Vertiport_9': 20, 'Vertiport_10': 20}"
398,282.0,94,4118.192803799998,3286540.8682306483,"{'Vertiport_1': 20, 'Vertiport_2': 20, 'Vertiport_3': 20, 'Vertiport_4': 20, 'Vertiport_5': 20, 'Vertiport_6': 20, 'Vertiport_7': 20, 'Vertiport_8': 20, 'Vertiport_9': 20, 'Vertiport_10': 20}"
399,330.0,110,4453.703049671994,3290994.57128032,"{'Vertiport_1': 20, 'Vertiport_2': 20, 'Vertiport_3': 20, 'Vertiport_4': 20, 'Vertiport_5': 20, 'Vertiport_6': 20, 'Vertiport_7': 20, 'Vertiport_8': 20, 'Vertiport_9': 20, 'Vertiport_10': 20}"
400,342.0,114,5287.03096014399,3296281.602240464,"{'Vertiport_1': 20, 'Vertiport_2': 20, 'Vertiport_3': 20, 'Vertiport_4': 20, 'Vertiport_5': 20, 'Vertiport_6': 20, 'Vertiport_7': 20, 'Vertiport_8': 20, 'Vertiport_9': 20, 'Vertiport_10': 20}"
401,363.0,121,4717.0298685839925,3300998.6321090483,"{'Vertiport_1': 20, 'Vertiport_2': 20, 'Vertiport_3': 20, 'Vertiport_4': 20, 'Vertiport_5': 20, 'Vertiport_6': 20, 'Vertiport_7': 20, 'Vertiport_8': 20, 'Vertiport_9': 20, 'Vertiport_10': 20}"
402,438.0,146,6370.925088007976,3307369.5571970562,"{'Vertiport_1': 20, 'Vertiport_2': 20, 'Vertiport_3': 20, 'Vertiport_4': 20, 'Vertiport_5': 20, 'Vertiport_6': 20, 'Vertiport_7': 20, 'Vertiport_8': 20, 'Vertiport_9': 20, 'Vertiport_10': 20}"
403,567.0,189,7324.95934098397,3314694.5165380402,"{'Vertiport_1': 20, 'Vertiport_2': 20, 'Vertiport_3': 20, 'Vertiport_4': 20, 'Vertiport_5': 20, 'Vertiport_6': 20, 'Vertiport_7': 20, 'Vertiport_8': 20, 'Vertiport_9': 20, 'Vertiport_10': 20}"
404,576.0,192,7719.303972719972,3322413.8205107604,"{'Vertiport_1': 20, 'Vertiport_2': 20, 'Vertiport_3': 20, 'Vertiport_4': 20, 'Vertiport_5': 20, 'Vertiport_6': 20, 'Vertiport_7': 20, 'Vertiport_8': 20, 'Vertiport_9': 20, 'Vertiport_10': 20}"
405,639.0,213,8910.281790799982,3331324.1023015603,"{'Vertiport_1': 20, 'Vertiport_2': 20, 'Vertiport_3': 20, 'Vertiport_4': 20, 'Vertiport_5': 20, 'Vertiport_6': 20, 'Vertiport_7': 20, 'Vertiport_8': 20, 'Vertiport_9': 20, 'Vertiport_10': 20}"
406,666.0,222,9934.396156511986,3341258.4984580725,"{'Vertiport_1': 20, 'Vertiport_2': 20, 'Vertiport_3': 20, 'Vertiport_4': 20, 'Vertiport_5': 20, 'Vertiport_6': 20, 'Vertiport_7': 20, 'Vertiport_8': 20, 'Vertiport_9': 20, 'Vertiport_10': 20}"
407,651.0,217,9368.554720599972,3350627.0531786727,"{'Vertiport_1': 20, 'Vertiport_2': 20, 'Vertiport_3': 20, 'Vertiport_4': 20, 'Vertiport_5': 20, 'Vertiport_6': 20, 'Vertiport_7': 20, 'Vertiport_8': 20, 'Vertiport_9': 20, 'Vertiport_10': 20}"
408,681.0,227,9407.964965975982,3360035.0181446485,"{'Vertiport_1': 20, 'Vertiport_2': 20, 'Vertiport_3': 20, 'Vertiport_4': 20, 'Vertiport_5': 20, 'Vertiport_6': 20, 'Vertiport_7': 20, 'Vertiport_8': 20, 'Vertiport_9': 20, 'Vertiport_10': 20}"
409,660.0,220,9034.140361183978,3369069.1585058323,"{'Vertiport_1': 20, 'Vertiport_2': 20, 'Vertiport_3': 20, 'Vertiport_4': 20, 'Vertiport_5': 20, 'Vertiport_6': 20, 'Vertiport_7': 20, 'Vertiport_8': 20, 'Vertiport_9': 20, 'Vertiport_10': 20}"
410,726.0,242,9873.933569335992,3378943.092075168,"{'Vertiport_1': 20, 'Vertiport_2': 20, 'Vertiport_3': 20, 'Vertiport_4': 20, 'Vertiport_5': 20, 'Vertiport_6': 20, 'Vertiport_7': 20, 'Vertiport_8': 20, 'Vertiport_9': 20, 'Vertiport_10': 20}"
411,615.0,205,8606.396323847976,3387549.488399016,"{'Vertiport_1': 20, 'Vertiport_2': 20, 'Vertiport_3': 20, 'Vertiport_4': 20, 'Vertiport_5': 20, 'Vertiport_6': 20, 'Vertiport_7': 20, 'Vertiport_8': 20, 'Vertiport_9': 20, 'Vertiport_10': 20}"
412,666.0,222,9401.030522255982,3396950.5189212724,"{'Vertiport_1': 20, 'Vertiport_2': 20, 'Vertiport_3': 20, 'Vertiport_4': 20, 'Vertiport_5': 20, 'Vertiport_6': 20, 'Vertiport_7': 20, 'Vertiport_8': 20, 'Vertiport_9': 20, 'Vertiport_10': 20}"
413,501.0,167,6771.6771177919745,3403722.1960390643,"{'Vertiport_1': 20, 'Vertiport_2': 20, 'Vertiport_3': 20, 'Vertiport_4': 20, 'Vertiport_5': 20, 'Vertiport_6': 20, 'Vertiport_7': 20, 'Vertiport_8': 20, 'Vertiport_9': 20, 'Vertiport_10': 20}"
414,552.0,184,7379.22513627997,3411101.4211753444,"{'Vertiport_1': 20, 'Vertiport_2': 20, 'Vertiport_3': 20, 'Vertiport_4': 20, 'Vertiport_5': 20, 'Vertiport_6': 20, 'Vertiport_7': 20, 'Vertiport_8': 20, 'Vertiport_9': 20, 'Vertiport_10': 20}"
415,591.0,197,8506.148279751971,3419607.5694550965,"{'Vertiport_1': 20, 'Vertiport_2': 20, 'Vertiport_3': 20, 'Vertiport_4': 20, 'Vertiport_5': 20, 'Vertiport_6': 20, 'Vertiport_7': 20, 'Vertiport_8': 20, 'Vertiport_9': 20, 'Vertiport_10': 20}"
416,630.0,210,9483.358197583977,3429090.9276526803,"{'Vertiport_1': 20, 'Vertiport_2': 20, 'Vertiport_3': 20, 'Vertiport_4': 20, 'Vertiport_5': 20, 'Vertiport_6': 20, 'Vertiport_7': 20, 'Vertiport_8': 20, 'Vertiport_9': 20, 'Vertiport_10': 20}"
417,600.0,200,8232.080720135966,3437323.0083728163,"{'Vertiport_1': 20, 'Vertiport_2': 20, 'Vertiport_3': 20, 'Vertiport_4': 20, 'Vertiport_5': 20, 'Vertiport_6': 20, 'Vertiport_7': 20, 'Vertiport_8': 20, 'Vertiport_9': 20, 'Vertiport_10': 20}"
418,504.0,168,6833.297562367979,3444156.305935184,"{'Vertiport_1': 20, 'Vertiport_2': 20, 'Vertiport_3': 20, 'Vertiport_4': 20, 'Vertiport_5': 20, 'Vertiport_6': 20, 'Vertiport_7': 20, 'Vertiport_8': 20, 'Vertiport_9': 20, 'Vertiport_10': 20}"
419,0.0,0,0.0,3444156.305935184,"{'Vertiport_1': 20, 'Vertiport_2': 20, 'Vertiport_3': 20, 'Vertiport_4': 20, 'Vertiport_5': 20, 'Vertiport_6': 20, 'Vertiport_7': 20, 'Vertiport_8': 20, 'Vertiport_9': 20, 'Vertiport_10': 20}"
420,0.0,0,0.0,3444156.305935184,"{'Vertiport_1': 20, 'Vertiport_2': 20, 'Vertiport_3': 20, 'Vertiport_4': 20, 'Vertiport_5': 20, 'Vertiport_6': 20, 'Vertiport_7': 20, 'Vertiport_8': 20, 'Vertiport_9': 20, 'Vertiport_10': 20}"
421,0.0,0,0.0,3444156.305935184,"{'Vertiport_1': 20, 'Vertiport_2': 20, 'Vertiport_3': 20, 'Vertiport_4': 20, 'Vertiport_5': 20, 'Vertiport_6': 20, 'Vertiport_7': 20, 'Vertiport_8': 20, 'Vertiport_9': 20, 'Vertiport_10': 20}"
422,450.0,150,6809.8119153359785,3450966.11785052,"{'Vertiport_1': 20, 'Vertiport_2': 20, 'Vertiport_3': 20, 'Vertiport_4': 20, 'Vertiport_5': 20, 'Vertiport_6': 20, 'Vertiport_7': 20, 'Vertiport_8': 20, 'Vertiport_9': 20, 'Vertiport_10': 20}"
423,606.0,202,9692.813648183983,3460658.931498704,"{'Vertiport_1': 20, 'Vertiport_2': 20, 'Vertiport_3': 20, 'Vertiport_4': 20, 'Vertiport_5': 20, 'Vertiport_6': 20, 'Vertiport_7': 20, 'Vertiport_8': 20, 'Vertiport_9': 20, 'Vertiport_10': 20}"
424,546.0,182,7864.4266651279695,3468523.3581638318,"{'Vertiport_1': 20, 'Vertiport_2': 20, 'Vertiport_3': 20, 'Vertiport_4': 20, 'Vertiport_5': 20, 'Vertiport_6': 20, 'Vertiport_7': 20, 'Vertiport_8': 20, 'Vertiport_9': 20, 'Vertiport_10': 20}"
425,555.0,185,7671.06508549597,3476194.4232493276,"{'Vertiport_1': 20, 'Vertiport_2': 20, 'Vertiport_3': 20, 'Vertiport_4': 20, 'Vertiport_5': 20, 'Vertiport_6': 20, 'Vertiport_7': 20, 'Vertiport_8': 20, 'Vertiport_9': 20, 'Vertiport_10': 20}"
426,573.0,191,8162.246725423965,3484356.669974752,"{'Vertiport_1': 20, 'Vertiport_2': 20, 'Vertiport_3': 20, 'Vertiport_4': 20, 'Vertiport_5': 20, 'Vertiport_6': 20, 'Vertiport_7': 20, 'Vertiport_8': 20, 'Vertiport_9': 20, 'Vertiport_10': 20}"
427,561.0,187,7816.150280703967,3492172.8202554556,"{'Vertiport_1': 20, 'Vertiport_2': 20, 'Vertiport_3': 20, 'Vertiport_4': 20, 'Vertiport_5': 20, 'Vertiport_6': 20, 'Vertiport_7': 20, 'Vertiport_8': 20, 'Vertiport_9': 20, 'Vertiport_10': 20}"
428,519.0,173,7526.989529511967,3499699.8097849675,"{'Vertiport_1': 20, 'Vertiport_2': 20, 'Vertiport_3': 20, 'Vertiport_4': 20, 'Vertiport_5': 20, 'Vertiport_6': 20, 'Vertiport_7': 20, 'Vertiport_8': 20, 'Vertiport_9': 20, 'Vertiport_10': 20}"
429,567.0,189,8635.522464815976,3508335.3322497834,"{'Vertiport_1': 20, 'Vertiport_2': 20, 'Vertiport_3': 20, 'Vertiport_4': 20, 'Vertiport_5': 20, 'Vertiport_6': 20, 'Vertiport_7': 20, 'Vertiport_8': 20, 'Vertiport_9': 20, 'Vertiport_10': 20}"
430,543.0,181,8037.228316623971,3516372.5605664076,"{'Vertiport_1': 20, 'Vertiport_2': 20, 'Vertiport_3': 20, 'Vertiport_4': 20, 'Vertiport_5': 20, 'Vertiport_6': 20, 'Vertiport_7': 20, 'Vertiport_8': 20, 'Vertiport_9': 20, 'Vertiport_10': 20}"
431,495.0,165,7121.944921943973,3523494.5054883515,"{'Vertiport_1': 20, 'Vertiport_2': 20, 'Vertiport_3': 20, 'Vertiport_4': 20, 'Vertiport_5': 20, 'Vertiport_6': 20, 'Vertiport_7': 20, 'Vertiport_8': 20, 'Vertiport_9': 20, 'Vertiport_10': 20}"
432,492.0,164,7162.57075231197,3530657.0762406634,"{'Vertiport_1': 20, 'Vertiport_2': 20, 'Vertiport_3': 20, 'Vertiport_4': 20, 'Vertiport_5': 20, 'Vertiport_6': 20, 'Vertiport_7': 20, 'Vertiport_8': 20, 'Vertiport_9': 20, 'Vertiport_10': 20}"
433,537.0,179,8244.869306399974,3538901.9455470634,"{'Vertiport_1': 20, 'Vertiport_2': 20, 'Vertiport_3': 20, 'Vertiport_4': 20, 'Vertiport_5': 20, 'Vertiport_6': 20, 'Vertiport_7': 20, 'Vertiport_8': 20, 'Vertiport_9': 20, 'Vertiport_10': 20}"
434,429.0,143,6381.428227047976,3545283.3737741113,"{'Vertiport_1': 20, 'Vertiport_2': 20, 'Vertiport_3': 20, 'Vertiport_4': 20, 'Vertiport_5': 20, 'Vertiport_6': 20, 'Vertiport_7': 20, 'Vertiport_8': 20, 'Vertiport_9': 20, 'Vertiport_10': 20}"
435,495.0,165,7126.15737943997,3552409.5311535513,"{'Vertiport_1': 20, 'Vertiport_2': 20, 'Vertiport_3': 20, 'Vertiport_4': 20, 'Vertiport_5': 20, 'Vertiport_6': 20, 'Vertiport_7': 20, 'Vertiport_8': 20, 'Vertiport_9': 20, 'Vertiport_10': 20}"
436,474.0,158,6642.224718127982,3559051.755871679,"{'Vertiport_1': 20, 'Vertiport_2': 20, 'Vertiport_3': 20, 'Vertiport_4': 20, 'Vertiport_5': 20, 'Vertiport_6': 20, 'Vertiport_7': 20, 'Vertiport_8': 20, 'Vertiport_9': 20, 'Vertiport_10': 20}"
437,516.0,172,7358.464790983976,3566410.220662663,"{'Vertiport_1': 20, 'Vertiport_2': 20, 'Vertiport_3': 20, 'Vertiport_4': 20, 'Vertiport_5': 20, 'Vertiport_6': 20, 'Vertiport_7': 20, 'Vertiport_8': 20, 'Vertiport_9': 20, 'Vertiport_10': 20}"
438,531.0,177,7822.027552535969,3574232.248215199,"{'Vertiport_1': 20, 'Vertiport_2': 20, 'Vertiport_3': 20, 'Vertiport_4': 20, 'Vertiport_5': 20, 'Vertiport_6': 20, 'Vertiport_7': 20, 'Vertiport_8': 20, 'Vertiport_9': 20, 'Vertiport_10': 20}"
439,558.0,186,7823.28105770397,3582055.5292729028,"{'Vertiport_1': 20, 'Vertiport_2': 20, 'Vertiport_3': 20, 'Vertiport_4': 20, 'Vertiport_5': 20, 'Vertiport_6': 20, 'Vertiport_7': 20, 'Vertiport_8': 20, 'Vertiport_9': 20, 'Vertiport_10': 20}"
440,573.0,191,8070.1251502159685,3590125.6544231186,"{'Vertiport_1': 20, 'Vertiport_2': 20, 'Vertiport_3': 20, 'Vertiport_4': 20, 'Vertiport_5': 20, 'Vertiport_6': 20, 'Vertiport_7': 20, 'Vertiport_8': 20, 'Vertiport_9': 20, 'Vertiport_10': 20}"
441,615.0,205,8588.803986567975,3598714.4584096866,"{'Vertiport_1': 20, 'Vertiport_2': 20, 'Vertiport_3': 20, 'Vertiport_4': 20, 'Vertiport_5': 20, 'Vertiport_6': 20, 'Vertiport_7': 20, 'Vertiport_8': 20, 'Vertiport_9': 20, 'Vertiport_10': 20}"
442,600.0,200,7984.420545631965,3606698.8789553186,"{'Vertiport_1': 20, 'Vertiport_2': 20, 'Vertiport_3': 20, 'Vertiport_4': 20, 'Vertiport_5': 20, 'Vertiport_6': 20, 'Vertiport_7': 20, 'Vertiport_8': 20, 'Vertiport_9': 20, 'Vertiport_10': 20}"
443,672.0,224,10052.733498351983,3616751.6124536707,"{'Vertiport_1': 20, 'Vertiport_2': 20, 'Vertiport_3': 20, 'Vertiport_4': 20, 'Vertiport_5': 20, 'Vertiport_6': 20, 'Vertiport_7': 20, 'Vertiport_8': 20, 'Vertiport_9': 20, 'Vertiport_10': 20}"
444,747.0,249,10244.14836132797,3626995.7608149988,"{'Vertiport_1': 20, 'Vertiport_2': 20, 'Vertiport_3': 20, 'Vertiport_4': 20, 'Vertiport_5': 20, 'Vertiport_6': 20, 'Vertiport_7': 20, 'Vertiport_8': 20, 'Vertiport_9': 20, 'Vertiport_10': 20}"
445,795.0,265,10978.10411077598,3637973.8649257747,"{'Vertiport_1': 20, 'Vertiport_2': 20, 'Vertiport_3': 20, 'Vertiport_4': 20, 'Vertiport_5': 20, 'Vertiport_6': 20, 'Vertiport_7': 20, 'Vertiport_8': 20, 'Vertiport_9': 20, 'Vertiport_10': 20}"
446,786.0,262,10715.33265547199,3648689.197581247,"{'Vertiport_1': 20, 'Vertiport_2': 20, 'Vertiport_3': 20, 'Vertiport_4': 20, 'Vertiport_5': 20, 'Vertiport_6': 20, 'Vertiport_7': 20, 'Vertiport_8': 20, 'Vertiport_9': 20, 'Vertiport_10': 20}"
447,819.0,273,12265.931101032,3660955.128682279,"{'Vertiport_1': 20, 'Vertiport_2': 20, 'Vertiport_3': 20, 'Vertiport_4': 20, 'Vertiport_5': 20, 'Vertiport_6': 20, 'Vertiport_7': 20, 'Vertiport_8': 20, 'Vertiport_9': 20, 'Vertiport_10': 20}"
448,888.0,296,12362.834534751983,3673317.963217031,"{'Vertiport_1': 20, 'Vertiport_2': 20, 'Vertiport_3': 20, 'Vertiport_4': 20, 'Vertiport_5': 20, 'Vertiport_6': 20, 'Vertiport_7': 20, 'Vertiport_8': 20, 'Vertiport_9': 20, 'Vertiport_10': 20}"
449,861.0,287,11879.416684759988,3685197.379901791,"{'Vertiport_1': 20, 'Vertiport_2': 20, 'Vertiport_3': 20, 'Vertiport_4': 20, 'Vertiport_5': 20, 'Vertiport_6': 20, 'Vertiport_7': 20, 'Vertiport_8': 20, 'Vertiport_9': 20, 'Vertiport_10': 20}"
450,867.0,289,12238.463869655989,3697435.843771447,"{'Vertiport_1': 20, 'Vertiport_2': 20, 'Vertiport_3': 20, 'Vertiport_4': 20, 'Vertiport_5': 20, 'Vertiport_6': 20, 'Vertiport_7': 20, 'Vertiport_8': 20, 'Vertiport_9': 20, 'Vertiport_10': 20}"
451,948.0,316,13386.34953016,3710822.193301607,"{'Vertiport_1': 20, 'Vertiport_2': 20, 'Vertiport_3': 20, 'Vertiport_4': 20, 'Vertiport_5': 20, 'Vertiport_6': 20, 'Vertiport_7': 20, 'Vertiport_8': 20, 'Vertiport_9': 20, 'Vertiport_10': 20}"
452,888.0,296,12633.311856335986,3723455.505157943,"{'Vertiport_1': 20, 'Vertiport_2': 20, 'Vertiport_3': 20, 'Vertiport_4': 20, 'Vertiport_5': 20, 'Vertiport_6': 20, 'Vertiport_7': 20, 'Vertiport_8': 20, 'Vertiport_9': 20, 'Vertiport_10': 20}"
453,893.0,297,12737.008475503997,3736192.513633447,"{'Vertiport_1': 20, 'Vertiport_2': 20, 'Vertiport_3': 21, 'Vertiport_4': 20, 'Vertiport_5': 20, 'Vertiport_6': 20, 'Vertiport_7': 20, 'Vertiport_8': 20, 'Vertiport_9': 20, 'Vertiport_10': 19}"
454,891.0,297,11941.239690775994,3748133.7533242228,"{'Vertiport_1': 20, 'Vertiport_2': 20, 'Vertiport_3': 20, 'Vertiport_4': 20, 'Vertiport_5': 20, 'Vertiport_6': 20, 'Vertiport_7': 20, 'Vertiport_8': 20, 'Vertiport_9': 20, 'Vertiport_10': 20}"
455,936.0,312,13643.030722288018,3761776.7840465107,"{'Vertiport_1': 20, 'Vertiport_2': 20, 'Vertiport_3': 20, 'Vertiport_4': 20, 'Vertiport_5': 20, 'Vertiport_6': 20, 'Vertiport_7': 20, 'Vertiport_8': 20, 'Vertiport_9': 20, 'Vertiport_10': 20}"
456,818.0,272,12046.410606167998,3773823.194652679,"{'Vertiport_1': 20, 'Vertiport_2': 20, 'Vertiport_3': 21, 'Vertiport_4': 20, 'Vertiport_5': 20, 'Vertiport_6': 20, 'Vertiport_7': 20, 'Vertiport_8': 20, 'Vertiport_9': 20, 'Vertiport_10': 19}"
457,924.0,308,12547.924323159996,3786371.118975839,"{'Vertiport_1': 20, 'Vertiport_2': 20, 'Vertiport_3': 20, 'Vertiport_4': 20, 'Vertiport_5': 20, 'Vertiport_6': 20, 'Vertiport_7': 20, 'Vertiport_8': 20, 'Vertiport_9': 20, 'Vertiport_10': 20}"
458,879.0,293,12880.856787808007,3799251.975763647,"{'Vertiport_1': 20, 'Vertiport_2': 20, 'Vertiport_3': 20, 'Vertiport_4': 20, 'Vertiport_5': 20, 'Vertiport_6': 20, 'Vertiport_7': 20, 'Vertiport_8': 20, 'Vertiport_9': 20, 'Vertiport_10': 20}"
459,848.0,282,11969.229004431996,3811221.204768079,"{'Vertiport_1': 20, 'Vertiport_2': 20, 'Vertiport_3': 21, 'Vertiport_4': 20, 'Vertiport_5': 20, 'Vertiport_6': 20, 'Vertiport_7': 20, 'Vertiport_8': 20, 'Vertiport_9': 20, 'Vertiport_10': 19}"
460,876.0,292,12493.867138464002,3823715.071906543,"{'Vertiport_1': 20, 'Vertiport_2': 20, 'Vertiport_3': 20, 'Vertiport_4': 20, 'Vertiport_5': 20, 'Vertiport_6': 20, 'Vertiport_7': 20, 'Vertiport_8': 20, 'Vertiport_9': 20, 'Vertiport_10': 20}"
461,911.0,303,12832.989225551999,3836548.061132095,"{'Vertiport_1': 20, 'Vertiport_2': 20, 'Vertiport_3': 21, 'Vertiport_4': 20, 'Vertiport_5': 20, 'Vertiport_6': 20, 'Vertiport_7': 20, 'Vertiport_8': 20, 'Vertiport_9': 20, 'Vertiport_10': 19}"
462,887.0,295,12320.748196607994,3848868.8093287027,"{'Vertiport_1': 20, 'Vertiport_2': 20, 'Vertiport_3': 21, 'Vertiport_4': 20, 'Vertiport_5': 20, 'Vertiport_6': 20, 'Vertiport_7': 20, 'Vertiport_8': 20, 'Vertiport_9': 20, 'Vertiport_10': 19}"
463,765.0,255,10754.098335031977,3859622.9076637346,"{'Vertiport_1': 20, 'Vertiport_2': 20, 'Vertiport_3': 20, 'Vertiport_4': 20, 'Vertiport_5': 20, 'Vertiport_6': 20, 'Vertiport_7': 20, 'Vertiport_8': 20, 'Vertiport_9': 20, 'Vertiport_10': 20}"
464,755.0,251,10947.688913127991,3870570.5965768625,"{'Vertiport_1': 20, 'Vertiport_2': 20, 'Vertiport_3': 21, 'Vertiport_4': 20, 'Vertiport_5': 20, 'Vertiport_6': 20, 'Vertiport_7': 20, 'Vertiport_8': 20, 'Vertiport_9': 20, 'Vertiport_10': 19}"
465,780.0,260,10835.580279623984,3881406.1768564866,"{'Vertiport_1': 20, 'Vertiport_2': 20, 'Vertiport_3': 20, 'Vertiport_4': 20, 'Vertiport_5': 20, 'Vertiport_6': 20, 'Vertiport_7': 20, 'Vertiport_8': 20, 'Vertiport_9': 20, 'Vertiport_10': 20}"
466,798.0,266,11625.058507423986,3893031.2353639104,"{'Vertiport_1': 20, 'Vertiport_2': 20, 'Vertiport_3': 20, 'Vertiport_4': 20, 'Vertiport_5': 20, 'Vertiport_6': 20, 'Vertiport_7': 20, 'Vertiport_8': 20, 'Vertiport_9': 20, 'Vertiport_10': 20}"
467,690.0,230,9876.145979151983,3902907.3813430625,"{'Vertiport_1': 20, 'Vertiport_2': 20, 'Vertiport_3': 20, 'Vertiport_4': 20, 'Vertiport_5': 20, 'Vertiport_6': 20, 'Vertiport_7': 20, 'Vertiport_8': 20, 'Vertiport_9': 20, 'Vertiport_10': 20}"
468,684.0,228,9524.530162343977,3912431.9115054063,"{'Vertiport_1': 20, 'Vertiport_2': 20, 'Vertiport_3': 20, 'Vertiport_4': 20, 'Vertiport_5': 20, 'Vertiport_6': 20, 'Vertiport_7': 20, 'Vertiport_8': 20, 'Vertiport_9': 20, 'Vertiport_10': 20}"
469,672.0,224,9420.340702631984,3921852.2522080382,"{'Vertiport_1': 20, 'Vertiport_2': 20, 'Vertiport_3': 20, 'Vertiport_4': 20, 'Vertiport_5': 20, 'Vertiport_6': 20, 'Vertiport_7': 20, 'Vertiport_8': 20, 'Vertiport_9': 20, 'Vertiport_10': 20}"
470,624.0,208,8861.854588655973,3930714.106796694,"{'Vertiport_1': 20, 'Vertiport_2': 20, 'Vertiport_3': 20, 'Vertiport_4': 20, 'Vertiport_5': 20, 'Vertiport_6': 20, 'Vertiport_7': 20, 'Vertiport_8': 20, 'Vertiport_9': 20, 'Vertiport_10': 20}"
471,524.0,174,7182.123104591975,3937896.229901286,"{'Vertiport_1': 20, 'Vertiport_2': 20, 'Vertiport_3': 21, 'Vertiport_4': 20, 'Vertiport_5': 20, 'Vertiport_6': 20, 'Vertiport_7': 20, 'Vertiport_8': 20, 'Vertiport_9': 20, 'Vertiport_10': 19}"
472,447.0,149,6816.64076207997,3944712.870663366,"{'Vertiport_1': 20, 'Vertiport_2': 20, 'Vertiport_3': 20, 'Vertiport_4': 20, 'Vertiport_5': 20, 'Vertiport_6': 20, 'Vertiport_7': 20, 'Vertiport_8': 20, 'Vertiport_9': 20, 'Vertiport_10': 20}"
473,419.0,139,5925.368441391978,3950638.239104758,"{'Vertiport_1': 20, 'Vertiport_2': 20, 'Vertiport_3': 21, 'Vertiport_4': 20, 'Vertiport_5': 20, 'Vertiport_6': 20, 'Vertiport_7': 20, 'Vertiport_8': 20, 'Vertiport_9': 20, 'Vertiport_10': 19}"
474,383.0,127,5741.699182911984,3956379.93828767,"{'Vertiport_1': 20, 'Vertiport_2': 20, 'Vertiport_3': 21, 'Vertiport_4': 20, 'Vertiport_5': 20, 'Vertiport_6': 20, 'Vertiport_7': 20, 'Vertiport_8': 20, 'Vertiport_9': 20, 'Vertiport_10': 19}"
475,354.0,118,5237.387390071989,3961617.325677742,"{'Vertiport_1': 20, 'Vertiport_2': 20, 'Vertiport_3': 20, 'Vertiport_4': 20, 'Vertiport_5': 20, 'Vertiport_6': 20, 'Vertiport_7': 20, 'Vertiport_8': 20, 'Vertiport_9': 20, 'Vertiport_10': 20}"
476,465.0,155,6710.581002279977,3968327.906680022,"{'Vertiport_1': 20, 'Vertiport_2': 20, 'Vertiport_3': 20, 'Vertiport_4': 20, 'Vertiport_5': 20, 'Vertiport_6': 20, 'Vertiport_7': 20, 'Vertiport_8': 20, 'Vertiport_9': 20, 'Vertiport_10': 20}"
477,366.0,122,5506.848298287984,3973834.75497831,"{'Vertiport_1': 20, 'Vertiport_2': 20, 'Vertiport_3': 20, 'Vertiport_4': 20, 'Vertiport_5': 20, 'Vertiport_6': 20, 'Vertiport_7': 20, 'Vertiport_8': 20, 'Vertiport_9': 20, 'Vertiport_10': 20}"
478,282.0,94,3889.912359399997,3977724.66733771,"{'Vertiport_1': 20, 'Vertiport_2': 20, 'Vertiport_3': 20, 'Vertiport_4': 20, 'Vertiport_5': 20, 'Vertiport_6': 20, 'Vertiport_7': 20, 'Vertiport_8': 20, 'Vertiport_9': 20, 'Vertiport_10': 20}"
479,237.0,79,3798.469163695998,3981523.136501406,"{'Vertiport_1': 20, 'Vertiport_2': 20, 'Vertiport_3': 20, 'Vertiport_4': 20, 'Vertiport_5': 20, 'Vertiport_6': 20, 'Vertiport_7': 20, 'Vertiport_8': 20, 'Vertiport_9': 20, 'Vertiport_10': 20}"
480,141.0,47,1779.5226177360003,3983302.6591191418,"{'Vertiport_1': 20, 'Vertiport_2': 20, 'Vertiport_3': 20, 'Vertiport_4': 20, 'Vertiport_5': 20, 'Vertiport_6': 20, 'Vertiport_7': 20, 'Vertiport_8': 20, 'Vertiport_9': 20, 'Vertiport_10': 20}"
481,99.0,33,1577.5693521120004,3984880.2284712535,"{'Vertiport_1': 20, 'Vertiport_2': 20, 'Vertiport_3': 20, 'Vertiport_4': 20, 'Vertiport_5': 20, 'Vertiport_6': 20, 'Vertiport_7': 20, 'Vertiport_8': 20, 'Vertiport_9': 20, 'Vertiport_10': 20}"
482,114.0,38,1775.5279967920007,3986655.7564680455,"{'Vertiport_1': 20, 'Vertiport_2': 20, 'Vertiport_3': 20, 'Vertiport_4': 20, 'Vertiport_5': 20, 'Vertiport_6': 20, 'Vertiport_7': 20, 'Vertiport_8': 20, 'Vertiport_9': 20, 'Vertiport_10': 20}"
483,102.0,34,1546.663913896,3988202.4203819414,"{'Vertiport_1': 20, 'Vertiport_2': 20, 'Vertiport_3': 20, 'Vertiport_4': 20, 'Vertiport_5': 20, 'Vertiport_6': 20, 'Vertiport_7': 20, 'Vertiport_8': 20, 'Vertiport_9': 20, 'Vertiport_10': 20}"
484,96.0,32,1163.2328861040005,3989365.6532680453,"{'Vertiport_1': 20, 'Vertiport_2': 20, 'Vertiport_3': 20, 'Vertiport_4': 20, 'Vertiport_5': 20, 'Vertiport_6': 20, 'Vertiport_7': 20, 'Vertiport_8': 20, 'Vertiport_9': 20, 'Vertiport_10': 20}"
485,98.0,32,1436.48306456,3990802.1363326055,"{'Vertiport_1': 20, 'Vertiport_2': 20, 'Vertiport_3': 21, 'Vertiport_4': 20, 'Vertiport_5': 20, 'Vertiport_6': 20, 'Vertiport_7': 20, 'Vertiport_8': 20, 'Vertiport_9': 20, 'Vertiport_10': 19}"
486,126.0,42,2264.1892352799996,3993066.3255678853,"{'Vertiport_1': 20, 'Vertiport_2': 20, 'Vertiport_3': 20, 'Vertiport_4': 20, 'Vertiport_5': 20, 'Vertiport_6': 20, 'Vertiport_7': 20, 'Vertiport_8': 20, 'Vertiport_9': 20, 'Vertiport_10': 20}"
487,120.0,40,2072.7397647520006,3995139.065332637,"{'Vertiport_1': 20, 'Vertiport_2': 20, 'Vertiport_3': 20, 'Vertiport_4': 20, 'Vertiport_5': 20, 'Vertiport_6': 20, 'Vertiport_7': 20, 'Vertiport_8': 20, 'Vertiport_9': 20, 'Vertiport_10': 20}"
488,162.0,54,2436.6345633599994,3997575.699895997,"{'Vertiport_1': 20, 'Vertiport_2': 20, 'Vertiport_3': 20, 'Vertiport_4': 20, 'Vertiport_5': 20, 'Vertiport_6': 20, 'Vertiport_7': 20, 'Vertiport_8': 20, 'Vertiport_9': 20, 'Vertiport_10': 20}"
489,158.0,52,2951.3088942879976,4000527.008790285,"{'Vertiport_1': 20, 'Vertiport_2': 20, 'Vertiport_3': 21, 'Vertiport_4': 20, 'Vertiport_5': 20, 'Vertiport_6': 20, 'Vertiport_7': 20, 'Vertiport_8': 20, 'Vertiport_9': 20, 'Vertiport_10': 19}"
490,174.0,58,2523.1275658159993,4003050.136356101,"{'Vertiport_1': 20, 'Vertiport_2': 20, 'Vertiport_3': 20, 'Vertiport_4': 20, 'Vertiport_5': 20, 'Vertiport_6': 20, 'Vertiport_7': 20, 'Vertiport_8': 20, 'Vertiport_9': 20, 'Vertiport_10': 20}"
491,270.0,90,3872.7007489119947,4006922.837105013,"{'Vertiport_1': 20, 'Vertiport_2': 20, 'Vertiport_3': 20, 'Vertiport_4': 20, 'Vertiport_5': 20, 'Vertiport_6': 20, 'Vertiport_7': 20, 'Vertiport_8': 20, 'Vertiport_9': 20, 'Vertiport_10': 20}"
492,216.0,72,2863.552875288,4009786.389980301,"{'Vertiport_1': 20, 'Vertiport_2': 20, 'Vertiport_3': 20, 'Vertiport_4': 20, 'Vertiport_5': 20, 'Vertiport_6': 20, 'Vertiport_7': 20, 'Vertiport_8': 20, 'Vertiport_9': 20, 'Vertiport_10': 20}"
493,231.0,77,3074.164253143999,4012860.554233445,"{'Vertiport_1': 20, 'Vertiport_2': 20, 'Vertiport_3': 20, 'Vertiport_4': 20, 'Vertiport_5': 20, 'Vertiport_6': 20, 'Vertiport_7': 20, 'Vertiport_8': 20, 'Vertiport_9': 20, 'Vertiport_10': 20}"
494,297.0,99,4198.760473487995,4017059.3147069328,"{'Vertiport_1': 20, 'Vertiport_2': 20, 'Vertiport_3': 20, 'Vertiport_4': 20, 'Vertiport_5': 20, 'Vertiport_6': 20, 'Vertiport_7': 20, 'Vertiport_8': 20, 'Vertiport_9': 20, 'Vertiport_10': 20}"
495,327.0,109,4639.15397985599,4021698.468686789,"{'Vertiport_1': 20, 'Vertiport_2': 20, 'Vertiport_3': 20, 'Vertiport_4': 20, 'Vertiport_5': 20, 'Vertiport_6': 20, 'Vertiport_7': 20, 'Vertiport_8': 20, 'Vertiport_9': 20, 'Vertiport_10': 20}"
496,339.0,113,4764.684260455991,4026463.1529472447,"{'Vertiport_1': 20, 'Vertiport_2': 20, 'Vertiport_3': 20, 'Vertiport_4': 20, 'Vertiport_5': 20, 'Vertiport_6': 20, 'Vertiport_7': 20, 'Vertiport_8': 20, 'Vertiport_9': 20, 'Vertiport_10': 20}"
497,342.0,114,5304.698472471985,4031767.8514197166,"{'Vertiport_1': 20, 'Vertiport_2': 20, 'Vertiport_3': 20, 'Vertiport_4': 20, 'Vertiport_5': 20, 'Vertiport_6': 20, 'Vertiport_7': 20, 'Vertiport_8': 20, 'Vertiport_9': 20, 'Vertiport_10': 20}"
498,402.0,134,5967.33871908798,4037735.1901388047,"{'Vertiport_1': 20, 'Vertiport_2': 20, 'Vertiport_3': 20, 'Vertiport_4': 20, 'Vertiport_5': 20, 'Vertiport_6': 20, 'Vertiport_7': 20, 'Vertiport_8': 20, 'Vertiport_9': 20, 'Vertiport_10': 20}"
499,559.0,185,8106.061422103968,4045841.2515609087,"{'Vertiport_1': 20, 'Vertiport_2': 20, 'Vertiport_3': 22, 'Vertiport_4': 20, 'Vertiport_5': 20, 'Vertiport_6': 20, 'Vertiport_7': 20, 'Vertiport_8': 20, 'Vertiport_9': 20, 'Vertiport_10': 18}"
500,548.0,182,7524.523388535973,4053365.774949445,"{'Vertiport_1': 20, 'Vertiport_2': 20, 'Vertiport_3': 21, 'Vertiport_4': 20, 'Vertiport_5': 20, 'Vertiport_6': 20, 'Vertiport_7': 20, 'Vertiport_8': 20, 'Vertiport_9': 20, 'Vertiport_10': 19}"
